{"type": "FeatureCollection", "name": "chi_distritos_federales_ine", "crs": {"type": "name", "properties": {"name": "urn:ogc:def:crs:OGC:1.3:CRS84"}}, "features": [{"type": "Feature", "id": 1, "properties": {"id": 1, "distrito_f": 1, "nombre": "Distrito Federal 1", "clave_entidad": 8, "entidad": 8}, "geometry": {"type": "Polygon", "coordinates": [[[-106.44596822534996, 31.66790285263978], [-106.43017296886309, 31.666648269832], [-106.43006448296225, 31.666315305616266], [-106.42682962660184, 31.66622060620721], [-106.42701906734624, 31.66530039055952], [-106.41827981879035, 31.664991732519894], [-106.39935221312658, 31.665318475922465], [-106.3983907982905, 31.665304199328354], [-106.39744761562218, 31.665145254680706], [-106.39695755499807, 31.665009169175686], [-106.39644880269897, 31.664710964132674], [-106.39361258310834, 31.662652563822142], [-106.39309808323638, 31.66219217649397], [-106.39183698965401, 31.66080265544546], [-106.39136365620453, 31.66040342775281], [-106.3898083192049, 31.659385089921837], [-106.38927590383346, 31.65920506123895], [-106.38669028268866, 31.65863522693698], [-106.3870228147986, 31.656102014041956], [-106.38509841098606, 31.655568995132004], [-106.38530958345903, 31.65491522605015], [-106.38626960184367, 31.655184938751233], [-106.3859305137703, 31.654358189245603], [-106.35885426700098, 31.647400589295437], [-106.3564860122223, 31.646925558305696], [-106.36193601034599, 31.630050094265265], [-106.36209277981045, 31.62978286216934], [-106.36465781631236, 31.628211573811793], [-106.36025664578914, 31.623734675601312], [-106.36486466757113, 31.620449961320354], [-106.35870905919829, 31.614212852890507], [-106.36039512627117, 31.612772481690293], [-106.35918229081561, 31.61184062466078], [-106.35904524003448, 31.611987029477685], [-106.35819216618829, 31.61124565173507], [-106.35801818259337, 31.61038843033151], [-106.35785385899779, 31.60998087613038], [-106.3571440280403, 31.60881353825765], [-106.36684793944265, 31.59862080458989], [-106.37381171342403, 31.592242121598826], [-106.374493291, 31.592468861999986], [-106.37408261884264, 31.591287942886083], [-106.37320762106258, 31.590263171699203], [-106.37142410879748, 31.588425108570696], [-106.37415698878749, 31.586038311329297], [-106.3744536172445, 31.58594831846512], [-106.37452720802811, 31.585779306449453], [-106.37436121662668, 31.58569969132479], [-106.37977434516877, 31.58104371848349], [-106.38741773684163, 31.58739517744429], [-106.38810519639382, 31.587994029647795], [-106.38848945829952, 31.588567943749315], [-106.38990465567798, 31.58974446151361], [-106.3903080478273, 31.59020502232722], [-106.39065301860856, 31.590788560374335], [-106.39040602571235, 31.5914571114068], [-106.39313765109658, 31.58907304275154], [-106.39912566316379, 31.589244106982953], [-106.39931624331415, 31.589435295759664], [-106.3992305527782, 31.591725051457257], [-106.41152707967755, 31.592096500015096], [-106.4149497970266, 31.59205483476293], [-106.41986188888244, 31.592294256002972], [-106.42099210199989, 31.592250098170567], [-106.42457144705646, 31.592507269173506], [-106.42590496284052, 31.591806554121202], [-106.42945855307438, 31.59405210836476], [-106.43165294563663, 31.595824840198475], [-106.43201497996509, 31.5960321614835], [-106.43712490386714, 31.600273519203217], [-106.43504568896614, 31.606354433089983], [-106.44608733698954, 31.606671050062722], [-106.45199998213602, 31.606946628715036], [-106.45215496554388, 31.607454130524978], [-106.45329667188518, 31.613910618556414], [-106.4537381178749, 31.617004537208174], [-106.45371779894987, 31.618638016928244], [-106.45187809461173, 31.62558411741553], [-106.45249603416491, 31.626188003876177], [-106.45404476473259, 31.627174899203595], [-106.45483147056184, 31.627500483188193], [-106.45144836980538, 31.641532981547766], [-106.4508007785228, 31.64470759184385], [-106.45060584101067, 31.64497749927513], [-106.44962294543018, 31.649421743941247], [-106.4489515815853, 31.652233294169232], [-106.4484528738543, 31.653940948023855], [-106.44800074813436, 31.655978336959244], [-106.44679818218442, 31.65592988051835], [-106.44636532137837, 31.660045422736864], [-106.44596822534996, 31.66790285263978]]]}}, {"type": "Feature", "id": 2, "properties": {"id": 2, "distrito_f": 2, "nombre": "Distrito Federal 2", "clave_entidad": 8, "entidad": 8}, "geometry": {"type": "Polygon", "coordinates": [[[-106.34312743205983, 31.682953778304405], [-106.34220304451348, 31.681078886428512], [-106.34078260489183, 31.677742129124066], [-106.34037007331555, 31.67658409130335], [-106.33934090424272, 31.674755416506517], [-106.3375769218112, 31.6704516997037], [-106.33670222689398, 31.66917373436341], [-106.33657765895211, 31.668859674470138], [-106.33647415648286, 31.66808207996566], [-106.3362173484377, 31.667655932219855], [-106.33606220972038, 31.6669578743752], [-106.33575311979078, 31.666566128630777], [-106.33503076587672, 31.66523546959194], [-106.33469999299743, 31.66397026670238], [-106.33460695875115, 31.663134154667134], [-106.33427513803234, 31.662992040375144], [-106.33401902624924, 31.662763305240816], [-106.33382949614806, 31.662426730214893], [-106.33221123574809, 31.661547384297283], [-106.33095218544112, 31.66022886712134], [-106.32938269167776, 31.657942981919696], [-106.32641257742577, 31.652737596700184], [-106.32605839550887, 31.651951310086062], [-106.3180574427295, 31.64217086636568], [-106.3130602194469, 31.635767181286624], [-106.30874045923072, 31.630597722070274], [-106.30704753314114, 31.628380574096454], [-106.30307252489551, 31.621401721025556], [-106.30285367602978, 31.62083968681284], [-106.30270231522232, 31.619441847677436], [-106.30284105642897, 31.618041056407264], [-106.3026937887571, 31.616936586167064], [-106.30279291558377, 31.612692287813154], [-106.3026621972314, 31.610631100902463], [-106.30274842671331, 31.61058563596843], [-106.30263876963433, 31.610046155881108], [-106.30091049422101, 31.607152152247984], [-106.29977814693967, 31.60538059518713], [-106.29802963117682, 31.602915598376846], [-106.29406793077064, 31.598689930362703], [-106.28839826813203, 31.592969127138904], [-106.2845724386903, 31.58858724396475], [-106.28081126469844, 31.582355088235783], [-106.27850044012764, 31.575462500613774], [-106.27731717215983, 31.569724913340224], [-106.27717025514153, 31.565482608715705], [-106.2743179185122, 31.56066277385565], [-106.26555143250104, 31.557432864929552], [-106.26052133115424, 31.55494523348366], [-106.25678059762991, 31.552954552415382], [-106.25136584449017, 31.55071667722285], [-106.2476228310869, 31.548060255233697], [-106.24451927427232, 31.54432143134222], [-106.24077031948512, 31.540001317601565], [-106.23790762338511, 31.5318532637393], [-106.23698928835157, 31.527279402994207], [-106.23568695587116, 31.523205147847303], [-106.23464872711182, 31.5208773851018], [-106.23295872175838, 31.516304504258997], [-106.23088543729536, 31.51239756460718], [-106.22830022437847, 31.509156712992954], [-106.22468541516983, 31.505750723814177], [-106.2226170796516, 31.502925547135188], [-106.22286356366858, 31.499763405048682], [-106.22259284729144, 31.49643666611805], [-106.22090785777456, 31.49294505208661], [-106.21945936834105, 31.483713310731957], [-106.21777413557854, 31.480055195805267], [-106.21441181362759, 31.474901682127513], [-106.21092774789066, 31.471578275637977], [-106.20705611009868, 31.467672897783785], [-106.20370375352758, 31.465097800692767], [-106.19816616638357, 31.462690925726932], [-106.1927621769053, 31.46169847464759], [-106.18465557268881, 31.459959321805158], [-106.18015060321775, 31.458549244038874], [-106.17409809188081, 31.45564264211269], [-106.16920235527262, 31.452485825964175], [-106.16520237407418, 31.44818164159982], [-106.16327853267312, 31.44336650147184], [-106.15869472923146, 31.43953874176398], [-106.1511946874869, 31.43488502838009], [-106.14246631335206, 31.430264011740864], [-106.12996103661017, 31.423927000725037], [-106.12498752430167, 31.423620480756124], [-106.11938883777108, 31.418250031587036], [-106.10875539439029, 31.415779097060916], [-106.102930311892, 31.41341863677102], [-106.08882560462615, 31.40007859209375], [-106.08488312946652, 31.396029308238397], [-106.07679872857346, 31.392886596665285], [-106.06971564348294, 31.391374550062277], [-106.06135233340501, 31.389887068896456], [-106.05366966573192, 31.390036574097138], [-106.04567685717487, 31.390604314924776], [-106.03605344005169, 31.389964958751566], [-106.02831503859049, 31.38784425261202], [-106.0241139689768, 31.386274221007096], [-106.00400787073089, 31.391397868732376], [-105.99502620227553, 31.385030975524604], [-105.97262470276827, 31.36682759432874], [-105.97064255952097, 31.365792129909984], [-105.96865763850015, 31.36554091861523], [-105.95841548954687, 31.365315487673424], [-105.9567522380758, 31.36518856555014], [-105.95547292933786, 31.364773353598068], [-105.95336599697998, 31.36254034271277], [-105.95126189580893, 31.359234094749635], [-105.95030507533872, 31.35791135934354], [-105.94775461074858, 31.354026292318217], [-105.94698831468783, 31.35332306331468], [-105.94641502102017, 31.352248718163743], [-105.94622449849815, 31.351670458435837], [-105.94648578444746, 31.349648394005953], [-105.94732610047737, 31.346471714478472], [-105.94829259324773, 31.343625538625943], [-105.94861671898649, 31.34238781843401], [-105.94887857110349, 31.34011808545606], [-105.94843546919073, 31.338218456827622], [-105.94505940860287, 31.33214397812817], [-105.94226222086736, 31.325121188562395], [-105.93901457129873, 31.319211889830495], [-105.93812243626917, 31.317847898018773], [-105.93742049543366, 31.317144732503074], [-105.9356973895037, 31.315159881813667], [-105.93429303123524, 31.31395990467622], [-105.93244004011653, 31.3130479106742], [-105.93090596103856, 31.31250806316193], [-105.92873116354124, 31.31229705212099], [-105.9266839886549, 31.312210111461752], [-105.92169331609945, 31.312240561512294], [-105.91292640731336, 31.313005308460216], [-105.91094308215129, 31.312959538831407], [-105.90947248193885, 31.31262596591887], [-105.90845063364186, 31.31200446050359], [-105.90787791163972, 31.310971200549165], [-105.90622004371924, 31.309109878212016], [-105.90411502345775, 31.30704110328663], [-105.90347840215694, 31.306007672526118], [-105.89782386850744, 31.293363290515664], [-105.8966142870895, 31.291502894205326], [-105.89124507602217, 31.29021033316726], [-105.88926003624258, 31.290577035055943], [-105.88292551355381, 31.291097998033035], [-105.87934181485855, 31.291543064719264], [-105.87812614730632, 31.291622547701415], [-105.87646311555436, 31.291577046297995], [-105.87211763466445, 31.29028628229849], [-105.87052113226245, 31.289497865260145], [-105.86950120057598, 31.28846325850793], [-105.86886465812982, 31.287553477758575], [-105.85892768925596, 31.27576283145114], [-105.85784378325792, 31.274810509402926], [-105.85535537176588, 31.27315263766354], [-105.85433563482867, 31.27215917985596], [-105.85344754338405, 31.27013410779033], [-105.85237150989056, 31.26703526925398], [-105.85122726031999, 31.265133312371773], [-105.84581472462347, 31.25880267890073], [-105.8419959327, 31.25396234232172], [-105.83811250564418, 31.249410648275372], [-105.83505545903253, 31.246223411909163], [-105.8337173280882, 31.24502246440519], [-105.82811228585041, 31.239474762964736], [-105.8237172243833, 31.23529260730665], [-105.82238004127338, 31.23392642002701], [-105.82097847876474, 31.23268386264666], [-105.81862213418604, 31.23040644028344], [-105.81798483279677, 31.2299091706849], [-105.80770278175233, 31.212993622599477], [-105.80017515967458, 31.204871195963374], [-105.79363835966235, 31.198175537790032], [-105.78683163592132, 31.193754087994208], [-105.779994702469, 31.187888338557897], [-105.77790628460839, 31.17987673638721], [-105.77516623004512, 31.171257283776427], [-105.77088676942138, 31.16534686638624], [-105.76541778962087, 31.163583790767714], [-105.73879221774911, 31.158467053088117], [-105.73232741227582, 31.154862302308164], [-105.72515158259432, 31.1477612317874], [-105.7179853590808, 31.141072298984923], [-105.71148424155027, 31.13560993025257], [-105.70728246280818, 31.13320407064921], [-105.69889221028397, 31.12901077576741], [-105.69020865792145, 31.126059920345188], [-105.67768199988748, 31.12255289931526], [-105.66996573245231, 31.119997418228067], [-105.6638543706474, 31.117827877734832], [-105.65421518228581, 31.11489025969074], [-105.64830854078131, 31.106938746276562], [-105.643671410706, 31.098553637618352], [-105.63659222565013, 31.095779453670477], [-105.63018842776607, 31.094851168881355], [-105.62374821765363, 31.092065968085482], [-105.61728815546329, 31.08824899445699], [-105.61113161833532, 31.083601428277543], [-105.60463647840625, 31.077927192917738], [-105.59972557486026, 31.071608386440275], [-105.59574856705377, 31.06403644578038], [-105.59150099117112, 31.05894491642738], [-105.58626496268651, 31.052218023587326], [-105.58325083121254, 31.044836823043582], [-105.58052050405712, 31.035593878195797], [-105.58000749610129, 31.025490542730093], [-105.57669556127553, 31.019145631811128], [-105.5702029386159, 31.013263231751047], [-105.56692352279804, 31.008568400475887], [-105.56714022642899, 31.003199751106933], [-105.56579013989456, 30.99930010354143], [-105.56252710458203, 30.995430322435794], [-105.55413182365216, 30.98998950852963], [-105.54800413901498, 30.986370225261357], [-105.53901541794839, 30.98320754784877], [-105.53165207227568, 30.98167011792091], [-105.52713122717718, 30.97864419907436], [-105.52355934239117, 30.975190880568828], [-105.51769137542645, 30.968264472629308], [-105.50680043525259, 30.965541297786668], [-105.49997052249874, 30.958215970673958], [-105.49918942242479, 30.950386215844606], [-105.49051305523139, 30.946596369854163], [-105.48691741227299, 30.94169788813484], [-105.47981692051223, 30.93685184079926], [-105.47211334486553, 30.93387161850888], [-105.46914523927285, 30.92834420405686], [-105.4550518502181, 30.9244261905018], [-105.45526364255683, 30.9184386846431], [-105.45046263917867, 30.917271441631478], [-105.44629893101006, 30.91609464267473], [-105.44430321814409, 30.911377769209743], [-105.4369359065494, 30.90921594207697], [-105.43049920063329, 30.905595610727016], [-105.41734470854583, 30.90042164340058], [-105.41371500561023, 30.893251673091637], [-105.409542025092, 30.89145475411156], [-105.40441368089776, 30.88967145743209], [-105.40458213565108, 30.88100198384058], [-105.3981520854608, 30.877586307051025], [-105.39742979305173, 30.87264406364818], [-105.39732666657255, 30.86666114032665], [-105.39822147797491, 30.863140202989037], [-105.40164209433088, 30.858344816399768], [-105.4009304669668, 30.85402150224599], [-105.39329267621754, 30.85433739729163], [-105.38914298780244, 30.853777642973256], [-105.38176017034179, 30.85037475333538], [-105.37538909525964, 30.850258853050175], [-105.36902851474993, 30.85076156798342], [-105.36389959421315, 30.848770321252072], [-105.35841433194953, 30.844513928041433], [-105.35645563192877, 30.84165239307953], [-105.35004716679295, 30.839265824870754], [-105.34241378267814, 30.839785022973413], [-105.34014074753335, 30.837133976963095], [-105.33406840197829, 30.835773742384692], [-105.33175472873535, 30.83064680441299], [-105.32535099614032, 30.828465312518734], [-105.3218495871873, 30.82851354548424], [-105.32019365506962, 30.82461550189204], [-105.32043062214832, 30.819659623364103], [-105.3171903234797, 30.81619603428505], [-105.31367248399003, 30.815212478474525], [-105.30979606572292, 30.811757417996954], [-105.30478783866894, 30.816984763147577], [-105.30171895243568, 30.824042762774084], [-105.29478643015003, 30.82847043784542], [-105.29158334656785, 30.82727565773708], [-105.29085693709402, 30.82171379893632], [-105.28540955469578, 30.819517403779493], [-105.28219365641802, 30.81749713068924], [-105.27795383501052, 30.811156992192824], [-105.27156244322899, 30.809591763676284], [-105.26673302893336, 30.806148167564512], [-105.2618354480122, 30.798371760811538], [-105.25360728041271, 30.80136996511428], [-105.241553332581, 30.8040052667239], [-105.23198389179107, 30.802686184458338], [-105.22309249699593, 30.804040240615457], [-105.21769198990735, 30.804729416643717], [-105.21534728302355, 30.797124530235887], [-105.2206902463053, 30.792721742717436], [-105.21419354146758, 30.784138873840632], [-105.20783012126586, 30.784221025275453], [-105.20377546966331, 30.78963852597517], [-105.19745541657579, 30.792608621664748], [-105.19452613736537, 30.788312576398106], [-105.18874599592007, 30.784878243354328], [-105.18511287114333, 30.776051066413235], [-105.17581892630045, 30.77162898522583], [-105.1727512304645, 30.779302976485496], [-105.16731196003732, 30.777307900249514], [-105.16121529945634, 30.773876327838], [-105.15859112167311, 30.76854386443586], [-105.16293199356438, 30.760854241407078], [-105.15934471449671, 30.754914784608808], [-105.15173504621261, 30.756660657391066], [-105.14026000540923, 30.755152209867365], [-105.12557784175932, 30.751824868077353], [-105.12206130767865, 30.750629764800784], [-105.11914847156284, 30.747157262215055], [-105.11659223716643, 30.746363004068282], [-105.11337345765311, 30.74371953262859], [-105.11548775068935, 30.735852192350183], [-105.10942487838213, 30.734481376838772], [-105.10713140960371, 30.729762939542866], [-105.10096988865895, 30.721376743294122], [-105.09554405851856, 30.719997598002923], [-105.08978885262817, 30.717796740733867], [-105.085589073335, 30.713100752132142], [-105.08202268348961, 30.708190719531927], [-105.0829102978396, 30.703433885960138], [-105.07752584160393, 30.704942522514678], [-105.06954656297478, 30.70276719894851], [-105.06406548702012, 30.69726023510003], [-105.06523201768036, 30.689611213252388], [-105.0607705488927, 30.688838328328277], [-105.05691102571512, 30.68558192685771], [-105.05181410275095, 30.684816190172263], [-105.04934420456674, 30.69021036615891], [-105.04522307123503, 30.691083841001774], [-105.02798335905426, 30.685711728918783], [-105.02099325276247, 30.68599835022651], [-105.01207959706811, 30.68506836656826], [-105.00410341782077, 30.68288901384838], [-105.00242491300563, 30.67609821289586], [-104.99665019000028, 30.672036265520678], [-104.99145792546922, 30.663840369373737], [-104.9894521632288, 30.656227637848136], [-104.98771901485163, 30.645103725325114], [-104.98731044827662, 30.638092115628577], [-104.98404016023993, 30.630906157731765], [-104.98331692483781, 30.62410439991924], [-104.97720989706241, 30.618600801215816], [-104.96698236558515, 30.613761586745728], [-104.95871109397417, 30.61282091600068], [-104.95230933634319, 30.60897026988629], [-104.94436653970713, 30.608850533873074], [-104.93541716149889, 30.604407671591964], [-104.92781271059303, 30.605934137435554], [-104.92360531052994, 30.59958219244056], [-104.92065098648976, 30.591772208293797], [-104.90783874892894, 30.582828848748484], [-104.90552868292116, 30.57563076872511], [-104.9006567570958, 30.566602455924656], [-104.89991993707142, 30.558149516460546], [-104.89445660803469, 30.55263529977838], [-104.89308809893852, 30.544395302115046], [-104.89336844130334, 30.541296973849235], [-104.88376098761633, 30.534174856176143], [-104.88591628139307, 30.528580680005142], [-104.88873551123744, 30.525455833086067], [-104.88454392116364, 30.51992789665524], [-104.87817069130756, 30.5177242421168], [-104.87747515352969, 30.512572469160272], [-104.87768279428927, 30.503284122511296], [-104.8712090412218, 30.4924140610001], [-104.87297169134986, 30.480426940824337], [-104.8671656603862, 30.472232446923144], [-104.87112652421852, 30.458365400603967], [-104.87459784970032, 30.456884956604302], [-104.88572143280608, 30.45883286309563], [-104.90321042955159, 30.462569903818594], [-104.91400553224467, 30.46348707596929], [-104.92222071819084, 30.460922886988595], [-104.93586743749718, 30.461601275627782], [-104.94923601728114, 30.46537672666777], [-104.95313253915285, 30.472556784253094], [-104.95482231085388, 30.480792768596395], [-104.95682177424402, 30.488406234561594], [-104.96350686259873, 30.49018988517868], [-104.98218835838588, 30.487299637353928], [-104.9932746684901, 30.485937032678425], [-105.00658379094804, 30.484754595367114], [-105.02495402309987, 30.48248082350195], [-105.03415541570064, 30.482580962487706], [-105.04368795266917, 30.483708417985543], [-105.04488423032828, 30.478328985752636], [-105.04446668610234, 30.47090471219154], [-105.04655834291309, 30.461387498638103], [-105.05117794378549, 30.451221548374836], [-105.05742127780047, 30.443925448393543], [-105.06338338172165, 30.439315119588326], [-105.07030171971184, 30.43510590367074], [-105.08134078777928, 30.430847146449644], [-105.09050277966178, 30.428467322985295], [-105.09998423677935, 30.42628935689766], [-105.11171648714554, 30.426353349666012], [-105.12157913182983, 30.428709265402894], [-105.13242006135857, 30.432909687286422], [-105.138102711546, 30.43118850232286], [-105.14532526825685, 30.42635239431272], [-105.15380904405667, 30.421087375283605], [-105.16231314460899, 30.417266122388494], [-105.170825735494, 30.414063308934807], [-105.18155030689074, 30.410419083871], [-105.19100012374611, 30.40637753837957], [-105.20011978141751, 30.4015140641751], [-105.20825338362324, 30.394392608834714], [-105.21257072475422, 30.386494645330636], [-105.2184432681668, 30.37671896830103], [-105.2313321360406, 30.369946847396196], [-105.2439857060257, 30.368542221583237], [-105.25417859476127, 30.371915625319616], [-105.26595635591022, 30.375267063822772], [-105.27552353369633, 30.379059916495258], [-105.28508486494694, 30.382439405842906], [-105.29689807576578, 30.387851312901418], [-105.3099600855341, 30.392006816647655], [-105.3150101447095, 30.390699289258748], [-105.32383561826778, 30.38768850619879], [-105.33424485248132, 30.384655136231174], [-105.34780483168753, 30.380545016911217], [-105.3611020260014, 30.379739163326054], [-105.3747645273484, 30.3818160013983], [-105.38810372223767, 30.3834832895024], [-105.40078843705858, 30.38392039846001], [-105.40677674337168, 30.3819766777876], [-105.41713992660699, 30.37646085446229], [-105.42399911807924, 30.369963446186933], [-105.43459037097018, 30.35948989225303], [-105.44061627672424, 30.359814178368893], [-105.44735199236254, 30.364461593241415], [-105.44373329830273, 30.356879056340116], [-105.44263822572212, 30.348640164159267], [-105.44924973442204, 30.346272545514953], [-105.45998194376423, 30.344049827605158], [-105.47131765202165, 30.340166202899546], [-105.47592441898743, 30.332048626026303], [-105.47557048725069, 30.31224176711021], [-105.51785055243438, 30.338224481134333], [-105.52129638762727, 30.33610796399563], [-105.53192683830655, 30.32851508702286], [-105.53915663885881, 30.325514243830977], [-105.55911351553969, 30.325616961298387], [-105.56207493244388, 30.330128301994737], [-105.56682825305096, 30.330963122024365], [-105.5826787309975, 30.33181883430738], [-105.59884985382692, 30.331435181644675], [-105.61660245443288, 30.33249639024683], [-105.6280171084253, 30.332307783074334], [-105.63499625457597, 30.33066747806824], [-105.64547279353775, 30.324492376556], [-105.6534158933513, 30.316456156947158], [-105.66167468086279, 30.30841986276115], [-105.6667546808627, 30.304299519887444], [-105.66109290852837, 30.28324666487152], [-105.65667994334014, 30.272099061150016], [-105.65384503433899, 30.264254699103248], [-105.6522738148965, 30.258268952262878], [-105.64533289931555, 30.24526048023423], [-105.64915333886225, 30.236599717919816], [-105.65677510981402, 30.22732486248929], [-105.66438740933371, 30.221969907147738], [-105.67103980877414, 30.221152713849733], [-105.67801076485466, 30.219303882419315], [-105.6805525060125, 30.214973766495625], [-105.67992501843497, 30.211878053304755], [-105.69133175015325, 30.208176473190704], [-105.69387952028515, 30.199925775593286], [-105.70148456304146, 30.19642570526132], [-105.70687280502341, 30.192923158138495], [-105.71289741745561, 30.18715129281034], [-105.71796816978066, 30.183648018746148], [-105.7239885616975, 30.179938984574303], [-105.73127557130597, 30.175611632852913], [-105.73729387521365, 30.172727330544845], [-105.74457795391264, 30.169843581505635], [-105.75344349459323, 30.167579357596896], [-105.76357315177198, 30.166759507291655], [-105.77022379479142, 30.163048705190757], [-105.7746598293622, 30.157892339608736], [-105.78194386862873, 30.152530566569677], [-105.79903933879936, 30.144282437994192], [-105.80821886152223, 30.140157661453372], [-105.81454948192564, 30.136650938208803], [-105.8208793461646, 30.133762908984053], [-105.82657620890326, 30.13046190177073], [-105.83227339126276, 30.12530367619148], [-105.8382865478099, 30.11952620047919], [-105.84682968999759, 30.114160834389846], [-105.85220847622885, 30.109414468211067], [-105.86644404568105, 30.094761949247665], [-105.88700364591709, 30.07815028973023], [-105.89016173856596, 30.07577112903388], [-105.89553592508284, 30.0691660753563], [-105.89901248788799, 30.063180779432543], [-105.90154045813225, 30.05822754845027], [-105.90691332500764, 30.052653697072394], [-105.90279453922791, 30.023976013062246], [-105.88446183472405, 30.013255190435792], [-105.877824990713, 30.0072739592356], [-105.87118895542612, 30.000673372791244], [-105.86297390624246, 29.99469178812358], [-105.85507571234793, 29.98912228389266], [-105.84686224151358, 29.984377653388076], [-105.83928209945988, 29.97756911850419], [-105.83138736123585, 29.970141106820943], [-105.82381091636618, 29.960236583332556], [-105.82255506485096, 29.945586581859168], [-105.8152965756354, 29.936713197063156], [-105.80456602123462, 29.92783860786047], [-105.79731300362725, 29.91566273861847], [-105.7966913077527, 29.903282224142178], [-105.79511970576564, 29.894821836164997], [-105.79417998397606, 29.885948938738984], [-105.79324250174501, 29.87459993998607], [-105.7913577117566, 29.86428228865214], [-105.78852802286579, 29.85251985467873], [-105.78664399917939, 29.84240842667703], [-105.78160380050993, 29.834359059658432], [-105.77056793396098, 29.829195341765047], [-105.7659112674476, 29.82548989215659], [-105.76286212817932, 29.821744848902185], [-105.7824970280525, 29.77968003448781], [-105.78355316942007, 29.758531021334562], [-105.78234140879736, 29.753440339078562], [-105.78334120546204, 29.75301383701506], [-105.78523323329763, 29.75307004594261], [-105.7865052341731, 29.753629992736958], [-105.78974648963207, 29.751851866004067], [-105.79595466532287, 29.747226431364325], [-105.79867627390175, 29.74471266137662], [-105.8001579616118, 29.743206494375666], [-105.80186452702472, 29.740376804810417], [-105.8039439222385, 29.737294287338653], [-105.8055293735142, 29.7347138168043], [-105.80686954117975, 29.732466867315647], [-105.80808365627762, 29.730221679442238], [-105.80814342334459, 29.727002482337458], [-105.80848912474748, 29.72542969503397], [-105.80967083919167, 29.721617029389524], [-105.81086606699894, 29.718464337219263], [-105.81206972633797, 29.715724124498504], [-105.81337376721594, 29.71174465060713], [-105.8150573080262, 29.707842319466362], [-105.81577051255302, 29.705769180386486], [-105.81661476129528, 29.703941749437384], [-105.82165635891282, 29.70157078641197], [-105.82388284163257, 29.70202322348182], [-105.8291542090082, 29.701040499341982], [-105.83151992138227, 29.699686426380932], [-105.83564375061027, 29.698059627904545], [-105.83852515882349, 29.697275713586468], [-105.84179299348898, 29.696898807114735], [-105.84881681054327, 29.69539502851306], [-105.85486059756283, 29.695225385404246], [-105.8591497822262, 29.695493478098182], [-105.86358235607531, 29.696584572949728], [-105.86748329328425, 29.696362893262354], [-105.86898420076568, 29.69584593945282], [-105.87136497661382, 29.695233636521213], [-105.87300754148988, 29.695457272758254], [-105.87529211408808, 29.696249176100704], [-105.87705539206586, 29.69622343436314], [-105.87983503163369, 29.696595417313837], [-105.88038096880035, 29.698567958767043], [-105.88181563216109, 29.70085757561648], [-105.88247176877823, 29.70208579602379], [-105.88352865635672, 29.70438092523535], [-105.88431431637999, 29.70577228115061], [-105.88546379963806, 29.70649812053857], [-105.88724839340597, 29.7074621914339], [-105.88980291179807, 29.709075094864787], [-105.8905886956238, 29.710466410029415], [-105.89288257444645, 29.711670477140263], [-105.8943977131462, 29.7118132002048], [-105.89692944297184, 29.712353517151918], [-105.89972022445946, 29.713220044372715], [-105.90161684789402, 29.713522089944927], [-105.90758896220927, 29.715826743580898], [-105.90836080685318, 29.716557983906903], [-105.90913622317846, 29.717454209760334], [-105.91212096359607, 29.721453412355814], [-105.91404097238288, 29.72282771029529], [-105.917467449369, 29.723931958832438], [-105.91823763972339, 29.724580643029892], [-105.91938936592058, 29.72538867090341], [-105.92080560912709, 29.726770387566216], [-105.9227330031852, 29.728474532190933], [-105.92364359008985, 29.729781255776608], [-105.9244174514336, 29.730594890720752], [-105.9262010409224, 29.731475921589027], [-105.92998973184167, 29.731831723703955], [-105.933418481323, 29.733018041720133], [-105.93608594177483, 29.733968168778144], [-105.93915309901854, 29.735902470719502], [-105.94193764423076, 29.736438107149606], [-105.94449013460904, 29.73788492593462], [-105.94588334938636, 29.738193941296487], [-105.947899310931, 29.738163428335096], [-105.94979290164065, 29.73829978183579], [-105.9556893122102, 29.737054979307374], [-105.96090637080965, 29.733592200702738], [-105.96302267084052, 29.732404632861087], [-105.9667712805051, 29.73094452737344], [-105.96839814346986, 29.73042452330509], [-105.97154048618566, 29.730046330879418], [-105.97330979297871, 29.73026677399467], [-105.97546807690215, 29.730976349155924], [-105.97737808747789, 29.73185474603448], [-105.98004590505305, 29.732803978609027], [-105.9823302780585, 29.733511500731872], [-105.9852372636873, 29.733879296681323], [-105.99234474675205, 29.73046863286433], [-106.00512788442997, 29.724908015469836], [-106.01205167555207, 29.718296491526917], [-106.02182344529473, 29.721172184989776], [-106.01647626444397, 29.72819479198981], [-106.01522269323596, 29.7333548317419], [-106.01524040921839, 29.746560242188572], [-106.04173106181767, 29.756426522856337], [-106.09275686557038, 29.738800667067135], [-106.10127893139058, 29.744767726862346], [-106.10947364824356, 29.744957629642148], [-106.11703416714172, 29.74349771320504], [-106.12491662902502, 29.74492529162256], [-106.14795194888399, 29.755602774363773], [-106.16309630567383, 29.76093114332737], [-106.17319139823343, 29.763794649295146], [-106.19338709589083, 29.770757240086827], [-106.29748200813738, 29.786943236963488], [-106.30186378175466, 29.779294158196176], [-106.30059671935207, 29.777854349835263], [-106.29806442244846, 29.775387325813888], [-106.30055956541565, 29.76898273826352], [-106.30935663722776, 29.762143237374364], [-106.31593376548179, 29.752422714614312], [-106.32600629014829, 29.749497623133212], [-106.33049143875385, 29.695219055954276], [-106.33618444169758, 29.700355906195615], [-106.34188085212962, 29.706111436910845], [-106.35075519950945, 29.71763142016829], [-106.35424889821542, 29.723601142632273], [-106.41372059376995, 29.70891498099754], [-106.41498831929272, 29.710353696458455], [-106.42066758322783, 29.711979469746996], [-106.42349729122013, 29.710935476703835], [-106.43939944461866, 29.73809788546375], [-106.44505750649488, 29.73559639718494], [-106.45102102448908, 29.731442767547826], [-106.45350534886906, 29.72503560533074], [-106.45597995800067, 29.716977946331166], [-106.46411372342156, 29.7070369224786], [-106.4669236372209, 29.702691117365223], [-106.46812362765331, 29.692369831537384], [-106.46904209564208, 29.6878266105924], [-106.47593814506624, 29.682223336563354], [-106.48284815920837, 29.67909539666041], [-106.48723599426683, 29.67556679392872], [-106.49412893525883, 29.669756321330983], [-106.50198973412562, 29.667860603940163], [-106.51110329516504, 29.66492655734525], [-106.51926521790648, 29.660965212851593], [-106.52620785002895, 29.663405281352016], [-106.5560169662616, 29.695019393457446], [-106.56106325297218, 29.696023599001887], [-106.57365035835743, 29.694304148566303], [-106.58496856090399, 29.691352813425937], [-106.59351495134464, 29.694385401764375], [-106.60113664981473, 29.69819427167366], [-106.61092983724197, 29.700115361474055], [-106.62137460277839, 29.703263567052232], [-106.62835750958777, 29.706461446910183], [-106.63444758309332, 29.712559058294346], [-106.63996735744234, 29.721964212058598], [-106.64354407494123, 29.728304421283717], [-106.6477288965119, 29.733398260810645], [-106.65123649115954, 29.735821138870374], [-106.65381073090748, 29.738876364715622], [-106.65800022239436, 29.74417599579161], [-106.66288306546166, 29.752970846881105], [-106.66230149161822, 29.755660281701335], [-106.65292405737222, 29.75971727427399], [-106.64572104185937, 29.762091892629535], [-106.64072598822898, 29.764639934225876], [-106.63258838469685, 29.76764622157569], [-106.62357804957807, 29.774789058675882], [-106.61711910266266, 29.783750254769274], [-106.61782887180752, 29.788276717277967], [-106.62554610150009, 29.797031741544437], [-106.6326162418687, 29.804764667565312], [-106.63745242883063, 29.81088025793424], [-106.64486539347341, 29.820050938528187], [-106.64850899983905, 29.829895489511117], [-106.6511486077605, 29.836455339034785], [-106.65478978945633, 29.846093488700145], [-106.64989449622225, 29.85441443119896], [-106.64267734883467, 29.85637679516777], [-106.63392768907327, 29.86083580374751], [-106.6302471485503, 29.866663681207033], [-106.62687782743264, 29.87228070219423], [-106.64944836857991, 29.882259738361483], [-106.6870425486975, 29.885616773420544], [-106.696251459759, 29.888983288122844], [-106.70579540468232, 29.893375094088242], [-106.71976283168465, 29.89811092643602], [-106.728954549319, 29.900444319104533], [-106.73941980682558, 29.903375989999038], [-106.74483180108439, 29.905972864290014], [-106.74604743779155, 29.92018226676591], [-106.75340801054114, 29.925635380232322], [-106.76080877425106, 29.933149483689657], [-106.76791890999927, 29.941904925178765], [-106.77272653158752, 29.94574727860862], [-106.78012229613259, 29.952847873178094], [-106.78464333013846, 29.958137709227227], [-106.79119439147162, 29.970406060396268], [-106.79195384815065, 29.97699248432], [-106.78919361749885, 29.981160350302346], [-106.78578192910363, 29.984307468703275], [-106.7790336430766, 29.99451811874278], [-106.78013217879902, 30.002336464464673], [-106.77773431208173, 30.0089728078012], [-106.77975218872996, 30.015333209973857], [-106.78464397524392, 30.02329769279361], [-106.7878935849844, 30.027988811058638], [-106.78641899752441, 30.033373431794494], [-106.78840991216205, 30.038290674515164], [-106.78788264198062, 30.043660266624112], [-106.78868285071495, 30.052307994540595], [-106.79579271394599, 30.108899752712713], [-106.7622129979243, 30.15438244890054], [-106.76424130751072, 30.16115514878881], [-106.76687441211442, 30.166474897055107], [-106.76975613264909, 30.168285293109378], [-106.78031128022351, 30.174304427981323], [-106.78796507753671, 30.17748209209778], [-106.79533954748301, 30.18251952330835], [-106.80460010655007, 30.186907704035526], [-106.81542643860105, 30.190445200769922], [-106.82093426915118, 30.19695455882391], [-106.81819426724854, 30.202359875192457], [-106.81730682361486, 30.20546711809386], [-106.81614396845737, 30.210640743963925], [-106.81333789940398, 30.21274791419096], [-106.81246658456288, 30.21667964517964], [-106.81156250125865, 30.218962339879717], [-106.80689054168883, 30.22274895330287], [-106.80566990112145, 30.225036693318224], [-106.8063556780299, 30.22770621674744], [-106.84550787056948, 30.238824712758625], [-106.84647793703509, 30.23983980248455], [-106.84937991554519, 30.24247277523126], [-106.85104553576477, 30.24656930628293], [-106.85054623411428, 30.253175632590455], [-106.8766395313964, 30.259755569148954], [-106.86813632877956, 30.277422634973306], [-106.87068126671952, 30.27799908504155], [-106.87669967221773, 30.278105469636238], [-106.88270533703096, 30.27759322102398], [-106.89568310559675, 30.277376469808083], [-106.90370356815781, 30.28239657346301], [-106.91112617402668, 30.28907574845227], [-106.92708016030625, 30.294785000669037], [-106.93573676826297, 30.299792233048525], [-106.94275431168316, 30.302146524916026], [-106.95027803629998, 30.298512373509787], [-106.95972267702668, 30.29587561120328], [-106.96539892904678, 30.294746673874553], [-106.97140047208654, 30.29402422274793], [-106.97701866373572, 30.29021540489044], [-106.9859089473704, 30.29129771745604], [-106.99107229036703, 30.295743563445875], [-106.99560741919191, 30.300406381336778], [-107.0004011254442, 30.302384120215677], [-107.0074292207689, 30.30514706785502], [-107.01258972568112, 30.309385877374567], [-107.01464784524552, 30.3165658607536], [-107.0173259980533, 30.323116285282254], [-107.02022127891925, 30.32512682673053], [-107.02695308864635, 30.32871862364373], [-107.03017908969801, 30.331341594130382], [-107.0327536171827, 30.33315136966732], [-107.04139114916947, 30.33691460239624], [-107.05239232051296, 30.333006204878185], [-107.0583213428573, 30.328982171648065], [-107.07027082916643, 30.325055225753136], [-107.0876207731193, 30.321853568236623], [-107.11729858562774, 30.317597967306224], [-107.14496112603115, 30.376462061299694], [-107.13834674644576, 30.3782348729611], [-107.12577471428844, 30.38279819657805], [-107.12145175549311, 30.42885466516757], [-107.12887614976752, 30.43448972420606], [-107.14033098889666, 30.43613191120677], [-107.13956287668884, 30.443980712878073], [-107.14549116549497, 30.453353719696125], [-107.14340207025171, 30.458959372897645], [-107.13549466356315, 30.459931677632984], [-107.1185207376085, 30.466638245725502], [-107.11159698034716, 30.46903410778178], [-107.09303403305731, 30.475766760435285], [-107.05728441359331, 30.490574140710077], [-107.05583267899885, 30.492799678507033], [-107.05834821904539, 30.499282787685228], [-107.0610536136686, 30.50665613652386], [-107.06788849159305, 30.51416075828781], [-107.07366945177954, 30.51714836919], [-107.08415337158814, 30.51757585512836], [-107.09306045632235, 30.518443747899653], [-107.09316922612336, 30.523183680406007], [-107.08946570759079, 30.527787279616078], [-107.08074596753629, 30.53516259463707], [-107.07548758460129, 30.541237369918427], [-107.07464351123667, 30.54599466783258], [-107.07885857305628, 30.549835146046192], [-107.08478826976359, 30.559210746380614], [-107.08619008680911, 30.564957876189226], [-107.0860757439217, 30.573825269286157], [-107.0750753645749, 30.592787502053184], [-107.07829289331653, 30.594584388054606], [-107.08924945882553, 30.60139383919346], [-107.09703194080711, 30.608260715407866], [-107.099724708876, 30.614808548915473], [-107.10056464983317, 30.623658290522062], [-107.10393157578142, 30.631842922009245], [-107.10440195936225, 30.638431586428695], [-107.10838602037677, 30.645780007451457], [-107.10984824057373, 30.65399961955945], [-107.1030019180146, 30.660311075091958], [-107.10165192362744, 30.670644285266878], [-107.10396706425192, 30.674518727381084], [-107.10324790607969, 30.684634124088344], [-107.10444527633946, 30.69512645790271], [-107.10080314889984, 30.702615624792177], [-107.09903441192287, 30.708627026711827], [-107.09505919586167, 30.7155036876344], [-107.0948509512388, 30.720249320181004], [-107.09623718119914, 30.725171765401576], [-107.08884917634741, 30.73582201999166], [-107.0874590458648, 30.74450646727615], [-107.09139427819574, 30.7495883087787], [-107.09153252830896, 30.75556453767628], [-107.09110144882521, 30.764437528248983], [-107.089720802565, 30.77353412630485], [-107.09281767363635, 30.783579201537353], [-107.0907386510014, 30.7900085174419], [-107.09005139838602, 30.801566304014855], [-107.09018506243433, 30.807336414700202], [-107.08268115759621, 30.813246766736416], [-107.07869614389072, 30.81991699515281], [-107.0811190148959, 30.82832531258068], [-107.08355188155127, 30.83714570574091], [-107.08942964054253, 30.843428764508097], [-107.03431299244897, 30.861874046540002], [-107.0200261037895, 30.861559465442475], [-107.01556728576492, 30.862804971090775], [-107.01673138127401, 30.86932421617725], [-107.01636751909797, 30.8765888595339], [-107.01218278315133, 30.885675703694808], [-107.00952372222328, 30.89319164173995], [-107.00354042058973, 30.89749341946132], [-107.00074566292817, 30.90203775274886], [-106.99731370894486, 30.906913177091752], [-106.99120318553581, 30.911957543024815], [-106.98560451134952, 30.917991478677898], [-106.98332158854166, 30.923855500839654], [-106.97912236741182, 30.92864902320578], [-106.98359685665609, 30.932770139872808], [-106.98909204137779, 30.93672451381524], [-106.99305599289721, 30.940433275001137], [-106.99906479166182, 30.94537697149269], [-107.00264892427774, 30.94999398604427], [-107.00496556568133, 30.957914711505392], [-107.00817389891787, 30.965008484720165], [-107.00907903752879, 30.969629551828536], [-107.01305544103441, 30.977299728058476], [-107.01753917224136, 30.983483085686842], [-107.03418834748548, 30.998013514726306], [-107.03431712401822, 31.023698646975102], [-107.03417647303311, 31.031608739075025], [-107.02363018787658, 31.03067732635261], [-107.00636092445805, 31.02815774032378], [-106.98880770858267, 31.028525744469544], [-106.97545248270211, 31.032978248884195], [-106.96372582204633, 31.04030219116904], [-106.95008887665148, 31.048260768367157], [-106.92789157535681, 31.061861128341462], [-106.91646539402363, 31.068147153221258], [-106.90567640319343, 31.074426781462744], [-106.8961952827317, 31.083581912962845], [-106.9039693500012, 31.12208330660691], [-106.83957288414493, 31.136846923107537], [-106.81751054453188, 31.14454245864649], [-106.83142105653071, 31.152478713064976], [-106.83602789520089, 31.156027088085448], [-106.84089657086756, 31.165930848167292], [-106.84717000981388, 31.17236723013743], [-106.85549079369969, 31.178636873228687], [-106.86099933249992, 31.18581556451334], [-106.86650931000732, 31.193489263388646], [-106.87061216841312, 31.200668312251146], [-106.872026624841, 31.20628059826975], [-106.87446537991435, 31.212222355298543], [-106.87575509994966, 31.219980876451437], [-106.87870452386565, 31.22451887060481], [-106.88050563911506, 31.231451476528274], [-106.88448054427745, 31.23664892053889], [-106.88987369109628, 31.248530980678787], [-106.89077589728035, 31.25265786355322], [-106.89359822604806, 31.25661771044821], [-106.89744602968423, 31.261236953295903], [-106.9039853164481, 31.267339395494915], [-106.90494272697923, 31.269959336820502], [-106.91489654123822, 31.278891620690658], [-106.91735850668117, 31.281516674784676], [-106.91981734675977, 31.283894149175982], [-106.92537420813304, 31.28864488469269], [-106.92835106875833, 31.291513980245398], [-106.93135447428205, 31.296363189996903], [-106.9325451069313, 31.299408619304273], [-106.93411805912355, 31.302369063876974], [-106.93492110567703, 31.305086892738966], [-106.93762553964886, 31.306637255085175], [-106.9389387781183, 31.30926924485629], [-106.94128218696675, 31.312472146182365], [-106.9442380818731, 31.313690668575084], [-106.94822644540191, 31.31564500344681], [-106.95106924509967, 31.317936784799524], [-106.95352205799043, 31.319735972001652], [-106.95648166124171, 31.32120139606554], [-106.95765438678974, 31.322844251752], [-106.96129376929859, 31.32727587498297], [-106.96349477689483, 31.329324075559246], [-106.96506128288871, 31.331706197732892], [-106.70613435353815, 31.41915960759115], [-106.69356679628005, 31.428377624991086], [-106.64564081300279, 31.43316864165243], [-106.52554220034125, 31.4941169200986], [-106.47231054561985, 31.50685516494221], [-106.44919209869441, 31.51225898119695], [-106.44403923287966, 31.51361011948066], [-106.46497936110234, 31.563050455394347], [-106.44792037267682, 31.58822876953475], [-106.44554341401901, 31.590355088692935], [-106.44713263677298, 31.591622924525698], [-106.44767560747539, 31.592165199908376], [-106.4463069684826, 31.593362353397378], [-106.4461527716739, 31.59360467355246], [-106.44423614811892, 31.59834736427084], [-106.44606532882709, 31.600018140446934], [-106.44747154977384, 31.601477022760083], [-106.45243258183548, 31.605982297227946], [-106.45199998213602, 31.606946628715036], [-106.44608733698954, 31.606671050062722], [-106.43504568896614, 31.606354433089983], [-106.43712490386714, 31.600273519203217], [-106.43201497996509, 31.5960321614835], [-106.43165294563663, 31.595824840198475], [-106.42945855307438, 31.59405210836476], [-106.42590496284052, 31.591806554121202], [-106.42457144705646, 31.592507269173506], [-106.42099210199989, 31.592250098170567], [-106.41986188888244, 31.592294256002972], [-106.4149497970266, 31.59205483476293], [-106.41152707967755, 31.592096500015096], [-106.3992305527782, 31.591725051457257], [-106.39931624331415, 31.589435295759664], [-106.39912566316379, 31.589244106982953], [-106.39313765109658, 31.58907304275154], [-106.39040602571235, 31.5914571114068], [-106.39065301860856, 31.590788560374335], [-106.3903080478273, 31.59020502232722], [-106.38990465567798, 31.58974446151361], [-106.38848945829952, 31.588567943749315], [-106.38810519639382, 31.587994029647795], [-106.38741773684163, 31.58739517744429], [-106.37977434516877, 31.58104371848349], [-106.37436121662668, 31.58569969132479], [-106.37452720802811, 31.585779306449453], [-106.3744536172445, 31.58594831846512], [-106.37415698878749, 31.586038311329297], [-106.37142410879748, 31.588425108570696], [-106.37320762106258, 31.590263171699203], [-106.37408261884264, 31.591287942886083], [-106.374493291, 31.592468861999986], [-106.37381171342403, 31.592242121598826], [-106.36684793944265, 31.59862080458989], [-106.3571440280403, 31.60881353825765], [-106.35785385899779, 31.60998087613038], [-106.35801818259337, 31.61038843033151], [-106.35819216618829, 31.61124565173507], [-106.35904524003448, 31.611987029477685], [-106.35918229081561, 31.61184062466078], [-106.36039512627117, 31.612772481690293], [-106.35870905919829, 31.614212852890507], [-106.36486466757113, 31.620449961320354], [-106.36025664578914, 31.623734675601312], [-106.36465781631236, 31.628211573811793], [-106.36209277981045, 31.62978286216934], [-106.36193601034599, 31.630050094265265], [-106.35730200138653, 31.64428999480563], [-106.3537106556817, 31.65582446129048], [-106.3523483848038, 31.659825553781587], [-106.3506273656051, 31.665504856091225], [-106.35031247263704, 31.666402042529153], [-106.34949973435614, 31.667338160163897], [-106.34882645554141, 31.66790169166686], [-106.34989778335611, 31.667748488257523], [-106.3458844887403, 31.680588822995475], [-106.3452317029047, 31.681484944522623], [-106.34468490117268, 31.681981036245553], [-106.34458436221973, 31.682422558452036], [-106.34312743205983, 31.682953778304405]]]}}, {"type": "Feature", "id": 3, "properties": {"id": 3, "distrito_f": 3, "nombre": "Distrito Federal 3", "clave_entidad": 8, "entidad": 8}, "geometry": {"type": "Polygon", "coordinates": [[[-106.88654003143263, 31.783781318035878], [-106.597526380006, 31.783896328364587], [-106.59621907103981, 31.78401014615091], [-106.58854440153154, 31.783994084014715], [-106.58758982133114, 31.78389707296699], [-106.58240824001618, 31.783930580072337], [-106.58233803465265, 31.78399270118187], [-106.58012790178394, 31.783896699066258], [-106.54147136009104, 31.783886371815395], [-106.5305275504473, 31.783954313782004], [-106.53001015338324, 31.784107733958056], [-106.52893279193856, 31.784101257040504], [-106.52880410885135, 31.784365936686818], [-106.5278552509498, 31.78411524196347], [-106.52832469090662, 31.783384204835652], [-106.52864071512099, 31.78204248799573], [-106.52862962655206, 31.781612805949887], [-106.52798094526993, 31.780864327547434], [-106.52688248391082, 31.780159510385143], [-106.52608202784153, 31.779311234862423], [-106.52575768720047, 31.778845514967543], [-106.52494377208436, 31.77834910232214], [-106.52480509912618, 31.77794197273982], [-106.5240904000341, 31.77703882065331], [-106.52359971110519, 31.776142780000548], [-106.52324147262992, 31.77588943517304], [-106.52146539205029, 31.774184468930965], [-106.51928233460427, 31.77276931304378], [-106.5172352736968, 31.77158208385838], [-106.51496002667848, 31.77158208385838], [-106.51448381218627, 31.771403503423848], [-106.51367027909542, 31.770666032369896], [-106.51299233485307, 31.769819428828168], [-106.51259548944287, 31.769482110229585], [-106.51201344950796, 31.768321337404828], [-106.51158022660185, 31.765629402705798], [-106.5109861039394, 31.76289458493264], [-106.51054796005005, 31.76176056545425], [-106.51022763636622, 31.761396059193373], [-106.50971225158739, 31.761158820506903], [-106.50657912080648, 31.760691854838985], [-106.50033282280481, 31.75582716496564], [-106.49766875146838, 31.754315585150167], [-106.49346991675905, 31.751106824671933], [-106.49220634478112, 31.74997446432284], [-106.49063235393619, 31.749018596635572], [-106.4885303625253, 31.74803778444488], [-106.48691778793156, 31.747699030009965], [-106.48485026353664, 31.747733506930217], [-106.48252419445251, 31.74828920355235], [-106.48227148480927, 31.746870412623803], [-106.48152790683957, 31.74376046705687], [-106.48420045634148, 31.743974328723727], [-106.48440399223387, 31.74289070913301], [-106.48325844147068, 31.73900205766188], [-106.48228971217056, 31.73674145528284], [-106.48243517803243, 31.736491736366972], [-106.48251538539982, 31.736044637302655], [-106.48220755433816, 31.734981841019877], [-106.48200834673818, 31.734590648433105], [-106.48192093366364, 31.733924754052094], [-106.48324140470558, 31.7336177428938], [-106.48273684426856, 31.731529775892888], [-106.48264629600875, 31.73098925762695], [-106.48271365329113, 31.73075970655656], [-106.47893238200268, 31.721063970243705], [-106.47923270459222, 31.720984671761947], [-106.48309795589937, 31.71863991868951], [-106.48334328716766, 31.7186180746752], [-106.48325364412216, 31.718443361703468], [-106.48289382038753, 31.710452581561643], [-106.48571449814447, 31.709041106224202], [-106.48233719461011, 31.697142280425915], [-106.482453391397, 31.69699269870925], [-106.48237291368467, 31.696812666273054], [-106.48225050362029, 31.696815064226687], [-106.4822376577872, 31.696552916833905], [-106.48076614384811, 31.691653097549498], [-106.47356535201102, 31.685916113828657], [-106.46546648204801, 31.68557990553448], [-106.46480922218657, 31.6834617128673], [-106.4640666372222, 31.683611797109307], [-106.46294538474444, 31.679825138814397], [-106.46215848399389, 31.679995665185935], [-106.46118093696045, 31.679981534787746], [-106.46130285851255, 31.67712438370749], [-106.45997395286676, 31.67704500368309], [-106.46011509230414, 31.673326154045768], [-106.45981175564393, 31.67331247050824], [-106.45991096508192, 31.67224580935293], [-106.45584216012392, 31.671739530664635], [-106.45101969352217, 31.671533206036806], [-106.45110613153483, 31.67096093407315], [-106.44576393384057, 31.670668591526763], [-106.44636532137837, 31.660045422736864], [-106.44679818218442, 31.65592988051835], [-106.44800074813436, 31.655978336959244], [-106.4484528738543, 31.653940948023855], [-106.4489515815853, 31.652233294169232], [-106.44962294543018, 31.649421743941247], [-106.45060584101067, 31.64497749927513], [-106.4508007785228, 31.64470759184385], [-106.45144836980538, 31.641532981547766], [-106.45483147056184, 31.627500483188193], [-106.45404476473259, 31.627174899203595], [-106.45249603416491, 31.626188003876177], [-106.45187809461173, 31.62558411741553], [-106.45371779894987, 31.618638016928244], [-106.4537381178749, 31.617004537208174], [-106.45329667188518, 31.613910618556414], [-106.45215496554388, 31.607454130524978], [-106.45199998213602, 31.606946628715036], [-106.45243258183548, 31.605982297227946], [-106.44747154977384, 31.601477022760083], [-106.44606532882709, 31.600018140446934], [-106.44423614811892, 31.59834736427084], [-106.4461527716739, 31.59360467355246], [-106.4463069684826, 31.593362353397378], [-106.44767560747539, 31.592165199908376], [-106.44713263677298, 31.591622924525698], [-106.44554341401901, 31.590355088692935], [-106.44792037267682, 31.58822876953475], [-106.46497936110234, 31.563050455394347], [-106.44403923287966, 31.51361011948066], [-106.44919209869441, 31.51225898119695], [-106.47231054561985, 31.50685516494221], [-106.52554220034125, 31.4941169200986], [-106.64564081300279, 31.43316864165243], [-106.69356679628005, 31.428377624991086], [-106.70613435353815, 31.41915960759115], [-106.96506128288871, 31.331706197732892], [-106.96349477689483, 31.329324075559246], [-106.96129376929859, 31.32727587498297], [-106.95765438678974, 31.322844251752], [-106.95648166124171, 31.32120139606554], [-106.95352205799043, 31.319735972001652], [-106.95106924509967, 31.317936784799524], [-106.94822644540191, 31.31564500344681], [-106.9442380818731, 31.313690668575084], [-106.94128218696675, 31.312472146182365], [-106.9389387781183, 31.30926924485629], [-106.93762553964886, 31.306637255085175], [-106.93492110567703, 31.305086892738966], [-106.93411805912355, 31.302369063876974], [-106.9325451069313, 31.299408619304273], [-106.93135447428205, 31.296363189996903], [-106.92835106875833, 31.291513980245398], [-106.92537420813304, 31.28864488469269], [-106.91981734675977, 31.283894149175982], [-106.91735850668117, 31.281516674784676], [-106.91489654123822, 31.278891620690658], [-106.90494272697923, 31.269959336820502], [-106.9039853164481, 31.267339395494915], [-106.89744602968423, 31.261236953295903], [-106.89359822604806, 31.25661771044821], [-106.89077589728035, 31.25265786355322], [-106.88987369109628, 31.248530980678787], [-106.88448054427745, 31.23664892053889], [-106.88050563911506, 31.231451476528274], [-106.87870452386565, 31.22451887060481], [-106.87575509994966, 31.219980876451437], [-106.87446537991435, 31.212222355298543], [-106.872026624841, 31.20628059826975], [-106.87061216841312, 31.200668312251146], [-106.86650931000732, 31.193489263388646], [-106.86099933249992, 31.18581556451334], [-106.85549079369969, 31.178636873228687], [-106.84717000981388, 31.17236723013743], [-106.84089657086756, 31.165930848167292], [-106.83602789520089, 31.156027088085448], [-106.83142105653071, 31.152478713064976], [-106.81751054453188, 31.14454245864649], [-106.83957288414493, 31.136846923107537], [-106.9039693500012, 31.12208330660691], [-106.8961952827317, 31.083581912962845], [-106.90567640319343, 31.074426781462744], [-106.91646539402363, 31.068147153221258], [-106.92789157535681, 31.061861128341462], [-106.95008887665148, 31.048260768367157], [-106.96372582204633, 31.04030219116904], [-106.97545248270211, 31.032978248884195], [-106.98880770858267, 31.028525744469544], [-107.00636092445805, 31.02815774032378], [-107.02363018787658, 31.03067732635261], [-107.03417647303311, 31.031608739075025], [-107.03431712401822, 31.023698646975102], [-107.03418834748548, 30.998013514726306], [-107.01753917224136, 30.983483085686842], [-107.01305544103441, 30.977299728058476], [-107.00907903752879, 30.969629551828536], [-107.00817389891787, 30.965008484720165], [-107.00496556568133, 30.957914711505392], [-107.00264892427774, 30.94999398604427], [-106.99906479166182, 30.94537697149269], [-106.99305599289721, 30.940433275001137], [-106.98909204137779, 30.93672451381524], [-106.98359685665609, 30.932770139872808], [-106.97912236741182, 30.92864902320578], [-106.98332158854166, 30.923855500839654], [-106.98560451134952, 30.917991478677898], [-106.99120318553581, 30.911957543024815], [-106.99731370894486, 30.906913177091752], [-107.00074566292817, 30.90203775274886], [-107.00354042058973, 30.89749341946132], [-107.00952372222328, 30.89319164173995], [-107.01218278315133, 30.885675703694808], [-107.01636751909797, 30.8765888595339], [-107.01673138127401, 30.86932421617725], [-107.01556728576492, 30.862804971090775], [-107.0200261037895, 30.861559465442475], [-107.03431299244897, 30.861874046540002], [-107.08942964054253, 30.843428764508097], [-107.13246709498591, 30.8453100628638], [-107.13701645284722, 30.849141812465998], [-107.14501905464677, 30.85084683776469], [-107.15381466126476, 30.84573315797728], [-107.15839249023428, 30.8374002663674], [-107.16751925852876, 30.83289790524368], [-107.17612528238968, 30.79356416510227], [-107.19159591271458, 30.801514824152136], [-107.20599893345417, 30.80474255293755], [-107.21265048152584, 30.803377180557888], [-107.22467085680171, 30.81324580632669], [-107.23092832856965, 30.808794824176278], [-107.23910442789496, 30.804718387147933], [-107.24406762905596, 30.799467464997207], [-107.2477373211459, 30.793417112169422], [-107.24911335823144, 30.78473166411582], [-107.25959537211405, 30.771125694759554], [-107.26342707746522, 30.758887132349816], [-107.29311568032824, 30.775409060255274], [-107.30005830835917, 30.775065692732852], [-107.3108432804784, 30.77175581206852], [-107.35269862290461, 30.8152300866791], [-107.38453722497782, 30.803238045811955], [-107.38592254189626, 30.795375910499487], [-107.39142648688187, 30.78681008898252], [-107.40529372463119, 30.769618328801435], [-107.41473050942973, 30.765504850994958], [-107.41982947234143, 30.765810550015782], [-107.43063050267133, 30.765171817795913], [-107.44304336155439, 30.765322751853958], [-107.4487174792547, 30.763347614886946], [-107.4564841006379, 30.75638049549007], [-107.46527016758519, 30.75186494924551], [-107.53858697971582, 30.745749782874178], [-107.5468749693832, 30.7440300120716], [-107.55020038017568, 30.741976516897232], [-107.55673804446332, 30.734162935932982], [-107.56146869027386, 30.731452542613024], [-107.5705331231997, 30.72948976233341], [-107.57462346659986, 30.72727211677115], [-107.57922631205112, 30.724396216970284], [-107.58331160794576, 30.72341368743019], [-107.5891891374312, 30.72062159300148], [-107.60740244331198, 30.714985968656325], [-107.6262095518903, 30.710701306496052], [-107.62707702070426, 30.71836136710487], [-107.6266830101411, 30.721819908722534], [-107.6297217699304, 30.728658653365283], [-107.62684355731203, 30.750644686343204], [-107.64547108449835, 30.75041574680284], [-107.64968670232625, 30.74860767366717], [-107.65171379396762, 30.75330363375553], [-107.65244966053832, 30.76318679680573], [-107.65499937738282, 30.763930101244416], [-107.66227023123083, 30.764677040904576], [-107.6649457603817, 30.76607906868734], [-107.6696571804847, 30.769541323609047], [-107.67386921474242, 30.76913244923581], [-107.68445797171422, 30.769962644656022], [-107.69006840316574, 30.771530520466644], [-107.69516794809682, 30.773344942238037], [-107.70754370393628, 30.77417409768798], [-107.71494330835594, 30.774835710301723], [-107.71774418726994, 30.77763659356251], [-107.7173526085128, 30.781424609774614], [-107.71759323581837, 30.78776570768961], [-107.72153840280926, 30.792707953847348], [-107.72536272772247, 30.794767758392947], [-107.72650271655912, 30.79872086133772], [-107.73020152328125, 30.799956969083425], [-107.7331338768644, 30.80152221923499], [-107.73823555612668, 30.803417144345804], [-107.7415495579684, 30.805723391144763], [-107.74473986241992, 30.806135497595548], [-107.74882193258834, 30.807453427473437], [-107.76707054362666, 30.810170867103132], [-107.76681962499272, 30.807700442323263], [-107.76823185101712, 30.80308884151436], [-107.77398068085732, 30.800123735777284], [-107.78062134536697, 30.797899372700044], [-107.78419727603305, 30.79649880374871], [-107.78994492633937, 30.79369773389438], [-107.79325353718735, 30.793122862472867], [-107.795559092884, 30.794602072159243], [-107.80206801946332, 30.794600051803936], [-107.80589803696104, 30.79369290114571], [-107.81189701567676, 30.79319649932403], [-107.81713299163768, 30.79047683534191], [-107.8203248872233, 30.789322523906453], [-107.82798228505456, 30.78898929253439], [-107.83347022426375, 30.78857453081628], [-107.8406162372128, 30.78898195146214], [-107.84546392244401, 30.79070803636874], [-107.85350253056068, 30.792102258175703], [-107.85911977356548, 30.78962772217899], [-107.86473709659688, 30.786658899607517], [-107.87124718343367, 30.783853771702294], [-107.87750279077348, 30.779319374431893], [-107.88171441130326, 30.777915656940213], [-107.89039120083633, 30.777495496845496], [-107.89740865962824, 30.778146972328763], [-107.90685033838139, 30.779289379026416], [-107.9157815235939, 30.781502127203947], [-107.91756701258049, 30.785369965577704], [-107.92177713206014, 30.789728784130432], [-107.92700889451832, 30.791368897785635], [-107.93032653795107, 30.793999416738995], [-107.93785573335089, 30.796212372199154], [-107.94257751955006, 30.79579404651297], [-107.94832003760771, 30.794056638494965], [-107.95380693449239, 30.791166634885702], [-107.96784190428947, 30.78472239151831], [-107.97754541201208, 30.782226462846587], [-107.9802228105474, 30.777199359098123], [-107.9799669613838, 30.77555304932019], [-107.97907314108633, 30.773743143220994], [-107.97575549712765, 30.77243130705066], [-107.97447887762951, 30.770127971774272], [-107.97052340223661, 30.76840535146249], [-107.96835464025456, 30.76857352324381], [-107.96618518700134, 30.76610684179233], [-107.966949398109, 30.761412357733448], [-107.96541787989105, 30.758532943929858], [-107.96465166979581, 30.754993602139162], [-107.9635032365645, 30.753183951627136], [-107.96630880879277, 30.750380055255526], [-107.96554273394167, 30.74717006602251], [-107.96197093193756, 30.745034815190404], [-107.96413858594893, 30.742067277032426], [-107.9629899744704, 30.738446160632332], [-107.96375394082638, 30.732269588181886], [-107.9626059391993, 30.73103627615402], [-107.95903443121884, 30.72626605285803], [-107.95495352492927, 30.724460665261716], [-107.95138291084517, 30.723807154867924], [-107.95291297314684, 30.721664116197143], [-107.95049000826613, 30.718950414600148], [-107.94679206890663, 30.71508569757692], [-107.9465370216051, 30.709651632533383], [-107.9478119931908, 30.706850295351884], [-107.94666372925842, 30.704511942352756], [-107.94596214240755, 30.699047110893826], [-108.02735225325698, 30.669491045077127], [-108.0234297369405, 30.65907116257409], [-108.0459019844488, 30.648699223833326], [-108.07219280070892, 30.624993037433324], [-108.07329217197676, 30.62002691832417], [-108.07351763991981, 30.616967043630655], [-108.07346834549926, 30.611842107021364], [-108.07445046871779, 30.607951289933283], [-108.07580685154944, 30.603231694175175], [-108.07797232095469, 30.60313670538117], [-108.08382272144641, 30.601945928337283], [-108.08763015636526, 30.600353384211154], [-108.09119070636349, 30.599588807624514], [-108.09796112684647, 30.60128530543326], [-108.10218408066446, 30.60307911736484], [-108.10105933263506, 30.605317645155747], [-108.10567384640696, 30.608018319741763], [-108.10921716429812, 30.605517420185382], [-108.11033511634109, 30.6026175702253], [-108.11502738368641, 30.600357680623375], [-108.12048975698542, 30.59867163487849], [-108.12823278054931, 30.59573158746501], [-108.13228720787947, 30.593474995543577], [-108.14028676879376, 30.590780692273263], [-108.15030366371839, 30.586089473320122], [-108.15372016062231, 30.583836248542948], [-108.16005869907451, 30.58082057072579], [-108.16549903543476, 30.577231698611048], [-108.17258613625543, 30.572805479493226], [-108.17549827008031, 30.571133589081356], [-108.17545086905533, 30.566670264767712], [-108.17363265267458, 30.563375539516596], [-108.16923595385973, 30.55712147293676], [-108.16546965374248, 30.550201937617064], [-108.16315399163628, 30.5479847579647], [-108.16029972570553, 30.542960452503483], [-108.15150380182324, 30.529789692723394], [-108.14726966015631, 30.514275534065746], [-108.14475183101801, 30.504619596948345], [-108.14238632087863, 30.49735984240462], [-108.1422303693847, 30.494550278240535], [-108.14219749585602, 30.491326646986792], [-108.1419075664793, 30.48785659970639], [-108.14181244767106, 30.4785163196333], [-108.14151756785925, 30.474550317311895], [-108.14173760239093, 30.471159806911476], [-108.14324858980792, 30.46957998523547], [-108.14651308553493, 30.465261535269736], [-108.15180033017099, 30.45969061067892], [-108.15366804083352, 30.455711283009066], [-108.15490375248343, 30.452149162592438], [-108.15779918058031, 30.449155366300843], [-108.15942741187388, 30.446665381196425], [-108.15850706859909, 30.443777937538155], [-108.15835088452796, 30.440968399571837], [-108.16022997930102, 30.438146205286746], [-108.16072769594825, 30.437068500612405], [-108.16004733197394, 30.432774312257276], [-108.1627201721386, 30.43292298219505], [-108.16512662409602, 30.431915999945254], [-108.1701825611499, 30.428825781475187], [-108.17435477968783, 30.426402269708035], [-108.17890920299659, 30.42405886779918], [-108.18256791287013, 30.42122507766751], [-108.18560100788903, 30.419387136716693], [-108.1918273876486, 30.418851127318547], [-108.19639599469335, 30.417912293139146], [-108.19928738243368, 30.414752414340192], [-108.20116303715572, 30.411764430998513], [-108.20577479091682, 30.403054991762833], [-108.2078990065423, 30.399569347665853], [-108.21386872243667, 30.39895139808052], [-108.21743513344457, 30.399506385124027], [-108.21947849651596, 30.40031939418523], [-108.22101960262718, 30.40171433186687], [-108.22408747976995, 30.40318169799988], [-108.24526746245492, 30.375347864882627], [-108.24606327395973, 30.37831810560422], [-108.24849326275401, 30.3796239741901], [-108.25167493102568, 30.379932726087883], [-108.25462371534763, 30.382144128116806], [-108.26012443807534, 30.38516429654743], [-108.26445135737244, 30.38554740580923], [-108.26930278931857, 30.38733184422542], [-108.27379189498372, 30.390771774298965], [-108.27761339497013, 30.39140596442538], [-108.28143683693911, 30.392205336781974], [-108.28398900627984, 30.39301368277266], [-108.29252991877776, 30.39493609681938], [-108.29965521112375, 30.395380440238405], [-108.30230854260779, 30.393956002873885], [-108.30891450501538, 30.393494428519794], [-108.31170648805083, 30.393060643199266], [-108.31564848213367, 30.393114231213], [-108.31818517091055, 30.39259954189407], [-108.31970284059192, 30.391927061722797], [-108.32390198547577, 30.392226454754407], [-108.32809123433135, 30.391699253241146], [-108.33288720407967, 30.38877042506677], [-108.33950352346785, 30.389216431593837], [-108.34320008184238, 30.39001492320737], [-108.34652035288444, 30.39122943567439], [-108.35196239606381, 30.389204187255928], [-108.35195532142745, 30.388625678674615], [-108.35067200987032, 30.387643684917368], [-108.34950676599573, 30.38591690626932], [-108.35050654224722, 30.384504177541537], [-108.35404145588433, 30.382493444498447], [-108.35783348044518, 30.38072859906392], [-108.36149316573265, 30.378551418235855], [-108.36465855657207, 30.377535095428573], [-108.36845938627347, 30.376513756249345], [-108.37082818972816, 30.372776009184555], [-108.36832948501308, 30.366018080867587], [-108.37072675361067, 30.36459435492894], [-108.37170450025468, 30.361445996436856], [-108.37217900492298, 30.358714814062942], [-108.37456269591124, 30.356216676838137], [-108.37816552267648, 30.3495764144073], [-108.38142488133121, 30.345996851663223], [-108.38416234849242, 30.341346879309192], [-108.38621903285694, 30.3432316168519], [-108.39005047229617, 30.34477166036797], [-108.39236146074558, 30.3466542714041], [-108.39225209085446, 30.34806018933222], [-108.39319361447326, 30.35218519821371], [-108.39500908972857, 30.35506348296304], [-108.39530499697076, 30.3583671108613], [-108.41487873029922, 30.358540118211828], [-108.41513500000991, 30.358703332504255], [-108.41807152502477, 30.359753859093807], [-108.42291745093927, 30.36103663631473], [-108.42800799219822, 30.3615733818502], [-108.43691193673148, 30.36216098521129], [-108.44137151030785, 30.363033021311004], [-108.44494377941292, 30.364077614069505], [-108.4490244304042, 30.365117837780733], [-108.45308984497771, 30.365001008278302], [-108.45816526879052, 30.364379633209534], [-108.46374560208761, 30.36350583461885], [-108.46870261810564, 30.36354622868778], [-108.4727856422576, 30.364750962116567], [-108.47598700935811, 30.366541660296868], [-108.47981830363662, 30.367913612377865], [-108.48440433375664, 30.368700394064053], [-108.48833929079376, 30.368335654884948], [-108.4908482132097, 30.365917134158067], [-108.49049057765994, 30.358316991396894], [-108.49133840852667, 30.35525177498274], [-108.49384018954537, 30.352337419426203], [-108.49585053531315, 30.350666980456488], [-108.49760670770685, 30.348998740195228], [-108.49770552294082, 30.346931779372976], [-108.49988511234884, 30.34661293213578], [-108.50407186438153, 30.34281327201028], [-108.50664854025473, 30.3417936420344], [-108.50969036825327, 30.34227492641485], [-108.5107991421302, 30.343541651314574], [-108.51281087451216, 30.344414205942307], [-108.51640412980714, 30.34780607913691], [-108.52099028530289, 30.34774140594147], [-108.52567950589562, 30.348507002622636], [-108.52769632262668, 30.349213812815393], [-108.52907927617905, 30.3498238734306], [-108.53181142557307, 30.352202649593423], [-108.53394598012196, 30.353243214925296], [-108.53757887957919, 30.355310331269457], [-108.53972079393687, 30.35610251554889], [-108.54209562750827, 30.357645106892413], [-108.54473711317657, 30.358779389194808], [-108.55040691336353, 30.360890588024443], [-108.55624258209407, 30.361680072160738], [-108.56013086198466, 30.363752133239863], [-108.56137260799943, 30.364855704810804], [-108.56615214369084, 30.36694692448628], [-108.57032166291458, 30.36811378828773], [-108.58023369363261, 30.36890748840855], [-108.58277241379557, 30.36921062632549], [-108.58708140857811, 30.369965874647807], [-108.59293221662007, 30.370257157123568], [-108.59587890573887, 30.369657789676733], [-108.59793214533956, 30.36912204386707], [-108.60361084486539, 30.36651050416984], [-108.6075756971292, 30.365932619706502], [-108.61164431008444, 30.366185014005374], [-108.61658523800823, 30.367118391997078], [-108.6206117911412, 30.36886035993594], [-108.62298829562786, 30.37040156184418], [-108.66608467069828, 30.444988763871986], [-108.65276130384449, 30.452326430437136], [-108.64355873187263, 30.454440811608634], [-108.63499598200778, 30.457377826587674], [-108.62704358640818, 30.45597190104116], [-108.62163462017125, 30.454759362631194], [-108.61782839329942, 30.456018232539183], [-108.6121051559345, 30.455426768270872], [-108.60452940268533, 30.4647627416083], [-108.60138953086785, 30.471803781301645], [-108.60079426482821, 30.479245659559286], [-108.60114020888162, 30.484409921406975], [-108.60245340516909, 30.492049091570692], [-108.60502829421284, 30.497822282461637], [-108.60758752545945, 30.50070256216561], [-108.61364522206986, 30.503771980577092], [-108.61907559318597, 30.508290692391473], [-108.62513172826341, 30.510946250708347], [-108.630228354055, 30.512573265765113], [-108.63438089536963, 30.515858002181268], [-108.63759070694947, 30.521007164036785], [-108.63888687239222, 30.525133044518093], [-108.63669001219348, 30.53010361620197], [-108.63227883954829, 30.537151936753652], [-108.62406707187887, 30.547112479216807], [-108.66357859808889, 30.558682246235012], [-108.66740335309838, 30.559901198532728], [-108.67313546281301, 30.560902930931892], [-108.68078148048329, 30.56272026938707], [-108.68812823963293, 30.567431525513655], [-108.69291193805354, 30.569264145409335], [-108.70913704744687, 30.569377948271804], [-108.71389208851946, 30.566870947911465], [-108.72152088756621, 30.565999874265135], [-108.73013923288696, 30.570287867279806], [-108.73841718068013, 30.571271454421446], [-108.74638294623811, 30.573082846222352], [-108.75114583026918, 30.57181416337295], [-108.75845189767654, 30.570323052966668], [-108.76450323091991, 30.571318659996592], [-108.81106279047071, 30.586309644872948], [-108.81587497215796, 30.591442899262997], [-108.82226067372734, 30.59429284183677], [-108.82418913076953, 30.59675914570686], [-108.82423792625326, 30.60295679151492], [-108.82904675783948, 30.60746965747295], [-108.8354024826994, 30.60639369389663], [-108.84753745371167, 30.61168225139958], [-108.85104954963452, 30.613104188397262], [-108.85775240176282, 30.615536804485462], [-108.86414076605223, 30.618384438049603], [-108.86576801791905, 30.62271143554132], [-108.86708580625803, 30.62807353701868], [-108.86776031395125, 30.632613787398235], [-108.8652485982029, 30.636763316653845], [-108.85163513206533, 30.645741970827746], [-108.84242396401903, 30.64828473219502], [-108.83320561137434, 30.650000538080167], [-108.82305638608344, 30.654820948118296], [-108.81831684155652, 30.659397926726125], [-108.80911615717218, 30.663591212787335], [-108.80276589964753, 30.665905762189567], [-108.79833053117694, 30.668827301722786], [-108.79614286183059, 30.674213264092632], [-108.79617776047883, 30.678758278087106], [-108.796882996071, 30.68763753413834], [-108.79692596481625, 30.693215492187836], [-108.79603573313086, 30.70169198659068], [-108.79481414507865, 30.708517840182797], [-108.79294418190325, 30.713901724261774], [-108.79234200044479, 30.71845089879851], [-108.79398904649908, 30.725464554007125], [-108.80007133734652, 30.729143309057626], [-108.80267994343426, 30.736770221292854], [-108.80210890662572, 30.745244587082844], [-108.80056401671571, 30.75145282025182], [-108.79679286957882, 30.75829557527895], [-108.8471814969358, 30.76208461413808], [-108.8314136218598, 30.87392573824539], [-108.82914823586562, 30.880683817245156], [-108.83284299588578, 30.882031763093657], [-108.83680364586526, 30.882637975140256], [-108.84216274148937, 30.8839973638968], [-108.84546948350302, 30.88567269206509], [-108.8536238264293, 30.88870331512164], [-108.85590143624819, 30.890784334260058], [-108.8580681917799, 30.891542760315208], [-108.86139038547017, 30.892061235623785], [-108.86547333962928, 30.893163103683406], [-108.86995527006765, 30.893110979004074], [-108.87318224834033, 30.891067517977827], [-108.87589911450243, 30.88885530904678], [-108.87885825613179, 30.887718631633614], [-108.88257184189132, 30.887660898139995], [-108.89024882363566, 30.888042445466585], [-108.88970571167528, 30.910840063357654], [-108.8878765207933, 30.913719357063993], [-108.88690604138642, 30.919578404954528], [-108.88757005257284, 30.927844104143837], [-108.88763026661493, 30.9332143294107], [-108.89113736141091, 30.93951622240119], [-108.8953061491528, 30.94417015277118], [-108.90011377381161, 30.94899338840076], [-108.9009474202964, 30.95403825208226], [-108.900787250216, 30.956598197471013], [-108.90151560317798, 30.959824882323463], [-108.9017222109804, 30.963791652922463], [-108.90359137743276, 30.96801716860891], [-108.91136714435301, 30.971289812409086], [-108.91429678485403, 30.972713232864315], [-108.91543158371852, 30.97420761047545], [-108.91680941097671, 30.976777518886383], [-108.91978792308865, 30.984644965196498], [-108.92171580224752, 30.990030536144445], [-108.88646277739785, 31.05762864456911], [-108.86125556603555, 31.063187397193758], [-108.86126652241668, 31.06442681058381], [-108.86290165457704, 31.068546421655444], [-108.86712242201907, 31.075745603030466], [-108.87291485577356, 31.079834184014736], [-108.87578332722555, 31.078779875723487], [-108.88251492653443, 31.08058859147336], [-108.88478330699311, 31.083876743494105], [-108.89055798740745, 31.085898794469884], [-108.89539263348993, 31.089993508140395], [-108.90273603252948, 31.088697775654918], [-108.90787174854667, 31.090723910135058], [-108.90984472144306, 31.09649269978894], [-108.90861009883707, 31.101253462979717], [-108.9096141936421, 31.105996869822476], [-108.90996317139874, 31.109092761628666], [-108.9135009280149, 31.111130971171917], [-108.91292758383554, 31.118158909822295], [-108.91037640628274, 31.119005062384463], [-108.91009936821317, 31.123551822338833], [-108.90788345943236, 31.126047915865918], [-108.90663298392528, 31.12915621712164], [-108.90556606519092, 31.130572861817328], [-108.90821441123707, 31.132999493966356], [-108.90934006580244, 31.13466466985522], [-108.9111049277509, 31.136337433225055], [-108.91186573906296, 31.1367594164188], [-108.91607440511554, 31.137470043339803], [-108.9160571168259, 31.13862608810825], [-108.91718050514797, 31.140456352413672], [-108.91985036321749, 31.14147899663774], [-108.92175076303994, 31.142657687794074], [-108.92135000485919, 31.143809208590383], [-108.92030754215403, 31.145118327326752], [-108.91989196917385, 31.147260738398142], [-108.92062704343857, 31.149416743589693], [-108.92342012484639, 31.15077113460414], [-108.92491876097867, 31.153183887033208], [-108.92705800148359, 31.155521572096315], [-108.93125662587421, 31.156974918033256], [-108.93376993989243, 31.159977602441163], [-108.93582662611986, 31.167930270348368], [-108.9340143500356, 31.16939566294999], [-108.93449534550487, 31.17146603188299], [-108.93868869974025, 31.17333204403332], [-108.93929161547292, 31.17581676923832], [-108.94323675949192, 31.17718420520273], [-108.92126758651027, 31.209301281536145], [-108.94193441307382, 31.21350833567292], [-108.94126304698759, 31.21564781667712], [-108.94057580366747, 31.21886076446412], [-108.94053070239504, 31.22191603071103], [-108.93996767264359, 31.22537818811113], [-108.94133253316414, 31.22828474574245], [-108.9437333522785, 31.230377484115124], [-108.94611240843282, 31.233956529207887], [-108.94613465762004, 31.24114202790083], [-108.94647727303693, 31.243954040153977], [-108.94656879534476, 31.24643277229654], [-108.94717227067284, 31.24891746340464], [-108.9479061944925, 31.25123849186432], [-108.9496725987531, 31.252993397236736], [-108.95043328650674, 31.253497768394208], [-108.9497714785859, 31.25497667928004], [-108.94949849788254, 31.256129750581632], [-108.95012757129153, 31.25688036075771], [-108.94985944109297, 31.257703133514525], [-108.94780415075608, 31.258174764815532], [-108.94347042001338, 31.25688542868272], [-108.93939402994992, 31.255516372820153], [-108.93653093870361, 31.250031994803045], [-108.93172511161536, 31.246093912348577], [-108.929112526157, 31.241025272175005], [-108.92386798793599, 31.240798222845854], [-108.91865942562826, 31.23817632967717], [-108.91318900593994, 31.23596405817572], [-108.90520958132977, 31.23041806097805], [-108.89949783983693, 31.22729387685537], [-108.86794480565388, 31.21534909996906], [-108.86442681573442, 31.211176629442992], [-108.85922419630701, 31.208387320692143], [-108.85632708069933, 31.205461087898144], [-108.85072960425232, 31.20340986154453], [-108.84349681524482, 31.19960376659624], [-108.83240116116903, 31.197400722348178], [-108.82893182702333, 31.19834829001288], [-108.82455649940036, 31.199945057740518], [-108.82020086640156, 31.20030313284286], [-108.8153401905634, 31.200241743715154], [-108.81050481386971, 31.198611367139552], [-108.80733107342117, 31.19708452906881], [-108.80133416132097, 31.196099731379263], [-108.81073707853828, 31.24766995099549], [-108.75252442594389, 31.284162338605746], [-108.7432550969581, 31.31740322507347], [-108.74846814652034, 31.31970192654688], [-108.75241186151385, 31.321323037946918], [-108.77675725021886, 31.328661217786507], [-108.78121068966314, 31.326867604419604], [-108.78451756573754, 31.32614393143552], [-108.78810560246822, 31.325850750304078], [-108.79369945827327, 31.32613886809041], [-108.80029673429365, 31.324396956773615], [-108.80754539934276, 31.328226813321002], [-108.8076877562263, 31.33079928619831], [-108.80869963290651, 31.332880878204286], [-108.55182685982926, 31.33465561056782], [-108.20440852308602, 31.335018710653696], [-108.20618747768476, 31.563550462313344], [-108.20706502336174, 31.615732460184006], [-108.205771664038, 31.747795439402285], [-108.20610550588566, 31.78197692660019], [-108.0435208604983, 31.782758711887453], [-107.9058807605055, 31.78325802119057], [-107.77533622966934, 31.78359391606253], [-107.6530069525825, 31.783786914671357], [-107.63940325248315, 31.78426546240565], [-107.62103360973119, 31.784098172065182], [-107.44423943516406, 31.783864903114882], [-107.1653047042864, 31.78293558473046], [-106.8865389064339, 31.78157334118396], [-106.88654003143263, 31.783781318035878]]]}}, {"type": "Feature", "id": 4, "properties": {"id": 4, "distrito_f": 4, "nombre": "Distrito Federal 4", "clave_entidad": 8, "entidad": 8}, "geometry": {"type": "Polygon", "coordinates": [[[-106.45603533863768, 31.76419782052716], [-106.44672992584593, 31.762265859895987], [-106.4375772545896, 31.75633498523051], [-106.43415586341739, 31.754800208824282], [-106.42823656099975, 31.753729214222954], [-106.42358441828377, 31.753285725362346], [-106.42276080063797, 31.75306897214079], [-106.4215068630821, 31.75294463101409], [-106.42069852461451, 31.752667746673012], [-106.41883499367464, 31.752204326933512], [-106.41702893685273, 31.751615734581254], [-106.41647295660877, 31.75125301184365], [-106.41551791083509, 31.750908555256693], [-106.4137790989949, 31.750125493002738], [-106.41251512836546, 31.74933714256961], [-106.41182478694115, 31.748653095492067], [-106.41142296761953, 31.748518934190766], [-106.41075436969031, 31.74811913793068], [-106.40888265584353, 31.747514387253343], [-106.40755708492938, 31.746929565755703], [-106.4060492604905, 31.745710377308946], [-106.40154644120136, 31.7434082064828], [-106.39958624728618, 31.742240027036573], [-106.39671501034502, 31.740768234524236], [-106.39616871741694, 31.740322309509565], [-106.39445737925058, 31.73918821206069], [-106.39080943886977, 31.737724779924594], [-106.39006635668227, 31.737105743919674], [-106.3885779617705, 31.736439490832684], [-106.38781648747415, 31.73603276402944], [-106.38660659655112, 31.73522511300504], [-106.38523666664582, 31.734539085184306], [-106.3844128162506, 31.734289801729318], [-106.38384490331259, 31.73383483384394], [-106.38169023373719, 31.732622367748476], [-106.38038101085134, 31.731658945862378], [-106.37956948401042, 31.7307823506543], [-106.3790636188423, 31.7301422339419], [-106.37841846186586, 31.728839584233366], [-106.37778069235488, 31.728034879065003], [-106.37741935002862, 31.72695050080863], [-106.37737818500077, 31.726356078485075], [-106.37665410160285, 31.724090493618807], [-106.37646150750021, 31.72310573908449], [-106.3760052880563, 31.72216994406353], [-106.37575500568371, 31.721296483832578], [-106.37579291335456, 31.720940998502275], [-106.37546855090206, 31.72016517599097], [-106.37542343895456, 31.719667633741587], [-106.37502487925978, 31.71861592754436], [-106.37497054850324, 31.71822454618572], [-106.3744969141622, 31.716837016735944], [-106.37447562998034, 31.716491392505553], [-106.37399287858176, 31.714850332688364], [-106.3733352595415, 31.713787577567814], [-106.37218528470984, 31.71239194106599], [-106.3712903108181, 31.711679327712158], [-106.37042390619573, 31.711113106395665], [-106.369835021116, 31.710566467452406], [-106.36731724055602, 31.709013586695463], [-106.36345179882667, 31.70647070169228], [-106.362824048991, 31.705969584680204], [-106.35995792256972, 31.704047868213554], [-106.354082323946, 31.700307322160832], [-106.3520680500656, 31.698850346567596], [-106.35066924659994, 31.697962361279906], [-106.34946434272274, 31.69679018011964], [-106.3479967986337, 31.69388285312778], [-106.3468475264171, 31.691073711812386], [-106.34629230427731, 31.690097766896606], [-106.34312743205983, 31.682953778304405], [-106.34458436221973, 31.682422558452036], [-106.34468490117268, 31.681981036245553], [-106.3452317029047, 31.681484944522623], [-106.3458844887403, 31.680588822995475], [-106.34989778335611, 31.667748488257523], [-106.34882645554141, 31.66790169166686], [-106.34949973435614, 31.667338160163897], [-106.35031247263704, 31.666402042529153], [-106.3564860122223, 31.646925558305696], [-106.35885426700098, 31.647400589295437], [-106.3859305137703, 31.654358189245603], [-106.38626960184372, 31.65518493875141], [-106.38530958345915, 31.654915226050328], [-106.38509841098619, 31.655568995132093], [-106.3870228147986, 31.656102014041956], [-106.38669028268866, 31.65863522693698], [-106.38927590383346, 31.65920506123895], [-106.3898083192049, 31.659385089921837], [-106.39136365620453, 31.66040342775281], [-106.39183698965401, 31.66080265544546], [-106.39309808323638, 31.66219217649397], [-106.39361258310834, 31.662652563822142], [-106.39644880269897, 31.664710964132674], [-106.39695755499807, 31.665009169175686], [-106.39744761562218, 31.665145254680706], [-106.3983907982905, 31.665304199328354], [-106.39935221312658, 31.665318475922465], [-106.41827981879035, 31.664991732519894], [-106.42701906734624, 31.66530039055952], [-106.42682962660184, 31.66622060620721], [-106.43006448296225, 31.666315305616266], [-106.43017296886309, 31.666648269832], [-106.44596822534996, 31.66790285263978], [-106.44576393384057, 31.670668591526763], [-106.45110613153483, 31.67096093407315], [-106.45101969352217, 31.671533206036806], [-106.45584216012392, 31.671739530664635], [-106.45991096508192, 31.67224580935293], [-106.45981175564393, 31.67331247050824], [-106.46011509230414, 31.673326154045768], [-106.45997395286676, 31.67704500368309], [-106.46130285851255, 31.67712438370749], [-106.46118093696045, 31.679981534787746], [-106.46215848399389, 31.679995665185935], [-106.46294538474444, 31.679825138814397], [-106.4640666372222, 31.683611797109307], [-106.46480922218657, 31.6834617128673], [-106.46546648204801, 31.68557990553448], [-106.47356535201102, 31.685916113828657], [-106.48076614384811, 31.691653097549498], [-106.4822376577872, 31.696552916833905], [-106.48225050362029, 31.696815064226687], [-106.48237291368467, 31.696812666273054], [-106.482453391397, 31.69699269870925], [-106.48233719461011, 31.697142280425915], [-106.48571449814447, 31.709041106224202], [-106.48289382038753, 31.710452581561643], [-106.48325364412216, 31.718443361703468], [-106.48334328716766, 31.7186180746752], [-106.48309795589937, 31.71863991868951], [-106.47923270459222, 31.720984671761947], [-106.47893238200268, 31.721063970243705], [-106.48271365329113, 31.73075970655656], [-106.48264629600875, 31.73098925762695], [-106.48273684426856, 31.731529775892888], [-106.48324140470558, 31.7336177428938], [-106.48192093366364, 31.733924754052094], [-106.48200834673818, 31.734590648433105], [-106.48220755433816, 31.734981841019877], [-106.48251538539982, 31.736044637302655], [-106.48243517803243, 31.736491736366972], [-106.48228971217056, 31.73674145528284], [-106.48325844147068, 31.73900205766188], [-106.48440399223387, 31.74289070913301], [-106.48420045634148, 31.743974328723727], [-106.48152790683956, 31.74376046705678], [-106.48227148480927, 31.746870412623803], [-106.48252419445251, 31.74828920355235], [-106.47996820495344, 31.749524245251642], [-106.47538741363944, 31.750581407187177], [-106.47349010799415, 31.75082686054915], [-106.47253512061774, 31.751979985724233], [-106.46944587889814, 31.757610160325815], [-106.46617262262286, 31.76107348011898], [-106.46401607547385, 31.76279374161151], [-106.46084871376706, 31.763845664931765], [-106.45603533863768, 31.76419782052716]]]}}, {"type": "Feature", "id": 5, "properties": {"id": 5, "distrito_f": 5, "nombre": "Distrito Federal 5", "clave_entidad": 8, "entidad": 8}, "geometry": {"type": "Polygon", "coordinates": [[[-104.96350686259873, 30.49018988517868], [-104.95682177424402, 30.488406234561594], [-104.95482231085388, 30.480792768596395], [-104.95313253915285, 30.472556784253094], [-104.94923601728114, 30.46537672666777], [-104.93586743749718, 30.461601275627782], [-104.92222071819084, 30.460922886988595], [-104.91400553224467, 30.46348707596929], [-104.90321042955159, 30.462569903818594], [-104.88572143280608, 30.45883286309563], [-104.87459784970032, 30.456884956604302], [-104.87112652421852, 30.458365400603967], [-104.86574718658972, 30.4551953223363], [-104.86409693703912, 30.452740815294955], [-104.86334108264431, 30.447993652274935], [-104.8642037689113, 30.444459684486976], [-104.86410375686187, 30.44052881630688], [-104.86280271880536, 30.43930998870037], [-104.86180329757889, 30.437464863300196], [-104.86007462100595, 30.431906977623512], [-104.86004834774326, 30.430872536184534], [-104.86031838819589, 30.429004924106845], [-104.8595576419665, 30.42405083452379], [-104.85820437486596, 30.420763072865814], [-104.8559202974784, 30.418319675205534], [-104.85109278689006, 30.415714134143496], [-104.84978177464443, 30.41408139548783], [-104.85097762107799, 30.411162572725985], [-104.85219434410497, 30.4090712945437], [-104.85306232217556, 30.40574426884549], [-104.85327479402604, 30.40160088063291], [-104.85319621114219, 30.398497538062784], [-104.85341913830422, 30.394767924304233], [-104.85399069672488, 30.392274044407376], [-104.85453602009167, 30.38874571195659], [-104.85319911756658, 30.386078552463474], [-104.8486172480597, 30.380570851003043], [-104.8444052405682, 30.377126312595724], [-104.83991284280985, 30.375135441722207], [-104.83543622822421, 30.373765089237256], [-104.83034619811082, 30.373233240104433], [-104.82494942964256, 30.37312050802446], [-104.81988532885379, 30.373622707874404], [-104.81766008858514, 30.373454437005847], [-104.81538843426412, 30.37142410399477], [-104.81461492017439, 30.365849043941825], [-104.81353468818001, 30.360693264014174], [-104.81460721465645, 30.352809339289482], [-104.81608947597555, 30.348643947720443], [-104.81541407287018, 30.34699982945167], [-104.81015057948744, 30.339432853806485], [-104.80907600716456, 30.33448391134192], [-104.80714300393412, 30.333275504794866], [-104.79945757028291, 30.33030363357455], [-104.79525966404417, 30.327271288335865], [-104.79005489903433, 30.32197932415009], [-104.78744253207029, 30.31891947559608], [-104.78454390299508, 30.317106375197127], [-104.77873173007579, 30.312859298204373], [-104.77736237826593, 30.308743083461682], [-104.77442368057787, 30.305274600344752], [-104.77244609212241, 30.302203626018223], [-104.76380329494364, 30.298832087884676], [-104.76379824832992, 30.298625192484124], [-104.76183625122951, 30.296174743553454], [-104.75980381859054, 30.290827724864734], [-104.75939122417846, 30.286902079342607], [-104.75864669151268, 30.282361115577498], [-104.7594814275819, 30.277586382838248], [-104.75872688791351, 30.272631620780746], [-104.75803282270803, 30.27015960894858], [-104.75325033148803, 30.26899871854211], [-104.75002193422667, 30.266569520778535], [-104.75058530944484, 30.263662259152916], [-104.75052509918214, 30.26117949640692], [-104.74761381074472, 30.25874488406797], [-104.74538128224903, 30.258161600741527], [-104.74409412634301, 30.257355371019553], [-104.7364614102772, 30.256241882856674], [-104.73327369214446, 30.255467452095832], [-104.73069967096491, 30.253854743005874], [-104.72714065716559, 30.250809594211542], [-104.71703409355497, 30.238973342780312], [-104.71217462349803, 30.234500583227604], [-104.7092699985272, 30.2322720184542], [-104.70760765703962, 30.22898789802936], [-104.70965685969145, 30.221916556431882], [-104.70604548998695, 30.216594939358853], [-104.70303828186384, 30.21002134437642], [-104.70263808694614, 30.206509287618246], [-104.6994473329502, 30.205527140465477], [-104.69869632710359, 30.20057200078427], [-104.69571458853854, 30.195032729696408], [-104.6917149933805, 30.18661242228672], [-104.68838821176996, 30.179836786167343], [-104.68687310358509, 30.16930564023151], [-104.68578698375649, 30.16352800111096], [-104.68439914903857, 30.158376250642974], [-104.6849345462479, 30.154227820598233], [-104.68730020085422, 30.1471515501008], [-104.68536259094141, 30.145527539998064], [-104.68437918389361, 30.14409481765977], [-104.68557170473646, 30.140970492378752], [-104.688998501726, 30.138637328268224], [-104.69116443924305, 30.136531833044145], [-104.6929845361095, 30.133190104656936], [-104.6935194287163, 30.129041620204582], [-104.69342644764464, 30.125110472141706], [-104.6904423483911, 30.119364132632725], [-104.6903055134712, 30.113570850584743], [-104.68838315248341, 30.112567590142678], [-104.68670883982492, 30.108662454141207], [-104.68915627870467, 30.105103451225098], [-104.69448438090565, 30.102945758017622], [-104.69540386998354, 30.10168866978527], [-104.69249370818628, 30.099045910942316], [-104.6873405314998, 30.09519811791427], [-104.6878217502147, 30.088773690720743], [-104.68649823059611, 30.086311661806203], [-104.68549588190218, 30.08405132299155], [-104.68540324385246, 30.080120144884827], [-104.68659006754257, 30.076788869918584], [-104.68651690079061, 30.073685305426107], [-104.68772312869477, 30.071181633981347], [-104.69112790474679, 30.0680207539601], [-104.69237306365386, 30.0671722723174], [-104.69516969826539, 30.0650562401429], [-104.69923086625224, 30.06291921671031], [-104.70073807660854, 30.059789470624164], [-104.70163253968234, 30.057497804648907], [-104.70209790278163, 30.05045256654255], [-104.70043388484174, 30.04696138159404], [-104.69620199664811, 30.041856776824204], [-104.6942418125524, 30.03919835918093], [-104.6950970800227, 30.035251487363528], [-104.69783395423228, 30.030652515657735], [-104.70001695085539, 30.029374444411737], [-104.70153834171336, 30.026865386141875], [-104.69663110172768, 30.019909114201734], [-104.6924396515737, 30.016459623674493], [-104.6892013876971, 30.01320127612663], [-104.68974551132308, 30.009466540484027], [-104.69183040771182, 30.00405047017276], [-104.6927441168782, 30.002586469018386], [-104.6910958664056, 29.999715867923694], [-104.6875714983153, 29.99770413136971], [-104.68594784747279, 29.99586799901294], [-104.68680793089972, 29.9921280616848], [-104.68803265832392, 29.990451977101486], [-104.68417326984115, 29.987617730329625], [-104.68475640382223, 29.985538258540224], [-104.6872203513831, 29.982806832906256], [-104.68176718228483, 29.97937781920794], [-104.6804744135639, 29.978157144890595], [-104.6775342342909, 29.97406568177492], [-104.67964819570459, 29.96989122160523], [-104.68108163570994, 29.96365803229867], [-104.67396325733988, 29.956530305745062], [-104.6707662580537, 29.954926760265206], [-104.67192781958403, 29.95056100415745], [-104.67493554077357, 29.944095090109297], [-104.67611619885975, 29.94055692267649], [-104.67696644577487, 29.93640319971661], [-104.67686937128619, 29.93226502196446], [-104.67739892193116, 29.927909564329727], [-104.6767043592424, 29.925230113799046], [-104.67848701857184, 29.92044008885144], [-104.68030838675799, 29.91730531001498], [-104.67773421695159, 29.915277728123], [-104.67008007772078, 29.912091418681886], [-104.66557353318544, 29.908439314887], [-104.66583124684371, 29.905951237949207], [-104.66299506677773, 29.906204536636622], [-104.65860941928617, 29.907724945967193], [-104.6548021147271, 29.90695893516274], [-104.65283604322227, 29.903886054960978], [-104.65558562244841, 29.89990858821227], [-104.6574121368388, 29.896981028984346], [-104.6570291353782, 29.894089419336964], [-104.65230428813182, 29.89458020956076], [-104.65038171174112, 29.893369485525486], [-104.64740210279388, 29.887415129610066], [-104.64479586577667, 29.883938530168336], [-104.64182164416613, 29.878190955975796], [-104.63471686160342, 29.87126800091439], [-104.63244130876757, 29.868406806740477], [-104.63032924296965, 29.858919313869954], [-104.62965066229243, 29.856860338439073], [-104.62545407857648, 29.852787969232345], [-104.6222090372522, 29.84890721846113], [-104.61643098149963, 29.844652916011675], [-104.61355393885741, 29.843042952961426], [-104.6093303151885, 29.837728595669706], [-104.60953738899347, 29.832964566171842], [-104.61482427595956, 29.829568418548234], [-104.61131684306432, 29.82796848136093], [-104.6090099540558, 29.82365848461574], [-104.60927825064746, 29.821584323708517], [-104.59965664256869, 29.81469965428765], [-104.59547707553929, 29.81124707598011], [-104.59358485060811, 29.811277015287324], [-104.59295878616162, 29.811493903294128], [-104.59134453535842, 29.809863510044153], [-104.58814886209882, 29.808051065917105], [-104.58556070483414, 29.805194036499486], [-104.58580611833928, 29.802085348282002], [-104.5870301669642, 29.800410147553652], [-104.58732217607994, 29.799370601340897], [-104.58604218968722, 29.79856282848551], [-104.5838208962106, 29.797976855725835], [-104.58315298197465, 29.796331464863563], [-104.58219304452778, 29.795725606341048], [-104.58024995003683, 29.79347929358138], [-104.57830229526408, 29.791026037233326], [-104.57693889537697, 29.78649370384372], [-104.57564059130434, 29.784858169966657], [-104.57339184282226, 29.78303053229242], [-104.5672673714163, 29.777123709947396], [-104.56304893808286, 29.771807871241144], [-104.56266447577565, 29.76870904716545], [-104.5619832585156, 29.766442799266123], [-104.56308265269439, 29.759181071470795], [-104.56489538401433, 29.755633980985017], [-104.5654657211711, 29.752934223947015], [-104.56417264748288, 29.751505491910347], [-104.56066874239109, 29.749904226547425], [-104.55556148268118, 29.74708587296864], [-104.55266523490349, 29.744440014132476], [-104.54693733393817, 29.74204494739955], [-104.5471745954544, 29.738522477499316], [-104.54963152803039, 29.735586578573994], [-104.55117966038567, 29.734320639607716], [-104.5498824390209, 29.732684851227024], [-104.54752075308838, 29.72568384120693], [-104.54902748893656, 29.722555665279227], [-104.54833312529037, 29.719668584664085], [-104.54669815322085, 29.717003057435008], [-104.54407231103802, 29.712282951937542], [-104.54207680637498, 29.707553058705166], [-104.54227756965115, 29.70237523362608], [-104.54191226348037, 29.700103999947434], [-104.53869356628473, 29.697048865694587], [-104.53580829965394, 29.69481647523901], [-104.5300790633797, 29.692213777180058], [-104.53307427929857, 29.685130096024828], [-104.53836957155941, 29.682357632624722], [-104.5370504147874, 29.679687119875293], [-104.53347658245625, 29.67477444262601], [-104.53184726448697, 29.672315645461225], [-104.52994400389137, 29.67172394429636], [-104.52836932615438, 29.671748137901794], [-104.52091755619524, 29.66234088231388], [-104.51797941808067, 29.65762506894333], [-104.51538803608058, 29.654352825033623], [-104.51147423201543, 29.648202842711783], [-104.5088742953038, 29.644516631189425], [-104.50820408809274, 29.64266392789583], [-104.50659838074164, 29.64123942424604], [-104.50188474097524, 29.641724974736043], [-104.50062537115505, 29.64174406878626], [-104.49648317499869, 29.639529913657565], [-104.49454943500176, 29.6374892655201], [-104.49137434465065, 29.636295280181628], [-104.48788896708648, 29.635312882885138], [-104.48468285937057, 29.63267029194915], [-104.48338800420365, 29.631033854930887], [-104.48149470207896, 29.630855309255157], [-104.4770518835577, 29.629266044140902], [-104.47351373854504, 29.625800217729246], [-104.47155859781479, 29.622724631859416], [-104.46709863035605, 29.620307351932478], [-104.46392440980121, 29.6191127170525], [-104.46290956932226, 29.615816023152973], [-104.4587340756933, 29.61194532961435], [-104.45525425477942, 29.61116900755143], [-104.45239520725309, 29.6099694346956], [-104.45292378908184, 29.60520090708365], [-104.45503028091159, 29.60061597797276], [-104.45433061090196, 29.597314549433673], [-104.44925153662534, 29.595319851055994], [-104.45166828066186, 29.59052339281648], [-104.45066725804733, 29.58784736801215], [-104.44719707701414, 29.5874846886295], [-104.4462967879089, 29.589567854723654], [-104.44505554825679, 29.590414120109823], [-104.44410276000616, 29.590014197832698], [-104.43746829819443, 29.588869934964915], [-104.43742038924569, 29.586593783985023], [-104.43107484557328, 29.584203043991952], [-104.43076018136861, 29.584207652891084], [-104.4272815356585, 29.583430609570886], [-104.42313036438536, 29.58059342764445], [-104.42150522512159, 29.578133293408055], [-104.41483303021619, 29.575125603639474], [-104.41104449182811, 29.574559633846214], [-104.40224326716537, 29.575100938022747], [-104.39779991569581, 29.573302124742312], [-104.39427923816156, 29.570454990335442], [-104.39198310928323, 29.56593431121981], [-104.39125588873488, 29.56118409821518], [-104.3892959610811, 29.557693474208488], [-104.38738720284063, 29.556685909542843], [-104.38328922530864, 29.556330574172005], [-104.38198025139295, 29.55386547749029], [-104.3815322178833, 29.55039592624298], [-104.38249482511904, 29.54826953520223], [-104.38151695488975, 29.546627630990017], [-104.37742388040414, 29.546479053285527], [-104.37426967322075, 29.546110011548507], [-104.37141765444971, 29.545115646940513], [-104.3672780476613, 29.54269059671384], [-104.36408642952775, 29.54045898990928], [-104.36281570583935, 29.539856020452593], [-104.35814393020837, 29.54219884919991], [-104.3524739518801, 29.54186477014514], [-104.35054497359053, 29.53982206137736], [-104.34984909418928, 29.536520107404865], [-104.35104447383158, 29.53339855512721], [-104.34691000812032, 29.53117980544703], [-104.34154271020454, 29.530220082829246], [-104.33801680325571, 29.526957635752048], [-104.3360800995224, 29.524500871492112], [-104.33291873896437, 29.52371700413743], [-104.33104429328331, 29.52436404306856], [-104.3282429122965, 29.525851863488526], [-104.31769846783075, 29.533449251627147], [-104.31262535071515, 29.531449397662037], [-104.31163266365087, 29.528979290166042], [-104.30844681154676, 29.526953293468935], [-104.30686211146366, 29.52635411684632], [-104.30182219743989, 29.52600925579883], [-104.29960858923862, 29.52541860375149], [-104.29077064598121, 29.52388333043867], [-104.28319895193165, 29.522744281706135], [-104.27275299269559, 29.519366796450633], [-104.26576671659727, 29.51594211403459], [-104.25879688172124, 29.51334477137171], [-104.251787638855, 29.508677816853137], [-104.24444877902266, 29.503186971434296], [-104.24062837675453, 29.500753869826465], [-104.23615174639951, 29.496880488396645], [-104.23480743558747, 29.492344729344104], [-104.23315675406684, 29.488226953052575], [-104.23246501402994, 29.484924430638614], [-104.22557272881441, 29.486256973512837], [-104.21900245623164, 29.487998895266294], [-104.2123501263785, 29.48539505126982], [-104.21163181098113, 29.480643951939776], [-104.21217476416568, 29.476083392160763], [-104.21303197789787, 29.471518727670134], [-104.21262411426973, 29.466556599427165], [-104.21255785195636, 29.46303885332978], [-104.21310844861983, 29.458892128149003], [-104.21079558641995, 29.452919940079145], [-104.20854911233735, 29.450465465311773], [-104.20376941357337, 29.447008971305962], [-104.20182196420942, 29.44372260075599], [-104.19895907691712, 29.441896895779553], [-104.19416080238119, 29.437405432462878], [-104.19094933957015, 29.433721273792695], [-104.18901025142085, 29.43084857607489], [-104.18455015326074, 29.427594294133872], [-104.1829025004999, 29.42347591307765], [-104.18251158783451, 29.41934139805791], [-104.18180656264668, 29.415210908810554], [-104.18081046676826, 29.412326006299264], [-104.17507583495562, 29.408052881823586], [-104.17376206639324, 29.404965013836755], [-104.1702306201898, 29.40087052676965], [-104.16671848320506, 29.397810588265703], [-104.16166653631561, 29.396425902477755], [-104.15658066422382, 29.39317867755807], [-104.15150266747436, 29.390345119177688], [-104.1483130478127, 29.387694605811376], [-104.14735205096764, 29.386671816687553], [-104.14572910644311, 29.383794561599903], [-104.14261873630534, 29.3854894012987], [-104.13947825887898, 29.385528743480883], [-104.13443479173365, 29.38455689811798], [-104.12845302905669, 29.383803508789086], [-104.12145495596761, 29.37892296698959], [-104.11669638880508, 29.37629115008168], [-104.11291337455661, 29.375509914977915], [-104.10342668036807, 29.371900941071384], [-104.09286338608136, 29.36064644683945], [-104.08424424745988, 29.352679193415344], [-104.08197029290976, 29.348360305118508], [-104.07723230693395, 29.346761760365982], [-104.071848555523, 29.344135959543], [-104.06649751932459, 29.343372298356055], [-104.06141735835668, 29.340121539989564], [-104.05311271035558, 29.331941665195423], [-104.04929616705164, 29.329089388363542], [-104.0442137066261, 29.325631068560632], [-104.0382006816707, 29.322804437601114], [-104.02810450148105, 29.319818422217445], [-104.00790002202261, 29.313016427205852], [-104.00160275385358, 29.311847228430036], [-103.97697432687863, 29.303021845395907], [-103.9678880541467, 29.30395230189397], [-103.95689518378612, 29.30345470049828], [-103.94999180345889, 29.303531665080538], [-103.94244742655907, 29.302787513368006], [-103.92953221823247, 29.29982537730434], [-103.92477244741345, 29.296566113489423], [-103.92126469862572, 29.29308607174771], [-103.91682916202876, 29.290443890261187], [-103.90238363970363, 29.28977242117519], [-103.89733433199632, 29.287964067499043], [-103.89104327637152, 29.286996647386157], [-103.88288935814899, 29.28729050230805], [-103.8665526156158, 29.28601439210408], [-103.8608958595114, 29.2854528190148], [-103.84673372266212, 29.28270283776315], [-103.8391320300621, 29.278021353922046], [-103.82971457759005, 29.27770412907421], [-103.81599350871767, 29.272559427766993], [-103.81410903917931, 29.27313374510172], [-103.81084315561817, 29.273621276882395], [-103.80820615871836, 29.273282464656393], [-103.80607290877526, 29.271785752650597], [-103.8041938766458, 29.267805512726873], [-103.80356996089041, 29.264491378015894], [-103.80156527259744, 29.260759160102403], [-103.79855316733871, 29.259425371669636], [-103.79704599044977, 29.259669335558435], [-103.79302303113239, 29.26321808081418], [-103.78887600117837, 29.265441398957215], [-103.78523318499458, 29.26617558933946], [-103.78209439989452, 29.265669119864004], [-103.77896139101877, 29.261187839482922], [-103.777334376284, 29.257456451134022], [-103.77608672143324, 29.251987271151442], [-103.77471032432388, 29.24875347874925], [-103.774212273338, 29.245936464305252], [-103.77409065388579, 29.24328624225386], [-103.77484714050668, 29.2411356125525], [-103.7763567491117, 29.239070132194406], [-103.77761580819596, 29.23658981653271], [-103.77862360538471, 29.23419151661764], [-103.77837776641805, 29.23054721332442], [-103.77675434129611, 29.224662822445246], [-103.7757536205132, 29.222258282030264], [-103.7750015605484, 29.22151066724295], [-103.77223816319653, 29.22274413375441], [-103.7708550038729, 29.224313128978643], [-103.76934538886103, 29.226461362058163], [-103.76720535613909, 29.230346531504022], [-103.76456534338503, 29.232739526282895], [-103.76242935122906, 29.233891976305664], [-103.75941600711815, 29.23413067033998], [-103.75628149391328, 29.231719067326694], [-103.75477878562371, 29.229478359485665], [-103.75428412247906, 29.225005144143775], [-103.75516570765528, 29.22326907410086], [-103.75579621432216, 29.221532177867335], [-103.75554804602078, 29.219792411781892], [-103.75316410601901, 29.219204955548296], [-103.74839317023273, 29.219851667950604], [-103.745630101066, 29.220753349890234], [-103.74387263927798, 29.220830276867044], [-103.74186501933907, 29.22040949571291], [-103.74098949029799, 29.218667594969098], [-103.74137865887056, 29.2116302962255], [-103.741131494378, 29.209476475185706], [-103.73975657717472, 29.206325159554414], [-103.73825518681622, 29.203753052780513], [-103.73675311157827, 29.201594964155344], [-103.73550102261912, 29.200017362956814], [-103.73286883724255, 29.198269411275213], [-103.73023627202322, 29.196769829976056], [-103.72885869253712, 29.195274544242498], [-103.72798405887598, 29.193284145363886], [-103.7249757160517, 29.19153474144461], [-103.72334877143976, 29.189293268481258], [-103.7218491708929, 29.18614134558493], [-103.72047414994667, 29.18348668789687], [-103.71859730638135, 29.18083024607046], [-103.71746855056536, 29.18057783459428], [-103.7160875163572, 29.18098697492489], [-103.71457796043858, 29.182886169061547], [-103.71306868831975, 29.184619731271077], [-103.71168809724439, 29.184780404879934], [-103.70917907150378, 29.184522969658858], [-103.70717144175863, 29.18451572271556], [-103.70491250684262, 29.184673146149937], [-103.70278029190632, 29.18425134688719], [-103.7014054345403, 29.181762120732195], [-103.69952966502468, 29.178857009012624], [-103.69802657736075, 29.17769218654225], [-103.69426401584154, 29.177015820666593], [-103.68874176334101, 29.177740468598117], [-103.68222406190365, 29.174900432606233], [-103.67808671886299, 29.173642548420005], [-103.67432506023832, 29.172717214233224], [-103.67031092183787, 29.172453243474163], [-103.66654793608697, 29.17210733094805], [-103.66241112533895, 29.170766166370043], [-103.65965147245048, 29.17058963136283], [-103.6578965608036, 29.170003014498494], [-103.65514061281755, 29.16841870301282], [-103.6508957615732, 29.160617906292494], [-103.65014978055162, 29.158130723260218], [-103.64977511408067, 29.157466762950197], [-103.64789504351462, 29.156879516312816], [-103.64286975628742, 29.159674450091412], [-103.64111127387564, 29.160495301111787], [-103.63922960382665, 29.160487565281578], [-103.63659665181714, 29.15997986340931], [-103.6345921046061, 29.159060694056752], [-103.63170739361632, 29.158883073666107], [-103.6303242296545, 29.16003656850011], [-103.62805816926044, 29.16284244685084], [-103.62579916707405, 29.163164155770435], [-103.623415428764, 29.163236882198106], [-103.62002859931751, 29.163139684133974], [-103.61689144066897, 29.163457495885183], [-103.61212019401293, 29.164844645268918], [-103.60898524346248, 29.164417035708674], [-103.60498320141998, 29.160424958719403], [-103.60260520110499, 29.15867563727707], [-103.6014775282722, 29.15825665717725], [-103.60034934570368, 29.158003274952637], [-103.5993492125324, 29.156922402085467], [-103.59797488031256, 29.155177429617343], [-103.5965987566204, 29.15401206857588], [-103.59346898255367, 29.152093646950306], [-103.59096434089334, 29.150840390864065], [-103.58908502832195, 29.150169530029178], [-103.58431924560858, 29.149982439434474], [-103.58193526716987, 29.15022004316665], [-103.5796783647672, 29.149961357911334], [-103.5757842060134, 29.15168243236413], [-103.5738988130739, 29.152833023952095], [-103.57213994070966, 29.153652955527903], [-103.57025589063863, 29.154389479346506], [-103.56925298751663, 29.154219222636534], [-103.56774749711695, 29.15429503421909], [-103.56661744706497, 29.15462099017544], [-103.56398131096246, 29.155188310127166], [-103.56210008146795, 29.155096691567223], [-103.56009283858602, 29.15517006104102], [-103.55858616005249, 29.155576978286867], [-103.55758003623922, 29.156317459839133], [-103.55544053417402, 29.158294616900516], [-103.55355718084843, 29.158782491760505], [-103.55217795364419, 29.1586103159279], [-103.5498003307658, 29.157025692733217], [-103.54880045215187, 29.156027262847466], [-103.54818171546958, 29.15370579888675], [-103.5485664388806, 29.15138914509246], [-103.54982852904779, 29.149242294969863], [-103.55046075093304, 29.14783765576908], [-103.55046763287781, 29.14593320519216], [-103.54947174906928, 29.14385835363185], [-103.54796821220205, 29.143437134763083], [-103.54708967124444, 29.143598526665297], [-103.54583305105923, 29.14425491569146], [-103.54445220978033, 29.144579479483117], [-103.54382388770755, 29.1449076626257], [-103.54206890868338, 29.14465077102937], [-103.53955772230806, 29.145383825945537], [-103.53742834236996, 29.14462823423703], [-103.5330486435365, 29.14195711297962], [-103.52628918088597, 29.138528854688953], [-103.52278565595343, 29.136441371763038], [-103.52166887478965, 29.133372091287562], [-103.52167788288415, 29.131053649452795], [-103.52181068130653, 29.129149839781007], [-103.52206790832018, 29.12749505893449], [-103.52270324077973, 29.125345340545923], [-103.52283344456643, 29.12410394040886], [-103.52346329889842, 29.12336184433018], [-103.52359412952451, 29.12195483933165], [-103.52347353474319, 29.120712190811098], [-103.52196884484046, 29.12070470270262], [-103.51996194793549, 29.12086029544746], [-103.51745445650356, 29.120764938557897], [-103.51670308853312, 29.12051275837959], [-103.5155742500682, 29.120589888403853], [-103.51332050456764, 29.11975050320007], [-103.50981258612158, 29.11898752840117], [-103.50755859382205, 29.118230850273324], [-103.50530095920298, 29.11838494805441], [-103.50266816717479, 29.118288676864356], [-103.50216628287279, 29.118368906331643], [-103.50066332972712, 29.117947175240445], [-103.49866292096117, 29.116529231652702], [-103.4986659764967, 29.115784022943316], [-103.50168900333585, 29.11240465566786], [-103.50282313286877, 29.111002821206643], [-103.50408428205952, 29.109187610670634], [-103.50408796549733, 29.108276797161484], [-103.50208836102715, 29.10669330540482], [-103.50020574244793, 29.107180458544452], [-103.49693956870799, 29.10873688174091], [-103.49518568702689, 29.108396600054885], [-103.49293582165456, 29.106728877214593], [-103.49231412250927, 29.105483606156316], [-103.49119303054458, 29.103738917100348], [-103.48919822147136, 29.10107883138857], [-103.48770426622544, 29.098586944445398], [-103.48570859529347, 29.096175214161402], [-103.48383662006529, 29.094178119810447], [-103.4820879599467, 29.092678466570934], [-103.48146153830994, 29.092592360527938], [-103.47808228961458, 29.09133245214919], [-103.47658339647305, 29.09008246165048], [-103.47458886251165, 29.08750497738299], [-103.47271259081543, 29.08658414552221], [-103.47033749685116, 29.085081000642536], [-103.46834176380166, 29.082834632555077], [-103.46873009947178, 29.080021436989032], [-103.46962733519523, 29.07547211535219], [-103.47202446908142, 29.071841627921625], [-103.4720345193616, 29.069523209298367], [-103.4712872349617, 29.06844278377422], [-103.47066528938494, 29.0673630248742], [-103.46966450443944, 29.06694365542678], [-103.46716094688189, 29.06626780288674], [-103.46503193013261, 29.065925133791698], [-103.46428109578474, 29.065672677178096], [-103.46239541530754, 29.066987327437072], [-103.46163466809811, 29.068970465847634], [-103.46087241861287, 29.071284799485998], [-103.45999291250213, 29.071776840724606], [-103.45748597605272, 29.071846007819186], [-103.45523155715041, 29.071502497515564], [-103.45447660639806, 29.07216078654484], [-103.4507148731387, 29.072554164031207], [-103.44921281404804, 29.07213188587402], [-103.44910446243222, 29.06840519869555], [-103.44874245517137, 29.06533952842788], [-103.44749909097503, 29.0631798170603], [-103.44512794557055, 29.061013855283218], [-103.44162871029, 29.05892438580372], [-103.43975210706442, 29.058251518843267], [-103.43649673256482, 29.057653713656897], [-103.43449565638586, 29.056814474170505], [-103.43125169853317, 29.053815358230825], [-103.42939212546058, 29.049581973308708], [-103.42752207326778, 29.04758415220691], [-103.4276485509384, 29.047336463385808], [-103.42978800294513, 29.045361319453917], [-103.43003898405593, 29.04527993459165], [-103.43129934916671, 29.043713807943877], [-103.4296760243546, 29.042545425621014], [-103.42617062788013, 29.04194597449573], [-103.42604060354128, 29.04293885766336], [-103.4236568909525, 29.043587725312555], [-103.42278063881704, 29.043417131850365], [-103.42065147156146, 29.04323937951268], [-103.42040048896918, 29.043320746752478], [-103.41964873785648, 29.043316447757242], [-103.41652529040533, 29.041476908134793], [-103.41628677710393, 29.038991492759234], [-103.41616430617232, 29.03841117846363], [-103.4140380850135, 29.037653731424758], [-103.41103166094477, 29.037553574975725], [-103.40814399276742, 29.03877886187799], [-103.4076432589198, 29.038693152526584], [-103.40538688686937, 29.03892842904241], [-103.40376229366089, 29.038090941869864], [-103.40339138807148, 29.03709516159528], [-103.40103667930447, 29.031947715470015], [-103.40041195185522, 29.03161285055268], [-103.39928653906918, 29.03119224392839], [-103.3976529503729, 29.032176259336822], [-103.39501249750876, 29.034065126449104], [-103.39275284293547, 29.034962581310033], [-103.39125116773498, 29.034622480604515], [-103.38925304436107, 29.033368603385398], [-103.38788092839816, 29.032201227705478], [-103.38738492029184, 29.031204663156455], [-103.38714031981168, 29.03004399373225], [-103.38640229287776, 29.027389966257704], [-103.3872889573795, 29.025490830722777], [-103.38680148372609, 29.022838296760284], [-103.38655265366195, 29.022505609892455], [-103.3840388135159, 29.024146617438443], [-103.38353689132336, 29.024309216346918], [-103.38028339556868, 29.023627300719294], [-103.37453073565769, 29.021770999761554], [-103.3717771279174, 29.021340307628048], [-103.36965073314666, 29.020747777905463], [-103.36564898322568, 29.01948135492748], [-103.36264851544648, 29.018386566013724], [-103.36127200639886, 29.018129708947377], [-103.35926430179447, 29.01877975206431], [-103.35522946711507, 29.02364002937431], [-103.35106398739738, 29.029410154730147], [-103.35092963787493, 29.031065315636415], [-103.35002907753196, 29.035365293556197], [-103.34926465237473, 29.03767891670163], [-103.34912341966287, 29.040576025422535], [-103.3493689768191, 29.041488355843423], [-103.34721944859457, 29.045035300209875], [-103.34683854211293, 29.04594371014198], [-103.34620933659754, 29.046436564268298], [-103.3448292914941, 29.046759102925595], [-103.34382925823786, 29.046338821453972], [-103.3424565908411, 29.045336590318815], [-103.34008441969227, 29.04383124158811], [-103.33870717974754, 29.043656939260234], [-103.3364524666545, 29.0435598607792], [-103.33294816909655, 29.042875198945243], [-103.32894797240633, 29.0412764851121], [-103.32733583824795, 29.038368193656076], [-103.32647403335822, 29.035713096236233], [-103.32662298518218, 29.031574092145075], [-103.32889298034786, 29.028939048029663], [-103.33052900594987, 29.027624707373377], [-103.33404211950834, 29.026653482569696], [-103.33567245490988, 29.02633263345478], [-103.33980626062039, 29.02635878461061], [-103.34069005789244, 29.02512236426035], [-103.33932278436174, 29.023209346558538], [-103.33783493877367, 29.020467557334065], [-103.33397476905631, 29.01638591343556], [-103.33047280866965, 29.015452832592402], [-103.32445544235013, 29.016325119435336], [-103.3220665675502, 29.017882943072355], [-103.31778772293809, 29.021332881102907], [-103.31464610167691, 29.023051287049395], [-103.31364014267785, 29.023707139064044], [-103.31301237971745, 29.023951450904313], [-103.31037749407251, 29.024679462762325], [-103.30749497602531, 29.024909006954566], [-103.30624821431974, 29.023907248890914], [-103.30587928179077, 29.02274564593418], [-103.3056385540392, 29.021088091113512], [-103.30678738261018, 29.01745247908155], [-103.30804772666656, 29.01613595124056], [-103.31183147098284, 29.011689512136034], [-103.3133387910124, 29.010954131078467], [-103.31535477619848, 29.008897246778083], [-103.31611153098603, 29.007991362740178], [-103.31437017357653, 29.005910086462457], [-103.31299880405835, 29.00482478573786], [-103.31112844884694, 29.003405024505366], [-103.30937900906575, 29.002731219912324], [-103.30750045902386, 29.00271894066498], [-103.30181943649241, 29.005678979878752], [-103.3819885449265, 28.87924527169657], [-103.48172999862888, 28.727425030071856], [-103.47961048475521, 28.726420390394274], [-103.4783633718303, 28.72591708688472], [-103.4768647401646, 28.725826498780567], [-103.47474256897848, 28.725484224720578], [-103.47249343499679, 28.72563809353927], [-103.47087059283504, 28.725381176405584], [-103.47062353109595, 28.72471742845779], [-103.47050242111696, 28.723805920934055], [-103.47102277710215, 28.718840251021298], [-103.47065496650745, 28.717182190415933], [-103.46916409092796, 28.715269815604536], [-103.46755115017669, 28.712694330149983], [-103.46717784707326, 28.71236113852921], [-103.4679341772656, 28.710708985455177], [-103.46943811648872, 28.709474785848933], [-103.47119903980143, 28.70650297079291], [-103.47233473622872, 28.703693477027453], [-103.4734772155907, 28.699227867205828], [-103.47548487468308, 28.696919725189897], [-103.47812292224665, 28.693124287575102], [-103.47913239002021, 28.690562488682385], [-103.47989206705783, 28.687999390099986], [-103.47989779193267, 28.686591696360352], [-103.47867207018353, 28.680954468175205], [-103.47855294707485, 28.679546128074303], [-103.47546000821812, 28.672574288252644], [-103.47446426474075, 28.6718238493121], [-103.47122159693349, 28.670978880010107], [-103.47034971691266, 28.670477480518564], [-103.4697306366249, 28.66923213408388], [-103.46936229344075, 28.667739676399023], [-103.46899223737297, 28.666661244844413], [-103.46774863801642, 28.665495424867434], [-103.4665029880422, 28.66482642643172], [-103.46576538775423, 28.662089911429714], [-103.46616311089419, 28.656543918876242], [-103.46667108274055, 28.654476405516505], [-103.46730144278695, 28.65298918239178], [-103.46731283356742, 28.65025659980783], [-103.46782419280223, 28.647361022314165], [-103.4683300145619, 28.645790330922118], [-103.468714784382, 28.643308121231193], [-103.46847615608466, 28.640657032857547], [-103.46935670698875, 28.639005487669355], [-103.4706126820555, 28.63710747166247], [-103.47162036225336, 28.63487691839779], [-103.47324759872934, 28.633726076250156], [-103.47474796523879, 28.633071402000507], [-103.47599904451131, 28.632332612743273], [-103.47912515975294, 28.63085821354102], [-103.47987497333008, 28.630613650629627], [-103.48025138242994, 28.63011873964111], [-103.48026006814953, 28.62796577790791], [-103.48064280511801, 28.62589754627884], [-103.48264784088163, 28.62383763424455], [-103.48315165697457, 28.622680901555217], [-103.48303084403081, 28.6216865859216], [-103.48303880099068, 28.619699232098597], [-103.48317220478948, 28.61754690349856], [-103.48455739879017, 28.614407273971096], [-103.48481125208562, 28.613332063058436], [-103.48594184876927, 28.611433238996913], [-103.48782368342783, 28.60887575590311], [-103.4882009547361, 28.608132396800034], [-103.48957804532708, 28.606980064425283], [-103.49132877516699, 28.60599522276255], [-103.49270321760811, 28.605505311150548], [-103.49432912379423, 28.604519799172078], [-103.49558197339833, 28.603201159099424], [-103.49583375843851, 28.60262276280548], [-103.49720973575815, 28.601718767417722], [-103.49783421488505, 28.601556276808463], [-103.49883872553235, 28.599905125527613], [-103.50084036762344, 28.598507362751466], [-103.5029657754025, 28.597358609695785], [-103.50421340860532, 28.59736479915228], [-103.50695695678945, 28.59770960533892], [-103.51020143908909, 28.597559963875746], [-103.51469569511424, 28.596836683606387], [-103.51669677424309, 28.59552148389632], [-103.52045017024734, 28.592641359578373], [-103.52132768527615, 28.591486267900333], [-103.52295491250122, 28.590003544510612], [-103.52470238425104, 28.5897635202923], [-103.52770330560107, 28.587873279253955], [-103.5292029916606, 28.58713515282068], [-103.57324000848277, 28.587669255198136], [-103.5866727503432, 28.57163926987803], [-103.59482305086566, 28.554774246836573], [-103.62182590870493, 28.51090545921415], [-103.62488145234492, 28.507416309208363], [-103.68706167951927, 28.41221951703732], [-103.73974118238226, 28.335203332066055], [-103.79730125650576, 28.243652940095444], [-103.8250061378387, 28.186059615867514], [-103.82889295047734, 28.181972550097065], [-103.83094004115098, 28.177728074190863], [-103.83605432614483, 28.16629822887264], [-103.84017046493489, 28.15677320644815], [-103.84466081070771, 28.145839931741435], [-103.85301298952142, 28.127701094642475], [-103.85949391632404, 28.11337203846734], [-103.86721754575684, 28.097717978396055], [-103.87269791471623, 28.08637068247925], [-103.87892663154229, 28.071461219440824], [-103.88403277690387, 28.059533643503894], [-103.89112556970363, 28.0471926430688], [-103.89535843508858, 28.037087159241075], [-103.90767841627815, 28.00909000065418], [-103.91314988299716, 27.999233299092836], [-103.91800119860717, 27.9878022654538], [-103.92372008352305, 27.976785640623792], [-103.93018649918507, 27.960798488503183], [-103.94310995604451, 27.935202796389532], [-103.9514345876911, 27.91606764130062], [-103.95901228610701, 27.89751213100945], [-103.97812602635572, 27.86487421838506], [-103.98333837251447, 27.85319387454779], [-103.98566796654652, 27.850679514455734], [-103.97288087175805, 27.83423108492054], [-103.90437594249907, 27.74119360903723], [-103.87538925405312, 27.575577601399125], [-103.81642488554591, 27.285294992326246], [-103.81472165448272, 27.258909214916972], [-103.81051748919708, 27.239328588562646], [-103.80764747393502, 27.22389854347258], [-103.80415338000662, 27.209956649067717], [-103.79360507065856, 27.175152246165702], [-103.77449770008846, 27.090573725388957], [-103.7614620772326, 27.015214563656432], [-103.75471507029533, 27.002833810603132], [-103.7411447755733, 26.94495561783087], [-103.72316168585944, 26.863177324953963], [-103.69521849669972, 26.724694192744764], [-103.84821014049349, 26.75536965643978], [-103.8814108843615, 26.762160283193225], [-103.9580476239877, 26.769800982136584], [-103.98317428853774, 26.771878949959927], [-104.00573077542924, 26.7601597823578], [-104.0580999381782, 26.746426922094997], [-104.06593226111633, 26.738183572573302], [-104.0899851500071, 26.75504262312265], [-104.0947219576641, 26.756197365754044], [-104.18797289964223, 26.744991114417328], [-104.19529438989129, 26.75242731977336], [-104.20023306885723, 26.755967145519318], [-104.20192066414094, 26.761360128494474], [-104.20391874846433, 26.764798194430124], [-104.20585084529895, 26.767776948020856], [-104.20964593968027, 26.772585667076225], [-104.21233801282818, 26.77400963289565], [-104.21631072236498, 26.775829762561703], [-104.21926073903765, 26.777654623569894], [-104.22336332257257, 26.779818715556903], [-104.22471078557352, 26.780789068291547], [-104.22625579604444, 26.782907640070302], [-104.22703328192276, 26.784972262625132], [-104.22909682462796, 26.788467217558143], [-104.23860652825401, 26.797614531718356], [-104.23990640422, 26.801744887781183], [-104.24171800986666, 26.805872826483146], [-104.24436639318911, 26.811030929334258], [-104.246441273801, 26.816536413650304], [-104.24871548602384, 26.823477177873855], [-104.24883045483591, 26.823116004768103], [-104.24943574895359, 26.82669102513427], [-104.25473755138489, 26.82540129775263], [-104.25875594507228, 26.823255853762358], [-104.26251782075431, 26.820996642561674], [-104.26493915514074, 26.819260973624214], [-104.2674889833574, 26.817639685096587], [-104.27087227438274, 26.816416194872772], [-104.27347028728448, 26.81468565762812], [-104.27833954304761, 26.81339109586893], [-104.28235083426429, 26.810095876038904], [-104.2898828363072, 26.80741448091576], [-104.30264474278604, 26.802292400095897], [-104.3102990600331, 26.798804889446465], [-104.30477106599263, 26.79377804969569], [-104.30500772423466, 26.790387017679883], [-104.30435497928339, 26.78803486386683], [-104.30223133110225, 26.7856328543], [-104.30112858998179, 26.78282343061946], [-104.2994870084975, 26.77513313157424], [-104.29133971092614, 26.781725146866656], [-104.2817487777145, 26.781716842716328], [-104.27936714547681, 26.778798744841552], [-104.27654130088138, 26.776457518527575], [-104.27185751434642, 26.773378553109104], [-104.2690970763971, 26.771266660256313], [-104.26726694481836, 26.76838675472667], [-104.26554816945318, 26.76513683034742], [-104.26520541754408, 26.76077202898579], [-104.2646072618949, 26.756465939467574], [-104.25380235134163, 26.731584402874216], [-104.28713201013655, 26.72578648306016], [-104.29178379679165, 26.723349400987182], [-104.29685896054814, 26.716658361042974], [-104.3017560449841, 26.712496065870987], [-104.30545593776938, 26.706925144251933], [-104.3049156911567, 26.706407053324252], [-104.30244137133327, 26.702722715084388], [-104.30449735704975, 26.700128862218257], [-104.30720161576629, 26.69253058220051], [-104.30927973659227, 26.687233757240424], [-104.31306738185042, 26.679284787304752], [-104.31800063275065, 26.670697639494783], [-104.32135334878477, 26.665049003947257], [-104.32553162367768, 26.658648859060495], [-104.33031403059182, 26.655737131018476], [-104.33762707024952, 26.651917862209277], [-104.3437464155259, 26.649930490201985], [-104.3486525359938, 26.64800718016836], [-104.35584910009747, 26.6446917480942], [-104.36585463131803, 26.641302546397718], [-104.37381697885719, 26.63803926063068], [-104.38031552622958, 26.63564593657802], [-104.38489790073314, 26.633206115373994], [-104.38965427085473, 26.628064567007762], [-104.39115504826016, 26.626659644026823], [-104.40877991021979, 26.633006997293247], [-104.40946563764825, 26.630474732236298], [-104.40836206440355, 26.627723485664106], [-104.4068167844308, 26.62577928196835], [-104.403058366466, 26.62138790339174], [-104.40517486790914, 26.61889427613982], [-104.40828906332351, 26.61669230664156], [-104.4125530213143, 26.614598127927263], [-104.41561264914004, 26.61383262052335], [-104.41880145922016, 26.613296185174082], [-104.42275148186438, 26.6106064744296], [-104.42414432649643, 26.60899394030291], [-104.42572915561222, 26.608599777310232], [-104.42744600938332, 26.607555011948232], [-104.43016589199138, 26.603803594557217], [-104.43256608230074, 26.599996583364014], [-104.43584604538295, 26.594173071945356], [-104.43856108452675, 26.58978943734997], [-104.44197916623045, 26.585573731881112], [-104.44623268468501, 26.582214513729802], [-104.44918714571554, 26.575645687033553], [-104.44745518208846, 26.57439262441931], [-104.4422855382425, 26.57442502435803], [-104.43474500140255, 26.573093057248713], [-104.44091760823568, 26.570411628448028], [-104.44643906935018, 26.565895245740677], [-104.44935160004387, 26.562544422808177], [-104.45091665708986, 26.55816771727796], [-104.4530503524748, 26.55298300486092], [-104.45485754442454, 26.54676607764123], [-104.45590691311158, 26.54170311340192], [-104.45822540740666, 26.53565529711705], [-104.46206180448004, 26.52775906298393], [-104.46534145540203, 26.5223943482699], [-104.46861749348786, 26.516570050032595], [-104.47017464629987, 26.511273814079246], [-104.47355836608514, 26.50274802509163], [-104.47658823935404, 26.498304054579627], [-104.48149603910107, 26.497812278791447], [-104.48345043656319, 26.494639238610514], [-104.48540755035789, 26.491868424071676], [-104.4868910748862, 26.485365785697322], [-104.48941474898645, 26.48161430929915], [-104.48952473557583, 26.47920032375512], [-104.49148733166649, 26.477233746990496], [-104.49223701787587, 26.47510283881577], [-104.49387519244499, 26.47239143602751], [-104.49729114328021, 26.468633847756188], [-104.49918457993134, 26.4659780842358], [-104.49967812542722, 26.46373391084941], [-104.50030132660967, 26.461776140767004], [-104.50084671191094, 26.457922700975683], [-104.50088757697308, 26.454819712237516], [-104.50054242138465, 26.45125958258815], [-104.49982076969205, 26.448506331632682], [-104.49935079769936, 26.44529175641851], [-104.49836990839086, 26.44196568215594], [-104.49720509852435, 26.439617622859274], [-104.49531249622314, 26.43365451276276], [-104.4949667609766, 26.42997941846767], [-104.4948140011985, 26.42653289968865], [-104.49498281649278, 26.423486514104408], [-104.49590643214125, 26.419055998955027], [-104.49696965357914, 26.416290855592692], [-104.52296461456898, 26.389683508763152], [-104.54870362642248, 26.36445207433194], [-104.56445582646502, 26.3500900047803], [-104.56700048987788, 26.35027757157398], [-104.56929391532238, 26.350689629336745], [-104.5740132603895, 26.350651548525], [-104.57509640353041, 26.350828488805664], [-104.5803179782162, 26.352230240572776], [-104.58101123013103, 26.353728518448786], [-104.58176282013893, 26.356204928655274], [-104.58270802057434, 26.3582795521527], [-104.58390812898455, 26.3604126071069], [-104.58683327733499, 26.361977366863822], [-104.5923074659988, 26.363954851945746], [-104.59371268132026, 26.37534949938735], [-104.59507956530321, 26.38208480404185], [-104.59699358096651, 26.38203485315297], [-104.59833836315156, 26.381062296492107], [-104.6001342926624, 26.37922859697145], [-104.60122578526567, 26.3779099317542], [-104.60457205966762, 26.372400949698438], [-104.60719475416813, 26.37097304838045], [-104.60987418728304, 26.37086831897429], [-104.6129345713759, 26.371110121644186], [-104.61644045801788, 26.371526145034444], [-104.61829198628068, 26.37118806820038], [-104.62141278560287, 26.372062625994726], [-104.62293586895632, 26.37356388712685], [-104.6254626618951, 26.37834748136037], [-104.6269247886325, 26.379330799224842], [-104.63074844268321, 26.380035246916126], [-104.6329122610276, 26.381021034302965], [-104.63405577975806, 26.381945584506372], [-104.63512935793936, 26.384077799358213], [-104.63626861798122, 26.385865072268505], [-104.63772793374166, 26.387423530810207], [-104.63912530217985, 26.38863653728281], [-104.64065143665597, 26.389619876825684], [-104.64281254570788, 26.391180766096742], [-104.6481652294506, 26.3924079250423], [-104.64963285720064, 26.39235563377673], [-104.65212000364157, 26.392537049915536], [-104.65339386540278, 26.392944202454906], [-104.65566943470145, 26.39726625017136], [-104.65668204676123, 26.39893793216659], [-104.65755946137263, 26.40216214403048], [-104.65863005206093, 26.405041981275538], [-104.65970294756185, 26.407461591651657], [-104.66058789206737, 26.409190277042306], [-104.66326092350438, 26.41058006339414], [-104.66503971688165, 26.412196782277807], [-104.6672027370428, 26.41352724171942], [-104.6686599052659, 26.415717972118074], [-104.66846023418222, 26.417442917767804], [-104.66895993469431, 26.41968794513879], [-104.67194720666994, 26.42217147299996], [-104.67270478267972, 26.423899699461334], [-104.67371682108677, 26.425801323048642], [-104.67523909340105, 26.4277621572347], [-104.67797277096415, 26.429957219293396], [-104.68223551963045, 26.43273242628637], [-104.68369449735351, 26.434635512945647], [-104.6847700830734, 26.43665223094688], [-104.6880766662078, 26.43925160951602], [-104.68947228579431, 26.441096891613405], [-104.69131043103202, 26.443863831456024], [-104.69327660278383, 26.446573776392725], [-104.69677228398515, 26.449806220593697], [-104.69988787329943, 26.45246216552639], [-104.70364386706414, 26.454659962972464], [-104.70542414618058, 26.45621875475522], [-104.70669096957987, 26.458408519730384], [-104.707446248627, 26.4608267503791], [-104.70852322379784, 26.46267083048396], [-104.71017392998583, 26.464689158200304], [-104.7117006959296, 26.465901897164215], [-104.71399417878133, 26.466944420487177], [-104.71743380879062, 26.468680729666875], [-104.71940600926234, 26.470239816450963], [-104.72333912459194, 26.47600390849869], [-104.72556311885447, 26.478426503277188], [-104.7274106663624, 26.479352469785187], [-104.73059913329695, 26.480224876828927], [-104.73449207986692, 26.48058159995692], [-104.73768017397495, 26.481568881162477], [-104.73997259676912, 26.48301360041511], [-104.74284391699592, 26.48342466508331], [-104.74724546481065, 26.484357751467883], [-104.75222027855456, 26.485637428381853], [-104.75131254264006, 26.489028590033236], [-104.750980869748, 26.492076194200095], [-104.75084241098591, 26.494721700450846], [-104.75094549480797, 26.50076162547435], [-104.75156809390609, 26.504674713999822], [-104.75327407656593, 26.50916610068948], [-104.75485930353588, 26.51193159349237], [-104.75802281444142, 26.51930302684702], [-104.75916036322654, 26.52229732184762], [-104.77288075250381, 26.525153554501156], [-104.79473063418031, 26.54423237879788], [-104.7939467916153, 26.544428462029654], [-104.79505233450543, 26.546740583776252], [-104.7946894677424, 26.5490530046791], [-104.79665199006011, 26.55153010244943], [-104.79812355241366, 26.55318144852934], [-104.79873728151922, 26.554172311768323], [-104.79935179471887, 26.5555760907161], [-104.79935303244247, 26.55623676015374], [-104.79654366468283, 26.559127827490215], [-104.7953265258555, 26.562761766891303], [-104.79435151998845, 26.56499172411784], [-104.79337557377274, 26.5667261725548], [-104.79288871486996, 26.568212770450657], [-104.791548520415, 26.57159894461152], [-104.78922949945408, 26.575233019355668], [-104.78727608013466, 26.578041164778696], [-104.78398027594321, 26.583244376768004], [-104.7817823389789, 26.586382806188745], [-104.77970613382439, 26.589190854773285], [-104.7784845099864, 26.590677466688273], [-104.77738457727172, 26.591751141803392], [-104.77702051475815, 26.593650584220473], [-104.7769023884985, 26.596210671537563], [-104.77714917156065, 26.597366816261296], [-104.77702799600723, 26.598110073980948], [-104.77605040249443, 26.599183727526125], [-104.77421553964906, 26.600092260405372], [-104.77176986435038, 26.601826626356065], [-104.77103731505473, 26.603065400245686], [-104.77055201868752, 26.605790656611205], [-104.77067712869942, 26.607442312542396], [-104.77129453430776, 26.61066302687893], [-104.77117532030599, 26.612645021924678], [-104.77068757460952, 26.613883782591042], [-104.77056700818851, 26.61503994720829], [-104.77056901544249, 26.616278690572752], [-104.77081564223155, 26.617352260014723], [-104.77070163370739, 26.622554983072526], [-104.7704586072511, 26.623711150024867], [-104.76984888726157, 26.625280240324592], [-104.76788899530726, 26.624867364202952], [-104.76555981150025, 26.623215718513045], [-104.7628645049006, 26.622307271965028], [-104.759923588725, 26.620903267384048], [-104.75759522273577, 26.61966440564922], [-104.75355098009422, 26.617269206214555], [-104.75257094941053, 26.61693878547784], [-104.75110067438715, 26.616277976148382], [-104.74852855990281, 26.615699603044845], [-104.74620181904754, 26.61545154913708], [-104.74497648154704, 26.61479071071789], [-104.74178827123737, 26.611321725969916], [-104.73958183937604, 26.609421928691958], [-104.73676419260453, 26.608182635588406], [-104.72855751515905, 26.60529031594647], [-104.72659750296556, 26.604381376450426], [-104.72549543486053, 26.60421590179049], [-104.72341423736323, 26.60429787769171], [-104.72059865670894, 26.604544756521705], [-104.71864036301021, 26.60503961545095], [-104.71594794231397, 26.6059471048116], [-104.71325566495801, 26.60701970825714], [-104.70848018701142, 26.606439780149405], [-104.70505193209658, 26.606273188520696], [-104.70382796306184, 26.60660298993577], [-104.7002771963873, 26.606353647117103], [-104.69819668292813, 26.607178497693646], [-104.6989339953151, 26.609904072934224], [-104.70199724135227, 26.61221779633228], [-104.7032229845112, 26.61353966384184], [-104.70408160666464, 26.615026526488982], [-104.70359330121529, 26.61643021631681], [-104.70249293561115, 26.617998796946885], [-104.70286171449735, 26.61940286392581], [-104.70420981788068, 26.620559611626753], [-104.7053136612164, 26.622294319814262], [-104.70556003803547, 26.623698326961257], [-104.70580589731723, 26.62460683850318], [-104.70654200634596, 26.625928467997895], [-104.70764690967498, 26.628571564597767], [-104.70752816874433, 26.63203997655873], [-104.70740694661279, 26.633196079745044], [-104.70789882606047, 26.635095676469742], [-104.7078998900433, 26.63608666501081], [-104.70753453386219, 26.637985908148046], [-104.70729048576202, 26.638811630259674], [-104.70753638988889, 26.639720137259733], [-104.70864010825454, 26.64112448762346], [-104.71035773985648, 26.643932970633273], [-104.71403681379346, 26.648311229592345], [-104.71587603134891, 26.65012870308238], [-104.71771559396286, 26.652193899489188], [-104.7190650992464, 26.654093745384877], [-104.72249767665313, 26.656654894128984], [-104.72445904618645, 26.65797680110995], [-104.72531746275646, 26.658802873531073], [-104.72556304503736, 26.6592984373089], [-104.72580903501135, 26.66012432938855], [-104.7258106572961, 26.661445644212552], [-104.72556689124674, 26.662436559934505], [-104.72544571442468, 26.663510092599907], [-104.72691674825899, 26.66441891262767], [-104.72838759903473, 26.66516255321543], [-104.72924651273692, 26.6663189302213], [-104.7294931678982, 26.667640308130547], [-104.72900660042896, 26.670365388941484], [-104.72876253188092, 26.671108562760757], [-104.72778396532871, 26.672264447899913], [-104.72729590328838, 26.673833372269353], [-104.72680650135361, 26.674328728282312], [-104.72582829269008, 26.675814927079145], [-104.72472755133062, 26.677301082617884], [-104.72399560738683, 26.679860905093587], [-104.72350716146147, 26.681182068340302], [-104.72350755990567, 26.68151239604636], [-104.72228481224043, 26.683493984973115], [-104.72265482810035, 26.685558646313883], [-104.72216683490034, 26.687292712847793], [-104.7214331988221, 26.68853120838329], [-104.72033198527123, 26.689769580372516], [-104.71923229133647, 26.69232925198757], [-104.71899109597896, 26.695632440203767], [-104.718380186992, 26.697118704108227], [-104.71703275461827, 26.697448565738014], [-104.71617552495415, 26.69786117152101], [-104.71507369717276, 26.698686591546196], [-104.71262447231007, 26.69992440380953], [-104.71115454976679, 26.700336744011317], [-104.70956154798624, 26.700253529785176], [-104.70539357177037, 26.698434995096452], [-104.70380017476492, 26.697938808308308], [-104.7026977510013, 26.698268641829266], [-104.70184046441, 26.698681160540705], [-104.70184147098578, 26.699672139832703], [-104.70159732981853, 26.700580425158847], [-104.70123006784955, 26.70091058235483], [-104.70110920231836, 26.70256215723657], [-104.7023367319287, 26.704709839101746], [-104.70319533440214, 26.705536041328532], [-104.70368684591399, 26.706857564614964], [-104.70344329828346, 26.708343922782074], [-104.70381253844144, 26.709913134955773], [-104.70369118848801, 26.711069221314073], [-104.70418478026374, 26.714372697022885], [-104.70418537854262, 26.714950767105183], [-104.70443132956176, 26.715776689463713], [-104.7034521330744, 26.716932394610534], [-104.70333017749712, 26.717510409630982], [-104.70308567000619, 26.71808836944716], [-104.70198405582357, 26.719409171399395], [-104.70161631607675, 26.719326421376508], [-104.69904329716961, 26.71990328364434], [-104.6976959458398, 26.72064586467072], [-104.69757363446902, 26.720893548844753], [-104.69696142794389, 26.721471317393412], [-104.69554391015447, 26.723355749555115], [-104.69578211035055, 26.726000967793816], [-104.69639103650596, 26.727573181456076], [-104.6968753863175, 26.729888697667636], [-104.69932132546239, 26.732376236762235], [-104.70066631285601, 26.733868320025355], [-104.70152168315211, 26.735028168307487], [-104.70237664057693, 26.73635328432627], [-104.70286372405636, 26.737677141143834], [-104.70445024032259, 26.740657480361676], [-104.70505957518533, 26.742147018789023], [-104.70566998957406, 26.7432233723609], [-104.70615713975998, 26.744547217141488], [-104.70786816730406, 26.746866841010746], [-104.70933607837075, 26.748359255188785], [-104.71019164409009, 26.749519050419806], [-104.71141516291283, 26.75068007351316], [-104.71557852164624, 26.7533383458976], [-104.71716947083634, 26.754748449971693], [-104.7175353770723, 26.755576030868994], [-104.71826557503684, 26.757892280369287], [-104.71887233312385, 26.760538666380867], [-104.71898136721109, 26.766075701319735], [-104.71971023977424, 26.768970394226155], [-104.71983107999975, 26.769714523920392], [-104.7210484512514, 26.773519820966197], [-104.7221361877096, 26.78021696851088], [-104.72274595993959, 26.78170642610145], [-104.72311038725002, 26.783195079055016], [-104.79308692495754, 26.824311690491143], [-104.78542765889519, 26.850981735352253], [-104.78173584502731, 26.855764128780468], [-104.78565728658683, 26.859411263344185], [-104.78663567097901, 26.861397292198205], [-104.78822654140141, 26.86412876072752], [-104.78761100263716, 26.865036024425642], [-104.78736345545, 26.86610959445373], [-104.78821530579509, 26.870161151783453], [-104.78821330456367, 26.871235412663385], [-104.78771973211042, 26.872556197998858], [-104.78893983343094, 26.876691419503803], [-104.79213110244793, 26.877278790811893], [-104.79360464202851, 26.87720024968607], [-104.7970435821751, 26.876631295271487], [-104.80122076545334, 26.875155272338954], [-104.80564551760767, 26.872440252689273], [-104.80785844309595, 26.87071083012689], [-104.80896661622661, 26.86881316088621], [-104.81105692359964, 26.866918088303503], [-104.8160969682088, 26.86296482558071], [-104.81892495599284, 26.86024520033572], [-104.82138348628295, 26.85818565448098], [-104.82470099212895, 26.856293533021372], [-104.82617588083374, 26.85514038507702], [-104.82642366795012, 26.8536535642177], [-104.82654957465849, 26.851587979819215], [-104.82716560911278, 26.850102091738652], [-104.82754000591504, 26.84605386553366], [-104.82778637931314, 26.845476035585044], [-104.83110365302215, 26.8434184862889], [-104.83356026966091, 26.842267717108747], [-104.83503464701236, 26.841279745258532], [-104.83577266062171, 26.840207301253784], [-104.83577432957925, 26.839050396669016], [-104.83688101649797, 26.837648312868417], [-104.83859832304907, 26.838396265740638], [-104.83945634388012, 26.839224732721075], [-104.84092762869707, 26.840385236318454], [-104.84202853165193, 26.84311491477695], [-104.8432529189134, 26.845349065155443], [-104.84435415115134, 26.84791345209399], [-104.8441070639227, 26.849069762836766], [-104.84447170685637, 26.85171500242611], [-104.84545116744555, 26.85361799529253], [-104.84814818938759, 26.85635145337082], [-104.85121471164062, 26.858259372436535], [-104.8540355958971, 26.860331920911435], [-104.85636635035299, 26.861742183040935], [-104.8583301977651, 26.862077288211246], [-104.85968012024324, 26.862493587911285], [-104.86115231568363, 26.863323335918285], [-104.86397232091366, 26.866387315931327], [-104.86568779968658, 26.869200834765497], [-104.86666514824397, 26.873334843904182], [-104.86801235643583, 26.876230136429534], [-104.86911520493265, 26.878133236956117], [-104.8708317386712, 26.880285604265147], [-104.87156714901674, 26.881444142846544], [-104.87181151226807, 26.882518952136355], [-104.87193299706816, 26.88367612404525], [-104.8709481430337, 26.885905102809925], [-104.87008670648075, 26.88755589883263], [-104.86934747048191, 26.889702777477268], [-104.8687299546103, 26.892758917927008], [-104.86799104290628, 26.894575245603953], [-104.86737491114874, 26.896391845451785], [-104.86823271520053, 26.89796385289633], [-104.86970457848165, 26.899537228818158], [-104.87068552959109, 26.90086158898671], [-104.8712978862245, 26.902350394093634], [-104.8717868870903, 26.904334736136907], [-104.87178408700595, 26.906813798231845], [-104.87239323800708, 26.911194834953136], [-104.87263396185097, 26.915575050862916], [-104.87361287572956, 26.91888263463822], [-104.87397924866617, 26.92078405834286], [-104.87409996936556, 26.92268493926494], [-104.8748336797232, 26.92566142908991], [-104.87630446017961, 26.92863952925165], [-104.87679258253982, 26.93161546869342], [-104.87765095986464, 26.93302214225975], [-104.87937138312762, 26.93244743431773], [-104.88342782963441, 26.929894472571377], [-104.89350777861098, 26.922395848638875], [-104.89399794822329, 26.923636392352556], [-104.89325978173065, 26.92487439828604], [-104.89325799296999, 26.92677500856902], [-104.89374717207065, 26.92908981001497], [-104.8958333138364, 26.931407892853994], [-104.89730569366118, 26.933311516774538], [-104.89890126353845, 26.93488483371303], [-104.90528557403167, 26.939277311646396], [-104.90639068117387, 26.93994058141894], [-104.90774170663282, 26.94035642056755], [-104.90982939374007, 26.941352132834265], [-104.93597660674715, 26.97751223628058], [-104.93732713681945, 26.97982838908486], [-104.93720378373143, 26.980654520010656], [-104.9379398415229, 26.98305221937709], [-104.93953663205474, 26.98470770280421], [-104.94088766612998, 26.986362742472625], [-104.94273060432106, 26.987522806813004], [-104.94322184243192, 26.988267362121736], [-104.94481757427337, 26.992401821786984], [-104.94801121124779, 26.996704224865038], [-104.95034601121446, 26.997947648266667], [-104.95132893362685, 26.99885826068779], [-104.95169662004412, 27.00133790549085], [-104.95145018091061, 27.00274228416322], [-104.95095796542262, 27.003980985420522], [-104.9503421634978, 27.006706899456137], [-104.95009565923016, 27.008193909025575], [-104.95009460095305, 27.01059030552105], [-104.95082893212965, 27.01802861980033], [-104.95070592395574, 27.01819368410516], [-104.99078438575783, 27.01795690000359], [-104.99605328181727, 27.01832763668198], [-104.9966580721056, 27.019736629929437], [-104.99836848459105, 27.021068607419828], [-104.99897492335865, 27.022229502673802], [-104.99958458178851, 27.022894220159408], [-105.00177664028904, 27.02571719893226], [-105.00201529583137, 27.026793500092452], [-105.00126147816232, 27.029435996313634], [-104.99965231792524, 27.031412515423305], [-104.99878792316217, 27.032152365437312], [-104.99792190968255, 27.03314029718085], [-104.99680706162829, 27.034623133145587], [-104.99531087291481, 27.03808875513334], [-104.99469039390345, 27.039077933191347], [-104.99420289361022, 27.039532213692702], [-104.99840491893141, 27.039832379019224], [-105.05215803065347, 27.082284306237852], [-105.05155253237403, 27.103107338762985], [-105.00504830794637, 27.11916923061153], [-104.97705576488747, 27.126729806933895], [-104.97624782767372, 27.127053717761708], [-104.98339027993505, 27.131617549029354], [-104.98782028354974, 27.13311120062831], [-104.99409637786884, 27.134194055842563], [-104.99803436839076, 27.13560408530011], [-104.9995111393687, 27.13634972916723], [-105.0001264662302, 27.136515801934156], [-105.00086500693479, 27.155687572903524], [-105.01416012495076, 27.16975181444749], [-105.01686852956864, 27.17082928455926], [-105.01834607801163, 27.17273158096439], [-105.02401001518115, 27.17786135373366], [-105.0252414770716, 27.179432765407494], [-105.02598061191588, 27.181416774859333], [-105.02708894415453, 27.182657501614862], [-105.02881299451205, 27.184312062053753], [-105.02979815762046, 27.185139469290927], [-105.03164547672593, 27.187042026151833], [-105.03275380656517, 27.187869545659506], [-105.03435482101479, 27.18927600728859], [-105.03558657948317, 27.190929957574575], [-105.03632583942114, 27.19250074792225], [-105.03780378061909, 27.193741775337735], [-105.04002035552665, 27.194487752236704], [-105.0405132900753, 27.19564510634089], [-105.04137569080332, 27.19696809800838], [-105.0407073662229, 27.202343749837333], [-105.03836799845139, 27.202125680340767], [-105.03800060253126, 27.20221309765024], [-105.03616629484608, 27.202815541570175], [-105.03238005551906, 27.204352673133698], [-104.98213739116464, 27.201347366475442], [-105.04893601889205, 27.25799098440064], [-105.04815398950937, 27.259395545589843], [-105.04689558526286, 27.26367686945725], [-105.04414792641536, 27.27019846779992], [-105.03672619331957, 27.27525590025424], [-105.02694546362827, 27.279019773595536], [-105.02598798079019, 27.27864349897952], [-105.04191848123943, 27.299503703965804], [-105.05727426926838, 27.32047728842025], [-105.09234317114304, 27.370587382789523], [-105.09281252946751, 27.368925822940586], [-105.11105139932087, 27.342425693664563], [-105.11482917546807, 27.339329629287064], [-105.12037208776557, 27.330499616616034], [-105.12172598633293, 27.330323474794795], [-105.1263771942485, 27.32796655523878], [-105.13467903556875, 27.330638472290435], [-105.15366056033248, 27.346408079980662], [-105.16252289973652, 27.353384949335734], [-105.16690350232054, 27.357578259219114], [-105.16940037856858, 27.359548060695978], [-105.17577640487364, 27.365134526380793], [-105.17952477477111, 27.36825475555964], [-105.18625914653605, 27.37300881444577], [-105.18838283472247, 27.3747325839822], [-105.1901339778229, 27.37629354072511], [-105.191629530029, 27.377276227711278], [-105.1924993952276, 27.377683667235857], [-105.19536213404109, 27.379318406592667], [-105.20287140966494, 27.386220832801584], [-105.20576153188621, 27.389596112714585], [-105.20800792111098, 27.39123566676999], [-105.21113733530393, 27.39411143611966], [-105.2126552684406, 27.39650307465466], [-105.21479274617015, 27.39905536162061], [-105.2211629334086, 27.403976554593342], [-105.22416575893897, 27.406604373886157], [-105.228411749141, 27.409802017311016], [-105.23052504724788, 27.410779094930177], [-105.23436587736077, 27.411741568035932], [-105.23735219064258, 27.41329149474769], [-105.23849551614774, 27.415354403033618], [-105.2390245140234, 27.417588316181767], [-105.23966906220586, 27.419323825917616], [-105.26652094760547, 27.44037498150573], [-105.26680433780163, 27.43787114022976], [-105.265669448722, 27.435636009660307], [-105.26565850863356, 27.435000630979502], [-105.26820327424143, 27.42973770969056], [-105.26893339400543, 27.42865672960523], [-105.26953655010115, 27.427244463169536], [-105.27086976645441, 27.42475120343771], [-105.2725777870986, 27.422671209565866], [-105.27379249792445, 27.420676014543258], [-105.27463745211337, 27.418765160015834], [-105.27499000692364, 27.417022061505175], [-105.27496341286854, 27.41445100258167], [-105.27445304549197, 27.412877076478956], [-105.27294857523151, 27.41072634618705], [-105.27144929428472, 27.4090732236249], [-105.2703205915135, 27.4074186829782], [-105.26981032299393, 27.4058447375828], [-105.26942528390805, 27.40443619865738], [-105.26928556043407, 27.40286085073101], [-105.27024115189126, 27.399705487616526], [-105.26973262831396, 27.398297415235085], [-105.26860491473809, 27.396725794850596], [-105.26896090988672, 27.395314456703176], [-105.27115908167963, 27.39290085901459], [-105.2734883580345, 27.391233195991553], [-105.27605768051093, 27.388901048530393], [-105.27751722286357, 27.386738994641615], [-105.27812004686626, 27.38532668507629], [-105.27869533021777, 27.381260365153594], [-105.2796502653504, 27.377938992216414], [-105.27964079654575, 27.37702667656212], [-105.27838796475076, 27.37528972953419], [-105.27700654593187, 27.37305561629079], [-105.27561595805759, 27.370075110023453], [-105.27609954002037, 27.36907796754625], [-105.27816756008825, 27.36608416167805], [-105.2782772716107, 27.36475668061715], [-105.2786304657461, 27.363096499087426], [-105.27947490819919, 27.361185603369893], [-105.28032448811739, 27.359772330200045], [-105.28227566823797, 27.357442441373085], [-105.28374504456453, 27.356275572723167], [-105.28508920813346, 27.354943292612482], [-105.28717924312059, 27.354105739105886], [-105.29001081930572, 27.353348189063187], [-105.29148701409726, 27.352844742937034], [-105.29184345280254, 27.351516278787823], [-105.29245025754281, 27.35051859290001], [-105.29416807070193, 27.349516517977836], [-105.29490526311432, 27.349181837080184], [-105.29747491784966, 27.347015168279466], [-105.29980109119326, 27.345181189872896], [-105.3021333270918, 27.343927738304117], [-105.30298687685539, 27.3429290167249], [-105.30346043928807, 27.341019461228747], [-105.30406181273429, 27.339524097021485], [-105.30516042182263, 27.338358492816333], [-105.30663634854514, 27.337854887661322], [-105.30821894688235, 27.33577494621341], [-105.30831857725529, 27.33353512135027], [-105.30889250772378, 27.329468657829562], [-105.30936503176616, 27.32747614192599], [-105.3104669993801, 27.32664224754303], [-105.31170120938087, 27.326637221516563], [-105.31292037765694, 27.32522223864914], [-105.31276776470096, 27.32248578804322], [-105.31125319569423, 27.319340181877354], [-105.3116128299409, 27.31834341616213], [-105.31295708934314, 27.317093805235693], [-105.31380237088791, 27.315348573262785], [-105.31365683340235, 27.313275624962944], [-105.3137439468868, 27.30987465571211], [-105.3139730454841, 27.30821488221], [-105.31469750403858, 27.306718962855527], [-105.31665591563817, 27.305217971810745], [-105.31836570643242, 27.30355209493223], [-105.32069419399068, 27.302049520650325], [-105.32290101028583, 27.300713296999067], [-105.32462046240816, 27.299959663881417], [-105.3262156064505, 27.29912358735373], [-105.33063521931653, 27.297031499054675], [-105.33369562426829, 27.29477914719048], [-105.33454401619159, 27.293365541055234], [-105.33540770314038, 27.29336187744568], [-105.3359039425365, 27.29360859582175], [-105.33750703317945, 27.293518834037986], [-105.33885341439864, 27.29251778912805], [-105.33982872198708, 27.29143537667372], [-105.3417892427779, 27.29018284997647], [-105.34583534659504, 27.2878430579008], [-105.34705184126504, 27.286261901208015], [-105.34814219668635, 27.28443245476569], [-105.34862112157137, 27.283103305779992], [-105.349839348674, 27.281688000733386], [-105.35154828330624, 27.280021720409977], [-105.35216330117636, 27.279853153720495], [-105.35426514191586, 27.280258675308882], [-105.35575472944801, 27.281081564191616], [-105.35714114057801, 27.283729614183144], [-105.3608598003803, 27.285289099789317], [-105.36197293281818, 27.285532993792796], [-105.365186214216, 27.28601635898844], [-105.36654241804894, 27.285927365262058], [-105.36777339474224, 27.285673035194158], [-105.36987354616377, 27.285912444849757], [-105.37147742199198, 27.285905232658656], [-105.37370188960708, 27.286226966829215], [-105.3761777767159, 27.286962234499228], [-105.37889485065297, 27.287198708623965], [-105.38198767801372, 27.287931061147656], [-105.38321957622176, 27.287759532867174], [-105.38469634890821, 27.287420984679], [-105.38641798713698, 27.286915408895396], [-105.38874731930309, 27.286755407578045], [-105.39727221708158, 27.286616131873778], [-105.40036229602963, 27.287099265231667], [-105.40295984639833, 27.287667603895947], [-105.40715941564473, 27.28806239260994], [-105.40926064439046, 27.288384146575115], [-105.41357692507323, 27.28819759630015], [-105.41726188128936, 27.286769838842865], [-105.41861515795033, 27.2864315296014], [-105.42343450406379, 27.28707165645148], [-105.42554059974672, 27.28780785177895], [-105.42740383962094, 27.288876968723983], [-105.42806630466426, 27.292771972544323], [-105.42795455971459, 27.293767819202852], [-105.42722686273967, 27.294849630332664], [-105.42872008460733, 27.29592054004013], [-105.43081471573674, 27.29566141048084], [-105.43205731915339, 27.296401758320147], [-105.43356227350716, 27.29846788119723], [-105.43270928738319, 27.29938442802023], [-105.4317649750126, 27.303038512929504], [-105.43164450005696, 27.303287931535078], [-105.43079435600211, 27.30445330268138], [-105.43031729696337, 27.30586565601137], [-105.42885789800584, 27.307697544895344], [-105.4295166499749, 27.311260783371516], [-105.43128611304014, 27.314818562299894], [-105.43203724059428, 27.315727190639556], [-105.43316056586424, 27.31679987877174], [-105.43392148199804, 27.31853787643817], [-105.43431218629846, 27.320277706511476], [-105.43409948182189, 27.32318170066071], [-105.43499363051231, 27.325748444481206], [-105.43538047474777, 27.327156524288586], [-105.43540292140352, 27.329064057729937], [-105.43516290860605, 27.329645838667105], [-105.43222501867743, 27.33173394549593], [-105.42915600780474, 27.33315902833673], [-105.42706648846108, 27.333915757635335], [-105.42583899892858, 27.334502357621027], [-105.42536614587296, 27.335174779701248], [-105.4253675656132, 27.33641230795955], [-105.42636760765036, 27.337485646760296], [-105.4286029750584, 27.338635852295507], [-105.4288546846095, 27.33904932476584], [-105.42899074563385, 27.34012688580604], [-105.42875067619639, 27.34070865274839], [-105.428139327433, 27.341209302057557], [-105.42460424029979, 27.34504190135424], [-105.42448854601189, 27.345705993990595], [-105.42474704704951, 27.346700022016172], [-105.42586868106363, 27.347606886200804], [-105.42673463672438, 27.347685551206723], [-105.42797302617883, 27.34809421506693], [-105.4288429551533, 27.34858758623987], [-105.42934255990004, 27.349082774346474], [-105.42973330695243, 27.350822609218945], [-105.42962152623079, 27.35181844945433], [-105.42914328642797, 27.353147855709434], [-105.42890707718006, 27.35406136626546], [-105.42769879194327, 27.35630670377548], [-105.42672378640599, 27.357389716389456], [-105.42685500093296, 27.358052599343534], [-105.42797385450551, 27.35871063566038], [-105.42946211520855, 27.35928390463554], [-105.43045170307101, 27.359444912513656], [-105.43316674704802, 27.359348564508075], [-105.43478142649683, 27.36016997304683], [-105.4362668091162, 27.360494361202875], [-105.4373837858291, 27.36098644931441], [-105.43739454478205, 27.361898743188007], [-105.43691049007683, 27.362730558796613], [-105.43642251857692, 27.36323062951888], [-105.43397186359638, 27.36481866382104], [-105.4322599684309, 27.36623712508483], [-105.43117411448877, 27.368398943487573], [-105.43034391156127, 27.371305958757457], [-105.42972851368994, 27.37147487149111], [-105.42886520398709, 27.371562060316666], [-105.4278813374429, 27.371898657687964], [-105.42579496448907, 27.372987115583214], [-105.42518924244708, 27.373985366928746], [-105.42525321739322, 27.379459130648883], [-105.42551956489903, 27.38111663757354], [-105.42540287211224, 27.38169779215814], [-105.42418744279647, 27.38336254448023], [-105.42333081240562, 27.38403025030147], [-105.42075119779985, 27.38520397876641], [-105.42075796089388, 27.38578452921116], [-105.4211699745021, 27.389348965243798], [-105.421051317977, 27.389764244420196], [-105.41935335472726, 27.39242658425816], [-105.41764085057527, 27.393844867560766], [-105.41641939516076, 27.39501193781673], [-105.41582117262429, 27.396673633407012], [-105.4159533347872, 27.397419458805974], [-105.41646273722482, 27.398744044658407], [-105.41673093105932, 27.40056743606712], [-105.41724035768429, 27.401892018218103], [-105.41925984406183, 27.405614548884625], [-105.42006947594372, 27.411499373617524], [-105.41970859444487, 27.412330527630093], [-105.41823414025218, 27.413001198882366], [-105.41674617628712, 27.412510757556028], [-105.41489153213536, 27.41235382883399], [-105.41340551350257, 27.4120292226808], [-105.41216461045917, 27.411537543782746], [-105.4099451992979, 27.411879940930174], [-105.40970392172177, 27.41237873636886], [-105.41061935765815, 27.41677018449276], [-105.41112590993961, 27.417845979273245], [-105.41200783900292, 27.419334671408787], [-105.4127605028036, 27.42032633811761], [-105.4129013236339, 27.42181858301411], [-105.41206257843913, 27.424061993622253], [-105.41133773092639, 27.425475452150334], [-105.41073063909359, 27.42639070242337], [-105.41025665973719, 27.428134713018295], [-105.4100268569749, 27.42962873323389], [-105.41028543480023, 27.430622775382165], [-105.4094379449586, 27.432119750248788], [-105.4094446552016, 27.432700297967187], [-105.40821981771367, 27.43361848942919], [-105.40673927170509, 27.433791428551768], [-105.40574809623713, 27.433547325733254], [-105.4042646826832, 27.433471432277063], [-105.40327733135477, 27.433559053635193], [-105.40291911539371, 27.434638970100476], [-105.40331263169325, 27.43662766522423], [-105.40333743919311, 27.438783986056368], [-105.40310084492067, 27.439697446087305], [-105.40323870173457, 27.440940891616272], [-105.40576508155793, 27.445739410793447], [-105.40651500233588, 27.446482300327954], [-105.40652361258772, 27.447228717661254], [-105.40506199478202, 27.449060345723353], [-105.40259279171342, 27.449237935748577], [-105.3998679022859, 27.448670229268966], [-105.39839950010412, 27.449921241132436], [-105.39939936984331, 27.450911812142326], [-105.40064256540032, 27.45156946833819], [-105.40151700443919, 27.452394736130575], [-105.40054281512064, 27.453643433454808], [-105.4000523802841, 27.45397750612627], [-105.39993357873546, 27.45439276510367], [-105.40094684059605, 27.456544417158035], [-105.40245345355024, 27.45861078697372], [-105.4038518339642, 27.462004687462798], [-105.40411330165877, 27.46324754154133], [-105.40449357057071, 27.464075132742614], [-105.40302883724573, 27.46565793259001], [-105.40254503593125, 27.466572559531706], [-105.40255266873936, 27.467236040158923], [-105.40392632964283, 27.46847362357455], [-105.4050413920168, 27.468717147561836], [-105.40778404613701, 27.47077757490921], [-105.40866827900183, 27.472432142627863], [-105.40917699256498, 27.473673803139466], [-105.40906204165661, 27.474420808156697], [-105.40919329912239, 27.475083696258526], [-105.41129327352856, 27.474990697770508], [-105.41265847167925, 27.475481778094203], [-105.41377843642356, 27.476139904933078], [-105.41750434561018, 27.47769776163251], [-105.41812807748703, 27.47819237625051], [-105.41826035996996, 27.478938189493558], [-105.4178915258236, 27.479105855827864], [-105.41777662866436, 27.47985286687007], [-105.41680914232668, 27.481682216487773], [-105.41657932703863, 27.483176236298036], [-105.41696844612248, 27.484750201173462], [-105.41723784159444, 27.48665650134728], [-105.41712389829847, 27.487486445789717], [-105.41578842884826, 27.489566385267125], [-105.41458229391233, 27.49214332347976], [-105.41584437047447, 27.494376590786374], [-105.41720982844959, 27.49486762223848], [-105.41673084700145, 27.49619696732502], [-105.41724555762013, 27.497936198858536], [-105.41762508091784, 27.498680813207926], [-105.41837157749981, 27.499091890582136], [-105.41936240072124, 27.499252960025373], [-105.41997368259516, 27.498669415780295], [-105.4201841237247, 27.495516704668255], [-105.42075847768855, 27.49139000305461], [-105.42085895148918, 27.489790616407447], [-105.42109356337868, 27.488711264135322], [-105.42267902519005, 27.486878872244546], [-105.42451842157288, 27.48562579475823], [-105.42662635954983, 27.486196039022463], [-105.42700201305398, 27.486608890913956], [-105.4270263334487, 27.48868225235281], [-105.42767255686488, 27.49108431395221], [-105.42856017381042, 27.49298754847646], [-105.42881615044361, 27.49373274058145], [-105.42970283386015, 27.49555303230061], [-105.43033940240839, 27.497125735110526], [-105.43109569539604, 27.49836608665699], [-105.43161454765412, 27.500436998773377], [-105.43112985977551, 27.50126878532628], [-105.43022560683707, 27.502051988074072], [-105.42929223166401, 27.502687817981336], [-105.42793636271293, 27.503026249975104], [-105.42794707473556, 27.50393852675987], [-105.42845128218592, 27.504765436003535], [-105.42932440190698, 27.50542464740633], [-105.43021216571056, 27.50732786583655], [-105.42910543353476, 27.507830957512915], [-105.4272423629382, 27.507093674238998], [-105.42512430464343, 27.505694102917243], [-105.42313864871146, 27.505040303557216], [-105.4199613685279, 27.508207470082628], [-105.41936551460783, 27.510117963089858], [-105.41927285007158, 27.512772460878736], [-105.4202647655932, 27.513016456460118], [-105.42090130460414, 27.514589198892704], [-105.42080673724014, 27.51707782723182], [-105.42218413562514, 27.518564015007655], [-105.4213400278933, 27.5203927857477], [-105.42134972000025, 27.521222127220557], [-105.42113063699142, 27.52175395872406], [-105.42136910491388, 27.522880809863157], [-105.42225105716051, 27.524286469731454], [-105.42312429628637, 27.524945716879625], [-105.42673323848987, 27.52837594107159], [-105.42875730564673, 27.530806734355476], [-105.42962868381393, 27.53130007121779], [-105.43123902369476, 27.53154093484937], [-105.43308590454954, 27.530868281760863], [-105.43419774249635, 27.530779826778392], [-105.43532525694646, 27.532018303775935], [-105.43718389575272, 27.53234080186774], [-105.43941742180017, 27.532993154499973], [-105.4413997371182, 27.533314977175177], [-105.4432455977526, 27.532559256004827], [-105.44421702333439, 27.531061470484026], [-105.44531700429756, 27.52997772271744], [-105.4463041889386, 27.529806861257757], [-105.44766725019917, 27.530048783705567], [-105.44891360243354, 27.530871854967074], [-105.45239753055047, 27.53267879229201], [-105.453877331021, 27.532339488447438], [-105.45499513275628, 27.5327484680962], [-105.45836155123554, 27.535053486520916], [-105.46188176197604, 27.53984578105162], [-105.46239339220142, 27.541253090767807], [-105.46228173894706, 27.542248928818577], [-105.46119280138778, 27.54424507398783], [-105.4616904443854, 27.544491320208294], [-105.46366902080969, 27.544481088718236], [-105.46171544425042, 27.546564650426873], [-105.46050378855828, 27.548644361403756], [-105.46114710848353, 27.550714501288372], [-105.46200878330862, 27.550378298691484], [-105.4628584414202, 27.54904689310355], [-105.46334109041517, 27.548049135719836], [-105.46382974055784, 27.547548975539787], [-105.46432239426231, 27.547380546242195], [-105.46507139757809, 27.547957230340472], [-105.46520308386044, 27.548620053586305], [-105.46485614554473, 27.55061237299067], [-105.4640014907027, 27.55152912486286], [-105.46364650940325, 27.552857976138533], [-105.46544692229722, 27.551886583082947], [-105.46620846380561, 27.5499418453411], [-105.46617936422878, 27.547536785551685], [-105.46628496617187, 27.54604334674992], [-105.46747553860988, 27.54520132265331], [-105.46988627548058, 27.547268658188123], [-105.47133471650692, 27.548224669238003], [-105.47236561542259, 27.54878559384499], [-105.47301619919166, 27.55040392918547], [-105.47460267052509, 27.548653894306593], [-105.47596804423746, 27.549061400845062], [-105.47500497887741, 27.55122286441039], [-105.47476875146096, 27.55213642734593], [-105.47416958523121, 27.553715402974472], [-105.47431142995109, 27.55520754516674], [-105.47541539064139, 27.55445529519022], [-105.47851427779696, 27.555019517083824], [-105.47914841495559, 27.556312270689645], [-105.47855479258995, 27.558336828878396], [-105.47994767831206, 27.560983478103367], [-105.48118548473057, 27.56105985465926], [-105.48103947915959, 27.559235991135672], [-105.48053056856907, 27.558077555976375], [-105.48099888893714, 27.555918681450443], [-105.48357773162151, 27.554412093608473], [-105.48531524297682, 27.554900464238344], [-105.48640213162838, 27.555093006685425], [-105.4890601143357, 27.55770033121299], [-105.49194454176724, 27.56091941906261], [-105.49269377999757, 27.561495950130873], [-105.49704104359279, 27.562965341557277], [-105.50126061799422, 27.56410354000162], [-105.50224801395254, 27.563932279235594], [-105.50385587976061, 27.56392349549487], [-105.50508856732112, 27.563584997096786], [-105.50694172158464, 27.563408958061103], [-105.50879694102217, 27.56339875876967], [-105.51226416869984, 27.563711382340365], [-105.51560981450704, 27.564190470131862], [-105.51710441858997, 27.565011540258553], [-105.51847118865248, 27.565501555413913], [-105.52292588234026, 27.565642528705403], [-105.5266584191717, 27.5673632460433], [-105.5287663234926, 27.567766044491393], [-105.53072062705805, 27.567677673111046], [-105.5321320234697, 27.568375227290392], [-105.53323903796445, 27.569316524907215], [-105.53510279343134, 27.56996942625291], [-105.53646653199537, 27.570210467153313], [-105.53795819615608, 27.570782514108586], [-105.53945093452661, 27.571437476321993], [-105.54107162155597, 27.572423438608368], [-105.54304961026953, 27.572329138612652], [-105.54429607916471, 27.573068401946912], [-105.54602562952411, 27.572892552876215], [-105.54812944312486, 27.57296332912598], [-105.54961266971578, 27.572871798516335], [-105.55123133095238, 27.573691777811632], [-105.55234669508847, 27.573851167433702], [-105.55470540690978, 27.57450092279703], [-105.55668984965796, 27.57490401540823], [-105.55892384083687, 27.575471490729047], [-105.56078784667498, 27.576124043114792], [-105.56202694238371, 27.57628262704873], [-105.56327250348009, 27.57693878608584], [-105.56686614199768, 27.577415170180334], [-105.568349409091, 27.577323438877617], [-105.57044682076256, 27.576896290104454], [-105.5715698250661, 27.57763604052665], [-105.57245303878554, 27.578957773014007], [-105.57397212991616, 27.581602697846225], [-105.57686181590444, 27.584985827891114], [-105.58060782078158, 27.58761730507732], [-105.58261551681336, 27.589761562616165], [-105.58462908714775, 27.59139895051332], [-105.58710628326624, 27.59255423496991], [-105.5885985043369, 27.59312572760465], [-105.59169461926788, 27.593355675752267], [-105.59280803587467, 27.59334887544736], [-105.59380104039165, 27.593591613962985], [-105.59592069378218, 27.594822682339853], [-105.59679772203097, 27.595646669059676], [-105.59742953712293, 27.59663803093288], [-105.59855733819491, 27.597709275456694], [-105.59967411198313, 27.597951209642545], [-105.60017782604453, 27.598611600080684], [-105.6006782290981, 27.599023198421712], [-105.60180829925014, 27.60026027529731], [-105.60256722934673, 27.60149963762323], [-105.60557649325932, 27.60446672379294], [-105.60658405853052, 27.605787456521323], [-105.60635991859348, 27.60753051995697], [-105.60562309551378, 27.607949777632328], [-105.60439134871915, 27.60837209904216], [-105.60329176313716, 27.608861744700942], [-105.60242496285372, 27.60937951034178], [-105.60094572491832, 27.609803331207804], [-105.60036908744266, 27.6129584840207], [-105.60074815688147, 27.613816891708467], [-105.60188822061275, 27.615520142798836], [-105.60264947546767, 27.616925359851393], [-105.60278096875204, 27.61750510296193], [-105.60256782467076, 27.620077456188678], [-105.60160334222627, 27.62199095908097], [-105.6008752563174, 27.623073630450477], [-105.6008962792993, 27.624649295411846], [-105.60228187226053, 27.62646533951151], [-105.60315477104022, 27.626957558922264], [-105.60502212394927, 27.627775354044758], [-105.60789064036301, 27.62941626116266], [-105.6081514916712, 27.630409874792214], [-105.60865095840052, 27.630738510208907], [-105.60878250116114, 27.63131824570952], [-105.60831639950274, 27.63347749539773], [-105.60795624704868, 27.634309101499205], [-105.60872550233948, 27.636294784154174], [-105.61010134955842, 27.637364378137217], [-105.61134900142918, 27.638103013951287], [-105.61197785202181, 27.638845509518518], [-105.61370942539577, 27.638751733548226], [-105.61481324015, 27.637998385766497], [-105.61666632203398, 27.63773793803734], [-105.61964558205582, 27.638382664041934], [-105.62077403167807, 27.63945371112851], [-105.61942607705429, 27.640457454793427], [-105.61783840288322, 27.642043248593748], [-105.61673456931693, 27.64279662034235], [-105.6150208175852, 27.64421730243114], [-105.61258680479668, 27.648754581556418], [-105.61164224971603, 27.650707489910047], [-105.60967963865993, 27.652046725862146], [-105.60733563065985, 27.65264188210534], [-105.60337025678649, 27.652334751199998], [-105.60201533593104, 27.65284075274723], [-105.59942591856635, 27.653603165384187], [-105.59634575390851, 27.654700290080235], [-105.59463926918598, 27.656701231123556], [-105.59478510748885, 27.65835906124013], [-105.59505142959634, 27.659767343286155], [-105.59481819093968, 27.660846943977095], [-105.59433406042014, 27.661679273485884], [-105.5916844203105, 27.667252208628508], [-105.58974105445623, 27.670083896631304], [-105.58853271593435, 27.67233053203546], [-105.58755657006523, 27.673414639993968], [-105.58621118520497, 27.674666855364617], [-105.58460610731699, 27.67500833480176], [-105.58311935276298, 27.674934399633216], [-105.58225709282566, 27.675271356872464], [-105.5815306581117, 27.676519785778417], [-105.5807976511347, 27.677270634005946], [-105.58043496724926, 27.677936309897134], [-105.58007773973195, 27.679016632251034], [-105.58082824643164, 27.679592659219228], [-105.58368683019033, 27.680404745415935], [-105.5854881561783, 27.68553586037876], [-105.58611558746193, 27.685418870815738], [-105.5870422788547, 27.685466971939906], [-105.58778654965668, 27.68522479721461], [-105.58877590512687, 27.685190797017743], [-105.58965149500509, 27.684206620805057], [-105.5905845965185, 27.683635614984926], [-105.59244265239839, 27.683277757170167], [-105.5934916607261, 27.683450537333588], [-105.59411442264305, 27.683001063421802], [-105.59574056643305, 27.681155553834326], [-105.59667105580776, 27.680832141036312], [-105.59790418760156, 27.681130057037056], [-105.6001820825213, 27.682013413712568], [-105.60098132084802, 27.682431973332516], [-105.60337314806439, 27.684265434485336], [-105.60733471919738, 27.683716225090965], [-105.61152367799404, 27.679041017126732], [-105.61182681993996, 27.67962104843273], [-105.6125630197112, 27.68016291344649], [-105.61299355672844, 27.680372379681128], [-105.61527741368074, 27.68067767620335], [-105.61978043899825, 27.681576620270256], [-105.62311337463808, 27.682054359485747], [-105.62465935412943, 27.6819827812602], [-105.62496962881892, 27.68186115598919], [-105.62884974959374, 27.683250685375228], [-105.63081971754613, 27.684048806633854], [-105.63223468312297, 27.684719170114146], [-105.63353428613206, 27.684563208376247], [-105.63470903666534, 27.68453018325387], [-105.63563326911847, 27.68482559159769], [-105.6366176715154, 27.685286514947087], [-105.63691973127833, 27.685990304566833], [-105.637468208401, 27.686778367897716], [-105.63763968593554, 27.688182915560393], [-105.63720619973624, 27.688262431881316], [-105.63639528500926, 27.6889997023473], [-105.63614311622102, 27.68949323485476], [-105.63614106224205, 27.689699595138233], [-105.63661378158727, 27.69189047760825], [-105.63831867447463, 27.694502724902122], [-105.63929989874218, 27.695293802984555], [-105.64133278899335, 27.69600965605938], [-105.65353714355543, 27.699643785786066], [-105.65359815089514, 27.69972675488628], [-105.65359289649798, 27.70026329004813], [-105.65345552055705, 27.701665685206958], [-105.65369955486146, 27.7019975614053], [-105.65512457543926, 27.701677157057677], [-105.65648333674943, 27.7018103053565], [-105.65759161178609, 27.70227192213316], [-105.6583900041619, 27.702813958786475], [-105.66177231685205, 27.704653147204343], [-105.66613266975062, 27.707654578497962], [-105.66706316463929, 27.707330693690103], [-105.68385675145507, 27.716193696998946], [-105.69728052930746, 27.702290427127952], [-105.70063253959796, 27.699023056985023], [-105.70533878496569, 27.693345289324714], [-105.73545661676755, 27.684994253378473], [-105.74136223717056, 27.688126827310885], [-105.74493495441227, 27.691452146674767], [-105.74618762704335, 27.701488352290664], [-105.745692728491, 27.701526552144422], [-105.74525668827704, 27.701895306884577], [-105.74525077339352, 27.70255565157934], [-105.74486618973897, 27.704080392474083], [-105.74436128894537, 27.705232919226997], [-105.7441639920628, 27.706552454094204], [-105.74415400035542, 27.707666785134276], [-105.74402258884967, 27.708532717509527], [-105.7445493784859, 27.71183789905521], [-105.744585680033, 27.714686015762904], [-105.74486817684488, 27.717659482893747], [-105.74534504074263, 27.719643585542645], [-105.74576822152098, 27.720719330377772], [-105.74636102062209, 27.723570895329704], [-105.74610595250545, 27.72443606064853], [-105.74547842531793, 27.725464008179504], [-105.74570986137908, 27.727240213765793], [-105.74595090648977, 27.72794336231544], [-105.74647823094136, 27.731207252983193], [-105.74670637707692, 27.73335489707735], [-105.74674570699365, 27.735872832482716], [-105.74579934163998, 27.737971919314248], [-105.74579564902604, 27.738384632618875], [-105.74609745089523, 27.73921197685992], [-105.74658366423388, 27.74016428405937], [-105.74786199571719, 27.742442247707157], [-105.74902038036397, 27.744306720815434], [-105.74981106645347, 27.745797451643092], [-105.75048286734646, 27.74675088808323], [-105.75078583098536, 27.74745440619746], [-105.75139727656985, 27.74824237134441], [-105.75262606029052, 27.749157953031826], [-105.75515211504566, 27.750246579546562], [-105.75725297215635, 27.750465815752538], [-105.7589180164431, 27.75101254683359], [-105.75935056022448, 27.751056460589872], [-105.76058453135084, 27.75139417276722], [-105.76602754148651, 27.7513446867181], [-105.7700416475826, 27.752029303883706], [-105.77158380519413, 27.752492593069455], [-105.77238778648078, 27.75249742574847], [-105.77412123079162, 27.75230146317218], [-105.78570351620587, 27.7503480357741], [-105.78675591500232, 27.75023043438656], [-105.7883603096838, 27.750652629783303], [-105.78976684415566, 27.752518201096184], [-105.79480233011564, 27.756757579708733], [-105.8249657789401, 27.744053491286394], [-105.8553774595153, 27.738113033061516], [-105.85722075366553, 27.739608805467963], [-105.86151871269662, 27.743511546598285], [-105.86237762569128, 27.744382873155324], [-105.86335568352074, 27.745832644992582], [-105.86660052190835, 27.750018478894944], [-105.86591118584892, 27.75117043001575], [-105.86509814796062, 27.752321717698], [-105.86521275977692, 27.753477954401006], [-105.86581922004113, 27.7550082647976], [-105.86631529408923, 27.756732734616907], [-105.86752179764147, 27.758731836558894], [-105.86794309945489, 27.760219877701388], [-105.86304615301123, 27.78516346046658], [-105.83840418570608, 27.787588464124216], [-105.83900313432106, 27.790026840597985], [-105.8391710459119, 27.79221520223689], [-105.839100837158, 27.79324662394503], [-105.83897276430277, 27.793782458126376], [-105.83803005260215, 27.79559323852189], [-105.83746655026943, 27.796415572548753], [-105.83596997500125, 27.79785182659522], [-105.83472084305345, 27.799289437624722], [-105.83372453494931, 27.800068084080728], [-105.83310414444124, 27.800270999844646], [-105.83204628035115, 27.801008020201827], [-105.83092248931568, 27.802239934055823], [-105.82880701649479, 27.803672664023185], [-105.8276848511693, 27.80469819987593], [-105.82681388287416, 27.805271137758982], [-105.82581983370524, 27.805760835301484], [-105.82501038279807, 27.806375379629063], [-105.8248203517761, 27.806910854143233], [-105.8247986573727, 27.809552166712987], [-105.82434856501544, 27.811613258969757], [-105.82378216411952, 27.8127657032298], [-105.82197001049768, 27.814901669873244], [-105.821100292595, 27.815309491321777], [-105.82060252965547, 27.81563686228985], [-105.81859984520398, 27.818349525327065], [-105.81834583329483, 27.81913226393176], [-105.8167239060331, 27.820691427922107], [-105.81497199818322, 27.82299273885958], [-105.81397739138147, 27.823523624980897], [-105.81298723814591, 27.823517987805268], [-105.81224049975725, 27.824009001125095], [-105.8105651330614, 27.824535979837457], [-105.8094525784603, 27.82436452819799], [-105.80840018679397, 27.824399774654573], [-105.80604682219659, 27.82459263273804], [-105.80474446029716, 27.824915322282827], [-105.80349981309263, 27.825733602795964], [-105.80199509269424, 27.828036181741915], [-105.80024658463262, 27.829883336677586], [-105.79968645499248, 27.83025154660021], [-105.79726826257823, 27.8307740636775], [-105.79627489473846, 27.831139742817168], [-105.79484514392394, 27.83187432635381], [-105.79378496033414, 27.832817414861086], [-105.79253382167417, 27.834378468849568], [-105.79147289106888, 27.835404081247404], [-105.79053818696048, 27.836141516997678], [-105.78966747496362, 27.83663168625267], [-105.78693750801054, 27.837399834533052], [-105.78637835401777, 27.837644180134614], [-105.78475710735019, 27.839037897419043], [-105.78462447111578, 27.840068930927828], [-105.78374874070815, 27.84113685136127], [-105.7834328874034, 27.841877893472866], [-105.78341835725645, 27.84356998527942], [-105.78297161076851, 27.845135705557023], [-105.7827073542428, 27.847073956571524], [-105.7820837588293, 27.84760681337056], [-105.78140038924924, 27.847891677959648], [-105.78121327241148, 27.848055660614552], [-105.78039259084957, 27.849908066681976], [-105.77982944532054, 27.850606362493306], [-105.78104826750571, 27.852842305399914], [-105.78039903868579, 27.856346629384195], [-105.78025958991344, 27.85816179614827], [-105.77981381033092, 27.85960369370433], [-105.77886671805214, 27.861744248988735], [-105.77823803410597, 27.86285487558307], [-105.77772816349828, 27.86454402130302], [-105.777596148676, 27.865492505404042], [-105.77619917444841, 27.869528905790638], [-105.77611191812274, 27.872458735914332], [-105.7764075643417, 27.874070123285822], [-105.77720245795233, 27.875230480170295], [-105.77749848524599, 27.87680059371978], [-105.77754935222643, 27.878080342653735], [-105.77678674496543, 27.880345796378002], [-105.77596968485226, 27.88174420022864], [-105.77571487180332, 27.882568132929812], [-105.77464831757439, 27.884171406344723], [-105.77352661156834, 27.884990165951987], [-105.77216007445183, 27.885477273658566], [-105.76794374560654, 27.886112365717864], [-105.76446824756725, 27.886999436883013], [-105.76402793250132, 27.88778095815775], [-105.76209424075238, 27.889378902525486], [-105.76165607330375, 27.8899127942964], [-105.76108607937208, 27.89135388262134], [-105.76107556546312, 27.892550722925165], [-105.76137540109923, 27.893666897131986], [-105.76091183237283, 27.8970897101066], [-105.76108673758192, 27.898328944801296], [-105.76605283966278, 27.89699693322701], [-105.7677853481057, 27.897172440474648], [-105.7734414417781, 27.894812498733998], [-105.77428301469826, 27.897747857127047], [-105.77353309168396, 27.898527561502338], [-105.77309816709686, 27.898690056254694], [-105.77222580601887, 27.89930393351272], [-105.77209657523295, 27.899922247395317], [-105.77215026282164, 27.900871833150973], [-105.77270225160231, 27.901494215359264], [-105.77343359520857, 27.902860567589535], [-105.77441375289527, 27.904104580507678], [-105.7751515644593, 27.904728058607535], [-105.77631291734104, 27.906509675000887], [-105.77655494029962, 27.90717146994539], [-105.77759853109418, 27.908250745119147], [-105.77832998317216, 27.909617067872713], [-105.7789347395869, 27.911312813790794], [-105.77905114151335, 27.912180220458], [-105.77890806620582, 27.91440807454427], [-105.77938045445367, 27.91709356587652], [-105.78601049814789, 27.913799347252557], [-105.7900267585946, 27.911117507583416], [-105.79204054592607, 27.909404833260098], [-105.795825916717, 27.9055636469566], [-105.79663199392478, 27.901606935359435], [-105.8640589168509, 27.89407222752349], [-105.86796301996014, 27.898822362480438], [-105.87014351680571, 27.902562924845583], [-105.87207822552742, 27.906135641822875], [-105.87565124421019, 27.91658246238821], [-105.87673634916113, 27.918824384300336], [-105.87920702019903, 27.919758907490273], [-105.88117731625739, 27.920936022726256], [-105.87671665277115, 27.928655295554943], [-105.87577580913371, 27.933519722681883], [-105.8773748846765, 27.93461039283323], [-105.88179000284657, 27.93853922610537], [-105.8861401100043, 27.938419145996434], [-105.8919700626239, 27.939057734234215], [-105.89429796962163, 27.941312311279646], [-105.89435284893, 27.946104473481807], [-105.9021911447243, 27.9453588555547], [-105.90769627928147, 27.94268889834529], [-105.912830837648, 27.939849734847737], [-105.91691835023829, 27.94071736989933], [-105.92235711162958, 27.942672503297555], [-105.9313554342619, 27.947719843481295], [-105.93675175358271, 27.952730624215512], [-105.94110361133707, 27.96136571944384], [-105.9473431051272, 27.968367117066776], [-105.95228100168275, 27.970729090159605], [-105.9532577925717, 27.97197790772354], [-105.95743894705704, 27.975158335238167], [-105.96111756647494, 27.978746757048043], [-105.97550697091151, 27.98979176383379], [-105.97930302275958, 28.003046262991017], [-105.98199572007884, 28.00612885804856], [-105.98592819142335, 28.009471151081556], [-105.98789676492356, 28.010977053098507], [-105.9894992168358, 28.01198375234203], [-105.99011848610361, 28.012154909279758], [-105.98575551434521, 28.01302174361651], [-105.98127042049504, 28.013722042497612], [-105.97838427691019, 28.01567682527731], [-105.97772654650173, 28.018314006678928], [-105.97113129673443, 28.018745726898526], [-105.96687625033974, 28.02076957765438], [-105.962876527012, 28.022300132422153], [-105.96235069839717, 28.024360264892398], [-105.96244873439426, 28.026261276395477], [-105.96302464434099, 28.029571345134148], [-105.96273944229723, 28.032212106031132], [-105.96283749658909, 28.03411311476631], [-105.96577692044943, 28.037363635699197], [-105.96834123871643, 28.04077565707716], [-105.96905995755877, 28.042765304818765], [-105.97160975116371, 28.047251049427206], [-105.97316724077092, 28.05156189988096], [-105.97362608709226, 28.05437509911648], [-105.97418324978067, 28.0590892833363], [-105.97375236927702, 28.0632982326079], [-105.9740925913721, 28.065697223340255], [-105.97601791883642, 28.070424628164666], [-105.97745609358822, 28.074403804322383], [-105.97828830067272, 28.07722057538265], [-105.98036323558338, 28.08013192458428], [-105.98208992188734, 28.081222472985605], [-105.98954613486643, 28.08178965192892], [-105.99353421330366, 28.081249472992795], [-105.99850949981017, 28.08129682685151], [-106.00596910089712, 28.081615315164676], [-106.00910742150691, 28.079497085618808], [-106.01241304214693, 28.074158608370333], [-106.01384070004958, 28.069711133685644], [-106.01411920624774, 28.06748330406708], [-106.01582839348151, 28.069895005226126], [-106.02100030771696, 28.07382602162019], [-106.02347024479968, 28.07517080414215], [-106.02868633816985, 28.075797577872628], [-106.03117275304528, 28.075903241617553], [-106.03527279223745, 28.076271594194694], [-106.03625151514275, 28.077519753157937], [-106.0344287269612, 28.08369855238534], [-106.03600555727161, 28.08676961475819], [-106.03846080348283, 28.08927048649097], [-106.04522356398405, 28.095362955598222], [-106.05274102214759, 28.100883673071987], [-106.05509505570647, 28.101648537326852], [-106.06625640749571, 28.10447547025449], [-106.06724742253427, 28.104814812528787], [-106.06897005395442, 28.106317217388135], [-106.06969638359773, 28.107893270621865], [-106.06916058771961, 28.11086231688702], [-106.06811436648377, 28.114818061935125], [-106.067215841461, 28.11695777244237], [-106.06453813213506, 28.12197271370846], [-106.06249086447313, 28.126332438399388], [-106.06055188451093, 28.131932219304122], [-106.05914463916505, 28.13489335810425], [-106.05612058640843, 28.1377572370622], [-106.05524090355149, 28.13841012052949], [-106.05296110763312, 28.140807872879016], [-106.05010827984317, 28.14131875891762], [-106.04635595662458, 28.138439717876338], [-106.0446037290632, 28.136958154068015], [-106.04259367686882, 28.134401585622395], [-106.04108348529746, 28.13217369580566], [-106.03692880358008, 28.125819242878986], [-106.033906093393, 28.121032162014544], [-106.03202653588413, 28.119137097133336], [-106.03165894407778, 28.119718385538125], [-106.03142199979845, 28.12104413928547], [-106.03131498751294, 28.123031573775478], [-106.03048991926599, 28.128168415348764], [-106.0300403001629, 28.133634599226607], [-106.02967622811829, 28.13462980648138], [-106.0288174077551, 28.13587575127841], [-106.02783934371912, 28.137701779415966], [-106.02748166431533, 28.13944204397241], [-106.0266363359619, 28.14226088611567], [-106.02553751170932, 28.144501416394398], [-106.02492561014297, 28.145580582349005], [-106.02381320148781, 28.14624818930044], [-106.02294000934702, 28.14583840383662], [-106.02206327372072, 28.145014688497422], [-106.02055830452963, 28.143366062728838], [-106.01967877508898, 28.142211191183964], [-106.01905267415644, 28.141634633891545], [-106.01245729458337, 28.140341032933485], [-106.0092203741177, 28.139528252266555], [-106.00647761300921, 28.13838195082605], [-106.00485501771303, 28.137478786063298], [-106.00447538162007, 28.136652654406557], [-106.00235732712731, 28.135917323732297], [-106.0001192354044, 28.13567924229083], [-105.9982586596961, 28.1360189189281], [-105.99652574553184, 28.13677193189895], [-105.99417236968748, 28.13761053288758], [-105.99243321709388, 28.13761842455107], [-105.99006608554784, 28.136801242206126], [-105.98732290333058, 28.135571764141105], [-105.98619943890468, 28.134914496796608], [-105.9854534233944, 28.134835051950457], [-105.98161067431116, 28.13584568053445], [-105.97837545156905, 28.13519773337208], [-105.97563176282495, 28.133885230507442], [-105.97363077058695, 28.132238253823417], [-105.97163252252732, 28.130922390973932], [-105.96977594252562, 28.131758398943564], [-105.96842222949867, 28.133337295957595], [-105.96659226410107, 28.137484713882724], [-105.96548422447461, 28.138731359111734], [-105.96412637098264, 28.13981349801818], [-105.96165440036786, 28.14139716250057], [-105.95930526554817, 28.142814678065413], [-105.95757327615398, 28.14373278001343], [-105.9491901378785, 28.151964530439937], [-105.94550973988014, 28.15794083598665], [-105.94440710387723, 28.159932396981663], [-105.9431769238247, 28.161510535793163], [-105.9423116866727, 28.162093671396295], [-105.9408316413443, 28.163507253014338], [-105.93960266293219, 28.16525093431314], [-105.93850178450411, 28.16749080983919], [-105.9742922756877, 28.167751788429936], [-105.97383722438965, 28.20343563383591], [-105.94015707020417, 28.204325053816056], [-105.93979907383087, 28.206230685586167], [-105.93869456695543, 28.208056629012408], [-105.9372196781207, 28.21021525338426], [-105.93340401949844, 28.215115542879314], [-105.9327895131593, 28.21602874656925], [-105.93230381707718, 28.217520939972797], [-105.93107410655645, 28.219264549174028], [-105.92885553172508, 28.22175728723402], [-105.9278743710973, 28.223499853603236], [-105.92763403369442, 28.224577086775934], [-105.92764618863373, 28.22615002329028], [-105.92790764775216, 28.22780473200378], [-105.92791148787339, 28.228301448565453], [-105.92817039622113, 28.229625011770214], [-105.92830753782097, 28.23128022565555], [-105.92882859224524, 28.234341277954684], [-105.92625516817046, 28.239236294424746], [-105.92565771186617, 28.24238468912971], [-105.92567240275315, 28.244288766211838], [-105.92359475936833, 28.249016140111745], [-105.92199720887616, 28.25150625535494], [-105.92126567157285, 28.25341334308861], [-105.91720728222064, 28.25939042389979], [-105.91560627606097, 28.26146653799243], [-105.91575654463007, 28.26486026510981], [-105.92112819440861, 28.26790187060481], [-105.92238280584249, 28.26930420427483], [-105.92401825426488, 28.271698440281632], [-105.92366360937949, 28.274100737190263], [-105.92317882191571, 28.27575846610878], [-105.84750815786734, 28.27000042446971], [-105.85150704483932, 28.2726356434612], [-105.85064215865836, 28.27346658299966], [-105.84990397134307, 28.274628229155862], [-105.84953661419081, 28.275457412518833], [-105.84645753856364, 28.279856023539125], [-105.84447934306067, 28.28160148809251], [-105.84163431631833, 28.283929447620743], [-105.83927817708422, 28.285013829650378], [-105.83778765573281, 28.285350103636706], [-105.83604775070874, 28.285604423964248], [-105.83393292413714, 28.285611629114744], [-105.83318878824645, 28.285945314107835], [-105.83232421976695, 28.28685892883786], [-105.83058994020085, 28.287941055161212], [-105.82959640203555, 28.288192773087623], [-105.8242531729351, 28.28912134820795], [-105.82177456823936, 28.290536998151715], [-105.82003788610318, 28.291287842789533], [-105.81730534660794, 28.291959144731425], [-105.81444725293987, 28.292465222480836], [-105.81370079217798, 28.29246765215697], [-105.8094752474094, 28.29314364604819], [-105.80288581827939, 28.293827031590762], [-105.79903283947708, 28.294418731762715], [-105.7956758507477, 28.294760407658554], [-105.79157396513938, 28.295352675043432], [-105.78672447607131, 28.295781526256363], [-105.78461154960208, 28.296119124890364], [-105.77864909414438, 28.297627338653363], [-105.77355164853373, 28.298222047241914], [-105.77142820807114, 28.29690367308664], [-105.76942871513366, 28.295502111748803], [-105.76805496856063, 28.294678226400336], [-105.76356834249135, 28.293449392704584], [-105.76119937258832, 28.29262830462777], [-105.75858059475529, 28.29164230594423], [-105.75621017431008, 28.290572762911715], [-105.7539591364228, 28.28867493797542], [-105.75171323281249, 28.287604964149097], [-105.74335705708606, 28.284150881366738], [-105.73911151621819, 28.28151312949215], [-105.73550294735708, 28.28135725910459], [-105.7336335184382, 28.28078271722412], [-105.72988788179592, 28.278474502128567], [-105.73557481717656, 28.314307691485293], [-105.74281166235326, 28.317516899034825], [-105.74468528967434, 28.31867082061587], [-105.74642949215772, 28.318997172167396], [-105.7481757186752, 28.319654656010144], [-105.74904833566373, 28.31990060069728], [-105.75129439402721, 28.32088781228541], [-105.75341909283273, 28.32237206779665], [-105.75566626106973, 28.323524782354692], [-105.75965115213728, 28.323927388771803], [-105.76015561221939, 28.325002213015612], [-105.76055616214911, 28.329388926843176], [-105.7604435119529, 28.331293415650652], [-105.75971625492765, 28.33444151167066], [-105.75910419890783, 28.33609905820171], [-105.75751992407466, 28.34156770189956], [-105.75728120783157, 28.34322417579006], [-105.75691801211656, 28.34488100310705], [-105.75667979106376, 28.34662026368092], [-105.75619260941713, 28.348360230694865], [-105.75583040146991, 28.350182630907717], [-105.75496821972453, 28.351675287794993], [-105.75237087296895, 28.35441467460897], [-105.75026274064572, 28.355745221677264], [-105.74839898889833, 28.35632994983252], [-105.74690968386868, 28.35707919437224], [-105.74393602137641, 28.359405518575475], [-105.73973941841291, 28.3653775713934], [-105.7373975498354, 28.36902687280496], [-105.73518471293254, 28.373751849706508], [-105.73445002281494, 28.375823563727376], [-105.73137009150481, 28.381211610306686], [-105.73038196115357, 28.382705959879313], [-105.72853672298729, 28.386519167132327], [-105.72730225522484, 28.388343793527593], [-105.72631679879942, 28.390167755057444], [-105.72557890376076, 28.39174269219833], [-105.72521652771587, 28.393647800283105], [-105.7254768039256, 28.39555127629938], [-105.72573074802816, 28.396378504957635], [-105.72561401846946, 28.39770344227017], [-105.7253742123405, 28.399277070199968], [-105.72451900946622, 28.402094149279577], [-105.72167590961236, 28.40574428927614], [-105.71795980750116, 28.409231037098], [-105.71585496551711, 28.41138895098969], [-105.71325422408775, 28.414293276375737], [-105.73797912421847, 28.45928423566642], [-105.7481009334744, 28.458971262341095], [-105.75073600864219, 28.460438670947394], [-105.75260796506036, 28.460670960728173], [-105.75708008177841, 28.45955639101245], [-105.75782706937959, 28.459550064437803], [-105.7598173172428, 28.45928459279945], [-105.76355597141341, 28.459335072477913], [-105.7737695663179, 28.458997977680518], [-105.77813683859603, 28.459539237237014], [-105.78236919507405, 28.459170980238216], [-105.78500725404108, 28.46088603998581], [-105.78675790324864, 28.46136724855739], [-105.80758689499721, 28.46292013467843], [-105.80946226275104, 28.463399929813082], [-105.80996497495931, 28.46372650361597], [-105.81134200347405, 28.46421075333456], [-105.813849095712, 28.465346985612616], [-105.81572562526281, 28.465909456310417], [-105.81710598825816, 28.46664193689712], [-105.8183563020898, 28.466961714078604], [-105.82024494099309, 28.46843451870965], [-105.82324731625494, 28.46931776200703], [-105.82625524477471, 28.470614753966434], [-105.82800143385045, 28.470681574862212], [-105.8309877503081, 28.47040599378868], [-105.8332327164367, 28.470550983235967], [-105.83435852333231, 28.470871753062504], [-105.83511054211681, 28.471195945005967], [-105.83688708691395, 28.473580047222313], [-105.83777816477608, 28.474978995892485], [-105.84267664921016, 28.47783090215218], [-105.84456469825945, 28.47922059288858], [-105.84732617627061, 28.48068493564293], [-105.84934342408495, 28.48240445194652], [-105.84935237899302, 28.48306655194209], [-105.84803533326775, 28.48705187260708], [-105.84768608502853, 28.488876114361837], [-105.84746032815812, 28.490616437107395], [-105.84747262793826, 28.491526823989528], [-105.84649688577528, 28.49310855111012], [-105.84392440988032, 28.496443273381455], [-105.8411158041898, 28.50077343429796], [-105.83368885435185, 28.504649269824757], [-105.8396914766388, 28.506083988516078], [-105.84387787395387, 28.502237795966188], [-105.84437306308801, 28.501984897932424], [-105.84623586801317, 28.50147101693292], [-105.85035062216508, 28.501515579956145], [-105.85385046599227, 28.502227958992837], [-105.85535394746819, 28.502793345844307], [-105.85786466702554, 28.504094254879725], [-105.85999589261893, 28.504984808758675], [-105.86137028887585, 28.50522024684145], [-105.8638901893041, 28.50718313613694], [-105.86604079037478, 28.509480542612664], [-105.8675557816035, 28.51087340737946], [-105.8709533873159, 28.51324177751762], [-105.87297505887331, 28.515209197785417], [-105.87400073878987, 28.517268794809326], [-105.87526892155289, 28.518829450992722], [-105.87693623224172, 28.522207294214784], [-105.87746342371007, 28.52427159237333], [-105.87761893805589, 28.52650496256233], [-105.8775182747176, 28.528244132615672], [-105.87780418033675, 28.530890122998912], [-105.88078014631246, 28.529703010350502], [-105.88325279962142, 28.528189547456403], [-105.88632224817002, 28.524766578084474], [-105.88742577488836, 28.523431669108056], [-105.89013482068391, 28.52100532770861], [-105.89197464119675, 28.518835599015603], [-105.89381785242077, 28.516914129255547], [-105.89626456533716, 28.513579696902877], [-105.89860154730212, 28.511322316946842], [-105.89910011938908, 28.511317504412435], [-105.90108860349672, 28.510884431836264], [-105.90295010456408, 28.51028701584563], [-105.90528881174345, 28.50811224897481], [-105.90666838209468, 28.50876106578177], [-105.90906687295463, 28.51088982725199], [-105.91107984148266, 28.512194581763957], [-105.91308700870863, 28.513085502632965], [-105.91559279107517, 28.513971519638307], [-105.91834673282361, 28.514772287029782], [-105.92072912544344, 28.51574218850399], [-105.92485309996376, 28.516446598038236], [-105.9295064801704, 28.51929771616231], [-105.93077193792136, 28.52060955473311], [-105.93391198615832, 28.52223389907697], [-105.93812792365384, 28.529310393630887], [-105.94830223050995, 28.54311441157664], [-105.9504577742629, 28.545575928744427], [-105.95148765766776, 28.54780040788661], [-105.95162195267432, 28.548461227567707], [-105.95102014636942, 28.54995715139254], [-105.95433231087094, 28.563332746941786], [-105.95669754699007, 28.57158599437251], [-105.95829068840517, 28.578191572326293], [-105.95972187670642, 28.584791037533396], [-105.94128794686937, 28.58057530456788], [-105.94257069523248, 28.588279758090245], [-105.93739581880867, 28.585764895881788], [-105.947224063274, 28.615663536209755], [-105.95943538682158, 28.61782265901249], [-105.95701432053067, 28.6306684625831], [-105.95976393620681, 28.634061589408446], [-105.96300990601257, 28.643824153875084], [-105.95076052499337, 28.646845582477667], [-105.92839982830577, 28.680934967680283], [-105.9304537515949, 28.696456112530242], [-105.93513172308316, 28.72965122434684], [-105.96396220845116, 28.731623327814166], [-106.08890622230903, 28.797820357623447], [-106.0849626475328, 28.81736466512291], [-106.09430154251532, 28.832173072687734], [-106.10152057832292, 28.84976932060209], [-106.10439089472932, 28.852958591940673], [-106.09745350320809, 28.8569628186514], [-106.11125681567077, 28.887776289411605], [-106.11228363035019, 28.88766131400825], [-106.1125789533269, 28.88734607369445], [-106.11340447295629, 28.88708974089778], [-106.11359421942376, 28.887468762184884], [-106.11355903496514, 28.8878534626105], [-106.11409661306779, 28.888708314263486], [-106.11448676088695, 28.889282359352407], [-106.11661220521138, 28.891395117645104], [-106.117783396499, 28.89333938812712], [-106.11811969844564, 28.894063670291594], [-106.1187595120776, 28.894275961747763], [-106.11926716722533, 28.895025904661733], [-106.12000044375094, 28.895741819192015], [-106.12031486157383, 28.89632711309926], [-106.12131077706174, 28.8972002188962], [-106.12171732371887, 28.89772569094124], [-106.12233140846078, 28.898904251463815], [-106.1235577967757, 28.900728594208342], [-106.1238316639831, 28.901594144855583], [-106.12463393263172, 28.90260052202896], [-106.12489426804247, 28.903221579583985], [-106.12514679048797, 28.90416189929183], [-106.12505718708839, 28.90491498363764], [-106.12452557138194, 28.90546088489989], [-106.1241945643439, 28.90559592962059], [-106.12426070436196, 28.90641684855256], [-106.12420893848065, 28.907300775129215], [-106.12427677434917, 28.907907444843016], [-106.1242637209074, 28.909504700312635], [-106.12438883832645, 28.911409319937988], [-106.12457989496197, 28.9121108613693], [-106.12539305150817, 28.912785552645296], [-106.12601605954973, 28.913117420751323], [-106.12682912012623, 28.91373794384913], [-106.12707281929305, 28.91427806076267], [-106.12709278210413, 28.91460036079441], [-106.12521726429291, 28.918026144590993], [-106.12508423688931, 28.919702249560313], [-106.12471800160245, 28.920525840377522], [-106.12400501639762, 28.921355992231106], [-106.12353068394876, 28.921682364197505], [-106.12498546085301, 28.921930781881652], [-106.12778432346474, 28.921202033297835], [-106.13130107521202, 28.92157833959819], [-106.1335255328167, 28.921670989057986], [-106.13533131938489, 28.922520311335877], [-106.13627808368446, 28.922870625694266], [-106.13736664429447, 28.92294666502338], [-106.138187396214, 28.923672843669646], [-106.13890258820936, 28.92393504447537], [-106.14127957498688, 28.925147862418715], [-106.14452466920544, 28.927056929209762], [-106.14595769865305, 28.92778793340888], [-106.14718231931383, 28.9278654159189], [-106.15016463597424, 28.928323228806164], [-106.15214807622719, 28.928842515423245], [-106.15412769660766, 28.92906161330126], [-106.1563556446851, 28.929417942102585], [-106.15808072489133, 28.9296122734714], [-106.15915259750184, 28.92952495786912], [-106.1595068432872, 28.929609139363613], [-106.16132455926697, 28.930527124557816], [-106.16278043718488, 28.93097839598136], [-106.16407147397051, 28.93115815800862], [-106.16528226995186, 28.930608865265118], [-106.16558527884148, 28.930249158110946], [-106.16616443541716, 28.93016353750793], [-106.166884637251, 28.93056584067292], [-106.16705532077091, 28.93081964941973], [-106.16720833279078, 28.931431010653878], [-106.16695091084607, 28.93189675215975], [-106.16711581966122, 28.932225190854968], [-106.16902544525043, 28.93268229342647], [-106.17591325183682, 28.937883684921072], [-106.18053939593793, 28.93878777876206], [-106.18366889435849, 28.94060308290748], [-106.18666817818993, 28.940682079880172], [-106.18817282171311, 28.942333910898935], [-106.19079985646604, 28.943240132581014], [-106.19355294206956, 28.94447687935958], [-106.19530951660195, 28.94670709476444], [-106.20307703367332, 28.95273271804184], [-106.20309504027665, 28.958272577112734], [-106.20122836064643, 28.960755662008058], [-106.19774153838185, 28.964729213208344], [-106.19487048780294, 28.965890588628525], [-106.19224518543018, 28.96572862864356], [-106.18812053123516, 28.965733882320997], [-106.1846195485797, 28.965324816765357], [-106.18149683165228, 28.96599010997207], [-106.17887928440533, 28.968391121185167], [-106.17651011995085, 28.970295681297184], [-106.1723894284337, 28.971706103291815], [-106.16976521158912, 28.97195713325895], [-106.16465009053347, 28.975352886811407], [-106.16240550665871, 28.977257072500798], [-106.15828667446374, 28.979493926948983], [-106.15416143417974, 28.979498154551344], [-106.15178583612082, 28.979335160333825], [-106.14941614276236, 28.98132194657602], [-106.14804713369267, 28.98355578809632], [-106.14581192980214, 28.989097869276325], [-106.14556951189023, 28.991909411983418], [-106.14833110294127, 28.995958356194414], [-106.15521479350905, 28.998514746837373], [-106.16084351331433, 28.999335727289083], [-106.16359610406968, 28.999994250689543], [-106.16423969488352, 29.006360304431446], [-106.16437767612064, 29.01082514610222], [-106.16501996352481, 29.016695074796644], [-106.16752875667268, 29.01933820730057], [-106.17265353535596, 29.01850552569328], [-106.17640289694367, 29.0177569722729], [-106.21189787603487, 29.08600677498958], [-106.21039682911007, 29.08617433574576], [-106.20902174426594, 29.086589747101502], [-106.20689473307046, 29.08667548976004], [-106.20439615011576, 29.087919288986097], [-106.20277046940029, 29.088252307900156], [-106.20126774150663, 29.0879236704316], [-106.1978906705287, 29.088424418364056], [-106.19489350957014, 29.090330190804902], [-106.19339448905625, 29.091159028314532], [-106.19214493402325, 29.091739469778634], [-106.19001910703948, 29.092238363889606], [-106.1867695760216, 29.09356550557224], [-106.18539532678291, 29.0943114127283], [-106.18477348349121, 29.09555245581595], [-106.18465428602411, 29.097454328404012], [-106.18466411774824, 29.10059628944548], [-106.18429667509173, 29.103159943116236], [-106.18255375832726, 29.10613874468013], [-106.17880508593635, 29.108127798781176], [-106.17742830734353, 29.108129480649847], [-106.17454883383301, 29.107884901625653], [-106.17154595007392, 29.108219190972356], [-106.16954360385722, 29.108304207728228], [-106.16829296531964, 29.108636384783573], [-106.16604345515884, 29.109796522522245], [-106.16441996460894, 29.111038607702397], [-106.16242117444371, 29.112363773349276], [-106.15892078086632, 29.1138559080575], [-106.15591907854036, 29.114685955564006], [-106.15153904216449, 29.11502125310661], [-106.14528481545602, 29.116598517838845], [-106.1416563679197, 29.11718081022858], [-106.13314627504437, 29.117850116816328], [-106.13076924595562, 29.11834831480759], [-106.12839455065718, 29.11975599849017], [-106.12615028578139, 29.123230644647386], [-106.12602808062509, 29.124388329620785], [-106.12591140098647, 29.127695805245395], [-106.12591990882653, 29.131003174502624], [-106.1260508479572, 29.133235542774315], [-106.12668194041338, 29.135219435409343], [-106.12693938615284, 29.137947799569957], [-106.12620503760971, 29.144480476462775], [-106.12570889370755, 29.146299946972807], [-106.1239695069408, 29.15159318720914], [-106.1216021563083, 29.156225443752874], [-106.11872724486595, 29.15829485379349], [-106.1168505265971, 29.15895779978851], [-106.11509716532804, 29.158876467312545], [-106.1135930344578, 29.158298818439558], [-106.11071185754311, 29.15788753517455], [-106.10733060040822, 29.157807281158735], [-106.10269632198118, 29.157397050733262], [-106.09643074902958, 29.155499363171387], [-106.09254494663234, 29.153765351523443], [-106.08452671684604, 29.15186812572486], [-106.0823955131289, 29.15071165705506], [-106.08063770071574, 29.14848005862933], [-106.07925806091933, 29.147405840631766], [-106.07662581445894, 29.14608415152425], [-106.07499669013093, 29.145423431710668], [-106.06735901585023, 29.145509425672866], [-106.064351990823, 29.14451838297254], [-106.06322494114204, 29.144436123260803], [-106.06110073274886, 29.146669409877397], [-106.0586003094951, 29.148654736210762], [-106.05572303808314, 29.15006133928817], [-106.05309519347459, 29.150971693865575], [-106.0497149207697, 29.151303406675805], [-106.0474611411533, 29.151386691932945], [-106.0447061854086, 29.151304687487595], [-106.04270371653601, 29.15188394808006], [-106.0419531317559, 29.152297542048682], [-106.04145735489452, 29.15519165319013], [-106.0408345813736, 29.15709355891266], [-106.04021048171715, 29.158251289744438], [-106.03996190899043, 29.159326256097085], [-106.0398394291148, 29.16089731119265], [-106.04046935582271, 29.16304701175244], [-106.04235371983353, 29.166354033942792], [-106.04511533988921, 29.16990887011485], [-106.0452411779577, 29.170239581568993], [-106.0454964449523, 29.172885456209865], [-106.04612927237902, 29.17652345961729], [-106.04626083410054, 29.179996215178704], [-106.04538630631598, 29.181236717441493], [-106.04338652466349, 29.183635079431102], [-106.04201074798124, 29.184792992141134], [-106.04163673183193, 29.185785301275832], [-106.0402705305305, 29.19240043340676], [-106.03889663167686, 29.194715911678216], [-106.0375218094762, 29.196535264357234], [-106.0350213004644, 29.199429717029275], [-106.03251883301279, 29.20124921480778], [-106.03064268556913, 29.20306857849331], [-106.03352627697608, 29.204308411926785], [-106.03528137898618, 29.20496959140501], [-106.03753908236193, 29.20645750227298], [-106.0402999026942, 29.209020172145067], [-106.0421820430739, 29.21059076641851], [-106.04381082008902, 29.210590377865106], [-106.04669431961591, 29.21158186190584], [-106.0510829370311, 29.213399689330416], [-106.0537158340579, 29.21430840797926], [-106.05634829784286, 29.214969019265155], [-106.05860442155226, 29.21538165825469], [-106.06098651115546, 29.216124950423083], [-106.06725739905337, 29.219099099683685], [-106.07428150785043, 29.222568694817756], [-106.07679322478248, 29.225213374346264], [-106.07654665735366, 29.227115234087037], [-106.07505028496058, 29.230588702836293], [-106.07292479837213, 29.232904872122027], [-106.0710476227323, 29.23414600120098], [-106.06766791501498, 29.236049232512073], [-106.06478770490278, 29.237125334492905], [-106.06190545851959, 29.23720916356947], [-106.05852337139657, 29.238037272427217], [-106.05626610827002, 29.237293908128628], [-106.05414512335183, 29.242255694231105], [-106.05565082410985, 29.243164718814146], [-106.05678071914107, 29.244156542050945], [-106.0582879271193, 29.245809694430324], [-106.05929449498345, 29.247793751444853], [-106.05955005414366, 29.25027418656602], [-106.05905325397732, 29.252589531014177], [-106.05780469224428, 29.255070514723347], [-106.05605339953973, 29.256890188668592], [-106.05455083246918, 29.257717545462647], [-106.05242401765216, 29.259868037006502], [-106.05067660949878, 29.26383743513466], [-106.0494302001926, 29.26764129324745], [-106.04880913109487, 29.270700797357385], [-106.04806080789221, 29.272768124160557], [-106.0463125669052, 29.276489414790216], [-106.04543969587793, 29.27905286769991], [-106.04431436156275, 29.280706855650138], [-106.04206103867533, 29.282609172856514], [-106.04068455357013, 29.284097825490566], [-106.0354242186309, 29.28732366889686], [-106.03254521706064, 29.290135483580933], [-106.03067271272096, 29.29501418436799], [-106.02992414045086, 29.297246784224072], [-106.02842314081693, 29.29947949554032], [-106.0275526931262, 29.30386189302314], [-106.02618122485907, 29.30865777427559], [-106.02718728131295, 29.310311318127244], [-106.0334573349657, 29.30997953076853], [-106.0352122332442, 29.30948307958466], [-106.03734187882958, 29.308159683398152], [-106.03984635483266, 29.306092009420542], [-106.04247764169973, 29.30485109769789], [-106.04912397251152, 29.304766537991384], [-106.05213623337629, 29.30608851954084], [-106.05389384736239, 29.30708013285287], [-106.05577900457173, 29.309146564268335], [-106.05615653095664, 29.30980789784487], [-106.05729174659233, 29.31311482767472], [-106.06846124768681, 29.31674829146726], [-106.07026613180297, 29.340064104951537], [-106.07114671431887, 29.34122124626266], [-106.07215224023714, 29.34213027124208], [-106.07504115589713, 29.34378248549526], [-106.07679910141113, 29.344525721369596], [-106.0781830596378, 29.346344009885467], [-106.0799459908444, 29.349319632751627], [-106.08082895974266, 29.351468894382215], [-106.08171325365699, 29.35419692601914], [-106.08234998060723, 29.35841337632779], [-106.08185472845457, 29.361390228217118], [-106.07985500237092, 29.36494669408843], [-106.07859164395643, 29.36848206683144], [-106.07934493959475, 29.373916562485167], [-106.07950855546339, 29.37556441888403], [-106.07953520975107, 29.376719333380183], [-106.07930887134627, 29.377795797741413], [-106.07837682878743, 29.38094673675962], [-106.07801921132855, 29.38177773825953], [-106.0764308011341, 29.383701358376257], [-106.07582775600795, 29.38478387451957], [-106.07559185761501, 29.38544786321458], [-106.07435721420644, 29.38637547672919], [-106.07197734979107, 29.386661269293544], [-106.0692302812052, 29.387365528722967], [-106.06812869486413, 29.38862105004912], [-106.06791168922774, 29.3901099675001], [-106.06756343075419, 29.39135341337902], [-106.06521560997689, 29.393041489016312], [-106.06335484375333, 29.39406154248166], [-106.06236544511054, 29.394737551501827], [-106.06111166914681, 29.394840104197318], [-106.05961808853893, 29.39544161913391], [-106.0584955314929, 29.39578962663941], [-106.05538649321349, 29.39715957173505], [-106.05327440830513, 29.39818348786969], [-106.0522717210781, 29.398281962440123], [-106.05039943745344, 29.39880687234406], [-106.04966669363985, 29.39972628290304], [-106.04793497924942, 29.400909121563544], [-106.04581335031092, 29.401520449144762], [-106.04303380246485, 29.400821770076533], [-106.04024679780986, 29.399793052230837], [-106.03495960507969, 29.399298883678444], [-106.03145100787373, 29.399684279570288], [-106.03018780525278, 29.399374067141736], [-106.02827624301655, 29.398166267345886], [-106.0257182560308, 29.396143345497922], [-106.02357798418882, 29.395929365070426], [-106.02207114430554, 29.39595299582217], [-106.01918674329386, 29.39616323193182], [-106.01307265675152, 29.397991828553696], [-106.01182802804625, 29.39850639923865], [-106.00646342549203, 29.40015795039078], [-106.00534984763394, 29.40091799608468], [-106.00422887597553, 29.401348048243076], [-106.00322056848879, 29.401198667101436], [-106.00145143190718, 29.400730990979305], [-106.00044497513076, 29.400664084837207], [-105.99957513921063, 29.401090201447467], [-105.99725719708614, 29.40417954727975], [-105.99515170620295, 29.40553254406022], [-105.9936520518664, 29.405885842584794], [-105.99001195624992, 29.406024608576537], [-105.98911454563813, 29.405213210184538], [-105.98822447524955, 29.404731791807905], [-105.98392907429981, 29.40364262312364], [-105.9821544959215, 29.40292719944046], [-105.9799904293856, 29.401640060765516], [-105.9773532673083, 29.40168054473696], [-105.97444492009467, 29.400817356262458], [-105.97342573827976, 29.40017276566188], [-105.97254305780629, 29.400021228160295], [-105.97076680105404, 29.399223151902326], [-105.96733087227958, 29.397212522245493], [-105.96327446145523, 29.395541357553853], [-105.9611089735566, 29.394171404176774], [-105.95891281864026, 29.39139895265202], [-105.95747016889513, 29.388615018362827], [-105.95541242521159, 29.38641807965333], [-105.95414779343277, 29.38602463875264], [-105.95146238082202, 29.38383715502519], [-105.94867490920001, 29.38272398925841], [-105.94685061118702, 29.379698128988068], [-105.94581744196401, 29.37839333013996], [-105.94528650154611, 29.37708094063175], [-105.94451345243688, 29.376184830459504], [-105.94195225877111, 29.373912748126184], [-105.94040090631755, 29.371872985285723], [-105.93876345817607, 29.371650061764836], [-105.93775194695316, 29.371335178563463], [-105.9357343058389, 29.37095288486938], [-105.93522498261216, 29.37063043506699], [-105.93446636384282, 29.370394252881905], [-105.9337148928517, 29.370488061491923], [-105.9327284020091, 29.3713281228882], [-105.93148902030778, 29.3720894437723], [-105.93164668672785, 29.373572540136287], [-105.93204831587003, 29.37472187458905], [-105.93281231852791, 29.37520556609406], [-105.93331808563441, 29.375363027063], [-105.93499311817712, 29.37731848860684], [-105.93575894207673, 29.377884660950887], [-105.9380672043811, 29.38007814142825], [-105.93946800644788, 29.380964838959283], [-105.93984825606773, 29.381124164419898], [-105.94037914983589, 29.38243657589334], [-105.94068761638518, 29.385072742405033], [-105.9414660810591, 29.386216367899312], [-105.94200061072414, 29.387693767525136], [-105.94291005856986, 29.389082985249818], [-105.9436724251584, 29.389484111687956], [-105.94471645860345, 29.39128391226771], [-105.94500531230503, 29.393012582510053], [-105.94627718740793, 29.39373610103432], [-105.94679744724874, 29.394553492656346], [-105.94745767416535, 29.396028968174527], [-105.94761382029611, 29.397429536357407], [-105.94764259564313, 29.39874950453129], [-105.94791533443158, 29.399735683147185], [-105.94869759410682, 29.401044255495], [-105.9490923311756, 29.401863535518398], [-105.94960905600902, 29.40251591794426], [-105.94975444161997, 29.40342149413485], [-105.95002181251394, 29.404160173434843], [-105.95017080614163, 29.405230744501566], [-105.95171566751866, 29.40694037668537], [-105.95288742038649, 29.408820696433292], [-105.95342945628953, 29.41062802959279], [-105.9534547080138, 29.411782996844003], [-105.95416206283942, 29.41540336850035], [-105.95431833810336, 29.416803922059074], [-105.9548676663324, 29.418941235805708], [-105.9558959562247, 29.41999845235004], [-105.95768150645998, 29.421209205827775], [-105.95794536904216, 29.421782870151283], [-105.9588390708236, 29.422429484176114], [-105.95961079584785, 29.423242997013904], [-105.96039158246346, 29.424468991374127], [-105.960655469085, 29.425042649513433], [-105.96142541789554, 29.42577365351052], [-105.96206252213155, 29.426176576867473], [-105.96247377327376, 29.42773828411167], [-105.96275942380088, 29.42930190308421], [-105.96293396548646, 29.431527411567107], [-105.96302458200776, 29.43565226524516], [-105.96269664674803, 29.437885426922023], [-105.96260364234244, 29.43937228703427], [-105.96151584704056, 29.447063639451876], [-105.96160825069587, 29.45127098248342], [-105.96233071051375, 29.45555125140656], [-105.96298795382499, 29.45686162896947], [-105.96300608718518, 29.457686596707156], [-105.9634320043382, 29.45990826436229], [-105.963457397995, 29.461063218425718], [-105.96282550643105, 29.46090779912674], [-105.96324418010592, 29.462799479306344], [-105.96389604149638, 29.46386235963688], [-105.964465815905, 29.466907071338017], [-105.96448033548549, 29.467567044141955], [-105.96286850696751, 29.468581905408957], [-105.96200518820211, 29.46933777590518], [-105.96168620851175, 29.47198341005726], [-105.96184088351397, 29.47330144210979], [-105.96189527787074, 29.47577633986188], [-105.96258530313959, 29.478571650300907], [-105.96263609411888, 29.480881552366636], [-105.96305304296293, 29.48269072929924], [-105.96434796468856, 29.484403994256347], [-105.96587612927902, 29.4852884459445], [-105.96791978473183, 29.486742673912136], [-105.96867373391986, 29.49242530889807], [-105.96996705677584, 29.49405601558541], [-105.97089426368026, 29.496187454395685], [-105.97207655238641, 29.49848002872715], [-105.97201281531635, 29.501286815139625], [-105.9706665193343, 29.502957894816724], [-105.96611934630165, 29.502037096508154], [-105.96346868025134, 29.501582387627142], [-105.96349954572747, 29.5029848228415], [-105.96378364133999, 29.50446592084591], [-105.96334980957951, 29.507608440059933], [-105.96236046074782, 29.50836623221545], [-105.96110878859452, 29.50863286891974], [-105.95714576421699, 29.51141644128491], [-105.95480782255191, 29.513762617995145], [-105.95420455080199, 29.514927107275376], [-105.95327291604045, 29.518324716260448], [-105.953075704221, 29.52080341932946], [-105.9516157612088, 29.523053695127096], [-105.95077538740544, 29.524881950878438], [-105.94982730530532, 29.52753706871584], [-105.9496227759149, 29.529685780433613], [-105.94977559910615, 29.53092132050917], [-105.95062397251245, 29.53519969659367], [-105.95197180804841, 29.53930544592761], [-105.95277332949591, 29.541438902455813], [-105.95360745407265, 29.545057280240503], [-105.95339031528648, 29.546628519554282], [-105.95253532193848, 29.54779681611296], [-105.95018923181416, 29.549812936169783], [-105.94859042063553, 29.551487612711956], [-105.94837319315343, 29.55305884436687], [-105.94840930366827, 29.554708764720388], [-105.9483142280867, 29.55611310017362], [-105.948610915716, 29.558171692311483], [-105.9499481597298, 29.561782467865342], [-105.94961780443998, 29.56393307526596], [-105.95001683375608, 29.56491731006394], [-105.9515461099118, 29.56580189148606], [-105.95483276414076, 29.566494736303596], [-105.95635666715204, 29.567131773799346], [-105.95825250168178, 29.567515567745296], [-105.96091759062735, 29.568547805834402], [-105.96317809873442, 29.56834831299394], [-105.96507579874147, 29.56881450368174], [-105.96622243761763, 29.56945718398558], [-105.96865430553791, 29.571318056755924], [-105.97025490517566, 29.56972563915986], [-105.97214900961404, 29.57002673718584], [-105.97350892237873, 29.568933104511835], [-105.97447317985082, 29.567020294476766], [-105.97535000710494, 29.566841802051055], [-105.97698701573864, 29.566899205640514], [-105.97814468659838, 29.568036751364016], [-105.97808479207335, 29.57100849854846], [-105.97798462812675, 29.572165358342488], [-105.9776347103939, 29.573408576333435], [-105.97732870282671, 29.576631668912693], [-105.97746181834643, 29.576959716553052], [-105.97776832109035, 29.579430696122028], [-105.97844125869247, 29.581400907986843], [-105.97962476555207, 29.583693359424633], [-105.98014813905066, 29.58459306381987], [-105.98131155328514, 29.585978057189067], [-105.9822307209338, 29.587696890434135], [-105.98249701548181, 29.5883529732363], [-105.98341071921153, 29.589824313402477], [-105.98257958160907, 29.592065223915448], [-105.97996681062044, 29.593425784499743], [-105.97884912352602, 29.594103146020927], [-105.97603218529832, 29.59761235620122], [-105.97543600768647, 29.59910691149594], [-105.97498210000113, 29.601341985447593], [-105.97493126846277, 29.604726191699253], [-105.9750044417545, 29.608025971723308], [-105.97524371664396, 29.613138696794362], [-105.97518009022818, 29.61594543656609], [-105.97657769522901, 29.622195691131285], [-105.97714521533464, 29.625075259400873], [-105.97815938791753, 29.62538977085357], [-105.97907888046971, 29.627108608876714], [-105.98050367873289, 29.628902190521096], [-105.98346459354116, 29.63182741296532], [-105.98326614571498, 29.634223613353935], [-105.98404339851633, 29.635201904953956], [-105.98619786246773, 29.635828866332524], [-105.98836155980446, 29.636868260433157], [-105.98889450902087, 29.63818038333739], [-105.99106381526728, 29.639467211938634], [-105.99323871315747, 29.64100148392192], [-105.99514899332297, 29.641962165399534], [-105.99580239191536, 29.643024826464412], [-105.99518778750837, 29.643694526346152], [-105.99418261363192, 29.64379261845937], [-105.99180938250856, 29.644654569569205], [-105.98932128599922, 29.646013385075417], [-105.98758289257007, 29.64711301733621], [-105.9842208442288, 29.648815313580343], [-105.9819898240201, 29.65041759597705], [-105.9800141807507, 29.652180957521526], [-105.9754368842444, 29.655882244365632], [-105.97166190031166, 29.656022642065114], [-105.97068399559606, 29.65735796895353], [-105.97020599955876, 29.658520593791742], [-105.96946157881534, 29.65902711786878], [-105.96796175945745, 29.659545189575844], [-105.96480700007511, 29.659263298655407], [-105.96367391467147, 29.659280591082407], [-105.96255540031476, 29.65995782763741], [-105.96107555301244, 29.6613832590553], [-105.95933294424634, 29.662317542733785], [-105.95722167827262, 29.66367002082249], [-105.95459584022534, 29.66453515030538], [-105.95160311286334, 29.665900924804696], [-105.94948079970573, 29.666758315701646], [-105.94724158680434, 29.66803005187011], [-105.94711929519207, 29.668196946511348], [-105.94713557854017, 29.66893939795052], [-105.94817183027745, 29.670244063833106], [-105.94869720884391, 29.671226371510397], [-105.94871350491285, 29.671968822153005], [-105.9483556747081, 29.672881982255756], [-105.94889193506101, 29.67435925534352], [-105.9499264548483, 29.675581410276514], [-105.95173103163194, 29.677452053483595], [-105.95713243855194, 29.68248636482781], [-105.96009430816753, 29.685412065832487], [-105.96394518745058, 29.68865422037634], [-105.96587437067443, 29.690440240450787], [-105.96972745585127, 29.69376470957807], [-105.97152906564249, 29.695470075449688], [-105.97433463217673, 29.696994975836123], [-105.97524191412347, 29.69813635543007], [-105.97616022234223, 29.699772687827817], [-105.97782875530442, 29.701149922480425], [-105.97909376420492, 29.701378041365405], [-105.98034958962913, 29.70119368242926], [-105.98263508183663, 29.70198371200349], [-105.98416674001912, 29.702867845541274], [-105.98885277609038, 29.70395082623237], [-105.99087356049122, 29.704167152790767], [-105.99516150929021, 29.704348331134465], [-105.99629878843007, 29.70449574312558], [-105.99655995054603, 29.704904299387902], [-105.99656920640633, 29.70531676209505], [-105.99613757352292, 29.708541783533747], [-105.99578005631932, 29.709455059932985], [-105.99451103636382, 29.7146735620283], [-105.99418492912362, 29.716989206176976], [-105.99414404894617, 29.720785810164077], [-105.99429222263377, 29.72177376750368], [-105.99234474675205, 29.73046863286433], [-105.9852372636873, 29.733879296681323], [-105.9823302780585, 29.733511500731872], [-105.98004590505305, 29.732803978609027], [-105.97737808747789, 29.73185474603448], [-105.97546807690215, 29.730976349155924], [-105.97330979297871, 29.73026677399467], [-105.97154048618566, 29.730046330879418], [-105.96839814346986, 29.73042452330509], [-105.9667712805051, 29.73094452737344], [-105.96302267084052, 29.732404632861087], [-105.96090637080965, 29.733592200702738], [-105.9556893122102, 29.737054979307374], [-105.94979290164065, 29.73829978183579], [-105.947899310931, 29.738163428335096], [-105.94588334938636, 29.738193941296487], [-105.94449013460904, 29.73788492593462], [-105.94193764423076, 29.736438107149606], [-105.93915309901854, 29.735902470719502], [-105.93608594177483, 29.733968168778144], [-105.933418481323, 29.733018041720133], [-105.92998973184167, 29.731831723703955], [-105.9262010409224, 29.731475921589027], [-105.9244174514336, 29.730594890720752], [-105.92364359008985, 29.729781255776608], [-105.9227330031852, 29.728474532190933], [-105.92080560912709, 29.726770387566216], [-105.91938936592058, 29.72538867090341], [-105.91823763972339, 29.724580643029892], [-105.917467449369, 29.723931958832438], [-105.91404097238288, 29.72282771029529], [-105.91212096359607, 29.721453412355814], [-105.90913622317846, 29.717454209760334], [-105.90836080685318, 29.716557983906903], [-105.90758896220927, 29.715826743580898], [-105.90161684789402, 29.713522089944927], [-105.89972022445946, 29.713220044372715], [-105.89692944297184, 29.712353517151918], [-105.8943977131462, 29.7118132002048], [-105.89288257444645, 29.711670477140263], [-105.8905886956238, 29.710466410029415], [-105.88980291179807, 29.709075094864787], [-105.88724839340597, 29.7074621914339], [-105.88546379963806, 29.70649812053857], [-105.88431431637999, 29.70577228115061], [-105.88352865635672, 29.70438092523535], [-105.88247176877823, 29.70208579602379], [-105.88181563216109, 29.70085757561648], [-105.88038096880035, 29.698567958767043], [-105.87983503163369, 29.696595417313837], [-105.87705539206586, 29.69622343436314], [-105.87529211408808, 29.696249176100704], [-105.87300754148988, 29.695457272758254], [-105.87136497661382, 29.695233636521213], [-105.86898420076568, 29.69584593945282], [-105.86748329328425, 29.696362893262354], [-105.86358235607531, 29.696584572949728], [-105.8591497822262, 29.695493478098182], [-105.85486059756283, 29.695225385404246], [-105.84881681054327, 29.69539502851306], [-105.84179299348898, 29.696898807114735], [-105.83852515882349, 29.697275713586468], [-105.83564375061027, 29.698059627904545], [-105.83151992138227, 29.699686426380932], [-105.8291542090082, 29.701040499341982], [-105.82388284163257, 29.70202322348182], [-105.82165635891282, 29.70157078641197], [-105.81661476129528, 29.703941749437384], [-105.81577051255302, 29.705769180386486], [-105.8150573080262, 29.707842319466362], [-105.81337376721594, 29.71174465060713], [-105.81206972633797, 29.715724124498504], [-105.81086606699894, 29.718464337219263], [-105.80967083919167, 29.721617029389524], [-105.80848912474748, 29.72542969503397], [-105.80814342334459, 29.727002482337458], [-105.80808365627762, 29.730221679442238], [-105.80686954117975, 29.732466867315647], [-105.8055293735142, 29.7347138168043], [-105.8039439222385, 29.737294287338653], [-105.80186452702472, 29.740376804810417], [-105.8001579616118, 29.743206494375666], [-105.79867627390175, 29.74471266137662], [-105.79595466532287, 29.747226431364325], [-105.78974648963207, 29.751851866004067], [-105.7865052341731, 29.753629992736958], [-105.78523323329763, 29.75307004594261], [-105.78334120546204, 29.75301383701506], [-105.78234140879736, 29.753440339078562], [-105.78355316942007, 29.758531021334562], [-105.7824970280525, 29.77968003448781], [-105.76286212817932, 29.821744848902185], [-105.7659112674476, 29.82548989215659], [-105.77056793396098, 29.829195341765047], [-105.78160380050993, 29.834359059658432], [-105.78664399917939, 29.84240842667703], [-105.78852802286579, 29.85251985467873], [-105.7913577117566, 29.86428228865214], [-105.79324250174501, 29.87459993998607], [-105.79417998397606, 29.885948938738984], [-105.79511970576564, 29.894821836164997], [-105.7966913077527, 29.903282224142178], [-105.79731300362725, 29.91566273861847], [-105.80456602123462, 29.92783860786047], [-105.8152965756354, 29.936713197063156], [-105.82255506485096, 29.945586581859168], [-105.82381091636618, 29.960236583332556], [-105.83138736123585, 29.970141106820943], [-105.83928209945988, 29.97756911850419], [-105.84686224151358, 29.984377653388076], [-105.85507571234793, 29.98912228389266], [-105.86297390624246, 29.99469178812358], [-105.87118895542612, 30.000673372791244], [-105.877824990713, 30.0072739592356], [-105.88446183472405, 30.013255190435792], [-105.90279453922791, 30.023976013062246], [-105.90691332500764, 30.052653697072394], [-105.90154045813225, 30.05822754845027], [-105.89901248788799, 30.063180779432543], [-105.89553592508284, 30.0691660753563], [-105.89016173856596, 30.07577112903388], [-105.88700364591709, 30.07815028973023], [-105.86644404568105, 30.094761949247665], [-105.85220847622885, 30.109414468211067], [-105.84682968999759, 30.114160834389846], [-105.8382865478099, 30.11952620047919], [-105.83227339126276, 30.12530367619148], [-105.82657620890326, 30.13046190177073], [-105.8208793461646, 30.133762908984053], [-105.81454948192564, 30.136650938208803], [-105.80821886152223, 30.140157661453372], [-105.79903933879936, 30.144282437994192], [-105.78194386862873, 30.152530566569677], [-105.7746598293622, 30.157892339608736], [-105.77022379479142, 30.163048705190757], [-105.76357315177198, 30.166759507291655], [-105.75344349459323, 30.167579357596896], [-105.74457795391264, 30.169843581505635], [-105.73729387521365, 30.172727330544845], [-105.73127557130597, 30.175611632852913], [-105.7239885616975, 30.179938984574303], [-105.71796816978066, 30.183648018746148], [-105.71289741745561, 30.18715129281034], [-105.70687280502341, 30.192923158138495], [-105.70148456304146, 30.19642570526132], [-105.69387952028515, 30.199925775593286], [-105.69133175015325, 30.208176473190704], [-105.67992501843497, 30.211878053304755], [-105.6805525060125, 30.214973766495625], [-105.67801076485466, 30.219303882419315], [-105.67103980877414, 30.221152713849733], [-105.66438740933371, 30.221969907147738], [-105.65677510981402, 30.22732486248929], [-105.64915333886225, 30.236599717919816], [-105.64533289931555, 30.24526048023423], [-105.6522738148965, 30.258268952262878], [-105.65384503433899, 30.264254699103248], [-105.65667994334014, 30.272099061150016], [-105.66109290852837, 30.28324666487152], [-105.6667546808627, 30.304299519887444], [-105.66167468086277, 30.30841986276115], [-105.6534158933513, 30.316456156947158], [-105.64547279353775, 30.324492376556], [-105.63499625457597, 30.33066747806824], [-105.6280171084253, 30.332307783074334], [-105.61660245443288, 30.33249639024683], [-105.59884985382692, 30.331435181644675], [-105.5826787309975, 30.33181883430738], [-105.56682825305096, 30.330963122024365], [-105.56207493244388, 30.330128301994737], [-105.55911351553969, 30.325616961298387], [-105.53915663885881, 30.325514243830977], [-105.53192683830655, 30.32851508702286], [-105.52129638762727, 30.33610796399563], [-105.51785055243438, 30.338224481134333], [-105.47557048725069, 30.31224176711021], [-105.47592441898743, 30.332048626026303], [-105.47131765202165, 30.340166202899546], [-105.45998194376423, 30.344049827605158], [-105.44924973442204, 30.346272545514953], [-105.44263822572212, 30.348640164159267], [-105.44373329830273, 30.356879056340116], [-105.44735199236254, 30.364461593241415], [-105.44061627672424, 30.359814178368893], [-105.43459037097018, 30.35948989225303], [-105.42399911807924, 30.369963446186933], [-105.41713992660699, 30.37646085446229], [-105.40677674337168, 30.3819766777876], [-105.40078843705858, 30.38392039846001], [-105.38810372223767, 30.3834832895024], [-105.3747645273484, 30.3818160013983], [-105.3611020260014, 30.379739163326054], [-105.34780483168753, 30.380545016911217], [-105.33424485248132, 30.384655136231174], [-105.32383561826778, 30.38768850619879], [-105.3150101447095, 30.390699289258748], [-105.3099600855341, 30.392006816647655], [-105.29689807576578, 30.387851312901418], [-105.28508486494694, 30.382439405842906], [-105.27552353369633, 30.379059916495258], [-105.26595635591022, 30.375267063822772], [-105.25417859476127, 30.371915625319616], [-105.2439857060257, 30.368542221583237], [-105.2313321360406, 30.369946847396196], [-105.2184432681668, 30.37671896830103], [-105.21257072475422, 30.386494645330636], [-105.20825338362324, 30.394392608834714], [-105.20011978141751, 30.4015140641751], [-105.19100012374611, 30.40637753837957], [-105.18155030689074, 30.410419083871], [-105.170825735494, 30.414063308934807], [-105.16231314460899, 30.417266122388494], [-105.15380904405667, 30.421087375283605], [-105.14532526825685, 30.42635239431272], [-105.138102711546, 30.43118850232286], [-105.13242006135857, 30.432909687286422], [-105.12157913182983, 30.428709265402894], [-105.11171648714554, 30.426353349666012], [-105.09998423677935, 30.42628935689766], [-105.09050277966178, 30.428467322985295], [-105.08134078777928, 30.430847146449644], [-105.07030171971184, 30.43510590367074], [-105.06338338172165, 30.439315119588326], [-105.05742127780047, 30.443925448393543], [-105.05117794378549, 30.451221548374836], [-105.04655834291309, 30.461387498638103], [-105.04446668610233, 30.47090471219154], [-105.04488423032826, 30.478328985752636], [-105.04368795266917, 30.483708417985543], [-105.03415541570064, 30.482580962487706], [-105.02495402309987, 30.48248082350195], [-105.00658379094804, 30.48475459536721], [-104.9932746684901, 30.485937032678425], [-104.98218835838588, 30.487299637353928], [-104.96350686259873, 30.49018988517868]]]}}, {"type": "Feature", "id": 6, "properties": {"id": 6, "distrito_f": 6, "nombre": "Distrito Federal 6", "clave_entidad": 8, "entidad": 8}, "geometry": {"type": "Polygon", "coordinates": [[[-106.29748200813738, 29.786943236963488], [-106.19338709589083, 29.770757240086827], [-106.17319139823343, 29.763794649295146], [-106.16309630567383, 29.76093114332737], [-106.14795194888399, 29.755602774363773], [-106.12491662902502, 29.74492529162256], [-106.11703416714172, 29.74349771320504], [-106.10947364824356, 29.744957629642148], [-106.10127893139058, 29.744767726862346], [-106.09275686557038, 29.738800667067135], [-106.04173106181767, 29.756426522856337], [-106.01524040921839, 29.746560242188572], [-106.01522269323596, 29.7333548317419], [-106.01647626444397, 29.72819479198981], [-106.02182344529473, 29.721172184989776], [-106.01205167555207, 29.718296491526917], [-106.00512788442997, 29.724908015469836], [-105.99234474675205, 29.73046863286433], [-105.99429222263377, 29.72177376750368], [-105.99414404894617, 29.720785810164077], [-105.99418492912362, 29.716989206176976], [-105.99451103636382, 29.7146735620283], [-105.99578005631932, 29.709455059932985], [-105.99613757352292, 29.708541783533747], [-105.99656920640633, 29.70531676209505], [-105.99655995054603, 29.704904299387902], [-105.99629878843007, 29.70449574312558], [-105.99516150929021, 29.704348331134465], [-105.99087356049122, 29.704167152790767], [-105.98885277609038, 29.70395082623237], [-105.98416674001912, 29.702867845541274], [-105.98263508183663, 29.70198371200349], [-105.98034958962913, 29.70119368242926], [-105.97909376420492, 29.701378041365405], [-105.97782875530442, 29.701149922480425], [-105.97616022234223, 29.699772687827817], [-105.97524191412347, 29.69813635543007], [-105.97433463217673, 29.696994975836123], [-105.97152906564249, 29.695470075449688], [-105.96972745585127, 29.69376470957807], [-105.96587437067443, 29.690440240450787], [-105.96394518745058, 29.68865422037634], [-105.96009430816753, 29.685412065832487], [-105.95713243855194, 29.68248636482781], [-105.95173103163194, 29.677452053483595], [-105.9499264548483, 29.675581410276514], [-105.94889193506101, 29.67435925534352], [-105.9483556747081, 29.672881982255756], [-105.94871350491285, 29.671968822153005], [-105.94869720884391, 29.671226371510397], [-105.94817183027745, 29.670244063833106], [-105.94713557854017, 29.66893939795052], [-105.94711929519207, 29.668196946511348], [-105.94724158680434, 29.66803005187011], [-105.94948079970573, 29.666758315701646], [-105.95160311286334, 29.665900924804696], [-105.95459584022534, 29.66453515030538], [-105.95722167827262, 29.66367002082249], [-105.95933294424634, 29.662317542733785], [-105.96107555301244, 29.6613832590553], [-105.96255540031476, 29.65995782763741], [-105.96367391467147, 29.659280591082407], [-105.96480700007511, 29.659263298655407], [-105.96796175945745, 29.659545189575844], [-105.96946157881534, 29.65902711786878], [-105.97020599955876, 29.658520593791742], [-105.97068399559606, 29.65735796895353], [-105.97166190031166, 29.656022642065114], [-105.9754368842444, 29.655882244365632], [-105.9800141807507, 29.652180957521526], [-105.9819898240201, 29.65041759597705], [-105.9842208442288, 29.648815313580343], [-105.98758289257007, 29.64711301733621], [-105.98932128599922, 29.646013385075417], [-105.99180938250856, 29.644654569569205], [-105.99418261363192, 29.64379261845937], [-105.99518778750837, 29.643694526346152], [-105.99580239191536, 29.643024826464412], [-105.99514899332297, 29.641962165399534], [-105.99323871315747, 29.64100148392192], [-105.99106381526728, 29.639467211938634], [-105.98889450902087, 29.63818038333739], [-105.98836155980446, 29.636868260433157], [-105.98619786246773, 29.635828866332524], [-105.98404339851633, 29.635201904953956], [-105.98326614571498, 29.634223613353935], [-105.98346459354116, 29.63182741296532], [-105.98050367873289, 29.628902190521096], [-105.97907888046971, 29.627108608876714], [-105.97815938791753, 29.62538977085357], [-105.97714521533464, 29.625075259400873], [-105.97657769522901, 29.622195691131285], [-105.97518009022818, 29.61594543656609], [-105.97524371664396, 29.613138696794362], [-105.9750044417545, 29.608025971723308], [-105.97493126846277, 29.604726191699253], [-105.97498210000113, 29.601341985447593], [-105.97543600768647, 29.59910691149594], [-105.97603218529832, 29.59761235620122], [-105.97884912352602, 29.594103146020927], [-105.97996681062044, 29.593425784499743], [-105.98257958160907, 29.592065223915448], [-105.98341071921153, 29.589824313402477], [-105.98249701548181, 29.5883529732363], [-105.9822307209338, 29.587696890434135], [-105.98131155328514, 29.585978057189067], [-105.98014813905066, 29.58459306381987], [-105.97962476555207, 29.583693359424633], [-105.97844125869247, 29.581400907986843], [-105.97776832109035, 29.579430696122028], [-105.97746181834643, 29.576959716553052], [-105.97732870282671, 29.576631668912693], [-105.9776347103939, 29.573408576333435], [-105.97798462812675, 29.572165358342488], [-105.97808479207335, 29.57100849854846], [-105.97814468659838, 29.568036751364016], [-105.97698701573864, 29.566899205640514], [-105.97535000710494, 29.566841802051055], [-105.97447317985082, 29.567020294476766], [-105.97350892237873, 29.568933104511835], [-105.97214900961404, 29.57002673718584], [-105.97025490517566, 29.56972563915986], [-105.96865430553791, 29.571318056755924], [-105.96622243761763, 29.56945718398558], [-105.96507579874147, 29.56881450368174], [-105.96317809873442, 29.56834831299394], [-105.96091759062735, 29.568547805834402], [-105.95825250168178, 29.567515567745296], [-105.95635666715204, 29.567131773799346], [-105.95483276414076, 29.566494736303596], [-105.9515461099118, 29.56580189148606], [-105.95001683375608, 29.56491731006394], [-105.94961780443998, 29.56393307526596], [-105.9499481597298, 29.561782467865342], [-105.948610915716, 29.558171692311483], [-105.9483142280867, 29.55611310017362], [-105.94840930366827, 29.554708764720388], [-105.94837319315343, 29.55305884436687], [-105.94859042063553, 29.551487612711956], [-105.95018923181416, 29.549812936169783], [-105.95253532193848, 29.54779681611296], [-105.95339031528648, 29.546628519554282], [-105.95360745407265, 29.545057280240503], [-105.95277332949591, 29.541438902455813], [-105.95197180804841, 29.53930544592761], [-105.95062397251245, 29.53519969659367], [-105.94977559910615, 29.53092132050917], [-105.9496227759149, 29.529685780433613], [-105.94982730530532, 29.52753706871584], [-105.95077538740544, 29.524881950878438], [-105.9516157612088, 29.523053695127096], [-105.953075704221, 29.52080341932946], [-105.95327291604045, 29.518324716260448], [-105.95420455080199, 29.514927107275376], [-105.95480782255191, 29.513762617995145], [-105.95714576421699, 29.51141644128491], [-105.96110878859452, 29.50863286891974], [-105.96236046074782, 29.50836623221545], [-105.96334980957951, 29.507608440059933], [-105.96378364133999, 29.50446592084591], [-105.96349954572747, 29.5029848228415], [-105.96346868025134, 29.501582387627142], [-105.96611934630165, 29.502037096508154], [-105.9706665193343, 29.502957894816724], [-105.97201281531635, 29.501286815139625], [-105.97207655238641, 29.49848002872715], [-105.97089426368026, 29.496187454395685], [-105.96996705677584, 29.49405601558541], [-105.96867373391986, 29.49242530889807], [-105.96791978473183, 29.486742673912136], [-105.96587612927902, 29.4852884459445], [-105.96434796468856, 29.484403994256347], [-105.96305304296293, 29.48269072929924], [-105.96263609411888, 29.480881552366636], [-105.96258530313959, 29.478571650300907], [-105.96189527787074, 29.47577633986188], [-105.96184088351397, 29.47330144210979], [-105.96168620851175, 29.47198341005726], [-105.96200518820211, 29.46933777590518], [-105.96286850696751, 29.468581905408957], [-105.96448033548549, 29.467567044141955], [-105.964465815905, 29.466907071338017], [-105.96389604149638, 29.46386235963688], [-105.96324418010592, 29.462799479306344], [-105.96282550643105, 29.46090779912674], [-105.963457397995, 29.461063218425718], [-105.9634320043382, 29.45990826436229], [-105.96300608718518, 29.457686596707156], [-105.96298795382499, 29.45686162896947], [-105.96233071051375, 29.45555125140656], [-105.96160825069587, 29.45127098248342], [-105.96151584704056, 29.447063639451876], [-105.96260364234244, 29.43937228703427], [-105.96269664674803, 29.437885426922023], [-105.96302458200776, 29.43565226524516], [-105.96293396548646, 29.431527411567107], [-105.96275942380088, 29.42930190308421], [-105.96247377327376, 29.42773828411167], [-105.96206252213155, 29.426176576867473], [-105.96142541789554, 29.42577365351052], [-105.960655469085, 29.425042649513433], [-105.96039158246346, 29.424468991374127], [-105.95961079584785, 29.423242997013904], [-105.9588390708236, 29.422429484176114], [-105.95794536904216, 29.421782870151283], [-105.95768150645998, 29.421209205827775], [-105.9558959562247, 29.41999845235004], [-105.9548676663324, 29.418941235805708], [-105.95431833810336, 29.416803922059074], [-105.95416206283942, 29.41540336850035], [-105.9534547080138, 29.411782996844003], [-105.95342945628953, 29.41062802959279], [-105.95288742038649, 29.408820696433292], [-105.95171566751866, 29.40694037668537], [-105.95017080614163, 29.405230744501566], [-105.95002181251394, 29.404160173434843], [-105.94975444161997, 29.40342149413485], [-105.94960905600902, 29.40251591794426], [-105.9490923311756, 29.401863535518398], [-105.94869759410682, 29.401044255495], [-105.94791533443158, 29.399735683147185], [-105.94764259564313, 29.39874950453129], [-105.94761382029611, 29.397429536357407], [-105.94745767416535, 29.396028968174527], [-105.94679744724874, 29.394553492656346], [-105.94627718740793, 29.39373610103432], [-105.94500531230503, 29.393012582510053], [-105.94471645860345, 29.39128391226771], [-105.9436724251584, 29.389484111687956], [-105.94291005856986, 29.389082985249818], [-105.94200061072414, 29.387693767525136], [-105.9414660810591, 29.386216367899312], [-105.94068761638518, 29.385072742405033], [-105.94037914983589, 29.38243657589334], [-105.93984825606773, 29.381124164419898], [-105.93946800644788, 29.380964838959283], [-105.9380672043811, 29.38007814142825], [-105.93575894207673, 29.377884660950887], [-105.93499311817712, 29.37731848860684], [-105.93331808563441, 29.375363027063], [-105.93281231852791, 29.37520556609406], [-105.93204831587003, 29.37472187458905], [-105.93164668672785, 29.373572540136287], [-105.93148902030778, 29.3720894437723], [-105.9327284020091, 29.3713281228882], [-105.9337148928517, 29.370488061491923], [-105.93446636384282, 29.370394252881905], [-105.93522498261216, 29.37063043506699], [-105.9357343058389, 29.37095288486938], [-105.93775194695316, 29.371335178563463], [-105.93876345817607, 29.371650061764836], [-105.94040090631755, 29.371872985285723], [-105.94195225877111, 29.373912748126184], [-105.94451345243688, 29.376184830459504], [-105.94528650154611, 29.37708094063175], [-105.94581744196401, 29.37839333013996], [-105.94685061118702, 29.379698128988068], [-105.94867490920001, 29.38272398925841], [-105.95146238082202, 29.38383715502519], [-105.95414779343277, 29.38602463875264], [-105.95541242521159, 29.38641807965333], [-105.95747016889513, 29.388615018362827], [-105.95891281864026, 29.39139895265202], [-105.9611089735566, 29.394171404176774], [-105.96327446145523, 29.395541357553853], [-105.96733087227958, 29.397212522245493], [-105.97076680105404, 29.399223151902326], [-105.97254305780629, 29.400021228160295], [-105.97342573827976, 29.40017276566188], [-105.97444492009467, 29.400817356262458], [-105.9773532673083, 29.40168054473696], [-105.9799904293856, 29.401640060765516], [-105.9821544959215, 29.40292719944046], [-105.98392907429981, 29.40364262312364], [-105.98822447524955, 29.404731791807905], [-105.98911454563813, 29.405213210184538], [-105.99001195624992, 29.406024608576537], [-105.9936520518664, 29.405885842584794], [-105.99515170620295, 29.40553254406022], [-105.99725719708614, 29.40417954727975], [-105.99957513921063, 29.401090201447467], [-106.00044497513076, 29.400664084837207], [-106.00145143190718, 29.400730990979305], [-106.00322056848879, 29.401198667101436], [-106.00422887597553, 29.401348048243076], [-106.00534984763394, 29.40091799608468], [-106.00646342549203, 29.40015795039078], [-106.01182802804625, 29.39850639923865], [-106.01307265675152, 29.397991828553696], [-106.01918674329386, 29.39616323193182], [-106.02207114430554, 29.39595299582217], [-106.02357798418882, 29.395929365070426], [-106.0257182560308, 29.396143345497922], [-106.02827624301655, 29.398166267345886], [-106.03018780525278, 29.399374067141736], [-106.03145100787373, 29.399684279570288], [-106.03495960507969, 29.399298883678444], [-106.04024679780986, 29.399793052230837], [-106.04303380246485, 29.400821770076533], [-106.04581335031092, 29.401520449144762], [-106.04793497924942, 29.400909121563544], [-106.04966669363985, 29.39972628290304], [-106.05039943745344, 29.39880687234406], [-106.0522717210781, 29.398281962440123], [-106.05327440830513, 29.39818348786969], [-106.05538649321349, 29.39715957173505], [-106.0584955314929, 29.39578962663941], [-106.05961808853893, 29.39544161913391], [-106.06111166914681, 29.394840104197318], [-106.06236544511054, 29.394737551501827], [-106.06335484375333, 29.39406154248166], [-106.06521560997689, 29.393041489016312], [-106.06756343075419, 29.39135341337902], [-106.06791168922774, 29.3901099675001], [-106.06812869486413, 29.38862105004912], [-106.0692302812052, 29.387365528722967], [-106.07197734979107, 29.386661269293544], [-106.07435721420644, 29.38637547672919], [-106.07559185761501, 29.38544786321458], [-106.07582775600795, 29.38478387451957], [-106.0764308011341, 29.383701358376257], [-106.07801921132855, 29.38177773825953], [-106.07837682878743, 29.38094673675962], [-106.07930887134627, 29.377795797741413], [-106.07953520975107, 29.376719333380183], [-106.07950855546339, 29.37556441888403], [-106.07859164395643, 29.36848206683144], [-106.07985500237092, 29.36494669408843], [-106.08185472845457, 29.361390228217118], [-106.08234998060723, 29.35841337632779], [-106.08171325365699, 29.35419692601914], [-106.08082895974266, 29.351468894382215], [-106.0799459908444, 29.349319632751627], [-106.0781830596378, 29.346344009885467], [-106.07679910141113, 29.344525721369596], [-106.07504115589713, 29.34378248549526], [-106.07215224023714, 29.34213027124208], [-106.07114671431887, 29.34122124626266], [-106.07026613180297, 29.340064104951537], [-106.06846124768681, 29.31674829146726], [-106.05729174659233, 29.31311482767472], [-106.05615653095664, 29.30980789784487], [-106.05577900457173, 29.309146564268335], [-106.05389384736239, 29.30708013285287], [-106.05213623337629, 29.30608851954084], [-106.04912397251152, 29.304766537991384], [-106.04247764169973, 29.30485109769789], [-106.03984635483266, 29.306092009420542], [-106.03734187882958, 29.308159683398152], [-106.0352122332442, 29.30948307958466], [-106.0334573349657, 29.30997953076853], [-106.02718728131295, 29.310311318127244], [-106.02618122485907, 29.30865777427559], [-106.0275526931262, 29.30386189302314], [-106.02842314081693, 29.29947949554032], [-106.02992414045086, 29.297246784224072], [-106.03067271272096, 29.29501418436799], [-106.03254521706064, 29.290135483580933], [-106.0354242186309, 29.28732366889686], [-106.04068455357013, 29.284097825490566], [-106.04206103867533, 29.282609172856514], [-106.04431436156275, 29.280706855650138], [-106.04543969587793, 29.27905286769991], [-106.0463125669052, 29.276489414790216], [-106.04806080789221, 29.272768124160557], [-106.04880913109487, 29.270700797357385], [-106.0494302001926, 29.26764129324745], [-106.05067660949878, 29.26383743513466], [-106.05242401765216, 29.259868037006502], [-106.05455083246918, 29.257717545462647], [-106.05605339953973, 29.256890188668592], [-106.05780469224428, 29.255070514723347], [-106.05905325397732, 29.252589531014177], [-106.05955005414366, 29.25027418656602], [-106.05929449498345, 29.247793751444853], [-106.0582879271193, 29.245809694430324], [-106.05678071914107, 29.244156542050945], [-106.05565082410985, 29.243164718814146], [-106.05414512335183, 29.242255694231105], [-106.05626610827002, 29.237293908128628], [-106.05852337139657, 29.238037272427217], [-106.06190545851959, 29.23720916356947], [-106.06478770490278, 29.237125334492905], [-106.06766791501498, 29.236049232512073], [-106.0710476227323, 29.23414600120098], [-106.07292479837213, 29.232904872122027], [-106.07505028496058, 29.230588702836293], [-106.07654665735366, 29.227115234087037], [-106.07679322478248, 29.225213374346264], [-106.07428150785043, 29.222568694817756], [-106.06725739905337, 29.219099099683685], [-106.06098651115546, 29.216124950423083], [-106.05860442155226, 29.21538165825469], [-106.05634829784286, 29.214969019265155], [-106.0537158340579, 29.21430840797926], [-106.0510829370311, 29.213399689330416], [-106.04669431961591, 29.21158186190584], [-106.04381082008902, 29.210590377865106], [-106.0421820430739, 29.21059076641851], [-106.0402999026942, 29.209020172145067], [-106.03753908236193, 29.20645750227298], [-106.03528137898618, 29.20496959140501], [-106.03352627697608, 29.204308411926785], [-106.03064268556913, 29.20306857849331], [-106.03251883301279, 29.20124921480778], [-106.0350213004644, 29.199429717029275], [-106.0375218094762, 29.196535264357234], [-106.03889663167686, 29.194715911678216], [-106.0402705305305, 29.19240043340676], [-106.04163673183193, 29.185785301275832], [-106.04201074798124, 29.184792992141134], [-106.04338652466349, 29.183635079431102], [-106.04538630631598, 29.181236717441493], [-106.04626083410054, 29.179996215178704], [-106.04612927237902, 29.17652345961729], [-106.0454964449523, 29.172885456209865], [-106.0452411779577, 29.170239581568993], [-106.04511533988921, 29.16990887011485], [-106.04235371983353, 29.166354033942792], [-106.04046935582271, 29.16304701175244], [-106.0398394291148, 29.16089731119265], [-106.03996190899043, 29.159326256097085], [-106.04021048171715, 29.158251289744438], [-106.0408345813736, 29.15709355891266], [-106.04145735489452, 29.15519165319013], [-106.0419531317559, 29.152297542048682], [-106.04270371653601, 29.15188394808006], [-106.0447061854086, 29.151304687487595], [-106.0474611411533, 29.151386691932945], [-106.0497149207697, 29.151303406675805], [-106.05309519347459, 29.150971693865575], [-106.05572303808314, 29.15006133928817], [-106.0586003094951, 29.148654736210762], [-106.06110073274886, 29.146669409877397], [-106.06322494114204, 29.144436123260803], [-106.064351990823, 29.14451838297254], [-106.06735901585023, 29.145509425672866], [-106.07499669013093, 29.145423431710668], [-106.07662581445894, 29.14608415152425], [-106.07925806091933, 29.147405840631766], [-106.08063770071574, 29.14848005862933], [-106.0823955131289, 29.15071165705506], [-106.08452671684604, 29.15186812572486], [-106.09254494663234, 29.153765351523443], [-106.09643074902958, 29.155499363171387], [-106.10269632198118, 29.157397050733262], [-106.10733060040822, 29.157807281158735], [-106.11071185754311, 29.15788753517455], [-106.1135930344578, 29.158298818439558], [-106.11509716532804, 29.158876467312545], [-106.1168505265971, 29.15895779978851], [-106.11872724486595, 29.15829485379349], [-106.1216021563083, 29.156225443752874], [-106.1239695069408, 29.15159318720914], [-106.12570889370755, 29.146299946972807], [-106.12620503760971, 29.144480476462775], [-106.12693938615284, 29.137947799569957], [-106.12668194041338, 29.135219435409343], [-106.1260508479572, 29.133235542774315], [-106.12591990882653, 29.131003174502624], [-106.12591140098647, 29.127695805245395], [-106.12602808062509, 29.124388329620785], [-106.12615028578139, 29.123230644647386], [-106.12839455065718, 29.11975599849017], [-106.13076924595562, 29.11834831480759], [-106.13314627504437, 29.117850116816328], [-106.1416563679197, 29.11718081022858], [-106.14528481545602, 29.116598517838845], [-106.15153904216449, 29.11502125310661], [-106.15591907854036, 29.114685955564006], [-106.15892078086632, 29.1138559080575], [-106.16242117444371, 29.112363773349276], [-106.16441996460894, 29.111038607702397], [-106.16604345515884, 29.109796522522245], [-106.16829296531964, 29.108636384783573], [-106.16954360385722, 29.108304207728228], [-106.17154595007392, 29.108219190972356], [-106.17454883383301, 29.107884901625653], [-106.17742830734353, 29.108129480649847], [-106.17880508593635, 29.108127798781176], [-106.18255375832726, 29.10613874468013], [-106.18429667509173, 29.103159943116236], [-106.18466411774824, 29.10059628944548], [-106.18465428602411, 29.097454328404012], [-106.18477348349121, 29.09555245581595], [-106.18539532678291, 29.0943114127283], [-106.1867695760216, 29.09356550557224], [-106.19001910703948, 29.092238363889606], [-106.19214493402325, 29.091739469778634], [-106.19339448905625, 29.091159028314532], [-106.19489350957014, 29.090330190804902], [-106.1978906705287, 29.088424418364056], [-106.20126774150663, 29.0879236704316], [-106.20277046940029, 29.088252307900156], [-106.20439615011576, 29.087919288986097], [-106.20689473307046, 29.08667548976004], [-106.20902174426594, 29.086589747101502], [-106.21039682911007, 29.08617433574576], [-106.21189787603487, 29.08600677498958], [-106.17640289694367, 29.0177569722729], [-106.17265353535596, 29.01850552569328], [-106.16752875667268, 29.01933820730057], [-106.16501996352481, 29.016695074796644], [-106.16437767612064, 29.01082514610222], [-106.16423969488352, 29.006360304431446], [-106.16359610406968, 28.999994250689543], [-106.16084351331433, 28.999335727289083], [-106.15521479350905, 28.998514746837373], [-106.14833110294127, 28.995958356194414], [-106.14556951189023, 28.991909411983418], [-106.14581192980214, 28.989097869276325], [-106.14804713369267, 28.98355578809632], [-106.14941614276236, 28.98132194657602], [-106.15178583612082, 28.979335160333825], [-106.15416143417974, 28.979498154551344], [-106.15828667446374, 28.979493926948983], [-106.16240550665871, 28.977257072500798], [-106.16465009053347, 28.975352886811407], [-106.16976521158912, 28.97195713325895], [-106.1723894284337, 28.971706103291815], [-106.17651011995085, 28.970295681297184], [-106.17887928440533, 28.968391121185167], [-106.18149683165228, 28.96599010997207], [-106.1846195485797, 28.965324816765357], [-106.18812053123516, 28.965733882320997], [-106.19224518543018, 28.96572862864356], [-106.19487048780294, 28.965890588628525], [-106.19774153838185, 28.964729213208344], [-106.20122836064643, 28.960755662008058], [-106.20309504027665, 28.958272577112734], [-106.20307703367332, 28.95273271804184], [-106.19530951660195, 28.94670709476444], [-106.19355294206956, 28.94447687935958], [-106.19079985646604, 28.943240132581014], [-106.18817282171311, 28.942333910898935], [-106.18666817818993, 28.940682079880172], [-106.18366889435849, 28.94060308290748], [-106.18053939593793, 28.93878777876206], [-106.17591325183682, 28.937883684921072], [-106.16902544525043, 28.93268229342647], [-106.16711581966122, 28.932225190854968], [-106.16695091084607, 28.93189675215975], [-106.16720833279078, 28.931431010653878], [-106.16705532077091, 28.93081964941973], [-106.166884637251, 28.93056584067292], [-106.16616443541716, 28.93016353750793], [-106.16558527884148, 28.930249158110946], [-106.16528226995186, 28.930608865265118], [-106.16407147397051, 28.93115815800862], [-106.16278043718488, 28.93097839598136], [-106.16132455926697, 28.930527124557816], [-106.1595068432872, 28.929609139363613], [-106.15915259750184, 28.92952495786912], [-106.15808072489133, 28.9296122734714], [-106.1563556446851, 28.929417942102585], [-106.15412769660766, 28.92906161330126], [-106.15214807622719, 28.928842515423245], [-106.15016463597424, 28.928323228806164], [-106.14718231931383, 28.9278654159189], [-106.14595769865305, 28.92778793340888], [-106.14452466920544, 28.927056929209762], [-106.14127957498688, 28.925147862418715], [-106.13890258820936, 28.92393504447537], [-106.138187396214, 28.923672843669646], [-106.13736664429447, 28.92294666502338], [-106.13627808368446, 28.922870625694266], [-106.13533131938489, 28.922520311335877], [-106.1335255328167, 28.921670989057986], [-106.13130107521202, 28.92157833959819], [-106.12778432346474, 28.921202033297835], [-106.12498546085301, 28.921930781881652], [-106.12353068394876, 28.921682364197505], [-106.12400501639762, 28.921355992231106], [-106.12471800160245, 28.920525840377522], [-106.12508423688931, 28.919702249560313], [-106.12521726429291, 28.918026144590993], [-106.12709278210413, 28.91460036079441], [-106.12707281929305, 28.91427806076267], [-106.12682912012623, 28.91373794384913], [-106.12601605954973, 28.913117420751323], [-106.12539305150817, 28.912785552645296], [-106.12457989496197, 28.9121108613693], [-106.12438883832645, 28.911409319937988], [-106.1242637209074, 28.909504700312635], [-106.12427677434917, 28.907907444843016], [-106.12420893848065, 28.907300775129215], [-106.12426070436196, 28.90641684855256], [-106.1241945643439, 28.90559592962059], [-106.12452557138194, 28.90546088489989], [-106.12505718708839, 28.90491498363764], [-106.12514679048797, 28.90416189929183], [-106.12489426804247, 28.903221579583985], [-106.12463393263172, 28.90260052202896], [-106.1238316639831, 28.901594144855583], [-106.1235577967757, 28.900728594208342], [-106.12233140846078, 28.898904251463815], [-106.12171732371887, 28.89772569094124], [-106.12131077706174, 28.8972002188962], [-106.12031486157383, 28.89632711309926], [-106.12000044375094, 28.895741819192015], [-106.11926716722533, 28.895025904661733], [-106.1187595120776, 28.894275961747763], [-106.11811969844564, 28.894063670291594], [-106.117783396499, 28.89333938812712], [-106.11661220521138, 28.891395117645104], [-106.11448676088695, 28.889282359352407], [-106.11409661306779, 28.888708314263486], [-106.113559034965, 28.8878534626105], [-106.11359421942376, 28.887468762184884], [-106.11340447295629, 28.88708974089778], [-106.1125789533269, 28.88734607369445], [-106.11228363035019, 28.88766131400825], [-106.11125681567077, 28.887776289411605], [-106.09745350320809, 28.8569628186514], [-106.10439089472932, 28.852958591940673], [-106.10152057832292, 28.84976932060209], [-106.09430154251532, 28.832173072687734], [-106.0849626475328, 28.81736466512291], [-106.08890622230903, 28.797820357623447], [-106.0151030553064, 28.75874291786198], [-106.0385044207, 28.758094366553458], [-106.0423506723372, 28.756130145075563], [-106.04572180522275, 28.755752721186226], [-106.04982858141027, 28.754450350990183], [-106.05650240821157, 28.756646134178933], [-106.06303003587713, 28.758683276286874], [-106.06694576418072, 28.761043280398038], [-106.07047300417716, 28.76257649852446], [-106.08169267254247, 28.75975388833549], [-106.0844661232465, 28.759387512115943], [-106.08711156027, 28.759232417255916], [-106.08713898568173, 28.758442494917617], [-106.08860405470678, 28.758200624940866], [-106.08858135213335, 28.756012217916492], [-106.08782576891328, 28.756057704145533], [-106.08782361019945, 28.75558348182109], [-106.09129228953518, 28.755007099639865], [-106.0909733215434, 28.753468461164626], [-106.09180963158975, 28.751025980441355], [-106.09575174382982, 28.74552079127711], [-106.09287037664829, 28.737348535972103], [-106.09320388112634, 28.736384852812847], [-106.09275783879144, 28.735764244217492], [-106.09272513437445, 28.734968096717978], [-106.09244106972213, 28.734658284942952], [-106.09253626434041, 28.734093741309707], [-106.09243984793127, 28.73336681584614], [-106.0921928640428, 28.733099753074082], [-106.0923230255918, 28.732700495471423], [-106.09214292130788, 28.73181943950863], [-106.09257379166486, 28.729374381750116], [-106.0919647407936, 28.724407841552903], [-106.09181512728914, 28.72422673662836], [-106.09177536970161, 28.723626280217083], [-106.09123295409486, 28.722935711248848], [-106.09133907659223, 28.722485583566492], [-106.09116730953443, 28.7223046565762], [-106.09087038984306, 28.72216380600812], [-106.09053762294407, 28.72212742272268], [-106.09033611199686, 28.721927200934434], [-106.08999467713346, 28.72176717373828], [-106.08978605219966, 28.721593053149636], [-106.08966403186498, 28.721222898997507], [-106.08929875597694, 28.720900282489847], [-106.08873325893555, 28.720501142708567], [-106.08799250781728, 28.72026845398186], [-106.08778115017935, 28.719857664562483], [-106.08703459269516, 28.719805066431952], [-106.08650839385143, 28.7196334926976], [-106.08552770550054, 28.719081405396405], [-106.08426865661316, 28.718036692090532], [-106.08382848292945, 28.71646403134274], [-106.08384884382106, 28.71611426864896], [-106.08356314535304, 28.715516003208748], [-106.0846896981205, 28.714862767511264], [-106.08486292160326, 28.714678041437654], [-106.08497873231954, 28.71423324439565], [-106.08485485616609, 28.713896512216316], [-106.0872495049595, 28.71321351346637], [-106.08683939490551, 28.71243127616464], [-106.08665470891867, 28.712323084727387], [-106.08757226887361, 28.711729581946045], [-106.0918100480053, 28.709444095076687], [-106.09255419338729, 28.710542757654995], [-106.0955003326533, 28.7094716813362], [-106.09823588152423, 28.708582612397787], [-106.09687624344963, 28.704464430939378], [-106.09634288030061, 28.703068458561912], [-106.0955134911542, 28.701259442479618], [-106.09939349290659, 28.69979138419277], [-106.09955570281292, 28.699263264616587], [-106.09952158191824, 28.699050599966732], [-106.09865839520602, 28.698247662984944], [-106.1148002664703, 28.69260093758115], [-106.11240590226056, 28.689969328057582], [-106.11059947266409, 28.688163453513095], [-106.11040989330439, 28.68783433214471], [-106.11033012420341, 28.687176711231103], [-106.11111933360532, 28.68522492462535], [-106.11115607225055, 28.684503140836092], [-106.1108437072233, 28.683779252098553], [-106.10995474337622, 28.682869135083696], [-106.1029560848781, 28.67684305948351], [-106.10513095929822, 28.676185692316555], [-106.10367141030025, 28.673057297144396], [-106.10250920883377, 28.673413924106626], [-106.0969767424554, 28.661703492238345], [-106.09615124848317, 28.660739749074875], [-106.08593800937824, 28.651312176912683], [-106.08558848032933, 28.65128274037701], [-106.08558955251956, 28.650992586844428], [-106.07997809840789, 28.645783760865882], [-106.0782002275345, 28.644236211023475], [-106.07625292448901, 28.642330958445168], [-106.07684163283622, 28.64172682595964], [-106.07771765304226, 28.64122911989931], [-106.08226863085926, 28.640139606612188], [-106.08299841845667, 28.639868818124427], [-106.08376789098222, 28.63922957668019], [-106.08511292719368, 28.637505460873378], [-106.0850867016413, 28.636836029133246], [-106.08345503181724, 28.63405856933242], [-106.0832214853744, 28.6335196507972], [-106.08312962089869, 28.632404119161745], [-106.08357527234116, 28.63120281970611], [-106.08479700350884, 28.629591869867657], [-106.08536753299475, 28.629010591985477], [-106.0886538203889, 28.626839651763266], [-106.0923706760256, 28.624741372952606], [-106.0948170668141, 28.622865849618762], [-106.09525655272179, 28.622351731911014], [-106.09539519435138, 28.622051062837546], [-106.0956437061307, 28.621914034922863], [-106.09595908152588, 28.621830473638465], [-106.09691292443716, 28.621831758919267], [-106.09719470226749, 28.621950995542527], [-106.0980523199076, 28.622018310979108], [-106.0985756097202, 28.62181829276573], [-106.10023171085723, 28.620684569496124], [-106.10030490715722, 28.620406122330706], [-106.10152091587268, 28.61899771909624], [-106.10195384282373, 28.618239366313038], [-106.1023731731687, 28.61718474620481], [-106.10279699846473, 28.61638668612335], [-106.10386276774815, 28.615277225663622], [-106.1048288062102, 28.612767569486305], [-106.10512294789935, 28.611610466661595], [-106.10555179096708, 28.61106345143559], [-106.10525728403184, 28.61065123111186], [-106.10557082079289, 28.610189737751792], [-106.10605978669133, 28.610090661897434], [-106.10629055657236, 28.609836380936326], [-106.106091580775, 28.60984681178255], [-106.10593168311122, 28.609519681474737], [-106.10568733190318, 28.60926801422139], [-106.10570145913472, 28.609057476287134], [-106.10615854135045, 28.609025400884835], [-106.10602245666304, 28.6085187136082], [-106.10598759706215, 28.608626637192494], [-106.10568145713432, 28.608631322070128], [-106.10566723602597, 28.608532198383756], [-106.10409185318883, 28.607327859445455], [-106.10334179710762, 28.608060091855357], [-106.10303157267161, 28.607263354358228], [-106.10290100999626, 28.607380455824632], [-106.10200461814149, 28.60482714387447], [-106.10196574435955, 28.604041181452615], [-106.10218636491, 28.603190029124395], [-106.10269384083426, 28.601979567471513], [-106.10578434600639, 28.598981963382993], [-106.10642829302134, 28.598160268837944], [-106.11140844374408, 28.588265681712716], [-106.11183970379435, 28.587598992546816], [-106.1125931735543, 28.586953343705694], [-106.1135085308811, 28.58639320368501], [-106.11365191630625, 28.587268338196242], [-106.11422318169285, 28.58800574842654], [-106.11431074943404, 28.588676078290824], [-106.11461741423685, 28.588918294197526], [-106.11497115259041, 28.589393310090205], [-106.11507409333171, 28.58981453582176], [-106.11478419711177, 28.590314284479618], [-106.11558636015752, 28.590891896360716], [-106.11567018862628, 28.591206994507793], [-106.11595789237951, 28.591346732077533], [-106.1163561761055, 28.591793451809156], [-106.11639913445056, 28.59204967562814], [-106.11617022033381, 28.592394978671795], [-106.1161674996544, 28.592560789536055], [-106.11595693028728, 28.592949362048362], [-106.11591883894893, 28.593577303217376], [-106.11653760473861, 28.593726157030442], [-106.11729129018734, 28.593522583025173], [-106.11760926270748, 28.593563383944893], [-106.11769594308421, 28.59372451069098], [-106.11841836633698, 28.592795175926884], [-106.11950118753624, 28.59108004147883], [-106.12035513596321, 28.59072271071719], [-106.12131009760448, 28.590546927518353], [-106.12266645272972, 28.59017253024476], [-106.12371047146083, 28.589632815892724], [-106.12509018380008, 28.58936149365836], [-106.12581320290069, 28.588734030990512], [-106.12650022065301, 28.588332850275513], [-106.12820982667255, 28.58778757259907], [-106.13002628792785, 28.587659458685845], [-106.13045027463178, 28.58780281708889], [-106.1306548406262, 28.587778513417174], [-106.13104887421619, 28.58751534385201], [-106.13117494366946, 28.58733350335296], [-106.13107999360597, 28.586943294882346], [-106.13202555240203, 28.58667104633536], [-106.13263372654075, 28.586099841818136], [-106.13210895928287, 28.58564797423777], [-106.1299170021123, 28.5859360267094], [-106.12964513507838, 28.584546490029393], [-106.12736393325214, 28.583202003097316], [-106.1289330347379, 28.581314584439376], [-106.12894064599453, 28.579720901910036], [-106.12904307048655, 28.578348605976384], [-106.13982182716471, 28.57176429089801], [-106.14049181756799, 28.572666792366537], [-106.1415776165855, 28.571973217314657], [-106.14182091731097, 28.57224496514736], [-106.14331555741661, 28.57157470476517], [-106.14624460310827, 28.572783432677618], [-106.15578651503147, 28.578024455953795], [-106.15755662105926, 28.573681737488776], [-106.16009949475459, 28.576789921337618], [-106.16132804527618, 28.579095762642208], [-106.16524945393577, 28.57833894537085], [-106.16489516966791, 28.577590234455375], [-106.16563082336936, 28.577279498528377], [-106.1627177952208, 28.572165738535936], [-106.1623371686122, 28.57219848195761], [-106.15703397284055, 28.56100833448292], [-106.15680987395855, 28.560411381097904], [-106.15660240370599, 28.560164564319166], [-106.15641089588789, 28.559036264491002], [-106.15569908327124, 28.559483000686896], [-106.15541631658482, 28.559372414913625], [-106.15474310720809, 28.55866628686492], [-106.15381655887765, 28.558199594824636], [-106.15292307313838, 28.55739908379605], [-106.15817512600071, 28.550916304531], [-106.18220137394177, 28.526276126500875], [-106.18393548287612, 28.522205540721878], [-106.18554340279083, 28.517886706214927], [-106.18850812237878, 28.509084216274907], [-106.18924803083735, 28.50659336061735], [-106.18936278424259, 28.504105191446587], [-106.18985054283077, 28.50111788103176], [-106.19070989662745, 28.497299741437722], [-106.19194354103438, 28.49331413506445], [-106.19304864311408, 28.488499847222354], [-106.1942824548039, 28.484597141429667], [-106.1961453275419, 28.481686764336605], [-106.19850668243542, 28.478442498744254], [-106.20086614299544, 28.474783589410528], [-106.2008496758722, 28.470886295939707], [-106.20033784135103, 28.4680691632237], [-106.19894874827907, 28.464675397098773], [-106.19780170110593, 28.459373333131104], [-106.20149515889234, 28.446172465841016], [-106.22213753353412, 28.4233597374929], [-106.22922284179319, 28.415366929064977], [-106.23034822200549, 28.415610546397765], [-106.2356075716492, 28.41840571961994], [-106.24136499071345, 28.420783747040733], [-106.24612209251724, 28.422917460412982], [-106.24887433795256, 28.42373372268843], [-106.25212517068114, 28.42429879739914], [-106.25713249374678, 28.42643092758883], [-106.26389026118977, 28.428803188191036], [-106.26751370982004, 28.428868557027187], [-106.2722688348026, 28.430420887844306], [-106.27490790949008, 28.433558971046136], [-106.27617237742976, 28.436620850334993], [-106.27768762962123, 28.43984732008512], [-106.27870031104462, 28.442495804433673], [-106.28071430237534, 28.445471002664323], [-106.28309872307763, 28.447532189712554], [-106.28911449766899, 28.451067724750732], [-106.29287587421514, 28.453536412975073], [-106.29513871022723, 28.45617843558348], [-106.29752152261112, 28.457824756364523], [-106.29953334898929, 28.46021921272943], [-106.3019154617738, 28.461699613373625], [-106.3061691847904, 28.462589899021165], [-106.30954512901934, 28.462904151662183], [-106.3166473199246, 28.458887031497344], [-106.32026423635398, 28.457541354144215], [-106.32337853595018, 28.455700713482567], [-106.32573894460621, 28.45311771327699], [-106.33123756854569, 28.453171424455995], [-106.33250163175444, 28.455818121898538], [-106.33401705079227, 28.45871221937074], [-106.33703171606432, 28.461515323149175], [-106.33942489295322, 28.464902148010832], [-106.34006168131127, 28.4670546258204], [-106.34132844084554, 28.470115809282337], [-106.34196852715581, 28.472848694616623], [-106.34499353672473, 28.47739285413879], [-106.34774928210948, 28.478455788849427], [-106.35012170605155, 28.478028216452493], [-106.35362321338104, 28.478340668388945], [-106.35613097390357, 28.47973647169218], [-106.35664698781504, 28.482552876184624], [-106.35590788961437, 28.48446410207961], [-106.35305557105228, 28.488459948575137], [-106.35082806041326, 28.492452312284733], [-106.35184263169509, 28.49501723780555], [-106.3517326359251, 28.497671256592454], [-106.3513758943961, 28.50090706414907], [-106.35052093900086, 28.504477281400103], [-106.35027464935337, 28.50514198582709], [-106.34978720907166, 28.507383475558136], [-106.34955354160516, 28.5102869251814], [-106.34981201809599, 28.51177805119829], [-106.34958115560812, 28.515178998124124], [-106.34896067915047, 28.51601158958446], [-106.34572288009021, 28.5183510233653], [-106.3449847549942, 28.520510944749546], [-106.34361630180017, 28.521762184028713], [-106.34200282368064, 28.523926850991646], [-106.33990293570463, 28.528581707904518], [-106.3391683130093, 28.53140493350552], [-106.33917752588142, 28.5330632648136], [-106.33881249858192, 28.534889458798872], [-106.33795551171879, 28.538210853458448], [-106.33646261039168, 28.539628536860416], [-106.3343448172137, 28.541132486064186], [-106.33234655906742, 28.54164073334093], [-106.32922588300397, 28.542735385188415], [-106.32899070757408, 28.545472972779805], [-106.32862773452212, 28.54771372687098], [-106.327146324638, 28.551287148670863], [-106.32528507733804, 28.55403338371082], [-106.3246686919083, 28.555695040621895], [-106.32355690481516, 28.558271433076943], [-106.3199312901972, 28.55862228936976], [-106.3164151992116, 28.556070300295506], [-106.3142972307662, 28.557656870421773], [-106.3139321463401, 28.559565925040175], [-106.31557287295489, 28.562293664372522], [-106.31659756006552, 28.566765920743446], [-106.31561278263905, 28.569756180907337], [-106.31462440940153, 28.572083100056492], [-106.31300694955549, 28.57374995080502], [-106.3098903928802, 28.575839193467832], [-106.30802390254479, 28.577756041783573], [-106.30840404263832, 28.578666177899755], [-106.31028593164096, 28.57965141432171], [-106.31229473029829, 28.580967636628323], [-106.31456000703878, 28.583443349020673], [-106.31570379196812, 28.58675410464392], [-106.3187159726232, 28.588479544409868], [-106.32098066660771, 28.59078930383637], [-106.32386927593427, 28.592764032658735], [-106.3261273832165, 28.593829954832103], [-106.32889650294625, 28.596800230183497], [-106.33241244710389, 28.599020162077295], [-106.33555728217645, 28.601988268543348], [-106.33919542905156, 28.6036269261768], [-106.34094965151598, 28.60403197921433], [-106.34372225750822, 28.607499417787366], [-106.34597196424522, 28.606989596198442], [-106.35086090178963, 28.60845523180715], [-106.35676256572962, 28.61190508397058], [-106.3587773363093, 28.614049721649394], [-106.3599243050755, 28.617608776849146], [-106.36057073418739, 28.62117061880802], [-106.36084173301927, 28.62473455606895], [-106.36172941680687, 28.626719604874324], [-106.36437766563583, 28.6301043531013], [-106.36640412526529, 28.634155889163544], [-106.36716925937212, 28.636556171694306], [-106.36442949341468, 28.638976212897408], [-106.35367001007843, 28.640031330971468], [-106.34567222029747, 28.642480070853665], [-106.34268142499172, 28.64490106595872], [-106.33819334853212, 28.648242238600634], [-106.33533018092552, 28.65115989140046], [-106.33271080483972, 28.652915322662018], [-106.33061093051526, 28.65806754035431], [-106.33036924120634, 28.65964427836556], [-106.32837605414176, 28.661479178794302], [-106.32450196622678, 28.662826597205378], [-106.32176504609284, 28.66607497595937], [-106.31977969686399, 28.66940223577268], [-106.32129175994892, 28.671135480994224], [-106.32479736814814, 28.67103388158942], [-106.32581230649913, 28.673433069519348], [-106.32557507324489, 28.675838951409713], [-106.3254735314464, 28.6801512122089], [-106.32462241485547, 28.68479914884246], [-106.32251476690396, 28.68870752395592], [-106.32065699935053, 28.69253162239278], [-106.32254924063763, 28.695009073882403], [-106.32479453950536, 28.693338734687334], [-106.32728567489626, 28.690837866375404], [-106.3310332006833, 28.689076441785033], [-106.33567115920023, 28.689797606343753], [-106.33918435858847, 28.690939334508073], [-106.34168117775516, 28.689516103403978], [-106.3454213274024, 28.686510571615674], [-106.35502647829348, 28.679906978814355], [-106.35650855001688, 28.676333289385223], [-106.35749254069651, 28.673259868987667], [-106.36022850481234, 28.670010801804107], [-106.36347677824926, 28.668748807358714], [-106.36697295308929, 28.66707075152814], [-106.37022006913799, 28.665642772468043], [-106.37257933820199, 28.662312689301668], [-106.376319614711, 28.659638010108704], [-106.38208531656196, 28.660682825663653], [-106.38608522517286, 28.65958180244799], [-106.38772793525892, 28.662059772498857], [-106.38649250250995, 28.664803181462204], [-106.38600776151205, 28.667459316580576], [-106.38501461978113, 28.668874646101216], [-106.38540230724786, 28.670862396295693], [-106.39766754712004, 28.669878750544875], [-106.40316600774828, 28.66810507081184], [-106.41359138857635, 28.673266642042588], [-106.41423689403209, 28.67633064943035], [-106.41781326534449, 28.687336895613523], [-106.41932557600482, 28.688820240039643], [-106.4303875267702, 28.695137379730454], [-106.43215168929562, 28.696784856809614], [-106.43203508946652, 28.698112213468733], [-106.43130521428797, 28.701433295175786], [-106.43295994438799, 28.705485961358985], [-106.4372343086125, 28.707864132453143], [-106.4416258969767, 28.708997713273856], [-106.44475839483671, 28.70914403507468], [-106.44763928025189, 28.70912603039446], [-106.46204082854227, 28.708620533871958], [-106.46968533000027, 28.709152045590013], [-106.47507472355103, 28.709614803280033], [-106.47919715625122, 28.708012733477062], [-106.48508228604375, 28.70772564981524], [-106.48996770362109, 28.707776539828416], [-106.49761576386723, 28.708803926515746], [-106.49926007922497, 28.711031674061754], [-106.4990226266404, 28.71285734340359], [-106.49792909907279, 28.717590658053215], [-106.50021357889695, 28.72172114013625], [-106.50274699883678, 28.725601175754715], [-106.50251137729185, 28.7276755734982], [-106.50417106928441, 28.731975964125063], [-106.5057835179327, 28.729726526859295], [-106.50965686711186, 28.728291016016122], [-106.51340907148139, 28.727436604426195], [-106.51580932946487, 28.73015649487956], [-106.51768970724245, 28.730309575669565], [-106.51920829436051, 28.732372078394615], [-106.52060594118679, 28.73501577244511], [-106.52012009099353, 28.737091891372316], [-106.52226404175362, 28.738984271341284], [-106.52353841211404, 28.741877505471354], [-106.52368520680157, 28.74477843390108], [-106.5222019139888, 28.747524668167497], [-106.52151260939142, 28.749936122746824], [-106.52068007328579, 28.752029679572452], [-106.51982706314645, 28.753125373361065], [-106.51887285035498, 28.755387326952945], [-106.51941894592956, 28.757624123033562], [-106.51921998787978, 28.76012296128692], [-106.51801733869793, 28.762472257425294], [-106.5169277623886, 28.764237365409606], [-106.51612735895101, 28.76791083984074], [-106.51436224339264, 28.773347306288727], [-106.51515505472346, 28.775413618567526], [-106.51508103477086, 28.777910355763165], [-106.51463354599682, 28.780496527160157], [-106.51455951584138, 28.782993262853015], [-106.51385337061257, 28.78516784400819], [-106.51194072865137, 28.78952536201871], [-106.51160460369866, 28.79144419455509], [-106.5114988904539, 28.798516527018084], [-106.51209269966334, 28.803081665471506], [-106.51262534437407, 28.804653233524668], [-106.51359962746123, 28.8094615430825], [-106.51363706504024, 28.811290940562124], [-106.51457741570955, 28.814436147642454], [-106.51577313989861, 28.817826615748196], [-106.51641909676644, 28.8188139851008], [-106.51635705752459, 28.821892786732448], [-106.52275111455162, 28.822450936875892], [-106.52436722654281, 28.82192466999819], [-106.52630555268034, 28.818814300197474], [-106.5284185644076, 28.818113255977778], [-106.53292389177676, 28.818120457830595], [-106.53521867637633, 28.8201612607319], [-106.5357620828674, 28.822231637391308], [-106.5352822981148, 28.823237935433447], [-106.53494308664276, 28.824990498166144], [-106.5353459279993, 28.826314608609994], [-106.53739588592245, 28.828609052065854], [-106.53791699983249, 28.829598423213188], [-106.5386218114966, 28.833412879592892], [-106.53744639674002, 28.837092788819273], [-106.53713301774988, 28.840092649869433], [-106.5390547223393, 28.84222286273812], [-106.54049323129253, 28.845193054254906], [-106.5402912631054, 28.847525573916215], [-106.53992448176076, 28.84794769764196], [-106.53935053258189, 28.850452880177727], [-106.53840975302211, 28.85338018063935], [-106.53674905836613, 28.857816931475373], [-106.53748853863932, 28.863294428286764], [-106.53512610774753, 28.86408302721121], [-106.53287675564889, 28.864287401569044], [-106.53298168468609, 28.86935972875274], [-106.53265780382405, 28.871860656944918], [-106.53270425165574, 28.87410578357373], [-106.5342785680095, 28.87757282018684], [-106.53385535278066, 28.881323154254105], [-106.53403735065461, 28.884065076415162], [-106.53521048132825, 28.88629114872747], [-106.53752584651889, 28.889246511409365], [-106.53833390586699, 28.89197782185438], [-106.54138854160172, 28.894338318054082], [-106.54481023901099, 28.896276600075492], [-106.54799727607222, 28.898967415643604], [-106.55163837603898, 28.899404522018415], [-106.5562567063893, 28.89866031381589], [-106.56130636962442, 28.900570365820876], [-106.564476477048, 28.90242925712503], [-106.56666782522693, 28.905386211726466], [-106.5684801809687, 28.908183270289154], [-106.57039681621974, 28.909980339928083], [-106.57168571538217, 28.91170499044695], [-106.57272072574563, 28.913267631819135], [-106.57363933091719, 28.915248170475525], [-106.57555970130505, 28.917211457280583], [-106.5780939225082, 28.918581870809582], [-106.58139890194239, 28.92085391858429], [-106.58478513220622, 28.921044965069314], [-106.59129124993008, 28.92068279552578], [-106.59307973947497, 28.922315386318157], [-106.5930023399485, 28.924562597496017], [-106.5921682687521, 28.926573392278183], [-106.59059695155484, 28.92926240413628], [-106.58927425275297, 28.931863911638708], [-106.58857943832344, 28.93453771470806], [-106.58875419162814, 28.93686373514292], [-106.58930467994868, 28.93918324563824], [-106.59074606834636, 28.94215275255567], [-106.59331123288356, 28.944936382163924], [-106.59399244449224, 28.94750313905386], [-106.59616431636339, 28.94946173542249], [-106.59958882577239, 28.951398500250445], [-106.60102001276903, 28.953868980687275], [-106.60220608865221, 28.956593253916786], [-106.60435513777074, 28.957470769257213], [-106.61031411756255, 28.954871323391075], [-106.62431787929687, 28.953461243861437], [-106.62706451476501, 28.9529970120348], [-106.63107088345866, 28.95284322897752], [-106.63531871021748, 28.952269164304656], [-106.63822668623948, 28.9534654390321], [-106.63902165070095, 28.955447672682983], [-106.63894344650889, 28.95761171423375], [-106.63897964441034, 28.95927465592154], [-106.6387816054793, 28.961690354434133], [-106.63881780558394, 28.963353295244396], [-106.64146472407872, 28.964055036184867], [-106.644850582074, 28.96416136268633], [-106.65111395554591, 28.96405008787865], [-106.65436907592647, 28.96390896356775], [-106.65862266228642, 28.96358358919348], [-106.66189237657761, 28.964107451844665], [-106.66599615801124, 28.968359341103014], [-106.66765218567282, 28.96957736373287], [-106.66733869925355, 28.972411046820802], [-106.66622953905903, 28.97326269392303], [-106.66360237597515, 28.973476061221838], [-106.65983855876412, 28.97329378567087], [-106.65596953956322, 28.974028244907625], [-106.65264166024609, 28.97658289200226], [-106.64852371015989, 28.97740475062865], [-106.64507932796457, 28.9803771801077], [-106.64342693681651, 28.985064507125603], [-106.63858940288311, 28.987396048937647], [-106.63359923493212, 28.98848243377105], [-106.62834032256579, 28.988741582594578], [-106.62455976071493, 28.98781001327123], [-106.62065576180164, 28.986963683533343], [-106.61841298202646, 28.987585318707445], [-106.6144159908487, 28.98823766430271], [-106.60938435997998, 28.987410757984687], [-106.60619802162444, 28.9907936027404], [-106.60563934693663, 28.993964170564144], [-106.6080380382647, 28.994754067661763], [-106.61069811690456, 28.996038423472623], [-106.6147922471493, 28.99987615143631], [-106.61613508259224, 29.004011561241104], [-106.61593827303042, 29.006510382554485], [-106.6155033681125, 29.009595630553704], [-106.61620178061158, 29.012910540041133], [-106.6163935274535, 29.015984795588402], [-106.61632384658341, 29.018564562470058], [-106.61726226108497, 29.021376177383512], [-106.6185713635454, 29.023931738715305], [-106.61838358653351, 29.026846291441462], [-106.61887109338574, 29.031994808531767], [-106.62152867275904, 29.03311260629391], [-106.62629747214456, 29.033278204974387], [-106.63069925977778, 29.033866004840284], [-106.63643829157616, 29.032516901961895], [-106.63872725687698, 29.033973589569026], [-106.64004249854672, 29.036778347901905], [-106.63797311889319, 29.039643066238444], [-106.63498441999934, 29.04061091609259], [-106.62783342809877, 29.04048765811861], [-106.62423581699986, 29.04229779046869], [-106.6210069723153, 29.04376863159199], [-106.61689866362195, 29.045171656934063], [-106.61190727227324, 29.046340492455045], [-106.60677786348828, 29.046929305751416], [-106.60289674020824, 29.04724661400723], [-106.59899240767359, 29.04648288998963], [-106.59557714370342, 29.045128293365398], [-106.59195388524275, 29.045773514922104], [-106.59151282553232, 29.048609257792737], [-106.59034790743165, 29.052788425683538], [-106.59104410552574, 29.0560203174683], [-106.59414404508665, 29.060208581606815], [-106.59721750110246, 29.063149547421382], [-106.59791221428779, 29.06629824021158], [-106.598352610661, 29.069284999976365], [-106.59942539816045, 29.072510273104484], [-106.59960970730269, 29.075251951953327], [-106.59867070880067, 29.078262740081204], [-106.59374338989342, 29.082507422023934], [-106.59042477909651, 29.085725864904482], [-106.58668353141381, 29.086788912719744], [-106.58438695434738, 29.084998773459915], [-106.58397169169464, 29.08317603339939], [-106.58367831315206, 29.08118482399614], [-106.58028684224746, 29.080993955001247], [-106.57537452603566, 29.080080632114495], [-106.57270382206389, 29.078379915342303], [-106.56734986698739, 29.080301988084905], [-106.56402762915984, 29.077447786425928], [-106.56382493272613, 29.073791385074532], [-106.5608485216265, 29.075422835930365], [-106.55900596186278, 29.077284345885364], [-106.55494265030762, 29.08093057968754], [-106.55009685452673, 29.083175999930642], [-106.5466217556192, 29.084982008641774], [-106.53840961836694, 29.094271383857304], [-106.53604722975676, 29.09530961897938], [-106.53196161205186, 29.097957403794307], [-106.52773996865902, 29.100108289390473], [-106.52249045674935, 29.101111864671793], [-106.51839908538435, 29.103509803739612], [-106.52050098020365, 29.108049286084093], [-106.52281429027428, 29.11067203873887], [-106.52464662042419, 29.11430101815977], [-106.5259374854481, 29.116025990496993], [-106.52784359121287, 29.117158297461298], [-106.53088928800508, 29.118770369038575], [-106.53245551561385, 29.12165512088271], [-106.53301461183685, 29.124390559583905], [-106.5359247103368, 29.125505732426948], [-106.53850019192996, 29.128622817979174], [-106.53817767623934, 29.13120684101445], [-106.54181650151358, 29.13114499928788], [-106.5469348420936, 29.129810164634392], [-106.54952124862051, 29.13342591330637], [-106.55149442485573, 29.1377175119526], [-106.55220938010206, 29.14186422532352], [-106.5521101533776, 29.14311359892594], [-106.55239440544563, 29.14468913317747], [-106.55307156290036, 29.152995403508122], [-106.55313289314194, 29.15590559835762], [-106.55369523135613, 29.164712883034902], [-106.55463875124437, 29.167774336288687], [-106.55486779045302, 29.172677929324777], [-106.55378540996327, 29.174942259068064], [-106.54977426317578, 29.181249178248095], [-106.54881722769112, 29.183511328511052], [-106.54788640031548, 29.187020696467744], [-106.54846734718089, 29.190753794680415], [-106.54853037247061, 29.193747127955653], [-106.54781381442878, 29.195506096596453], [-106.54714098139632, 29.199343765105827], [-106.54597459580609, 29.203605736686526], [-106.54414356444781, 29.206132288620434], [-106.54242404217396, 29.20799149408418], [-106.54099400776781, 29.211675666892678], [-106.54336244671566, 29.210803561045427], [-106.54471752314991, 29.209532801483466], [-106.54695680768498, 29.20849647895378], [-106.55372529834528, 29.207798580059357], [-106.55594335799182, 29.205764339481593], [-106.55725249102409, 29.202331621522873], [-106.56115070095657, 29.19660867182772], [-106.5615947924161, 29.19385618107599], [-106.56544630237737, 29.191876912740522], [-106.56760535671059, 29.193004254247466], [-106.5720420769469, 29.194924073149135], [-106.57418000442786, 29.195053538725496], [-106.57616046680094, 29.193688494794586], [-106.57901616499976, 29.19214192991462], [-106.58238996182347, 29.1913349286574], [-106.58530602669654, 29.19261521924999], [-106.58662742695189, 29.195669855357487], [-106.58667553369482, 29.197914808836327], [-106.58699436434715, 29.201070012471952], [-106.58867835119864, 29.203452908448774], [-106.58973816616674, 29.20601298561051], [-106.59238395117629, 29.206382857792192], [-106.59476610082578, 29.20617503000803], [-106.59919131495431, 29.207511883369932], [-106.60376914841048, 29.210093572562787], [-106.60605455307143, 29.211218063961557], [-106.6098180353576, 29.210985779672242], [-106.61392134430243, 29.212888256959253], [-106.60966874397734, 29.217192462124345], [-106.60691849662923, 29.220502206684614], [-106.60466721824424, 29.22290227793262], [-106.59979163480673, 29.228942055466913], [-106.5984169689265, 29.230844634762303], [-106.59654175858743, 29.23324380980836], [-106.59366271590609, 29.235727585308698], [-106.58902529164399, 29.237801806201162], [-106.58526357776833, 29.23896558220363], [-106.57698381948929, 29.240220476138614], [-106.56984110968735, 29.244281137851715], [-106.56808869307724, 29.246018925359287], [-106.56746360320209, 29.24692865307948], [-106.56609257885847, 29.250482895216475], [-106.56296037611902, 29.252636110535786], [-106.56246205226557, 29.2540411832486], [-106.56172216095656, 29.25899843647853], [-106.5572174566358, 29.264457926613446], [-106.55672182690506, 29.2669367613776], [-106.55886190111629, 29.26916316903679], [-106.56011775719551, 29.269326142866163], [-106.56237994857207, 29.270230693049122], [-106.56238571862744, 29.272378248446117], [-106.56013492979464, 29.275768813474137], [-106.55951201784585, 29.277587090848623], [-106.56064662197896, 29.27931964511552], [-106.5621588220501, 29.281381905071434], [-106.56379843156056, 29.284104702805397], [-106.56669579397919, 29.28756856487711], [-106.56873900677793, 29.299954543263464], [-106.57164046551858, 29.30465723111741], [-106.57529643984336, 29.30960620310401], [-106.57844967905532, 29.314308236132135], [-106.57934072274679, 29.318436398003545], [-106.58111539277148, 29.324049583218912], [-106.58363792258191, 29.327596325410635], [-106.58904783456099, 29.330476451199665], [-106.59332847488972, 29.333689049563652], [-106.59334170114933, 29.338066664900516], [-106.59260589561936, 29.344015153052755], [-106.59224195378971, 29.34831093747011], [-106.59137392920091, 29.35211216659847], [-106.58585497157428, 29.35526198969051], [-106.58210225247707, 29.360968634457464], [-106.57820939070763, 29.361802225942316], [-106.5725631326531, 29.36470398308824], [-106.57093539571466, 29.36677200164473], [-106.57584420776807, 29.369570935474805], [-106.57823731303614, 29.37146603219019], [-106.58038229910429, 29.374435330011284], [-106.58151840062355, 29.376167629041888], [-106.58479539510732, 29.379382397875652], [-106.58643188011027, 29.38028768088758], [-106.58983907103978, 29.38490619294735], [-106.59122582219248, 29.386307499473734], [-106.59286901034046, 29.389360189710793], [-106.5943896429407, 29.39340426506806], [-106.59515698079127, 29.39769767615931], [-106.5946572298157, 29.398689871105994], [-106.59152278458514, 29.40133943416907], [-106.58788857880403, 29.40506369675804], [-106.58551368960713, 29.409611300850184], [-106.58476604991056, 29.41184290737932], [-106.58315083219848, 29.418288661572348], [-106.58303587909535, 29.42192312977566], [-106.58466735556789, 29.42849581277372], [-106.58672441576968, 29.4360396364868], [-106.58610933183286, 29.4405836666567], [-106.58372868525642, 29.44347933924542], [-106.58097258478132, 29.447036490294195], [-106.58122801438385, 29.44835751768155], [-106.57997917607669, 29.451333462505687], [-106.57873196774078, 29.45488756597756], [-106.5793678678683, 29.457281589942607], [-106.57698472462991, 29.45951639225284], [-106.57359358530424, 29.461174944551598], [-106.56882941612815, 29.465228075638702], [-106.56606466569694, 29.46746667727279], [-106.56192019178283, 29.469787137354952], [-106.55928501738468, 29.47210470695124], [-106.55689927825536, 29.473678405643536], [-106.55413853977207, 29.476161301245483], [-106.55087712325158, 29.479636193068558], [-106.54811804906574, 29.48286233857671], [-106.5464947869696, 29.48749059297567], [-106.54776998442433, 29.493930883980457], [-106.54702666704293, 29.498309801923902], [-106.54577648919525, 29.501368059493934], [-106.54377882806259, 29.50731847931332], [-106.54240886749072, 29.512772211755884], [-106.54128595675135, 29.516490982796196], [-106.5367594858425, 29.518068019448968], [-106.53399980216233, 29.521624292764102], [-106.53186672687556, 29.52418832215364], [-106.52810432472972, 29.529563259057316], [-106.5208255235238, 29.53841273159085], [-106.5161753834857, 29.541476042885865], [-106.51278224464184, 29.543876528008102], [-106.51027816050515, 29.549744672425433], [-106.51004032276128, 29.555774595082404], [-106.51093023549655, 29.55949011253936], [-106.51421886146754, 29.565927655460403], [-106.51661527028119, 29.56765848859144], [-106.47945289344553, 29.57120139362224], [-106.59722110522918, 29.672060494365414], [-106.59351495134464, 29.694385401764375], [-106.58496856090399, 29.691352813425937], [-106.57365035835743, 29.694304148566303], [-106.56106325297218, 29.696023599001887], [-106.5560169662616, 29.695019393457446], [-106.52620785002895, 29.663405281352016], [-106.51926521790648, 29.660965212851593], [-106.51110329516504, 29.66492655734525], [-106.50198973412562, 29.667860603940163], [-106.49412893525883, 29.669756321330983], [-106.48723599426683, 29.67556679392872], [-106.48284815920837, 29.67909539666041], [-106.47593814506624, 29.682223336563354], [-106.46904209564208, 29.6878266105924], [-106.46812362765331, 29.692369831537384], [-106.4669236372209, 29.702691117365223], [-106.46411372342156, 29.7070369224786], [-106.45597995800067, 29.716977946331166], [-106.45350534886906, 29.72503560533074], [-106.45102102448908, 29.731442767547826], [-106.44505750649488, 29.73559639718494], [-106.43939944461866, 29.73809788546375], [-106.42349729122013, 29.710935476703835], [-106.42066758322783, 29.711979469746996], [-106.41498831929272, 29.710353696458455], [-106.41372059376995, 29.70891498099754], [-106.35424889821542, 29.723601142632273], [-106.35075519950945, 29.71763142016829], [-106.34188085212962, 29.706111436910845], [-106.33618444169758, 29.700355906195615], [-106.33049143875385, 29.695219055954276], [-106.32600629014829, 29.749497623133212], [-106.31593376548179, 29.752422714614312], [-106.30935663722776, 29.762143237374364], [-106.30055956541565, 29.76898273826352], [-106.29806442244846, 29.775387325813888], [-106.30059671935207, 29.777854349835263], [-106.30186378175466, 29.779294158196176], [-106.29748200813738, 29.786943236963488]]]}}, {"type": "Feature", "id": 7, "properties": {"id": 7, "distrito_f": 7, "nombre": "Distrito Federal 7", "clave_entidad": 8, "entidad": 8}, "geometry": {"type": "Polygon", "coordinates": [[[-107.14501905464677, 30.85084683776469], [-107.13701645284722, 30.849141812465998], [-107.13246709498591, 30.8453100628638], [-107.08942964054253, 30.843428764508097], [-107.08355188155127, 30.83714570574091], [-107.0811190148959, 30.82832531258068], [-107.07869614389072, 30.81991699515281], [-107.08268115759621, 30.813246766736416], [-107.09018506243433, 30.807336414700202], [-107.09005139838602, 30.801566304014855], [-107.0907386510014, 30.7900085174419], [-107.09281767363635, 30.783579201537353], [-107.089720802565, 30.77353412630485], [-107.09110144882521, 30.764437528248983], [-107.09153252830896, 30.75556453767628], [-107.09139427819574, 30.7495883087787], [-107.0874590458648, 30.74450646727615], [-107.08884917634741, 30.73582201999166], [-107.09623718119914, 30.725171765401576], [-107.0948509512388, 30.720249320181004], [-107.09505919586167, 30.7155036876344], [-107.09903441192287, 30.708627026711827], [-107.10080314889984, 30.702615624792177], [-107.10444527633946, 30.69512645790271], [-107.10324790607969, 30.684634124088344], [-107.10396706425192, 30.674518727381084], [-107.10165192362744, 30.670644285266878], [-107.1030019180146, 30.660311075091958], [-107.10984824057373, 30.65399961955945], [-107.10838602037677, 30.645780007451457], [-107.10440195936225, 30.638431586428695], [-107.10393157578142, 30.631842922009245], [-107.10056464983317, 30.623658290522062], [-107.099724708876, 30.614808548915473], [-107.09703194080711, 30.608260715407866], [-107.08924945882553, 30.60139383919346], [-107.07829289331653, 30.594584388054606], [-107.0750753645749, 30.592787502053184], [-107.0860757439217, 30.573825269286157], [-107.08619008680911, 30.564957876189226], [-107.08478826976359, 30.559210746380614], [-107.07885857305628, 30.549835146046192], [-107.07464351123667, 30.54599466783258], [-107.07548758460129, 30.541237369918427], [-107.08074596753629, 30.53516259463707], [-107.08946570759079, 30.527787279616078], [-107.09316922612336, 30.523183680406007], [-107.09306045632235, 30.518443747899653], [-107.08415337158814, 30.51757585512836], [-107.07366945177954, 30.51714836919], [-107.06788849159305, 30.51416075828781], [-107.0610536136686, 30.50665613652386], [-107.05834821904539, 30.499282787685228], [-107.05583267899885, 30.492799678507033], [-107.05728441359331, 30.490574140710077], [-107.09303403305731, 30.475766760435285], [-107.11159698034716, 30.46903410778178], [-107.1185207376085, 30.466638245725502], [-107.13549466356315, 30.459931677632984], [-107.14340207025171, 30.458959372897645], [-107.14549116549497, 30.453353719696125], [-107.13956287668884, 30.443980712878073], [-107.14033098889666, 30.43613191120677], [-107.12887614976752, 30.43448972420606], [-107.12145175549311, 30.42885466516757], [-107.12577471428844, 30.38279819657805], [-107.13834674644576, 30.3782348729611], [-107.14496112603115, 30.376462061299694], [-107.11729858562774, 30.317597967306224], [-107.0876207731193, 30.321853568236623], [-107.07027082916643, 30.325055225753136], [-107.0583213428573, 30.328982171648065], [-107.05239232051296, 30.333006204878185], [-107.04139114916947, 30.33691460239624], [-107.0327536171827, 30.33315136966732], [-107.03017908969801, 30.331341594130382], [-107.02695308864635, 30.32871862364373], [-107.02022127891925, 30.32512682673053], [-107.0173259980533, 30.323116285282254], [-107.01464784524552, 30.3165658607536], [-107.01258972568112, 30.309385877374567], [-107.0074292207689, 30.30514706785502], [-107.0004011254442, 30.302384120215677], [-106.99560741919191, 30.300406381336778], [-106.99107229036703, 30.295743563445875], [-106.9859089473704, 30.29129771745604], [-106.97701866373572, 30.29021540489044], [-106.97140047208654, 30.29402422274793], [-106.96539892904678, 30.294746673874553], [-106.95972267702668, 30.29587561120328], [-106.95027803629998, 30.298512373509787], [-106.94275431168316, 30.302146524916026], [-106.93573676826297, 30.299792233048525], [-106.92708016030625, 30.294785000669037], [-106.91112617402668, 30.28907574845227], [-106.90370356815781, 30.28239657346301], [-106.89568310559675, 30.277376469808083], [-106.88270533703096, 30.27759322102398], [-106.87669967221773, 30.278105469636238], [-106.87068126671952, 30.27799908504155], [-106.86813632877956, 30.277422634973306], [-106.8766395313964, 30.259755569148954], [-106.85054623411428, 30.253175632590455], [-106.85104553576477, 30.24656930628293], [-106.84937991554519, 30.24247277523126], [-106.84647793703509, 30.23983980248455], [-106.84550787056948, 30.238824712758625], [-106.8063556780299, 30.22770621674744], [-106.80566990112145, 30.225036693318224], [-106.80689054168883, 30.22274895330287], [-106.81156250125865, 30.218962339879717], [-106.81246658456288, 30.21667964517964], [-106.81333789940398, 30.21274791419096], [-106.81614396845737, 30.210640743963925], [-106.81730682361486, 30.20546711809386], [-106.81819426724854, 30.202359875192457], [-106.82093426915118, 30.19695455882391], [-106.81542643860105, 30.190445200769922], [-106.80460010655007, 30.186907704035526], [-106.79533954748301, 30.18251952330835], [-106.78796507753671, 30.17748209209778], [-106.78031128022351, 30.174304427981323], [-106.76975613264909, 30.168285293109378], [-106.76687441211442, 30.166474897055107], [-106.76424130751072, 30.16115514878881], [-106.7622129979243, 30.15438244890054], [-106.79579271394599, 30.108899752712713], [-106.78868285071495, 30.052307994540595], [-106.78788264198062, 30.043660266624112], [-106.78840991216205, 30.038290674515164], [-106.78641899752441, 30.033373431794494], [-106.7878935849844, 30.027988811058638], [-106.78464397524392, 30.02329769279361], [-106.77975218872996, 30.015333209973857], [-106.77773431208173, 30.0089728078012], [-106.78013217879902, 30.002336464464673], [-106.7790336430766, 29.99451811874278], [-106.78578192910363, 29.984307468703275], [-106.78919361749885, 29.981160350302346], [-106.79195384815065, 29.97699248432], [-106.79119439147162, 29.970406060396268], [-106.78464333013846, 29.958137709227227], [-106.78012229613259, 29.952847873178094], [-106.77272653158752, 29.94574727860862], [-106.76791890999927, 29.941904925178765], [-106.76080877425106, 29.933149483689657], [-106.75340801054114, 29.925635380232322], [-106.74604743779155, 29.92018226676591], [-106.74483180108439, 29.905972864290014], [-106.73941980682558, 29.903375989999038], [-106.728954549319, 29.900444319104533], [-106.71976283168465, 29.89811092643602], [-106.70579540468232, 29.893375094088242], [-106.696251459759, 29.888983288122844], [-106.6870425486975, 29.885616773420544], [-106.64944836857991, 29.882259738361483], [-106.62687782743264, 29.87228070219423], [-106.6302471485503, 29.866663681207033], [-106.63392768907327, 29.86083580374751], [-106.64267734883467, 29.85637679516777], [-106.64989449622225, 29.85441443119896], [-106.65478978945633, 29.846093488700145], [-106.6511486077605, 29.836455339034785], [-106.64850899983905, 29.829895489511117], [-106.64486539347341, 29.820050938528187], [-106.63745242883063, 29.81088025793424], [-106.6326162418687, 29.804764667565312], [-106.62554610150009, 29.797031741544437], [-106.61782887180752, 29.788276717277967], [-106.61711910266266, 29.783750254769274], [-106.62357804957807, 29.774789058675882], [-106.63258838469685, 29.76764622157569], [-106.64072598822898, 29.764639934225876], [-106.64572104185937, 29.762091892629535], [-106.65292405737222, 29.75971727427399], [-106.66230149161822, 29.755660281701335], [-106.66288306546166, 29.752970846881105], [-106.65800022239436, 29.74417599579161], [-106.65381073090748, 29.738876364715622], [-106.65123649115954, 29.735821138870374], [-106.6477288965119, 29.733398260810645], [-106.64354407494123, 29.728304421283717], [-106.63996735744234, 29.721964212058598], [-106.63444758309332, 29.712559058294346], [-106.62835750958777, 29.706461446910183], [-106.62137460277839, 29.703263567052232], [-106.61092983724197, 29.700115361474055], [-106.60113664981473, 29.69819427167366], [-106.59351495134464, 29.694385401764375], [-106.59722110522918, 29.672060494365414], [-106.47945289344553, 29.57120139362224], [-106.51661527028119, 29.56765848859144], [-106.51421886146754, 29.565927655460403], [-106.51093023549655, 29.55949011253936], [-106.51004032276128, 29.555774595082404], [-106.51027816050515, 29.549744672425433], [-106.51278224464184, 29.543876528008102], [-106.5161753834857, 29.541476042885865], [-106.5208255235238, 29.53841273159085], [-106.52810432472972, 29.529563259057316], [-106.53186672687556, 29.52418832215364], [-106.53399980216233, 29.521624292764102], [-106.53675948584251, 29.518068019448968], [-106.54128595675135, 29.516490982796196], [-106.54240886749072, 29.512772211755884], [-106.54377882806259, 29.50731847931332], [-106.54577648919525, 29.501368059493934], [-106.54702666704293, 29.498309801923902], [-106.54776998442433, 29.493930883980457], [-106.5464947869696, 29.48749059297567], [-106.54811804906574, 29.48286233857671], [-106.55087712325158, 29.479636193068558], [-106.55413853977207, 29.476161301245483], [-106.55689927825536, 29.473678405643536], [-106.55928501738465, 29.47210470695124], [-106.56192019178283, 29.469787137354952], [-106.56606466569694, 29.46746667727279], [-106.56882941612815, 29.465228075638702], [-106.57359358530424, 29.461174944551598], [-106.5769847246299, 29.45951639225284], [-106.5793678678683, 29.457281589942607], [-106.57873196774078, 29.45488756597756], [-106.57997917607669, 29.451333462505687], [-106.58122801438385, 29.44835751768155], [-106.58097258478132, 29.447036490294195], [-106.58372868525642, 29.44347933924542], [-106.58610933183286, 29.4405836666567], [-106.58672441576968, 29.4360396364868], [-106.58466735556789, 29.42849581277372], [-106.58303587909535, 29.42192312977566], [-106.58315083219848, 29.418288661572348], [-106.58476604991056, 29.41184290737932], [-106.58551368960713, 29.409611300850184], [-106.58788857880403, 29.40506369675804], [-106.59152278458514, 29.40133943416907], [-106.5946572298157, 29.398689871105994], [-106.59515698079127, 29.39769767615931], [-106.5943896429407, 29.39340426506806], [-106.59286901034046, 29.389360189710793], [-106.59122582219248, 29.386307499473734], [-106.58983907103978, 29.38490619294735], [-106.58643188011027, 29.38028768088758], [-106.58479539510732, 29.379382397875652], [-106.58151840062355, 29.376167629041888], [-106.58038229910429, 29.374435330011284], [-106.57823731303614, 29.37146603219019], [-106.57584420776807, 29.369570935474805], [-106.57093539571466, 29.36677200164473], [-106.5725631326531, 29.36470398308824], [-106.57820939070763, 29.361802225942316], [-106.58210225247707, 29.360968634457464], [-106.58585497157428, 29.35526198969051], [-106.59137392920091, 29.35211216659847], [-106.59224195378971, 29.34831093747011], [-106.59260589561936, 29.344015153052755], [-106.59334170114933, 29.338066664900516], [-106.59332847488972, 29.333689049563652], [-106.58904783456099, 29.330476451199665], [-106.58363792258191, 29.327596325410635], [-106.58111539277148, 29.324049583218912], [-106.57934072274679, 29.318436398003545], [-106.57844967905532, 29.314308236132135], [-106.57529643984336, 29.30960620310401], [-106.57164046551858, 29.30465723111741], [-106.56873900677793, 29.299954543263464], [-106.56669579397919, 29.28756856487711], [-106.56379843156056, 29.284104702805397], [-106.5621588220501, 29.281381905071434], [-106.56064662197896, 29.27931964511552], [-106.55951201784585, 29.277587090848623], [-106.56013492979464, 29.275768813474137], [-106.56238571862744, 29.272378248446117], [-106.56237994857207, 29.270230693049122], [-106.56011775719551, 29.269326142866163], [-106.55886190111629, 29.26916316903679], [-106.55672182690506, 29.2669367613776], [-106.5572174566358, 29.264457926613446], [-106.56172216095656, 29.25899843647853], [-106.56246205226557, 29.2540411832486], [-106.56296037611902, 29.252636110535786], [-106.56609257885847, 29.250482895216475], [-106.56746360320209, 29.24692865307948], [-106.56808869307724, 29.246018925359287], [-106.56984110968735, 29.244281137851715], [-106.57698381948929, 29.240220476138614], [-106.58526357776833, 29.23896558220363], [-106.58902529164399, 29.237801806201162], [-106.59366271590609, 29.235727585308698], [-106.59654175858743, 29.23324380980836], [-106.5984169689265, 29.230844634762303], [-106.59979163480673, 29.228942055466913], [-106.60466721824424, 29.22290227793262], [-106.60691849662923, 29.220502206684614], [-106.60966874397734, 29.217192462124345], [-106.61392134430243, 29.212888256959253], [-106.6098180353576, 29.210985779672242], [-106.60605455307143, 29.211218063961557], [-106.60376914841048, 29.210093572562787], [-106.59919131495431, 29.207511883369932], [-106.59476610082578, 29.20617503000803], [-106.59238395117629, 29.206382857792192], [-106.58973816616674, 29.20601298561051], [-106.58867835119864, 29.203452908448774], [-106.58699436434715, 29.201070012471952], [-106.58667553369482, 29.197914808836327], [-106.58662742695189, 29.195669855357487], [-106.58530602669654, 29.19261521924999], [-106.58238996182347, 29.1913349286574], [-106.57901616499976, 29.19214192991462], [-106.57616046680094, 29.193688494794586], [-106.57418000442786, 29.195053538725496], [-106.5720420769469, 29.194924073149135], [-106.56760535671059, 29.193004254247466], [-106.56544630237737, 29.191876912740522], [-106.5615947924161, 29.19385618107599], [-106.56115070095657, 29.19660867182772], [-106.55725249102409, 29.202331621522873], [-106.55594335799182, 29.205764339481593], [-106.55372529834528, 29.207798580059357], [-106.54695680768498, 29.20849647895378], [-106.54471752314991, 29.209532801483466], [-106.54336244671566, 29.210803561045427], [-106.54099400776781, 29.211675666892678], [-106.54242404217396, 29.20799149408418], [-106.54414356444781, 29.206132288620434], [-106.54597459580609, 29.203605736686526], [-106.54714098139632, 29.199343765105827], [-106.54781381442878, 29.195506096596453], [-106.54853037247061, 29.193747127955653], [-106.54846734718089, 29.190753794680415], [-106.54788640031548, 29.187020696467744], [-106.54881722769112, 29.183511328511052], [-106.54977426317578, 29.181249178248095], [-106.55378540996327, 29.174942259068064], [-106.55486779045302, 29.172677929324777], [-106.55463875124437, 29.167774336288687], [-106.55369523135613, 29.164712883034902], [-106.55313289314194, 29.15590559835762], [-106.55307156290036, 29.152995403508122], [-106.55239440544563, 29.14468913317747], [-106.5521101533776, 29.14311359892594], [-106.55220938010206, 29.14186422532352], [-106.55149442485573, 29.1377175119526], [-106.54952124862051, 29.13342591330637], [-106.5469348420936, 29.129810164634392], [-106.54181650151358, 29.13114499928788], [-106.53817767623934, 29.13120684101445], [-106.53850019192996, 29.128622817979174], [-106.5359247103368, 29.125505732426948], [-106.53301461183685, 29.124390559583905], [-106.53245551561385, 29.12165512088271], [-106.53088928800508, 29.118770369038575], [-106.52784359121287, 29.117158297461298], [-106.5259374854481, 29.116025990496993], [-106.52464662042419, 29.11430101815977], [-106.52281429027428, 29.11067203873887], [-106.52050098020365, 29.108049286084093], [-106.51839908538435, 29.103509803739612], [-106.52249045674935, 29.101111864671793], [-106.52773996865902, 29.100108289390473], [-106.53196161205186, 29.097957403794307], [-106.53604722975676, 29.09530961897938], [-106.53840961836694, 29.094271383857304], [-106.5466217556192, 29.084982008641774], [-106.55009685452673, 29.083175999930642], [-106.55494265030762, 29.08093057968754], [-106.55900596186278, 29.077284345885364], [-106.5608485216265, 29.075422835930365], [-106.56382493272613, 29.073791385074532], [-106.56402762915984, 29.077447786425928], [-106.56734986698739, 29.080301988084905], [-106.57270382206389, 29.078379915342303], [-106.57537452603566, 29.080080632114495], [-106.58028684224746, 29.080993955001247], [-106.58367831315206, 29.08118482399614], [-106.58397169169464, 29.08317603339939], [-106.58438695434738, 29.084998773459915], [-106.58668353141381, 29.086788912719744], [-106.59042477909651, 29.085725864904482], [-106.59374338989342, 29.082507422023934], [-106.59867070880067, 29.078262740081204], [-106.59960970730269, 29.075251951953327], [-106.59942539816045, 29.072510273104484], [-106.598352610661, 29.069284999976365], [-106.59791221428779, 29.06629824021158], [-106.59721750110246, 29.063149547421382], [-106.59414404508665, 29.060208581606815], [-106.59104410552574, 29.0560203174683], [-106.59034790743165, 29.052788425683538], [-106.59151282553232, 29.048609257792737], [-106.59195388524275, 29.045773514922104], [-106.59557714370342, 29.045128293365398], [-106.59899240767359, 29.04648288998963], [-106.60289674020824, 29.04724661400723], [-106.60677786348828, 29.046929305751416], [-106.61190727227324, 29.046340492455045], [-106.61689866362195, 29.045171656934063], [-106.6210069723153, 29.04376863159199], [-106.62423581699986, 29.04229779046869], [-106.62783342809877, 29.04048765811861], [-106.63498441999934, 29.04061091609259], [-106.63797311889319, 29.039643066238444], [-106.64004249854672, 29.036778347901905], [-106.63872725687698, 29.033973589569026], [-106.63643829157616, 29.032516901961895], [-106.63069925977778, 29.033866004840284], [-106.62629747214456, 29.033278204974387], [-106.62152867275904, 29.03311260629391], [-106.61887109338574, 29.031994808531767], [-106.61838358653351, 29.026846291441462], [-106.6185713635454, 29.023931738715305], [-106.61726226108497, 29.021376177383512], [-106.61632384658341, 29.018564562470058], [-106.6163935274535, 29.015984795588402], [-106.61620178061158, 29.012910540041133], [-106.6155033681125, 29.009595630553704], [-106.61593827303042, 29.006510382554485], [-106.61613508259224, 29.004011561241104], [-106.6147922471493, 28.99987615143631], [-106.61069811690456, 28.996038423472623], [-106.6080380382647, 28.994754067661763], [-106.60563934693663, 28.993964170564144], [-106.60619802162444, 28.9907936027404], [-106.60938435997998, 28.987410757984687], [-106.6144159908487, 28.98823766430271], [-106.61841298202646, 28.987585318707445], [-106.62065576180164, 28.986963683533343], [-106.62455976071493, 28.98781001327123], [-106.62834032256579, 28.988741582594578], [-106.63359923493212, 28.98848243377105], [-106.63858940288311, 28.987396048937647], [-106.64342693681651, 28.985064507125603], [-106.64507932796457, 28.9803771801077], [-106.64852371015989, 28.97740475062865], [-106.65264166024609, 28.97658289200226], [-106.65596953956322, 28.974028244907625], [-106.65983855876412, 28.97329378567087], [-106.66360237597515, 28.973476061221838], [-106.66622953905903, 28.97326269392303], [-106.66733869925355, 28.972411046820802], [-106.66765218567282, 28.96957736373287], [-106.66599615801124, 28.968359341103014], [-106.66189237657761, 28.964107451844665], [-106.65862266228642, 28.96358358919348], [-106.65436907592647, 28.96390896356775], [-106.65111395554591, 28.96405008787865], [-106.644850582074, 28.96416136268633], [-106.64146472407872, 28.964055036184867], [-106.63881780558394, 28.963353295244396], [-106.6387816054793, 28.961690354434133], [-106.63897964441034, 28.95927465592154], [-106.63894344650889, 28.95761171423375], [-106.63902165070095, 28.955447672682983], [-106.63822668623948, 28.9534654390321], [-106.63531871021748, 28.952269164304656], [-106.63107088345866, 28.95284322897752], [-106.62706451476501, 28.9529970120348], [-106.62431787929687, 28.953461243861437], [-106.61031411756255, 28.954871323391075], [-106.60435513777074, 28.957470769257213], [-106.60220608865221, 28.956593253916786], [-106.60102001276903, 28.953868980687275], [-106.59958882577239, 28.951398500250445], [-106.59616431636339, 28.94946173542249], [-106.59399244449224, 28.94750313905386], [-106.59331123288356, 28.944936382163924], [-106.59074606834636, 28.94215275255567], [-106.58930467994868, 28.93918324563824], [-106.58875419162814, 28.93686373514292], [-106.58857943832344, 28.93453771470806], [-106.58927425275297, 28.931863911638708], [-106.59059695155484, 28.92926240413628], [-106.5921682687521, 28.926573392278183], [-106.5930023399485, 28.924562597496017], [-106.59307973947497, 28.922315386318157], [-106.59129124993008, 28.92068279552578], [-106.58478513220622, 28.921044965069314], [-106.58139890194239, 28.92085391858429], [-106.5780939225082, 28.918581870809582], [-106.57555970130505, 28.917211457280583], [-106.57363933091719, 28.915248170475525], [-106.57272072574563, 28.913267631819135], [-106.57168571538217, 28.91170499044695], [-106.57039681621974, 28.909980339928083], [-106.5684801809687, 28.908183270289154], [-106.56666782522693, 28.905386211726466], [-106.564476477048, 28.90242925712503], [-106.56130636962442, 28.900570365820876], [-106.5562567063893, 28.89866031381589], [-106.55163837603898, 28.899404522018415], [-106.54799727607222, 28.898967415643604], [-106.54481023901099, 28.896276600075492], [-106.54138854160172, 28.894338318054082], [-106.53833390586699, 28.89197782185438], [-106.53752584651889, 28.889246511409365], [-106.53521048132825, 28.88629114872747], [-106.53403735065461, 28.884065076415162], [-106.53385535278066, 28.881323154254105], [-106.5342785680095, 28.87757282018684], [-106.53270425165574, 28.87410578357373], [-106.53265780382405, 28.871860656944918], [-106.53298168468609, 28.86935972875274], [-106.53287675564889, 28.864287401569044], [-106.53512610774753, 28.86408302721121], [-106.53748853863932, 28.863294428286764], [-106.53674905836613, 28.857816931475373], [-106.53840975302211, 28.85338018063935], [-106.53935053258189, 28.850452880177727], [-106.53992448176076, 28.84794769764196], [-106.5402912631054, 28.847525573916215], [-106.54049323129253, 28.845193054254906], [-106.5390547223393, 28.84222286273812], [-106.53713301774988, 28.840092649869433], [-106.53744639674002, 28.837092788819273], [-106.5386218114966, 28.833412879592892], [-106.53791699983249, 28.829598423213188], [-106.53739588592245, 28.828609052065854], [-106.5353459279993, 28.826314608609994], [-106.53494308664276, 28.824990498166144], [-106.5352822981148, 28.823237935433447], [-106.5357620828674, 28.822231637391308], [-106.53521867637633, 28.8201612607319], [-106.53292389177676, 28.818120457830595], [-106.5284185644076, 28.818113255977778], [-106.52630555268034, 28.818814300197474], [-106.52436722654281, 28.82192466999819], [-106.52275111455162, 28.822450936875892], [-106.51635705752459, 28.821892786732448], [-106.51641909676644, 28.8188139851008], [-106.51577313989861, 28.817826615748196], [-106.51457741570955, 28.814436147642454], [-106.51363706504024, 28.811290940562124], [-106.51359962746123, 28.8094615430825], [-106.51262534437407, 28.804653233524668], [-106.51209269966334, 28.803081665471506], [-106.5114988904539, 28.798516527018084], [-106.51160460369866, 28.79144419455509], [-106.51194072865137, 28.78952536201871], [-106.51385337061257, 28.78516784400819], [-106.51455951584138, 28.782993262853015], [-106.51463354599682, 28.780496527160157], [-106.51508103477086, 28.777910355763165], [-106.51515505472346, 28.775413618567526], [-106.51436224339264, 28.773347306288727], [-106.51612735895101, 28.767910839840834], [-106.5169277623886, 28.764237365409606], [-106.51801733869793, 28.762472257425294], [-106.51921998787978, 28.76012296128692], [-106.51941894592956, 28.757624123033562], [-106.51887285035498, 28.755387326952945], [-106.51982706314645, 28.753125373361065], [-106.52068007328579, 28.752029679572452], [-106.52151260939142, 28.749936122746824], [-106.5222019139888, 28.747524668167497], [-106.52368520680157, 28.74477843390108], [-106.52353841211404, 28.741877505471354], [-106.52226404175362, 28.738984271341373], [-106.52012009099353, 28.737091891372316], [-106.52060594118679, 28.73501577244511], [-106.51920829436051, 28.732372078394615], [-106.51768970724245, 28.730309575669565], [-106.51580932946487, 28.73015649487956], [-106.51340907148139, 28.727436604426195], [-106.50965686711186, 28.728291016016122], [-106.5057835179327, 28.729726526859295], [-106.50417106928441, 28.731975964125063], [-106.50251137729185, 28.7276755734982], [-106.50274699883678, 28.725601175754715], [-106.50021357889695, 28.72172114013625], [-106.49792909907279, 28.717590658053215], [-106.4990226266404, 28.71285734340359], [-106.49926007922497, 28.711031674061754], [-106.49761576386723, 28.708803926515845], [-106.48996770362109, 28.707776539828416], [-106.48508228604375, 28.70772564981524], [-106.47919715625123, 28.70801273347715], [-106.47507472355103, 28.709614803280033], [-106.46968533000027, 28.709152045590013], [-106.46204082854227, 28.708620533871958], [-106.44763928025189, 28.70912603039446], [-106.44475839483671, 28.70914403507468], [-106.4416258969767, 28.708997713273856], [-106.4372343086125, 28.707864132453143], [-106.43295994438799, 28.705485961358985], [-106.43130521428797, 28.701433295175786], [-106.43203508946652, 28.698112213468733], [-106.43215168929562, 28.696784856809614], [-106.4303875267702, 28.695137379730454], [-106.41932557600482, 28.688820240039643], [-106.41781326534449, 28.687336895613523], [-106.41423689403209, 28.67633064943035], [-106.41359138857635, 28.673266642042588], [-106.40316600774828, 28.66810507081184], [-106.39766754712004, 28.669878750544875], [-106.38540230724786, 28.670862396295693], [-106.38501461978113, 28.668874646101216], [-106.38600776151205, 28.667459316580576], [-106.38649250250995, 28.664803181462204], [-106.38772793525892, 28.662059772498857], [-106.38608522517286, 28.65958180244799], [-106.38208531656196, 28.660682825663653], [-106.376319614711, 28.659638010108704], [-106.37257933820199, 28.662312689301668], [-106.37022006913799, 28.665642772468043], [-106.36697295308929, 28.66707075152814], [-106.36347677824926, 28.668748807358714], [-106.36022850481234, 28.670010801804107], [-106.35749254069651, 28.673259868987667], [-106.35650855001688, 28.676333289385223], [-106.35502647829348, 28.679906978814355], [-106.3454213274024, 28.686510571615674], [-106.34168117775516, 28.689516103403978], [-106.33918435858847, 28.690939334508073], [-106.33567115920023, 28.689797606343753], [-106.3310332006833, 28.689076441785033], [-106.32728567489626, 28.690837866375404], [-106.32479453950536, 28.693338734687334], [-106.32254924063763, 28.695009073882403], [-106.32065699935053, 28.69253162239278], [-106.32251476690396, 28.68870752395592], [-106.32462241485547, 28.68479914884246], [-106.3254735314464, 28.6801512122089], [-106.32557507324489, 28.675838951409713], [-106.32581230649913, 28.673433069519348], [-106.32479736814814, 28.67103388158942], [-106.32129175994892, 28.671135480994224], [-106.31977969686399, 28.66940223577268], [-106.32176504609284, 28.66607497595937], [-106.32450196622678, 28.662826597205378], [-106.32837605414176, 28.661479178794302], [-106.33036924120634, 28.65964427836556], [-106.33061093051526, 28.65806754035431], [-106.33271080483972, 28.652915322662018], [-106.33533018092552, 28.65115989140046], [-106.33819334853212, 28.648242238600634], [-106.34268142499172, 28.64490106595872], [-106.34567222029747, 28.642480070853665], [-106.35367001007843, 28.640031330971468], [-106.36442949341468, 28.638976212897408], [-106.36716925937212, 28.636556171694306], [-106.36640412526529, 28.634155889163544], [-106.36437766563583, 28.6301043531013], [-106.36172941680687, 28.626719604874324], [-106.36084173301927, 28.62473455606895], [-106.36057073418739, 28.62117061880802], [-106.3599243050755, 28.617608776849146], [-106.3587773363093, 28.614049721649394], [-106.35676256572962, 28.61190508397058], [-106.35086090178963, 28.60845523180715], [-106.34597196424522, 28.606989596198442], [-106.34372225750822, 28.607499417787366], [-106.34094965151598, 28.60403197921433], [-106.33919542905156, 28.6036269261768], [-106.33555728217645, 28.601988268543348], [-106.33241244710389, 28.599020162077295], [-106.32889650294625, 28.596800230183497], [-106.3261273832165, 28.593829954832103], [-106.32386927593427, 28.592764032658735], [-106.32098066660771, 28.59078930383637], [-106.3187159726232, 28.588479544409868], [-106.31570379196812, 28.58675410464392], [-106.31456000703878, 28.583443349020673], [-106.31229473029829, 28.580967636628323], [-106.31028593164096, 28.57965141432171], [-106.30840404263832, 28.578666177899755], [-106.30802390254479, 28.577756041783573], [-106.3098903928802, 28.575839193467832], [-106.31300694955549, 28.57374995080502], [-106.31462440940153, 28.572083100056492], [-106.31561278263905, 28.569756180907337], [-106.31659756006552, 28.566765920743446], [-106.31557287295489, 28.562293664372522], [-106.3139321463401, 28.559565925040175], [-106.3142972307662, 28.557656870421773], [-106.3164151992116, 28.556070300295506], [-106.3199312901972, 28.55862228936976], [-106.32355690481516, 28.558271433076943], [-106.3246686919083, 28.555695040621895], [-106.32528507733804, 28.55403338371082], [-106.327146324638, 28.551287148670863], [-106.32862773452212, 28.54771372687098], [-106.32899070757408, 28.545472972779805], [-106.32922588300397, 28.542735385188415], [-106.33234655906742, 28.54164073334093], [-106.3343448172137, 28.541132486064186], [-106.33646261039168, 28.539628536860416], [-106.33795551171879, 28.538210853458448], [-106.33881249858192, 28.534889458798872], [-106.33917752588142, 28.5330632648136], [-106.3391683130093, 28.53140493350552], [-106.33990293570463, 28.528581707904518], [-106.34200282368064, 28.523926850991646], [-106.34361630180017, 28.521762184028713], [-106.3449847549942, 28.520510944749546], [-106.34572288009021, 28.5183510233653], [-106.34896067915047, 28.51601158958446], [-106.34958115560812, 28.515178998124124], [-106.34981201809599, 28.51177805119829], [-106.34955354160516, 28.5102869251814], [-106.34978720907166, 28.507383475558136], [-106.35027464935337, 28.50514198582709], [-106.35052093900086, 28.504477281400103], [-106.3513758943961, 28.50090706414907], [-106.3517326359251, 28.497671256592454], [-106.35184263169509, 28.49501723780555], [-106.35082806041326, 28.492452312284733], [-106.35305557105228, 28.488459948575137], [-106.35590788961437, 28.48446410207961], [-106.35664698781504, 28.482552876184624], [-106.35613097390357, 28.47973647169218], [-106.35362321338104, 28.478340668388945], [-106.35012170605155, 28.478028216452493], [-106.34774928210948, 28.478455788849427], [-106.34499353672473, 28.47739285413879], [-106.34196852715581, 28.472848694616623], [-106.34132844084554, 28.470115809282337], [-106.34006168131127, 28.4670546258204], [-106.33942489295322, 28.464902148010832], [-106.33703171606432, 28.461515323149175], [-106.33401705079227, 28.45871221937074], [-106.33250163175444, 28.455818121898538], [-106.33123756854569, 28.453171424455995], [-106.32573894460621, 28.45311771327699], [-106.32337853595018, 28.455700713482567], [-106.32026423635398, 28.457541354144215], [-106.3166473199246, 28.458887031497344], [-106.30954512901934, 28.462904151662183], [-106.3061691847904, 28.462589899021165], [-106.3019154617738, 28.461699613373625], [-106.29953334898929, 28.46021921272943], [-106.29752152261112, 28.457824756364523], [-106.29513871022723, 28.45617843558348], [-106.29287587421514, 28.453536412975073], [-106.28911449766899, 28.451067724750732], [-106.28309872307763, 28.447532189712554], [-106.28071430237534, 28.445471002664323], [-106.27870031104462, 28.442495804433673], [-106.27768762962123, 28.43984732008512], [-106.27617237742976, 28.436620850334993], [-106.27490790949008, 28.433558971046136], [-106.2722688348026, 28.430420887844306], [-106.26751370982004, 28.428868557027187], [-106.26389026118977, 28.428803188191036], [-106.25713249374678, 28.42643092758883], [-106.25212517068114, 28.42429879739914], [-106.24887433795256, 28.42373372268843], [-106.24612209251724, 28.422917460412982], [-106.24136499071345, 28.420783747040733], [-106.2356075716492, 28.41840571961994], [-106.23034822200549, 28.415610546397765], [-106.22922284179319, 28.415366929064977], [-106.25263322666832, 28.372718601598738], [-106.25075365525917, 28.371317798603847], [-106.24887221167374, 28.36950236238097], [-106.24776988046627, 28.347118319689542], [-106.24076841106081, 28.292961846940923], [-106.2379427850141, 28.271869232537547], [-106.2243742869147, 28.2786478749289], [-106.22498720485866, 28.276157378901694], [-106.22434569152365, 28.272096966862353], [-106.22296188533753, 28.26944960205283], [-106.22443643397831, 28.264301646011226], [-106.22355782529048, 28.263061727184727], [-106.222422919193, 28.260247381910453], [-106.22154185389867, 28.258426985523915], [-106.2202776664341, 28.254535173691806], [-106.22126546591682, 28.252208861648754], [-106.22137691765178, 28.249140142837664], [-106.22074039887843, 28.246157692276324], [-106.21996597646844, 28.24010762689083], [-106.21982911707444, 28.237288786070447], [-106.21944427979969, 28.23480274643662], [-106.21717823916272, 28.22983731918857], [-106.2174184133044, 28.22768019754644], [-106.21803231570689, 28.225438489553476], [-106.21689480082375, 28.22187775287559], [-106.21726072343296, 28.219968847704564], [-106.21799643897218, 28.21706319543714], [-106.21761208981953, 28.214660066738883], [-106.2151035839734, 28.211188308335903], [-106.21472003001796, 28.208951014706223], [-106.22159018910719, 28.21190581861885], [-106.22458361669031, 28.212141191399052], [-106.22757379422185, 28.21163018621506], [-106.23105317277735, 28.208960844724594], [-106.23328710150925, 28.20662879218977], [-106.23614945399459, 28.20545478526508], [-106.23926553805637, 28.205274654977497], [-106.24125135970662, 28.203275317536196], [-106.24073370181289, 28.199048524628438], [-106.2379747875442, 28.195412490232638], [-106.23360760530986, 28.19452025383634], [-106.23173514234884, 28.19394828360609], [-106.23396509149828, 28.190786988877456], [-106.23457589704799, 28.187964746669397], [-106.233314368333, 28.18457054733308], [-106.23355305452151, 28.182164625475856], [-106.23479034624722, 28.180085859359764], [-106.2380318201018, 28.18023690654995], [-106.24901631741287, 28.183669024253962], [-106.25188928529565, 28.184982406471537], [-106.25737958799256, 28.186200468129652], [-106.26112372934628, 28.18717783577371], [-106.26797755398381, 28.186730490301585], [-106.2713458692586, 28.18729475544724], [-106.27596830470496, 28.189428414458824], [-106.28185240041196, 28.19462393079972], [-106.28572982592895, 28.197258435928088], [-106.29071545921805, 28.197067912466014], [-106.29182465682422, 28.194491752700582], [-106.29056084575703, 28.191015223438747], [-106.28679434766006, 28.185560875337025], [-106.28928035105666, 28.184138869276655], [-106.29075437309048, 28.179736575743505], [-106.29186422968064, 28.17732625962772], [-106.2913492675105, 28.174011848050647], [-106.29332242187434, 28.169772896067556], [-106.2951774077129, 28.166861296196153], [-106.29565236083602, 28.162132238722826], [-106.29300738939654, 28.156506564318278], [-106.29199858777, 28.15410676845053], [-106.28949412338802, 28.15163144624332], [-106.28537070988345, 28.149329892823616], [-106.28175753699013, 28.14943053461555], [-106.27715028978515, 28.1501163868793], [-106.27415931898196, 28.150047955905805], [-106.26991952639136, 28.14940498931259], [-106.26567822128938, 28.148430196674703], [-106.25269832347159, 28.14393063097844], [-106.24408406556606, 28.14023899167197], [-106.24880822237465, 28.137895201275402], [-106.25291603780325, 28.137046796186453], [-106.25590970504227, 28.13777909266301], [-106.2587841895603, 28.139672840561797], [-106.26115729625926, 28.140905498701848], [-106.26240713529657, 28.141728824521564], [-106.26652666872785, 28.143367710750542], [-106.27026741149439, 28.14393026384208], [-106.27463079711639, 28.144406778349946], [-106.27861681873972, 28.14413866543695], [-106.28135481109746, 28.143461916219092], [-106.28384316680338, 28.14270341274369], [-106.28707460695867, 28.141029033351263], [-106.29068013537784, 28.139435652576147], [-106.29279454654662, 28.13867884199913], [-106.30236903969994, 28.138967209866397], [-106.30534475308706, 28.141205268711357], [-106.30720237040529, 28.143358127519996], [-106.31092052908923, 28.146754700754133], [-106.31563438403073, 28.149740111972083], [-106.32023159276035, 28.150163200020867], [-106.32420930246934, 28.149923696125803], [-106.32470431463152, 28.150668513092747], [-106.32245353465964, 28.1554570012486], [-106.32119595846756, 28.160578134327345], [-106.32229453269198, 28.167605012104076], [-106.32365480265216, 28.170087127476176], [-106.32687742169935, 28.173399520141867], [-106.331348162178, 28.174978912850904], [-106.33481798250074, 28.178952736930007], [-106.33879179945718, 28.180530870497343], [-106.34301897620536, 28.18037391839382], [-106.34650371546813, 28.178893150577554], [-106.35048688709897, 28.17691740087644], [-106.35483862125889, 28.176595044839456], [-106.35993391002832, 28.177182962801044], [-106.36441236378624, 28.175868849670472], [-106.3688917019298, 28.17414139354623], [-106.37100433128039, 28.17439303385554], [-106.37909584374206, 28.169448570984382], [-106.38344809474063, 28.168712120237092], [-106.38767059619413, 28.170371878227684], [-106.39089586183414, 28.173352136679956], [-106.39598307532707, 28.177657479349804], [-106.40008144679338, 28.179481916198164], [-106.40443099534416, 28.180149653368044], [-106.4061756534456, 28.17808628959162], [-106.41102091182057, 28.1794983099298], [-106.41698624951866, 28.18033327027157], [-106.4199707138296, 28.179841626972546], [-106.42320061079157, 28.18100303072331], [-106.42829960234413, 28.179852976529656], [-106.43339457249107, 28.1808513306872], [-106.43774506855642, 28.181104808869684], [-106.44097791768878, 28.180695662019733], [-106.4440875626317, 28.17962518482651], [-106.44744548266507, 28.178720211646112], [-106.45155706069384, 28.181419123237788], [-106.45234339243417, 28.1816032166432], [-106.45890014429469, 28.17791343363765], [-106.46311073364603, 28.177250523117845], [-106.47118378563981, 28.181969322401184], [-106.4764010373151, 28.184701560268422], [-106.49453815895676, 28.19504767944237], [-106.49653304380776, 28.190421706317483], [-106.49852966260764, 28.184225616589085], [-106.5002730121295, 28.181747937895967], [-106.50089770880572, 28.179104073804286], [-106.50127474942497, 28.17563364435501], [-106.50177509247298, 28.172989676601166], [-106.50338974432603, 28.174065229088324], [-106.50574664995686, 28.178281513862917], [-106.50798156805256, 28.180597024144223], [-106.51046438974188, 28.183656399784816], [-106.51269925645168, 28.18621973086735], [-106.51468524531244, 28.189113390571357], [-106.51791507082683, 28.19151204401586], [-106.52077165558656, 28.19432355047088], [-106.52387616684429, 28.198044136985157], [-106.52673502416359, 28.198789619051507], [-106.53083729337366, 28.199453125922563], [-106.53382164298104, 28.198959000301095], [-106.5360609779586, 28.19730751959615], [-106.53817729821925, 28.194003237547136], [-106.54004343161859, 28.192434136045158], [-106.5437742371011, 28.190948561812366], [-106.547132107074, 28.189297448637618], [-106.55173231848232, 28.188638410968313], [-106.55720196432627, 28.189053810425072], [-106.56192584169693, 28.18930345992822], [-106.56677395521251, 28.189718253474222], [-106.57149738851773, 28.190876545997366], [-106.57497829433179, 28.190877482366528], [-106.57858397036736, 28.18988675166727], [-106.58256290747688, 28.187987032067806], [-106.57784171906911, 28.182118981655194], [-106.574113448111, 28.18021745485844], [-106.57212581746121, 28.177820516631076], [-106.56839691031709, 28.177488876486247], [-106.56330144782885, 28.17591714811879], [-106.55907633056543, 28.17418028659224], [-106.55472619065908, 28.173682760554144], [-106.55199149255664, 28.17384687990363], [-106.54938181725505, 28.173019380748833], [-106.54655166720191, 28.13599744199496], [-106.54754603398128, 28.13558474248784], [-106.55065253866636, 28.135420919431507], [-106.55537370213578, 28.136166702837855], [-106.55798256535925, 28.136911490667096], [-106.55934927534697, 28.13707730182892], [-106.56171073248585, 28.136169218084106], [-106.5658126575845, 28.1336916404951], [-106.56941649290596, 28.13278385181992], [-106.57239842733271, 28.132950039616684], [-106.57774023900194, 28.134934752723087], [-106.58432496967976, 28.136506341724832], [-106.58718235637042, 28.13766378790253], [-106.59090990810898, 28.13799497187841], [-106.5921531828286, 28.136011945894857], [-106.58942030092842, 28.13419355102489], [-106.5860671963889, 28.130143847820204], [-106.58668877496815, 28.129317625762013], [-106.5892989792052, 28.12667380892867], [-106.58743594028235, 28.125186049017394], [-106.57886387040894, 28.123944630442615], [-106.57613096215135, 28.123200198136566], [-106.57501332597514, 28.122208269976248], [-106.5738962431674, 28.120224713164664], [-106.57389748810948, 28.117910935976283], [-106.57451993489059, 28.115514703444255], [-106.57477059735126, 28.11138302789731], [-106.5758901477082, 28.108491122066134], [-106.57874912520472, 28.10477332411534], [-106.58210418198925, 28.10229511458578], [-106.58620410671799, 28.100395429162134], [-106.58868897467976, 28.09890850074827], [-106.59092487074808, 28.098661005735355], [-106.59229097054413, 28.099239679694456], [-106.59614084399196, 28.101223485744367], [-106.60222727264001, 28.10130681119315], [-106.60446358907181, 28.099489045505937], [-106.60595495011582, 28.096183784285092], [-106.60856375141452, 28.09420071356069], [-106.61266252140688, 28.094118214416657], [-106.61725780333846, 28.09601879799662], [-106.6197417070416, 28.097836677010253], [-106.64197480938941, 28.096511966146466], [-106.64346523103976, 28.096015867002453], [-106.64545226781374, 28.0938669844909], [-106.64644544507722, 28.090230912697677], [-106.64818388318552, 28.08775152015742], [-106.65041837540201, 28.081140338153066], [-106.65352257152938, 28.078412636195736], [-106.65389456400978, 28.075355118068547], [-106.66017307754771, 28.071517486501758], [-106.66417104561103, 28.070166817033826], [-106.66592916362303, 28.069198258319233], [-106.66606597698906, 28.073836487678136], [-106.72094792110457, 28.111609606478904], [-106.72569777937424, 28.10993629748794], [-106.72751585789959, 28.106401352487527], [-106.72678764972463, 28.10043064626698], [-106.72734115457133, 28.092656175394374], [-106.7313192978963, 28.086832744651762], [-106.7355101081208, 28.082502302706825], [-106.73992141979905, 28.079333780992265], [-106.74269888845159, 28.077136350509807], [-106.74606009239254, 28.071138585614236], [-106.75661397878163, 28.080967664735248], [-106.76640324289482, 28.081016759424134], [-106.77422541686212, 28.080376563552186], [-106.77875438439946, 28.08283787126659], [-106.78508610362186, 28.082342724990564], [-106.78770858308816, 28.08146693832852], [-106.79021655689235, 28.080175659117263], [-106.79253276179594, 28.081862062198375], [-106.79439111800329, 28.081886664015727], [-106.7965706072736, 28.078686871729257], [-106.80365839695409, 28.07762138649874], [-106.8160394327371, 28.07811497782976], [-106.81780552392912, 28.076730731339854], [-106.82142607413445, 28.07553622355393], [-106.82377425255308, 28.07581517038126], [-106.82847435160954, 28.07620742281058], [-106.82872582920177, 28.076045121269242], [-106.83447997097419, 28.073636216723294], [-106.83902095978715, 28.070052462785146], [-106.84653454278457, 28.066506834728624], [-106.85663596016519, 28.06357341869633], [-106.86448347106071, 28.061686778968205], [-106.8731776675318, 28.060721034831985], [-106.87975694122062, 28.06014197889291], [-106.88515917212715, 28.056733248740997], [-106.89095975449072, 28.052087608731412], [-106.89550872636491, 28.048005559859458], [-106.90501105553372, 28.043985120329484], [-106.90967041644541, 28.04048348669106], [-106.91817548091225, 28.036698158309598], [-106.92501664116621, 28.035375256503944], [-106.93551214166608, 28.03691125168152], [-106.93812327577596, 28.036446483159494], [-106.94125982103078, 28.034580831780488], [-106.95036678493278, 28.028772442685444], [-106.9532709321375, 28.030234084676287], [-106.953530992124, 28.031221832350884], [-106.95429552704493, 28.03286551432022], [-106.95617556820486, 28.034335585705307], [-106.97221024609173, 28.056314714370618], [-106.97100120139844, 28.059046043594265], [-106.9674810597497, 28.065836993707133], [-106.96615026969354, 28.079126553787276], [-106.96382787019866, 28.082278954460428], [-106.9762155115335, 28.082300633081417], [-106.97776673974522, 28.082081227352315], [-106.99006830156391, 28.08462783079639], [-106.9898380492588, 28.08611428321944], [-106.99050461417276, 28.089820447599273], [-106.99251949354587, 28.092031164814834], [-106.99464854164057, 28.093416149767542], [-106.99615752352057, 28.094888581994642], [-106.99679186561904, 28.095955672325818], [-107.00079060553767, 28.097820309705675], [-107.00351958377198, 28.09746825473195], [-107.00625058712559, 28.097281084499098], [-107.00921875508097, 28.096184673119723], [-107.01154313150462, 28.093278968861874], [-107.01227511863064, 28.092200773699012], [-107.01497301819082, 28.08937443641021], [-107.01720401775088, 28.088106548560557], [-107.01788517348878, 28.083824542562958], [-107.01758210626662, 28.079455742264482], [-107.01777382545207, 28.0749179171279], [-107.01812169174667, 28.072935602691434], [-107.01993928264957, 28.0692916488708], [-107.02467529685353, 28.070572209256536], [-107.02965877076666, 28.07176806903302], [-107.0346684323004, 28.075025442234775], [-107.03665565736398, 28.075008848962625], [-107.041147876365, 28.076620762705463], [-107.04400559421846, 28.076679231249855], [-107.04611283223852, 28.076331584778977], [-107.05181873227562, 28.075706051155606], [-107.05466794545251, 28.075104561930385], [-107.06011467920274, 28.073656128886906], [-107.06246805624802, 28.073141184930343], [-107.06569932278681, 28.073278488009585], [-107.06845519002296, 28.075069309867438], [-107.06959117891948, 28.076461631842214], [-107.07086211458008, 28.078677535818112], [-107.07326276435057, 28.08179091275562], [-107.07515058876902, 28.08367154439738], [-107.08184812439166, 28.08287122849736], [-107.08224883926191, 28.08501209569288], [-107.10097327060642, 28.091858345363605], [-107.12501847421419, 28.116928493230006], [-107.14609013537388, 28.138709102926587], [-107.15520408833154, 28.14253900509989], [-107.15817718067561, 28.140116910326565], [-107.16102513986486, 28.13753036340006], [-107.16548520924962, 28.13410377100367], [-107.16696317695556, 28.130949264483725], [-107.16943997813799, 28.128861753635295], [-107.17266129500125, 28.12652006275062], [-107.17389581293769, 28.124607955994687], [-107.17562160631442, 28.12136865723244], [-107.17882909383145, 28.11596708434181], [-107.18093033335929, 28.113386257859656], [-107.18749122623183, 28.10770896648514], [-107.19145295182831, 28.10445110463582], [-107.19516067598134, 28.100037458715367], [-107.19918282919807, 28.09672860817321], [-107.20209616038827, 28.095100721056404], [-107.20619195966358, 28.094156907864306], [-107.20855178146034, 28.093971791372716], [-107.21091391634963, 28.09428280381149], [-107.21277753948048, 28.094267169279128], [-107.21562766253331, 28.09267194902038], [-107.21711422267707, 28.091749753005985], [-107.21797368318491, 28.089592363274907], [-107.21795837944498, 28.08636727415713], [-107.21930802128696, 28.082799880361605], [-107.21991578051808, 28.079983021801286], [-107.22027782561038, 28.077747121380494], [-107.22039102689995, 28.0754306234177], [-107.22024989527675, 28.071875802277138], [-107.22086034337498, 28.069637802997725], [-107.22184734071038, 28.068223599900072], [-107.22419744512062, 28.06613627274081], [-107.2296415149616, 28.063390722461403], [-107.23088903737495, 28.062854244168655], [-107.23324609191631, 28.06225527250265], [-107.23709475966392, 28.061891595599754], [-107.23596156488037, 28.058758783969093], [-107.23270667521103, 28.053493920043877], [-107.22858280530967, 28.048236340697592], [-107.22869026971046, 28.044762114589712], [-107.22905126991175, 28.04236080838849], [-107.22817564639061, 28.041045072681218], [-107.225306879641, 28.038423042103222], [-107.21895749050974, 28.035003292850174], [-107.21856354413006, 28.030458191372016], [-107.22154669822814, 28.031094658764744], [-107.22315813215697, 28.03050217402338], [-107.22551415153087, 28.02982067573087], [-107.22874604866679, 28.030537578900876], [-107.23111040695854, 28.031592573859225], [-107.23434399204291, 28.032640117708432], [-107.23508578783839, 28.031972208601108], [-107.2351999005629, 28.0299037884681], [-107.23518663247401, 28.027174871252207], [-107.23292169856101, 28.020991819073252], [-107.23240989872609, 28.01785364601486], [-107.23500866481483, 28.016094860942996], [-107.23934258073282, 28.013742314148566], [-107.24281543291895, 28.01305098321792], [-107.24790663465993, 28.01325530699573], [-107.24914397274338, 28.012417665663758], [-107.25138022770624, 28.0127291512258], [-107.25299991569143, 28.013872909793502], [-107.253995992177, 28.0144431684632], [-107.25685052444084, 28.01425302260403], [-107.25846987046403, 28.015314018193124], [-107.2597193233053, 28.01687439521095], [-107.2625726337136, 28.016436047353867], [-107.26467636964587, 28.015094527832595], [-107.26789650239127, 28.013577808058173], [-107.27136525447413, 28.01214152946821], [-107.27360240175143, 28.012618035324035], [-107.27534644768966, 28.013760423719777], [-107.2785872239085, 28.01621270732786], [-107.28096128302782, 28.019086068460794], [-107.28344296158575, 28.018815972098537], [-107.28617556478912, 28.019039775597648], [-107.28853926566175, 28.01992838080781], [-107.29052877417482, 28.020489501651923], [-107.29226777281087, 28.020639353931696], [-107.29523262126314, 28.017883851330524], [-107.29733504358668, 28.01637647055231], [-107.29981749878235, 28.016271467195576], [-107.301190775295, 28.017664930982637], [-107.30219028508525, 28.018813662218786], [-107.30417437774494, 28.018382287121046], [-107.30591927069341, 28.019606952772264], [-107.30667237335594, 28.021088656341885], [-107.30730225988444, 28.0227368603535], [-107.30879483031127, 28.0232195112817], [-107.31114268852916, 28.0212135291455], [-107.31373644634263, 28.01879179877062], [-107.31895526139728, 28.01957116796517], [-107.32254850605479, 28.01829787269523], [-107.32564367285553, 28.01678097882068], [-107.32836821418138, 28.015598208351452], [-107.33308179559452, 28.01489319469433], [-107.3374123396681, 28.01237230173738], [-107.3429642069553, 28.006449467924575], [-107.34605096029675, 28.00360911927258], [-107.34938774938068, 28.00109714629285], [-107.35261349262326, 28.00081886944151], [-107.35485065898648, 28.001294044823858], [-107.35647264755022, 28.00268459594408], [-107.35735387057795, 28.004743644627137], [-107.35761349305383, 28.006643150336462], [-107.35873759062656, 28.007790273142113], [-107.36135079690027, 28.00884064297626], [-107.3655762726632, 28.009627620346507], [-107.37016764494577, 28.009335979486426], [-107.3753755702516, 28.00837676280166], [-107.38008994385613, 28.007918235201657], [-107.38257919900438, 28.0089693767345], [-107.38419958189503, 28.010028820440198], [-107.38594361184474, 28.011004361514598], [-107.38793438494636, 28.011729425002827], [-107.3895642041578, 28.014277166543938], [-107.39156547666154, 28.01665591078865], [-107.39518538245338, 28.01976316946276], [-107.39904956908383, 28.022206413169215], [-107.40440633871664, 28.02504843360002], [-107.406399079282, 28.026021262466685], [-107.41337017242468, 28.028847117364354], [-107.41723290489631, 28.030959058530307], [-107.41898298169338, 28.0327609910977], [-107.4203546635683, 28.033657040842257], [-107.42283722156918, 28.033549795582353], [-107.42494402187326, 28.03295008911734], [-107.42767376091008, 28.032674925659116], [-107.42966407451551, 28.0332339698817], [-107.43140941276674, 28.034291565990774], [-107.43327118431039, 28.034190314895525], [-107.4364941987622, 28.033413913539317], [-107.4395963610718, 28.033134789173705], [-107.44233165254012, 28.033686177463192], [-107.4450675307973, 28.034320193386616], [-107.44731359650041, 28.035951365000177], [-107.45093000135267, 28.03823016802811], [-107.45242217221505, 28.03854583573803], [-107.45515536378885, 28.038766221583256], [-107.45839150416548, 28.039891021817905], [-107.4630027048516, 28.042324749395068], [-107.46586653349931, 28.043453158770234], [-107.46786010897134, 28.044425036291784], [-107.47254091028553, 28.039084995740765], [-107.47476460331492, 28.03749107237194], [-107.4756284098197, 28.036737994173876], [-107.47584504302192, 28.032270593399602], [-107.47607515926465, 28.02970488585242], [-107.476022406093, 28.022263467496995], [-107.47737559445997, 28.020513089917156], [-107.48047013958194, 28.019240883965036], [-107.48307339839138, 28.018717882584376], [-107.48605317732944, 28.018769752302113], [-107.49277554330156, 28.020208420465877], [-107.49765013064457, 28.023109882792603], [-107.50060374045789, 28.027571124728397], [-107.50322141042248, 28.028168431100887], [-107.50907698306139, 28.0298635240483], [-107.51044651387427, 28.030369329670453], [-107.51319133258079, 28.030719140760887], [-107.51531525710172, 28.03065101305986], [-107.52120585999623, 28.02829232647048], [-107.52312868785673, 28.02719181105916], [-107.52560667614492, 28.026903428853178], [-107.52833859891749, 28.026858832190715], [-107.53121149955545, 28.027555806366035], [-107.5321143774723, 28.029028897267114], [-107.53177359338724, 28.030439674916888], [-107.530298345186, 28.03112507520272], [-107.52610221397445, 28.03235084744258], [-107.52525900763472, 28.03352183438292], [-107.52531491300016, 28.036000696131683], [-107.52524663385151, 28.03848158336475], [-107.52578255003336, 28.04020867820099], [-107.52557703991512, 28.042113190572824], [-107.52523427776072, 28.043441329184567], [-107.52525137761961, 28.04389615755273], [-107.52755733823756, 28.045128416124022], [-107.52904713568952, 28.046213892745495], [-107.53040503950845, 28.0481256950246], [-107.5313805439153, 28.050944861022657], [-107.53197225125747, 28.054836835204817], [-107.53257589205012, 28.057322588896955], [-107.53219273006086, 28.058312690748725], [-107.53068872227234, 28.058881633072847], [-107.52894256013869, 28.058538970205014], [-107.52768908512853, 28.059026847698156], [-107.52630785676497, 28.05984474404588], [-107.52566632439051, 28.061825765621407], [-107.53027822507437, 28.06309775194246], [-107.53226524511273, 28.06451741048618], [-107.53263585301237, 28.065016238197334], [-107.53187437261228, 28.06641741444722], [-107.53347480996057, 28.069240740950494], [-107.5350892577603, 28.07040967884863], [-107.53758040628945, 28.071336281888126], [-107.5409344265772, 28.0736748597709], [-107.54267120202795, 28.075175399821042], [-107.54440182819542, 28.077420373612295], [-107.54426792874386, 28.0784948761439], [-107.54411268050583, 28.082133626111737], [-107.54384624736923, 28.084117195032913], [-107.5442059684972, 28.08593946404184], [-107.54641331753868, 28.091000095314314], [-107.54702167180544, 28.092989434173887], [-107.54812581088576, 28.09547836362926], [-107.54910982143211, 28.097387437778803], [-107.55010069896117, 28.098469330056428], [-107.55234881036259, 28.098649515355284], [-107.55498338683732, 28.09742592310435], [-107.55823935441381, 28.09661993599858], [-107.56099539932188, 28.09581063236785], [-107.5673787557438, 28.094611087368506], [-107.57189216118388, 28.092820237549333], [-107.57453498785924, 28.090520982273986], [-107.57667323097706, 28.088797508160315], [-107.57993270195603, 28.087494736794127], [-107.58344397186725, 28.085945327752572], [-107.58582859795469, 28.084636885884336], [-107.58821578246094, 28.08299754364262], [-107.59021825109257, 28.08259654227471], [-107.5935990448665, 28.08170783012435], [-107.59610774127243, 28.0804827205147], [-107.59811853887715, 28.079006311126708], [-107.59975380524097, 28.07761026080169], [-107.59976931265949, 28.07562509706778], [-107.5984441660704, 28.069330183741616], [-107.59858205041483, 28.067676656436966], [-107.59797229794887, 28.06577030883677], [-107.59723634457491, 28.064028607293427], [-107.59699687412835, 28.06270359996469], [-107.59751149986131, 28.060804266464675], [-107.59827336012519, 28.059237352869502], [-107.5992811543961, 28.05816828625308], [-107.60003197250512, 28.05800752609255], [-107.60412923567732, 28.061259030956652], [-107.6064893105942, 28.063010733124685], [-107.60922424408885, 28.064764697173732], [-107.61108986230971, 28.06585151374733], [-107.61283249707716, 28.06668939264007], [-107.61295551689891, 28.06693830224741], [-107.61407035023932, 28.068185906828713], [-107.61518394038258, 28.06959892942097], [-107.61641615825681, 28.07183984723294], [-107.61678209769994, 28.07300013457345], [-107.61701424593973, 28.07531766010191], [-107.61587711582266, 28.076965092330035], [-107.61511414793937, 28.078697520222583], [-107.61510273248352, 28.080186379578358], [-107.616091526183, 28.081598620773253], [-107.61745455928094, 28.083095848356685], [-107.61969858421295, 28.08377122749857], [-107.62144535233041, 28.084112686600943], [-107.62293595217884, 28.0852797524746], [-107.62417668058194, 28.08644529230586], [-107.62516377416694, 28.088105596519704], [-107.62590223945467, 28.08959895981828], [-107.62700373559133, 28.092666131317284], [-107.62774039141678, 28.094407620955888], [-107.62860328147383, 28.095984426536827], [-107.63083335258375, 28.098562009084386], [-107.6360498140691, 28.102894361304006], [-107.63741155575327, 28.1046394884747], [-107.6417769970198, 28.10582331077956], [-107.64301878151778, 28.106905934194497], [-107.64440081722476, 28.105921459840204], [-107.64516406489633, 28.10410618107385], [-107.64629915052288, 28.102706660570135], [-107.6489295663511, 28.101894889645276], [-107.65043160318753, 28.101572791898885], [-107.65293276093756, 28.10133920579932], [-107.65492982194247, 28.101681663217263], [-107.65541404342387, 28.10383507920769], [-107.65628101715721, 28.104915402712376], [-107.65840671932416, 28.10476225455357], [-107.65978737826671, 28.103943060136], [-107.66066993508952, 28.102872841158618], [-107.66106575447286, 28.09998007849218], [-107.66220177689469, 28.098415018542074], [-107.66408157822697, 28.097681371709534], [-107.66658437578958, 28.09719940907359], [-107.6707086796285, 28.097140207075608], [-107.67209208859002, 28.095907343317606], [-107.67260252903415, 28.09442137279606], [-107.67261195564487, 28.093097988492897], [-107.6734942983422, 28.092027700178676], [-107.675118120657, 28.092119611138088], [-107.67784722564585, 28.094947318605307], [-107.67909329782063, 28.095450621963973], [-107.68220561780574, 28.097122382213417], [-107.68420381534959, 28.09729899009135], [-107.68694599808875, 28.098306852282175], [-107.68918838044624, 28.099311882843608], [-107.69117800397437, 28.100729043441888], [-107.69478650680797, 28.102982230276194], [-107.69652633433118, 28.104397926541562], [-107.69901545199069, 28.105900413403507], [-107.70088431759764, 28.106737760488773], [-107.70350190457508, 28.107744580282116], [-107.70587915968117, 28.107343926030705], [-107.70763884546362, 28.105864627147213], [-107.7086627061551, 28.102313517422278], [-107.71018634808354, 28.098765101473518], [-107.71245572237629, 28.09579967830182], [-107.71309277883509, 28.093983429930375], [-107.7136188100586, 28.090098769431233], [-107.71350111477054, 28.089022873130112], [-107.71313352883426, 28.08794563154409], [-107.71303204260302, 28.08447115486711], [-107.7125445714802, 28.082648849480336], [-107.71243305455323, 28.08066314317602], [-107.71231315152049, 28.079918081888408], [-107.7139479494425, 28.07835535024738], [-107.71607018650379, 28.078614896312413], [-107.71744114735603, 28.079118523152886], [-107.71968667809904, 28.079626808843674], [-107.72093549314314, 28.07971618487038], [-107.72106098281472, 28.07963414161991], [-107.72069778904357, 28.077895247466007], [-107.72070553455296, 28.076737316813684], [-107.72159001602965, 28.07525321241914], [-107.72297750420705, 28.07327550797176], [-107.72461149342352, 28.07179537479401], [-107.72776099458318, 28.067841888972914], [-107.72802125711081, 28.06627173799636], [-107.72728820191247, 28.063786497622157], [-107.72555366223447, 28.061626783798314], [-107.7243160885459, 28.059883248756115], [-107.72382747423359, 28.05822640202855], [-107.7237119497964, 28.05681967717902], [-107.72434753625225, 28.0551688154361], [-107.72459845584449, 28.055004726427608], [-107.72611386813057, 28.052531416166605], [-107.72836874349201, 28.05155083164634], [-107.72950055031116, 28.050398853155414], [-107.73125902491176, 28.04891932768366], [-107.73239077365132, 28.047767329049886], [-107.73477746217924, 28.04571209153595], [-107.73954461459681, 28.042511305774894], [-107.7430545177037, 28.04054451549244], [-107.74417906309259, 28.04046764442526], [-107.75043419004392, 28.038845742523502], [-107.75318967011113, 28.03761922909957], [-107.75494495229884, 28.03655297526644], [-107.75670125534714, 28.035321285357238], [-107.75807865557995, 28.03474933146231], [-107.75895440887568, 28.034505656455114], [-107.76070432629324, 28.034266413799603], [-107.76295061551116, 28.034525922309236], [-107.76407193351768, 28.03494513905564], [-107.76644260110017, 28.035287926574775], [-107.76831271270163, 28.035793581634834], [-107.76943561667113, 28.035964630118936], [-107.77305204792994, 28.036809791798593], [-107.77492529470146, 28.03681911041641], [-107.77818299898772, 28.035098357864534], [-107.78230507824533, 28.0349532621032], [-107.78729674998374, 28.03555666861123], [-107.78879279854782, 28.035977502673784], [-107.78940563137532, 28.03788278477288], [-107.78901387035728, 28.040692976274673], [-107.78887791274812, 28.042511906660053], [-107.79010520704797, 28.046074338150717], [-107.79320853747964, 28.04923227418513], [-107.79444703053304, 28.050975119002878], [-107.79530439744153, 28.05379132390741], [-107.79579853374105, 28.054703488104547], [-107.79791443777091, 28.05595425434374], [-107.79966506104371, 28.055631790779568], [-107.8019167585082, 28.055063567171963], [-107.80391617237393, 28.0549076502253], [-107.80529205022575, 28.054583339293686], [-107.80642153988181, 28.05367889831218], [-107.80667525070828, 28.053018436888934], [-107.80656404364578, 28.050702099992268], [-107.80582151914093, 28.049540681395776], [-107.80508244413423, 28.047800319959382], [-107.80484394240233, 28.045896911982563], [-107.80497570282314, 28.044739628835845], [-107.80448940405036, 28.042504211862077], [-107.80550616178797, 28.039531557375803], [-107.80644992063701, 28.038303892917945], [-107.80824774174842, 28.040537023663934], [-107.80837116144458, 28.040785729106954], [-107.80823992704391, 28.041860307866774], [-107.8099820033205, 28.042943718350013], [-107.81110793420812, 28.04261818474662], [-107.8119831135968, 28.042456880388773], [-107.81310660891775, 28.04254485612844], [-107.81484825684936, 28.043710905234466], [-107.81634016324253, 28.044875765586905], [-107.8195824837332, 28.045717904802522], [-107.82245256245561, 28.046144712929056], [-107.82369955854219, 28.046481287850746], [-107.82431830209546, 28.047476614495814], [-107.824812165004, 28.04847136349541], [-107.82555535062346, 28.04954996081266], [-107.82692586771722, 28.050135188355984], [-107.82855043885874, 28.049977205021527], [-107.83143052248974, 28.048667030995652], [-107.83380628568857, 28.048181577482794], [-107.8356815264972, 28.047859236319685], [-107.8379309602295, 28.04762126068913], [-107.83892822717597, 28.047956567950788], [-107.84066790143065, 28.04953577892525], [-107.84128681454357, 28.050531015889625], [-107.84302426050473, 28.05252370749779], [-107.84376580934051, 28.053933003282527], [-107.84525264138792, 28.056089952437798], [-107.84574031719927, 28.05824245177562], [-107.84660776586237, 28.05948687342138], [-107.8473448451398, 28.061723171723767], [-107.84808880477577, 28.062718918939424], [-107.8493346892928, 28.06330334871636], [-107.85220348950433, 28.06406030096913], [-107.8532018527109, 28.064230083946995], [-107.85370148726537, 28.064232269977488], [-107.86036355166432, 28.06869844014039], [-107.86200184650713, 28.066816579013036], [-107.86573125455891, 28.066600336126697], [-107.86710267007591, 28.0661996438935], [-107.86676264054161, 28.06355960607926], [-107.86604900006279, 28.06099887785808], [-107.86623234363536, 28.05622043380684], [-107.8672503945639, 28.054250965892237], [-107.87202471366498, 28.049840194543947], [-107.8724307999991, 28.04712392365478], [-107.87222610585874, 28.043578474128722], [-107.8707704786479, 28.040764385754834], [-107.86992869614926, 28.038532256626684], [-107.86897194661636, 28.035557445395103], [-107.86950124400643, 28.032924611940167], [-107.86978523921455, 28.030042502933593], [-107.87081014697726, 28.02749619138943], [-107.87182178517493, 28.02602113718537], [-107.87259219061986, 28.023967188040228], [-107.87340018157026, 28.018864260006865], [-107.87295034481778, 28.015069526239927], [-107.87236520879313, 28.01218021135487], [-107.87227974445479, 28.009047795296404], [-107.87060493222066, 28.003924256751375], [-107.87014918284589, 28.000623925426904], [-107.87091744578011, 27.998734800284847], [-107.87279369305251, 27.997596594155706], [-107.87392715558303, 27.996287381735083], [-107.87565582412194, 27.99704342429983], [-107.87799502716958, 27.99862861934267], [-107.87933920072444, 28.000370389825992], [-107.88105582659648, 28.002115210970764], [-107.88215283064066, 28.003772497204583], [-107.88237179805252, 28.006164268943955], [-107.88419656834799, 28.009228528900337], [-107.8847951013638, 28.011046516365965], [-107.8831700991178, 28.01193971882689], [-107.884637677631, 28.0137648395503], [-107.88773636955082, 28.014202276688202], [-107.89048471724982, 28.012823716641297], [-107.89309281373608, 28.012762557897187], [-107.89469671930591, 28.01359972264572], [-107.89617550021201, 28.01451826288586], [-107.89803374142306, 28.01486297793497], [-107.89864451182511, 28.015692041364638], [-107.90172338454538, 28.017777221492512], [-107.90135988586529, 28.01703258357317], [-107.90274444448431, 28.015477942178634], [-107.90372969156824, 28.01614517718719], [-107.90458682793569, 28.017141017474383], [-107.90554829190508, 28.019785913539856], [-107.9061571652646, 28.02077974286041], [-107.90788543873069, 28.02161773389901], [-107.91283787320518, 28.022811136270448], [-107.91665429633919, 28.025561111276097], [-107.91874047946183, 28.027637953036002], [-107.92058919361206, 28.028806362808407], [-107.92293851775045, 28.02964906445652], [-107.92527713691273, 28.031398145839347], [-107.9273665203079, 28.033227628041196], [-107.92909124890416, 28.034394930475994], [-107.93144172249602, 28.03515506995111], [-107.93266886797454, 28.036400827324755], [-107.93539385811842, 28.03699900774998], [-107.93625628851086, 28.03758260572735], [-107.93895236553722, 28.040652750042064], [-107.94104311837893, 28.042399589452497], [-107.94611040448278, 28.044499061003947], [-107.94955777205453, 28.047080310273756], [-107.95053402525728, 28.048571168846635], [-107.95101069841668, 28.050305401695287], [-107.95062094070879, 28.051785747630632], [-107.95097153457581, 28.053683824942183], [-107.95033529653695, 28.054997460300363], [-107.94623793560444, 28.05488348460217], [-107.94284247096562, 28.058483200266735], [-107.94596462385778, 28.057023987398384], [-107.94708715930437, 28.056620607921108], [-107.94895197357822, 28.05647016038268], [-107.9503180978808, 28.056480670460292], [-107.95180555123132, 28.05673932188453], [-107.95306464409032, 28.05526564334241], [-107.95458255891097, 28.052887454157375], [-107.95535053584888, 28.05091555156448], [-107.95636685561814, 28.04894554657089], [-107.95764576161704, 28.04574143045606], [-107.95779370416183, 28.043682372270997], [-107.95819094592576, 28.041542811757832], [-107.96031520710525, 28.04040532592137], [-107.96267640114174, 28.040258501963873], [-107.97106280552589, 28.04534888264313], [-107.97155764004766, 28.04551742892384], [-107.97949292337258, 28.046648326066837], [-107.98159651535408, 28.047323299359316], [-107.98817155576496, 28.047949077933456], [-107.99315907097488, 28.04617307271239], [-107.99591493488084, 28.044050861048465], [-107.99766994770422, 28.042580485928735], [-107.99979650817862, 28.04119522441252], [-108.00441830377711, 28.03875692872017], [-108.00793882365761, 28.0348271976012], [-108.01029610727248, 28.03500915833279], [-108.01524812774139, 28.03636352090597], [-108.01860147637879, 28.03630532189945], [-108.01995644203394, 28.037303922563943], [-108.02265923739839, 28.039960253194355], [-108.02761519166037, 28.04098455180359], [-108.03048808637108, 28.039439368560007], [-108.03249173976508, 28.037887960102573], [-108.03897142438528, 28.03579137169065], [-108.04307940076238, 28.03483147717421], [-108.04470941482562, 28.033359687035112], [-108.0487336451218, 28.0286085631582], [-108.0514817306274, 28.02706211877385], [-108.05696539086138, 28.025122616384692], [-108.06135334606142, 28.021115322981498], [-108.06437545325814, 28.017098514986465], [-108.06588425096022, 28.015296079147124], [-108.06851107440438, 28.013418904061368], [-108.06976888831392, 28.01186191462454], [-108.07153271298839, 28.00940197257279], [-108.07241113497257, 28.008501573561624], [-108.07431193581385, 28.004806534719652], [-108.07593417090852, 28.003993592899796], [-108.08240654807379, 28.0023071407613], [-108.08414251368256, 28.002483677666305], [-108.08528185089007, 28.000348975454326], [-108.08471695123812, 27.994989173591353], [-108.08410325324404, 27.99432582652904], [-108.080274746023, 27.9924870826768], [-108.07721085295037, 27.988758223862185], [-108.07698077248554, 27.987026246140413], [-108.07712041486002, 27.985543990273204], [-108.07701790131765, 27.983483279297584], [-108.07630009877619, 27.980923963720933], [-108.0758296572526, 27.97844873206835], [-108.0756048280389, 27.976222377880283], [-108.07512750823729, 27.974406297799952], [-108.07490357610831, 27.97209754470799], [-108.07530007492375, 27.969793038197775], [-108.0764419101765, 27.96741122989401], [-108.07758629275315, 27.964782231162125], [-108.08009716644524, 27.961997747275735], [-108.08307493794237, 27.962018013353436], [-108.08418386482369, 27.962767146120186], [-108.08739437117822, 27.964272096176604], [-108.0922171132685, 27.965870215141717], [-108.09283153093506, 27.96645114328983], [-108.09380711665466, 27.96810568712645], [-108.09601674951003, 27.970427682928136], [-108.0969839325946, 27.972906132648745], [-108.09747093720038, 27.973815779058132], [-108.0985758424376, 27.974976744311277], [-108.09931443590385, 27.9755584636679], [-108.10164252062047, 27.97845792498595], [-108.1018839431397, 27.9791187205511], [-108.10198438194938, 27.981426556295784], [-108.10234991008383, 27.98208817416912], [-108.10431773222082, 27.983831595765444], [-108.11903366057784, 27.98903692098063], [-108.11977328712524, 27.989536120461874], [-108.12210802417358, 27.991858417078443], [-108.12404408170995, 27.996814797383415], [-108.12696419695033, 28.00268384249628], [-108.12768501568897, 28.00507799499601], [-108.1292360958739, 28.011350122070603], [-108.13056455799888, 28.015066490979983], [-108.13141953539638, 28.01647270664298], [-108.13264775618052, 28.017798903396212], [-108.13362691977298, 28.01920589375664], [-108.13167725621676, 28.02800985914361], [-108.1312368581225, 28.034845945346365], [-108.1503531376144, 28.035296254741134], [-108.15183172424108, 28.036459010738422], [-108.15440931924678, 28.03952366105671], [-108.15735954469062, 28.042590555405685], [-108.1578490054211, 28.043335133918042], [-108.15846343201468, 28.043998087823528], [-108.15969469661852, 28.045076817072882], [-108.16043489912113, 28.04557574738959], [-108.16253773264272, 28.0464126335873], [-108.17334231517161, 28.04623144841777], [-108.17957230878157, 28.043962111002788], [-108.19546850520558, 28.04364500609095], [-108.20827721138082, 28.041495539327045], [-108.21301698247616, 28.039133698439393], [-108.2133992579623, 28.03806482896516], [-108.214278876229, 28.03691644254212], [-108.21478829928768, 28.03551874240701], [-108.21694474267218, 28.030505351211495], [-108.2176978694091, 28.029603393159437], [-108.22060564596552, 28.02385277661605], [-108.2218747342954, 28.020811613345867], [-108.22251487973037, 28.01867313340778], [-108.22266000714097, 28.016367034143215], [-108.2229285048827, 28.014144032392714], [-108.22369347194939, 28.011923875908415], [-108.22720465817152, 28.007989220283395], [-108.22994410701543, 28.007016147312846], [-108.24125157823254, 28.005596991183626], [-108.24298985314768, 28.005524337030565], [-108.25209938936973, 27.999972572399557], [-108.25224098352584, 27.997996029696733], [-108.26271657310704, 27.992204048108825], [-108.26285725554526, 27.99030989377215], [-108.26238254795427, 27.987835660366155], [-108.2617722230201, 27.986678889378652], [-108.26231985039719, 27.98083233353899], [-108.26456914149904, 27.979032092235403], [-108.26744088915264, 27.976988044224175], [-108.26896998754655, 27.97238264243012], [-108.26948707955754, 27.969996207264366], [-108.26850604440206, 27.96867267182412], [-108.26803711156293, 27.96553938286229], [-108.28027181266295, 27.956707648972266], [-108.28016197743572, 27.9550593174434], [-108.2794468576542, 27.951677603785104], [-108.32351664190902, 27.94770572501408], [-108.32895197371671, 27.95045176177084], [-108.33216086140774, 27.952445018107614], [-108.34118922882254, 27.95578507614356], [-108.34079982101936, 27.957925115703713], [-108.3390452005747, 27.96014081164682], [-108.33766933041925, 27.961534531804908], [-108.33577250988687, 27.96597383983118], [-108.3376608790199, 27.977928708419192], [-108.3412489751961, 27.979144038762712], [-108.34298181104195, 27.980143155767514], [-108.34433460154449, 27.981963006144795], [-108.34558181691303, 27.98155946750646], [-108.34757248771926, 27.98149000413934], [-108.34955347046805, 27.982572951126127], [-108.35078685639512, 27.9838157059125], [-108.352530184249, 27.98357993470834], [-108.3550025701728, 27.985406835154635], [-108.35598797845918, 27.986565627245433], [-108.3605619842097, 27.9899699100796], [-108.3620293575287, 27.99302508021787], [-108.36638283908727, 27.99305259801329], [-108.37143984249117, 27.983123680066765], [-108.39901249689906, 27.988068414100812], [-108.39950477741318, 27.988729945285204], [-108.39887374446191, 27.989878566395433], [-108.39873629747265, 27.991524090642717], [-108.39796974660055, 27.994071292291522], [-108.39770855620881, 27.99563374700423], [-108.3981838823469, 27.998435442414774], [-108.39779111423113, 28.000902595702676], [-108.39640776171294, 28.002787506664852], [-108.39452743561205, 28.004587064155086], [-108.39264507680097, 28.006633543552656], [-108.3910094758193, 28.008928466543086], [-108.39099237251398, 28.011068637527284], [-108.39060863439181, 28.01238338515858], [-108.39043949735, 28.017979994032086], [-108.39091348641102, 28.02094634338057], [-108.39152177435169, 28.02267873445444], [-108.39149158506089, 28.02646518310759], [-108.39122043050341, 28.029262345676095], [-108.39195190041002, 28.03116011442671], [-108.39416870010655, 28.03405471076113], [-108.39590223685097, 28.035135346693973], [-108.39901105365577, 28.035401082088665], [-108.40124303056739, 28.036402330823115], [-108.40299671342551, 28.034931155730643], [-108.40585279719957, 28.035689119713048], [-108.40847868528184, 28.034058461961322], [-108.41009048098626, 28.03480891260421], [-108.41366125604867, 28.039686778709697], [-108.4141743023094, 28.037714222751887], [-108.41642553023446, 28.036245834647435], [-108.42052285401114, 28.03742238012195], [-108.42263249770073, 28.03817559229], [-108.42510728217805, 28.04000100292819], [-108.42771348485753, 28.040921656171555], [-108.43007460976916, 28.04134694385985], [-108.43230195810214, 28.04300614065908], [-108.43465567717486, 28.04441907825774], [-108.43789167623554, 28.044355371967164], [-108.44036931076975, 28.045851226811827], [-108.44459900008538, 28.04603998025574], [-108.44846331834195, 28.045156454913023], [-108.44907451370511, 28.046641560944895], [-108.44879449478233, 28.050837978130197], [-108.45323851171123, 28.04931521419033], [-108.45461322033215, 28.04939091425367], [-108.45674181068884, 28.050209241756598], [-108.45774795965283, 28.05136533619549], [-108.45838220667294, 28.053021155355054], [-108.45938119833187, 28.052932881434163], [-108.46111582907537, 28.050434858214924], [-108.46211045465115, 28.049599956882023], [-108.46497899192757, 28.048755016042463], [-108.46610819649962, 28.049578547227156], [-108.46723353051497, 28.049738417311584], [-108.46848282242537, 28.049731692465325], [-108.46884592040831, 28.04773872475255], [-108.47020791612944, 28.04565741062787], [-108.47269758349735, 28.044150697028], [-108.47319139301914, 28.04315251996183], [-108.4737885501528, 28.038503605279782], [-108.47428281940635, 28.037588382715818], [-108.47514936694785, 28.03625634699112], [-108.47652143952085, 28.035917062030162], [-108.47840252060082, 28.03715119899405], [-108.47877775454624, 28.03723211166823], [-108.48089831075058, 28.036722783270314], [-108.48289492500639, 28.03638001921467], [-108.48402759312638, 28.037784089549522], [-108.48453671269249, 28.0393574922973], [-108.48703501657857, 28.0393437372725], [-108.48753517721823, 28.039423935716716], [-108.48853650284161, 28.039750236592933], [-108.49029034386277, 28.040570108269815], [-108.49216811795637, 28.041223352182364], [-108.49354270566367, 28.04129866836135], [-108.49578106185072, 28.039627053530523], [-108.49827324156787, 28.03861764341287], [-108.50051503707546, 28.037526640264506], [-108.50325796110461, 28.03668165318474], [-108.5054919494037, 28.034346271693185], [-108.5076091842239, 28.0333388250179], [-108.50998239213911, 28.033325371243986], [-108.51123196502563, 28.03340122705993], [-108.51197984132509, 28.03314810352505], [-108.51397155786712, 28.03205832372379], [-108.51483963295888, 28.031057896253554], [-108.51795538709044, 28.029961640539558], [-108.519822078849, 28.028872501975503], [-108.52081549628481, 28.027954278473462], [-108.52117548335397, 28.02562945031228], [-108.52116918221766, 28.02463401915482], [-108.52266422881775, 28.02404472203614], [-108.5236602141555, 28.023541245789097], [-108.52614854844403, 28.022033670276542], [-108.52975921391827, 28.020270671543404], [-108.53225857503963, 28.02050498785042], [-108.53601808268304, 28.022473929944926], [-108.53776976801366, 28.022961382616028], [-108.54001725421712, 28.022865211736327], [-108.54163866162297, 28.022523836981012], [-108.54263398796274, 28.02193728101398], [-108.54324922251156, 28.020523423871154], [-108.54336435985509, 28.01902956746098], [-108.5437314303383, 28.017866038721014], [-108.54435259634832, 28.01736464006109], [-108.54534949000843, 28.017026922399925], [-108.54672755108983, 28.017682385352927], [-108.54835321429768, 28.018004545348447], [-108.55010158211337, 28.017994138952186], [-108.55097357569812, 28.017657125530082], [-108.55084212713464, 28.016662464534612], [-108.5500813616439, 28.01492496871038], [-108.548942718099, 28.012691990216734], [-108.54918701857115, 28.01186099843444], [-108.55341854332961, 28.009678974105928], [-108.55515742372208, 28.008258361276823], [-108.55590060076244, 28.007341420898122], [-108.55776813923067, 28.006500683447925], [-108.55951022572167, 28.005577724607964], [-108.5632495894504, 28.004559736434825], [-108.56536674362484, 28.00371739548789], [-108.56735564714475, 28.002378086661327], [-108.56659921567783, 28.00130429054433], [-108.56521459897368, 27.99965362298634], [-108.56720566743408, 27.998646120261196], [-108.56857520281099, 27.998057133973376], [-108.56981930483185, 27.99738594600933], [-108.5709334888069, 27.99596896622418], [-108.5731589624914, 27.99272024153331], [-108.57675988870025, 27.989794875207167], [-108.5776298666506, 27.98920887337936], [-108.57887493924267, 27.988703514508178], [-108.5813661819158, 27.98785866299334], [-108.5833636990937, 27.987846338573213], [-108.58424559242992, 27.989002213430485], [-108.58475353446015, 27.990243347534904], [-108.58488751433234, 27.99156974608647], [-108.58527519916838, 27.993475234387255], [-108.58528262718626, 27.994553560280583], [-108.58616174175616, 27.99529467460277], [-108.58666287132043, 27.995540419672096], [-108.58816225627699, 27.995697007221118], [-108.58915820904329, 27.995276053277003], [-108.59064665486852, 27.993856606582916], [-108.59212814451058, 27.991441775308104], [-108.59262061505895, 27.99044328473953], [-108.59373788181132, 27.989523838135813], [-108.59510713159752, 27.988934610258863], [-108.59823405106363, 27.989744497316106], [-108.59999469403161, 27.991558332905736], [-108.60100338602457, 27.99296213418861], [-108.60263284752871, 27.993864298694305], [-108.60362930087526, 27.993526193104067], [-108.60561338432018, 27.99160576246105], [-108.60635893918008, 27.99110332993522], [-108.60810030498276, 27.990179813393226], [-108.60884465952836, 27.989511476430483], [-108.60933047979357, 27.987600530489374], [-108.60982218124299, 27.986519047731424], [-108.61242489684089, 27.983848047408777], [-108.61328691727314, 27.982183541446425], [-108.61465120751123, 27.980930567997106], [-108.61477070612398, 27.980183254554273], [-108.61575927624538, 27.978766777633563], [-108.61600478294827, 27.978184556179126], [-108.61648510408088, 27.975527085179834], [-108.61660102700287, 27.974282095557786], [-108.61684533438223, 27.97353398173496], [-108.61683702431333, 27.97237273810655], [-108.61770365534981, 27.971371784498714], [-108.62031000906366, 27.969281302393984], [-108.62191952058596, 27.967446052518977], [-108.62278427420671, 27.966196237556105], [-108.62390102910483, 27.965276589939027], [-108.62502195816678, 27.964937552958116], [-108.62714678878643, 27.965338550507898], [-108.6282695098795, 27.965248323448677], [-108.629635225968, 27.964244070023963], [-108.63037384685153, 27.96282913795461], [-108.63061743648491, 27.961998064922266], [-108.63160745861055, 27.96083034073308], [-108.63358986080961, 27.95882665583676], [-108.63570973119273, 27.958563971838963], [-108.63746003828346, 27.9589672645162], [-108.63921340308917, 27.959785255628255], [-108.64459108793898, 27.961242927392334], [-108.64696364836598, 27.961393138465763], [-108.65033899121411, 27.96211728214733], [-108.65171744415262, 27.962854643459217], [-108.65272272910833, 27.963760371187515], [-108.65447316009023, 27.964163432649013], [-108.65609318681405, 27.96382081787669], [-108.65833724092842, 27.963474002637987], [-108.66320348179818, 27.963275398460826], [-108.66370396731585, 27.963437917939764], [-108.66444903582676, 27.962935211652596], [-108.66518969007846, 27.96185190530035], [-108.66418181660202, 27.96061450705379], [-108.66267287420183, 27.959131633095154], [-108.66178985748024, 27.957893371627588], [-108.66190400654827, 27.95648250671364], [-108.66251797279293, 27.955151226822437], [-108.66436920979945, 27.95240151622642], [-108.66573188406706, 27.95106517913483], [-108.66747835085438, 27.950970436199906], [-108.66873763750793, 27.952454953462684], [-108.66974989778764, 27.95427291643248], [-108.67338167800766, 27.955907167901728], [-108.6752574580991, 27.956392061259088], [-108.67700271125456, 27.956131306708752], [-108.68036710711212, 27.955444706806645], [-108.68311197450981, 27.955342908779205], [-108.68498261924239, 27.955164138623594], [-108.68647370899866, 27.954324401806968], [-108.68933296525147, 27.952894571522748], [-108.69020456598196, 27.952639700851833], [-108.69257755422144, 27.952872075547557], [-108.69483292206921, 27.95401761885388], [-108.6962062937318, 27.95409099438404], [-108.69769922871103, 27.953499965042685], [-108.70018260747753, 27.95190665851406], [-108.70066930789191, 27.950327308662484], [-108.70077705033164, 27.94817000152285], [-108.70188043114742, 27.945673943818765], [-108.70447453942867, 27.94233797697278], [-108.70781185856477, 27.93833318867386], [-108.7097996288693, 27.937240902142626], [-108.71104403320929, 27.93681739491042], [-108.71291493270282, 27.936721217616114], [-108.71541832990056, 27.937698791631075], [-108.71628839846382, 27.937277895164687], [-108.71701702218131, 27.934784415885485], [-108.71724722531782, 27.9323774221518], [-108.71748675592549, 27.93113156907324], [-108.7186022871458, 27.93021125824288], [-108.71997200007425, 27.929869731403173], [-108.72083998131932, 27.92919999834272], [-108.72207687374393, 27.927864082560312], [-108.72294616652637, 27.927360215293522], [-108.72368935103964, 27.926691359075047], [-108.72380672864809, 27.925778147093745], [-108.72317221929542, 27.92445559438587], [-108.72415080529245, 27.922043252976884], [-108.72538422448893, 27.920292627582125], [-108.72573765284864, 27.9177188676223], [-108.7258221170544, 27.912741687464276], [-108.72606220258444, 27.911578768464146], [-108.72655579082523, 27.910911692547085], [-108.72954279281859, 27.910060851127508], [-108.73091356035593, 27.909885117836403], [-108.73241243844464, 27.910123161521298], [-108.73341304645741, 27.910447723007195], [-108.73442111265312, 27.911684588923407], [-108.73442924437758, 27.9126798385969], [-108.73333095181927, 27.915673687823467], [-108.73371602395669, 27.91699798831498], [-108.73471941431976, 27.91765428310863], [-108.73596823340493, 27.917811141241103], [-108.73832274200124, 27.91588642473779], [-108.74205273624497, 27.914366386108735], [-108.74342694551265, 27.914605208407412], [-108.74530973382201, 27.91600148788548], [-108.74670459423893, 27.91872836826714], [-108.74734208875483, 27.920382533977957], [-108.74748267300198, 27.922289157060963], [-108.74799269810732, 27.92361248406394], [-108.74924504213773, 27.92418389372855], [-108.75073791575004, 27.92367528926714], [-108.75136582181486, 27.924168322456794], [-108.75261333710218, 27.924159147608172], [-108.75447141900247, 27.92256958448169], [-108.75533424503972, 27.921319109050582], [-108.75544787960676, 27.919991217272052], [-108.7559357476191, 27.918660564624457], [-108.75679853004695, 27.917410084109104], [-108.75741667995636, 27.916741992425816], [-108.75816304494057, 27.91648765426959], [-108.75954496824725, 27.91763859892809], [-108.76104817170987, 27.918373925136443], [-108.7626698394127, 27.918361889794486], [-108.76566016964041, 27.91792494581231], [-108.7697886606319, 27.9193041089009], [-108.77153153845981, 27.918876362164053], [-108.77339701814964, 27.91819885546814], [-108.77638372035884, 27.91734701210539], [-108.77763183812705, 27.917420551777823], [-108.78050514986381, 27.91789650420097], [-108.78188087111141, 27.91830079617664], [-108.78312541998538, 27.917959616757532], [-108.78287450815593, 27.917795639526084], [-108.783492484611, 27.917127445985297], [-108.7846022444558, 27.915626131978414], [-108.78583886242072, 27.91437266480291], [-108.78783535770913, 27.9144404297231], [-108.79020317723403, 27.914173580589885], [-108.79206698759893, 27.9133299735125], [-108.79379518829253, 27.91124330701527], [-108.79514117671255, 27.908247230964587], [-108.79712014521641, 27.906324490817024], [-108.79824194852678, 27.906232945838845], [-108.8011142662122, 27.90662555565308], [-108.8022389809323, 27.906865706515735], [-108.80399536179125, 27.908013286842483], [-108.80652285513582, 27.911725934825935], [-108.80801448418687, 27.911133818494314], [-108.80775548834028, 27.910057640891843], [-108.80787288129558, 27.909227358073572], [-108.8089917569208, 27.908803997050967], [-108.81122285598292, 27.907210867816527], [-108.81133286339856, 27.90555127088007], [-108.81006506191358, 27.903238875730562], [-108.80817372952552, 27.900931293629736], [-108.80692215741057, 27.900443355805265], [-108.80542554532592, 27.900454923669148], [-108.8033097157312, 27.900968876115115], [-108.7998066912794, 27.89975176684169], [-108.79954709025677, 27.898592629248398], [-108.79891625293877, 27.897768092034223], [-108.79766040350638, 27.89678246650722], [-108.79615659589386, 27.89596460152953], [-108.79315192787807, 27.894660547115897], [-108.7915220288165, 27.893677710138306], [-108.79051283741723, 27.892358374895398], [-108.79025407932446, 27.891282140476186], [-108.79173476360961, 27.889446221571788], [-108.79585585760644, 27.890078284115535], [-108.79894961624977, 27.887317638122873], [-108.80130663415851, 27.88588960416099], [-108.80467356979732, 27.88586369906925], [-108.806552116086, 27.88676152339761], [-108.80806243482911, 27.888325666734893], [-108.80931972452836, 27.88947706186398], [-108.81107292814553, 27.89029284808938], [-108.81418761257467, 27.889936905568256], [-108.81603310042088, 27.887102681959703], [-108.81666324780682, 27.887844203696186], [-108.8180601017832, 27.890653158266982], [-108.81918762769907, 27.891224907052298], [-108.82056754243834, 27.892126416571156], [-108.82181905966779, 27.8926142339429], [-108.82432435791209, 27.893838622398206], [-108.82708360717167, 27.89555857618285], [-108.82921788744433, 27.89711752955828], [-108.83010135451403, 27.898271654363246], [-108.83060845119384, 27.899179940450043], [-108.83387055287851, 27.901310435786996], [-108.8351267475739, 27.902295691877676], [-108.83813429656051, 27.903847543548416], [-108.83964378147488, 27.905245409537308], [-108.84166129685777, 27.90763441503734], [-108.84254574617033, 27.908871365515424], [-108.84543495009447, 27.911087454041233], [-108.84831585729123, 27.91239125813166], [-108.84932438470688, 27.91354422083271], [-108.84958839222985, 27.91511784678766], [-108.85035976897314, 27.91759965736784], [-108.85163396700344, 27.920492070149187], [-108.85252172148057, 27.9220606442235], [-108.85328861409114, 27.924044858074186], [-108.85443053321256, 27.926108960452964], [-108.8559390080083, 27.92734073677293], [-108.85906995806575, 27.928642232020437], [-108.86057851813553, 27.929873948195826], [-108.86221807726932, 27.931768041672814], [-108.86272406480064, 27.932510309338515], [-108.86371970891673, 27.932253373337296], [-108.86508023258479, 27.930998247036328], [-108.86668396791453, 27.929077652920586], [-108.8681730676585, 27.92823611347503], [-108.86966370836457, 27.927560412910477], [-108.87226914304955, 27.926046197539744], [-108.87313210865162, 27.92496096671113], [-108.87622613665972, 27.922364539538435], [-108.87933422331945, 27.921260718843797], [-108.88057206416997, 27.920255278744165], [-108.881936985339, 27.919497571241703], [-108.88329713340379, 27.918242299848], [-108.88452617985487, 27.91632465278776], [-108.88789059982385, 27.91596491503513], [-108.88963037986164, 27.915286946145525], [-108.88961683791611, 27.91387722322912], [-108.89270375214073, 27.910617095666197], [-108.89495268592886, 27.911012913693256], [-108.89856550876505, 27.91056791840386], [-108.90068731866579, 27.91071591737518], [-108.90268763734738, 27.911196631082543], [-108.90542496372933, 27.910510053419628], [-108.90944591983349, 27.91354438957297], [-108.91132891312908, 27.914772334951554], [-108.91346057704791, 27.91591520108646], [-108.91409805105243, 27.917319571993165], [-108.91449833482842, 27.919969908411986], [-108.91663177110748, 27.92127855601838], [-108.91938398099528, 27.92208428612675], [-108.92001829184582, 27.92315692805064], [-108.91965969332797, 27.924735660643908], [-108.9205517055702, 27.926635379769948], [-108.92207072207975, 27.928861417013888], [-108.92420937209556, 27.93066744953221], [-108.92547326422878, 27.93231513221311], [-108.92612092981804, 27.93471447876866], [-108.92675704804677, 27.935952916876495], [-108.92738904301599, 27.936776742873544], [-108.93049851440206, 27.93583761862833], [-108.93335511225214, 27.934568912249247], [-108.93882195930067, 27.93236519963838], [-108.94367076560823, 27.930747195233405], [-108.94665178044252, 27.9294771485626], [-108.9486357083913, 27.928298739479494], [-108.9506119902701, 27.926374029137502], [-108.9522207861453, 27.925115951788644], [-108.95606273432651, 27.922677159230346], [-108.96153780759786, 27.92138475439028], [-108.96402285348515, 27.920450479407442], [-108.96613027073587, 27.919187824678385], [-108.96861693302809, 27.918419311975832], [-108.97135470716415, 27.91781436222512], [-108.97346455975138, 27.916800362047823], [-108.9753163196505, 27.914959395468298], [-108.97680165337262, 27.913868029379937], [-108.97854069894228, 27.913188993849033], [-108.9820265206534, 27.91257711741958], [-108.98278171847026, 27.913233702077946], [-108.98280948938752, 27.91588704726745], [-108.98294114760724, 27.916549257217984], [-108.98171742564068, 27.91879927583752], [-108.98173738010885, 27.920706368600815], [-108.98149748546213, 27.921620707604482], [-108.98101161501603, 27.92286896560608], [-108.97905764130432, 27.926866983505487], [-108.97647642383282, 27.93053892890467], [-108.9752394802797, 27.93154515395908], [-108.97052115427809, 27.933660619617427], [-108.96903808132593, 27.93500070381001], [-108.96657078704492, 27.937676380127993], [-108.96535938356875, 27.941170081011535], [-108.96562945682525, 27.943157891744487], [-108.96664031005355, 27.944392750420555], [-108.96751870264363, 27.944882452587496], [-108.97049284587865, 27.942948536085197], [-108.97135399770457, 27.941779858433637], [-108.97295927414066, 27.940189870772922], [-108.97445013280465, 27.939596000165476], [-108.97819930834774, 27.940225648175424], [-108.98006522245797, 27.93971126189889], [-108.98107358117349, 27.940697250257287], [-108.98170859939846, 27.941769530940512], [-108.9825913782766, 27.942673715810905], [-108.98260531111902, 27.944000384094107], [-108.98422961863247, 27.94423444462507], [-108.98534970973395, 27.943975514019243], [-108.98659104356915, 27.94338377636654], [-108.98783411229942, 27.94295786149201], [-108.99206836441695, 27.94225591781789], [-108.99332193950822, 27.942824947156605], [-108.99346250687547, 27.944316293370576], [-108.99309618403701, 27.945065952920082], [-108.99361363545736, 27.9468026283642], [-108.99425321536714, 27.948289412364836], [-108.9930637798769, 27.953773252510214], [-108.99382992486566, 27.95542472514616], [-108.99546235237767, 27.95640487209992], [-108.99783894268607, 27.956963553965338], [-108.99921659584712, 27.957448447812677], [-109.00010585262196, 27.958932895916362], [-108.9998740477495, 27.960593492020596], [-109.00014484180474, 27.9625811601087], [-109.00152701449709, 27.96348059676747], [-109.00105102006968, 27.96564098021394], [-109.00056702739035, 27.96705512854588], [-109.00097151495277, 27.969870791412312], [-109.00011495980003, 27.971454216472413], [-108.99924951447485, 27.97220848797829], [-108.99776017218771, 27.972968488773176], [-108.99639823965241, 27.973976076113573], [-108.99529821682985, 27.976142178885063], [-108.99506545063086, 27.977719859799272], [-108.99496100204544, 27.979628057574335], [-108.99459990672202, 27.980875221724304], [-108.99299710464275, 27.98271423155102], [-108.99151286631847, 27.98397167661654], [-108.9901454556121, 27.984481726691744], [-108.98964717098895, 27.98456920503935], [-108.98739916412651, 27.98442388254947], [-108.98667061912487, 27.9863377787785], [-108.98843973269464, 27.98839473237542], [-108.98945307745016, 27.989795177808684], [-108.99120730062259, 27.99044251896262], [-108.99333505377913, 27.991003486891], [-108.99484237274844, 27.99190181177439], [-108.99585140145555, 27.992887621668736], [-108.99773672088834, 27.99411412754738], [-108.99731613208606, 27.998376050800676], [-108.99960126102577, 28.000928815036502], [-109.00170647571198, 28.001233711701087], [-109.00253331686014, 28.002667873384006], [-109.00410590756998, 28.004121733276133], [-109.006051410347, 28.00558542270306], [-109.00803244889634, 28.005886946033925], [-109.00898623394042, 28.0072413439837], [-109.00900919582743, 28.009056780611434], [-109.01288652926091, 28.009977763783322], [-109.01039556643019, 28.010498515567452], [-109.00940240827835, 28.011005293961887], [-109.00891031736047, 28.011673249991606], [-109.00854663459856, 28.01267169938405], [-109.00880885638152, 28.013830170790225], [-109.00944735586826, 28.01515098276579], [-109.0110916824694, 28.01712579242467], [-109.01247378822556, 28.017942118152813], [-109.01385410795893, 28.018592601014802], [-109.01573194672012, 28.019072569526198], [-109.01811364366128, 28.01996239421549], [-109.01926250726424, 28.02227341437759], [-109.02305205493695, 28.026300918916448], [-109.0256955048029, 28.028266095316805], [-109.02795904118561, 28.02973728099644], [-109.02960118588196, 28.031463071434462], [-109.02999221026057, 28.032951936354568], [-109.02977553489197, 28.035939127175507], [-109.03027675211604, 28.036100217374024], [-109.03164454285958, 28.035589721385172], [-109.03153531199641, 28.037000403951115], [-109.03328040295982, 28.03673507076631], [-109.0345233378801, 28.036225732947035], [-109.03566169234134, 28.037541621635413], [-109.03555251589228, 28.038952301854938], [-109.03407367178366, 28.04070769743052], [-109.03408932881992, 28.04211719067114], [-109.03595380728629, 28.04135316051412], [-109.03684345846952, 28.04275432116249], [-109.03661775675774, 28.044912390883752], [-109.03625519188573, 28.04599380641344], [-109.03615618562787, 28.04831650824586], [-109.03655108538688, 28.05013698021705], [-109.0366990485238, 28.052208565289117], [-109.03672770353829, 28.054778806875312], [-109.03712357586487, 28.056682183401414], [-109.03827054324957, 28.05874421929773], [-109.03929824842757, 28.06130489968829], [-109.03994395617065, 28.06320586915474], [-109.04070806795636, 28.064525262377096], [-109.04296795164328, 28.06558154170479], [-109.044221390171, 28.0659841003907], [-109.04548322982124, 28.0671328377352], [-109.0457469822098, 28.068374086585425], [-109.04463610197323, 28.06954563848198], [-109.04440404711639, 28.071123333138804], [-109.04480015055228, 28.073026663711232], [-109.0451869403276, 28.07410089054238], [-109.0445774251249, 28.075433459806135], [-109.04333971322274, 28.076440390164397], [-109.04148030935829, 28.077702037901105], [-109.04123517704235, 28.078118987166455], [-109.04943648004698, 28.0964479713448], [-109.05181829357795, 28.097171176498364], [-109.05345064878362, 28.097901611665947], [-109.05446410750693, 28.09913554631373], [-109.0549769790167, 28.10029141815317], [-109.0552419144463, 28.101615533277897], [-109.05625826725866, 28.103098174848935], [-109.05827496836181, 28.104653979162574], [-109.05953839730803, 28.105885427634078], [-109.06055390472285, 28.10728511777875], [-109.06146540566328, 28.110510001022156], [-109.06261732713334, 28.112903345007567], [-109.0636281911762, 28.113888459742952], [-109.06414315278963, 28.115210093778956], [-109.06417553692661, 28.118028965903974], [-109.06469243800312, 28.11951641037165], [-109.06584168796097, 28.12166098384197], [-109.06710350948342, 28.122726514827608], [-109.06850369187175, 28.124951508139283], [-109.06889192257579, 28.12610852517356], [-109.06840840921788, 28.127522870923077], [-109.06716563307357, 28.12811551248052], [-109.06504533902978, 28.12846800869988], [-109.06317587786478, 28.12890093210678], [-109.05856699476593, 28.13018979597211], [-109.05707516802794, 28.130867704184706], [-109.05533909867233, 28.132045485803665], [-109.05384911526232, 28.132889180882284], [-109.04948039710436, 28.133346242049857], [-109.04711658290687, 28.134281266931], [-109.04537187701163, 28.13471275342842], [-109.0432522776362, 28.135147841513046], [-109.03938321906737, 28.135599763254106], [-109.03813735648014, 28.135943436156772], [-109.03465150109018, 28.13713781313523], [-109.03316032894203, 28.137898395598583], [-109.03242078203954, 28.13881760004285], [-109.03606621585179, 28.14068974932373], [-109.03983486331985, 28.14239476299968], [-109.04386953790451, 28.14550670360668], [-109.04513147969071, 28.146572428443104], [-109.04589261222316, 28.147560075446755], [-109.04802941683838, 28.148617286452907], [-109.04954138566602, 28.149680535011772], [-109.05130712116883, 28.151072965848424], [-109.05308712140778, 28.15370899796468], [-109.05385217573763, 28.155028221090074], [-109.05450176303083, 28.157177742442776], [-109.0555225360078, 28.15899196034249], [-109.05730374202463, 28.161710818995772], [-109.05745730294389, 28.164196839395803], [-109.05835511966323, 28.16617806262033], [-109.05949723670587, 28.167659376601996], [-109.06039034969018, 28.169226039712214], [-109.06279208374518, 28.171524116800224], [-109.06392857278587, 28.17250793572359], [-109.06494200074114, 28.173658789472896], [-109.06633333930273, 28.175054655893025], [-109.06784971845427, 28.176449269411894], [-109.06860647895898, 28.177022207714984], [-109.06898919555523, 28.17768175635201], [-109.05797731705181, 28.187657345106082], [-109.05975436765362, 28.18996156912241], [-109.06042545142036, 28.193934986469355], [-109.06057443645922, 28.196006444702675], [-109.06059169142733, 28.197498779996373], [-109.06161207633411, 28.199229986458423], [-109.06275464777161, 28.20071122664754], [-109.06377798821265, 28.20269113106187], [-109.06391552788075, 28.20376768987039], [-109.0638164658523, 28.20600741746999], [-109.06333747148848, 28.20783631310049], [-109.06284211539631, 28.2082557860317], [-109.05471437627662, 28.208335757565184], [-109.05550096488038, 28.21147889333479], [-109.05577401635178, 28.213466224379303], [-109.05530538700953, 28.21620709355741], [-109.05633548705153, 28.21876740316571], [-109.05647395275994, 28.219926880839406], [-109.05536950701503, 28.221761912871127], [-109.05439295733665, 28.223844434752905], [-109.05403499379506, 28.225340459357945], [-109.05492575157731, 28.226658383759197], [-109.05579736701802, 28.226318147311957], [-109.0583034358898, 28.22670806605635], [-109.05869303496281, 28.22794797983241], [-109.05919521726794, 28.228108863072258], [-109.06056227539419, 28.227349127133888], [-109.06196976634477, 28.230071476852373], [-109.06288091311109, 28.233130380727452], [-109.06438369037163, 28.233281341059627], [-109.06602314368314, 28.23442592448473], [-109.06641770673654, 28.236080336062823], [-109.06818230022505, 28.237223645578894], [-109.07056842503835, 28.238029080825935], [-109.07170479266692, 28.238929841035578], [-109.07197050010586, 28.24025384656498], [-109.07135580143438, 28.24117204407028], [-109.06934968523974, 28.24077743117971], [-109.06609569747799, 28.240643921827466], [-109.06347579539569, 28.241250304149606], [-109.06224043269596, 28.24258919530181], [-109.06112530199422, 28.243512306521193], [-109.05988025094445, 28.244022110752567], [-109.05864096144461, 28.245029348032133], [-109.05840715128718, 28.246441239762234], [-109.05892868286142, 28.24826025790485], [-109.05749400933429, 28.253995672999356], [-109.05637103216169, 28.254255502261774], [-109.05486411343624, 28.253772853338095], [-109.05310893369398, 28.253458462847483], [-109.05224668249623, 28.25462778144215], [-109.05188480781766, 28.255792178352923], [-109.05215322037523, 28.257364964055878], [-109.05105605857555, 28.25986326277002], [-109.0511974549675, 28.26127146407517], [-109.05221940135324, 28.263085589310656], [-109.05323370198948, 28.264236443121266], [-109.05312876229691, 28.265978732183527], [-109.05251761194015, 28.26722850406082], [-109.05243283222214, 28.270711850910608], [-109.05157717837726, 28.27246153092459], [-109.04959158145164, 28.273890650600055], [-109.04810546027304, 28.275231925190617], [-109.0467472956366, 28.276820683492595], [-109.04538718011332, 28.278243616069734], [-109.0445189413792, 28.278915463292087], [-109.0427681207494, 28.279015520812607], [-109.03938683205432, 28.278799805587376], [-109.03713833829588, 28.27915340036159], [-109.03266210951355, 28.281684483166114], [-109.02561938118767, 28.28609267537704], [-109.02589181147681, 28.28058920084545], [-109.02512033852123, 28.278772437152863], [-109.02347018994014, 28.27671538240056], [-109.02130930495898, 28.27375110578547], [-109.01928021035673, 28.27136595256147], [-109.01738472629934, 28.269725754405947], [-109.0148683667701, 28.268506064977952], [-109.01310555237205, 28.267527884744254], [-109.01084230239374, 28.266554452614944], [-109.01020559279614, 28.265565483792663], [-109.00803051385509, 28.26127434995368], [-109.00739479085813, 28.26036827303025], [-109.0048759891682, 28.25889962851045], [-109.00285952231502, 28.257592015071896], [-109.00146403536786, 28.255863890220244], [-109.00081370405024, 28.253631179524305], [-109.00054513310536, 28.251975301715007], [-108.99916443743608, 28.251573737272984], [-108.99767513711052, 28.252665760368462], [-108.99683787565117, 28.256156337495845], [-108.99660414486574, 28.25765111966585], [-108.9959886730505, 28.258569051612476], [-108.9944873620473, 28.25858318858538], [-108.99299152687473, 28.259094785401746], [-108.99174680958997, 28.25968693026551], [-108.99088014772508, 28.260524281456398], [-108.990017116582, 28.261693280242266], [-108.982989901653, 28.259851813461776], [-108.98125550609683, 28.261443500572145], [-108.9807731272537, 28.263106436682857], [-108.98067242096708, 28.265346272491445], [-108.9804429777528, 28.26725561888755], [-108.98082919673105, 28.268247085869586], [-108.98034408063464, 28.269661281908732], [-108.97676146738314, 28.273923652620695], [-108.9751464926826, 28.275016644266465], [-108.9737826490506, 28.27619021345166], [-108.97253311976748, 28.276367640992355], [-108.96977570433522, 28.275978546125366], [-108.9680139912568, 28.27508266807482], [-108.96737490730268, 28.2738447206325], [-108.96297303859535, 28.2718121727417], [-108.96235630113256, 28.27264707340722], [-108.96136594154164, 28.273651249461654], [-108.95952452478448, 28.276985084304584], [-108.95879148327244, 28.278650275892375], [-108.95843650589734, 28.280560771792157], [-108.95882703751592, 28.281966892469658], [-108.95996487877628, 28.283034459921673], [-108.96348850389846, 28.284826384146392], [-108.96488833643843, 28.2869694908041], [-108.9650286889578, 28.288377889026435], [-108.96455134821669, 28.290538289347747], [-108.94467063322891, 28.29246151946584], [-108.9438977381296, 28.290395417279424], [-108.94200377958275, 28.28883700671783], [-108.9408747873419, 28.288598446454596], [-108.93988407656622, 28.28960249945842], [-108.94002410996617, 28.291010955750096], [-108.93991383739082, 28.292421674071456], [-108.93931343591557, 28.294831919776577], [-108.93856685557064, 28.295253288554875], [-108.9374395452982, 28.295180540088015], [-108.93618882149904, 28.295274744681453], [-108.93294249318518, 28.29605029543536], [-108.93220109496625, 28.29696913749085], [-108.93170479348689, 28.297388223051303], [-108.92780740465798, 28.29576466415525], [-108.92604476186376, 28.2947853241533], [-108.92454196998887, 28.294715823338237], [-108.9231721034786, 28.295391454011355], [-108.92179877128385, 28.295735399094553], [-108.92079661195831, 28.295661397042533], [-108.9175140636783, 28.292954005859098], [-108.9160070067266, 28.292469813275318], [-108.91513003617011, 28.292394656657446], [-108.91475284679291, 28.292232143636447], [-108.90958809494188, 28.289043622254457], [-108.90758984808357, 28.2894758538556], [-108.90583850150956, 28.28957417954086], [-108.90420383220135, 28.288842185901874], [-108.90069860249777, 28.288789965880795], [-108.89844746397218, 28.288975494739883], [-108.89706399882505, 28.288324144257306], [-108.89605181307196, 28.28725490426287], [-108.89553270283118, 28.28543501051818], [-108.89576620258445, 28.283774417951527], [-108.89586614749861, 28.281285708361857], [-108.89535127974811, 28.279880413175203], [-108.8943408776366, 28.27897699147451], [-108.89282739994563, 28.277829143927733], [-108.89219079677713, 28.276756600835867], [-108.89179863835805, 28.275101435846874], [-108.89150739848755, 28.271040470998475], [-108.89124877054937, 28.270213427766162], [-108.889697945855, 28.269167091802142], [-108.8822549039813, 28.265711269109367], [-108.87110700484386, 28.26623312410504], [-108.86280038051754, 28.265273575386637], [-108.86182589103653, 28.26336575754808], [-108.85984553283778, 28.262108268085466], [-108.8604782826736, 28.261371724702908], [-108.86111406694188, 28.260387613491613], [-108.86163018891934, 28.258989662818216], [-108.86165148024394, 28.25725671124229], [-108.86229229325292, 28.255859984300923], [-108.8619323343996, 28.254700999557148], [-108.86082511836634, 28.253452122443395], [-108.86097721012194, 28.251225269548456], [-108.86124487751937, 28.2497423378254], [-108.85874156634398, 28.250460446677405], [-108.85725115610474, 28.249950545351687], [-108.85513314834277, 28.24976454690162], [-108.84951413069288, 28.25028656431307], [-108.84750240882117, 28.251587062925072], [-108.84572980310318, 28.253715221789847], [-108.8435860651511, 28.25559205801856], [-108.83915714477462, 28.260664692759583], [-108.83888500985366, 28.26247764201985], [-108.83872004412096, 28.26569468423742], [-108.83669342784208, 28.26815028012189], [-108.83492653088267, 28.26978314674316], [-108.83289559973012, 28.272568755510093], [-108.83076475266506, 28.27337259504592], [-108.82812244799062, 28.27516159662337], [-108.82509332438609, 28.277936987300418], [-108.81968033191606, 28.281760978578898], [-108.81861740621144, 28.278867779224598], [-108.81859869287563, 28.276877530258755], [-108.81758890152217, 28.275973472403344], [-108.81658223880412, 28.275401114233567], [-108.81481846860697, 28.27417141661877], [-108.81343018519561, 28.272938654024205], [-108.81128795340373, 28.271380229750253], [-108.81014308815223, 28.269399054244587], [-108.80951041569655, 28.268657749167467], [-108.80874258577697, 28.26683938501064], [-108.80796554425804, 28.26402587719293], [-108.80720932238376, 28.263451419325243], [-108.80495375270917, 28.26313779669761], [-108.80307130897278, 28.262572344006486], [-108.80142998133668, 28.26100971924238], [-108.79903789233407, 28.259453060513067], [-108.79841297920967, 28.259540978487063], [-108.79692733857945, 28.26129444910407], [-108.79656790700149, 28.263038946284187], [-108.79431691176023, 28.263222718451175], [-108.79295477985369, 28.264809303487183], [-108.79220695897405, 28.26514697740544], [-108.78982773606884, 28.26499995487022], [-108.7884587164262, 28.265840136988587], [-108.78734449013524, 28.267175909215386], [-108.78509864253334, 28.267940047658367], [-108.78222026514754, 28.26796270152409], [-108.78022015729209, 28.26822721560914], [-108.77485890770002, 28.27050845534565], [-108.77399997266511, 28.272422698568832], [-108.77816592261688, 28.276371064681634], [-108.78206457554045, 28.278413852788955], [-108.78294670712657, 28.27907039656538], [-108.78197548918743, 28.28239547571586], [-108.78200030144129, 28.285132163355403], [-108.78301744940323, 28.286865803121014], [-108.7832843600776, 28.288688285177578], [-108.78219545614229, 28.29284365506478], [-108.78259132615881, 28.29507979932489], [-108.7829804323141, 28.296569572837623], [-108.78261845843633, 28.298065270283875], [-108.78101216317779, 28.300400132298606], [-108.78127458306074, 28.301725036701356], [-108.78154454693174, 28.303879237411817], [-108.78080244812448, 28.3048803153806], [-108.78039376082342, 28.301234360515345], [-108.78000015321632, 28.299246999007295], [-108.77998135796697, 28.2971737504731], [-108.77921900272216, 28.29593570724458], [-108.77784201970539, 28.295946524465055], [-108.77683757981376, 28.29562266192869], [-108.77381607938871, 28.293738791039917], [-108.77254565916522, 28.291675308557373], [-108.76976577606914, 28.28879420435891], [-108.76975760466205, 28.28788196491432], [-108.76962797667737, 28.287385354019005], [-108.76987683360842, 28.287217543579736], [-108.76960495872336, 28.284814496337784], [-108.76796368980531, 28.283251457940167], [-108.76542193724809, 28.278958453662757], [-108.76601597743675, 28.275387560452263], [-108.76686251576804, 28.272063521063977], [-108.76734982383094, 28.270566878164693], [-108.76721580365138, 28.26957267341348], [-108.76570661601363, 28.26875499180705], [-108.7642026056666, 28.26851781173373], [-108.76045103682884, 28.268878501795268], [-108.76020000185905, 28.26879749724076], [-108.75931075838223, 28.267311464845033], [-108.75880723327627, 28.2669835862416], [-108.7575579389008, 28.267241996896733], [-108.75718468417305, 28.26749367532138], [-108.75580730860915, 28.26742130271915], [-108.75429968270441, 28.266769347865626], [-108.7529215873783, 28.266614012584512], [-108.75303436726074, 28.26520320486636], [-108.75327811284654, 28.264454899907154], [-108.75301836401916, 28.263378691317513], [-108.75238609665146, 28.26263707895012], [-108.75125979632531, 28.262645675116193], [-108.75014002013391, 28.263400656069663], [-108.7485247087233, 28.26473996876785], [-108.74742152576854, 28.267402386690208], [-108.7474468496924, 28.27030503576581], [-108.71775968367139, 28.26754176129762], [-108.70428088310145, 28.272202418996095], [-108.70204243905319, 28.273960489588234], [-108.70118694075832, 28.276454953549674], [-108.70107278794708, 28.277782845898205], [-108.70121241743851, 28.27952359926645], [-108.70299241048893, 28.282828288597834], [-108.70213067905196, 28.284576334514465], [-108.7012709905182, 28.2865731861094], [-108.70554714663692, 28.288947275608976], [-108.70769119859294, 28.29083921680307], [-108.70744986462975, 28.291919216726882], [-108.70721477989412, 28.293745638246378], [-108.70675224070236, 28.298310774260415], [-108.70739489064229, 28.30029664048311], [-108.70891812351333, 28.302773676131455], [-108.71055894783925, 28.304337476451103], [-108.71635180355563, 28.3082758249499], [-108.71748918744508, 28.30951149355939], [-108.71762073148642, 28.310256977565555], [-108.71737736654109, 28.311088183045012], [-108.71713822465293, 28.312416997021373], [-108.71727259061045, 28.31349422002373], [-108.71827778304822, 28.313901457459618], [-108.72352872637036, 28.312950019178952], [-108.72440304379602, 28.312694670711604], [-108.72591049893454, 28.313263975014674], [-108.72603997434531, 28.313760642391298], [-108.72529441609794, 28.314429735972677], [-108.72442861165888, 28.315680301335522], [-108.72508523664035, 28.319241786907863], [-108.72647113880994, 28.320226682203202], [-108.72647256367401, 28.320392550123074], [-108.72321980146842, 28.320748642644162], [-108.72222729243052, 28.32183426705137], [-108.72111379606086, 28.323418425752166], [-108.71960620994614, 28.32284908007763], [-108.71518841612115, 28.32340716562445], [-108.71333259898417, 28.321402717202474], [-108.70844838615417, 28.321355819227676], [-108.70794471947387, 28.321027763824063], [-108.70956416314847, 28.320020554030414], [-108.71205307235176, 28.31817750553894], [-108.71266792130861, 28.316845919233515], [-108.71278401600048, 28.31576683804726], [-108.71189912830681, 28.314778089455174], [-108.71013849075737, 28.31387872909663], [-108.70851076527502, 28.313890712040312], [-108.70751954331094, 28.315142109068848], [-108.70628344400187, 28.317058824216524], [-108.7050424337916, 28.318394982291593], [-108.70355165327005, 28.31981590194553], [-108.70230433471134, 28.32040561826609], [-108.69955713872297, 28.321338039684647], [-108.6978151081214, 28.32267779781196], [-108.69719452058031, 28.323345846897713], [-108.69606200773802, 28.322690556604833], [-108.69641493013546, 28.319950926575405], [-108.69577369292698, 28.31813087772346], [-108.69514142122625, 28.317388997215915], [-108.69224912355278, 28.315917016179853], [-108.69148619874454, 28.314512527146395], [-108.6899706631557, 28.31294758334125], [-108.68845721876386, 28.311631429275636], [-108.68706561596187, 28.309899668122963], [-108.68643413592136, 28.309240673421815], [-108.68618032220623, 28.308827787500878], [-108.68617216343888, 28.307832540747285], [-108.68691863211446, 28.307246579534493], [-108.68690978808054, 28.306168396080228], [-108.68665530135146, 28.305672573169467], [-108.68365382049294, 28.306108827821642], [-108.6830217077565, 28.305366875432473], [-108.68363484786803, 28.30378657892945], [-108.68437317116862, 28.302205383582542], [-108.6846018747425, 28.29954959060093], [-108.68409634990056, 28.29897261715354], [-108.68320577532909, 28.29723720404993], [-108.68294051249732, 28.295414368419213], [-108.68243028881956, 28.294256822232363], [-108.68155193510982, 28.29401427044087], [-108.68004831107753, 28.29385911512742], [-108.67916727242837, 28.2932847954452], [-108.6794035161656, 28.2915413153971], [-108.6801472291603, 28.29062364586053], [-108.68014049500815, 28.289794267036726], [-108.67899769339012, 28.287811781420327], [-108.6798611867365, 28.28622972060053], [-108.68073475734414, 28.28589172471423], [-108.68223759315605, 28.285963945209478], [-108.68336083605938, 28.28554120791992], [-108.68460180833503, 28.284205252814623], [-108.6850889875367, 28.282542917390632], [-108.68595235262208, 28.28096082938552], [-108.68682382519424, 28.280373987651974], [-108.68907150202115, 28.279694317390543], [-108.69044022856697, 28.278689170738613], [-108.69042458460868, 28.27678161487183], [-108.69104294067733, 28.27586480287961], [-108.69290681068142, 28.27419253723544], [-108.69302720305976, 28.273611075521682], [-108.69277346651941, 28.27319819464636], [-108.69202044002398, 28.272954793670692], [-108.69113953218948, 28.272380539954014], [-108.69038583475499, 28.272054191759082], [-108.69087356830396, 28.270474784164804], [-108.69074500898759, 28.270060997830043], [-108.6732030773522, 28.26778063481091], [-108.67208727810664, 28.269115601500644], [-108.67174437827104, 28.27318224658866], [-108.67050932263004, 28.275264538339965], [-108.67013514408455, 28.27543306103075], [-108.66801853001053, 28.276857992972605], [-108.66677939224616, 28.278442626566576], [-108.66465804988111, 28.279286941255343], [-108.6629220840017, 28.281372689844655], [-108.66193844723516, 28.28361905358385], [-108.66157410083012, 28.285031647178354], [-108.66058712035418, 28.28686330886619], [-108.6588470226804, 28.28845138528924], [-108.65735003688509, 28.28912536530873], [-108.65611060826784, 28.29070992747108], [-108.65612305085635, 28.292285782203553], [-108.65625806818663, 28.293529007113005], [-108.65615974190027, 28.296930404789826], [-108.65517978174691, 28.299674380380026], [-108.6553207046387, 28.301664062461327], [-108.65609421778586, 28.304478782332584], [-108.65585758450368, 28.306222257329406], [-108.65536397004975, 28.30713807937208], [-108.65311545466997, 28.307817264554693], [-108.65074495845255, 28.30891198234872], [-108.64863004169406, 28.31066845321159], [-108.64839133027446, 28.31216310621577], [-108.64789762697735, 28.313078909010905], [-108.64665521214718, 28.314331658545676], [-108.64541666211872, 28.316082041013917], [-108.64442786897305, 28.317747750440674], [-108.64380694287796, 28.318415584716057], [-108.6405698683086, 28.32084323632809], [-108.63820860318289, 28.323181884138275], [-108.63696853305282, 28.324766328460743], [-108.63660763018198, 28.326676537107666], [-108.63550365769811, 28.329670112345354], [-108.6310091819948, 28.33152554641702], [-108.62762834460054, 28.33163144069203], [-108.6244903619185, 28.33074025961265], [-108.62260670825405, 28.330089395221098], [-108.62109752721496, 28.32927009214109], [-108.61933915335808, 28.328618335825297], [-108.61708801660146, 28.32904815972095], [-108.6159690272621, 28.330133953466024], [-108.61459577455109, 28.330723758322105], [-108.61209533238367, 28.331321063435297], [-108.61034755839152, 28.33207921663773], [-108.60948144430951, 28.33349507130707], [-108.60874304395026, 28.335241862400352], [-108.60862339747914, 28.335989179930095], [-108.60775909866511, 28.3376538567703], [-108.6060198759587, 28.33957316872349], [-108.60590269108755, 28.340652257847854], [-108.6064155040369, 28.342224855744142], [-108.60667657804298, 28.343633225530567], [-108.57221853879966, 28.34219836474567], [-108.56882174939919, 28.340146242129368], [-108.567185144312, 28.33899532858663], [-108.56679050149134, 28.336343436950518], [-108.56640649227714, 28.335184570872745], [-108.56614774270118, 28.33402491060845], [-108.56563732591042, 28.33270094043619], [-108.56388502043599, 28.332877904638877], [-108.56176047188988, 28.33355489020462], [-108.55963706095379, 28.33439773812033], [-108.55813462922805, 28.334490112078775], [-108.55625411250072, 28.33425303250152], [-108.55087868113796, 28.33577965226858], [-108.54924865326733, 28.33554091952258], [-108.54748878034884, 28.334639362080647], [-108.54597886601674, 28.3336532844148], [-108.54446497491621, 28.332086553309562], [-108.5429477054697, 28.33002211393597], [-108.54181648641625, 28.32944840797393], [-108.5394356491501, 28.32929710914262], [-108.53893976619123, 28.330046710346807], [-108.53769408041715, 28.331049751451612], [-108.53532167636925, 28.33214260929347], [-108.53357548381572, 28.3332316204374], [-108.5322078298792, 28.3347330726191], [-108.53146754511714, 28.33639661010538], [-108.53097550907144, 28.337726830261023], [-108.52936173175931, 28.33989337214662], [-108.52874607649483, 28.34147319293586], [-108.52689062202863, 28.34496841333825], [-108.52527219590513, 28.346471330169994], [-108.52177298834108, 28.34773669000096], [-108.5195219850046, 28.348330868468906], [-108.5178940003716, 28.348423569197898], [-108.51727260979952, 28.34917386052826], [-108.51740506601384, 28.35025145558979], [-108.51716114628651, 28.3512483480759], [-108.51629414986827, 28.352746680775127], [-108.51567272540291, 28.353496967651733], [-108.51531067360885, 28.35557295166608], [-108.49786743651237, 28.351196421471798], [-108.50166677404343, 28.365279077825967], [-108.50507634243469, 28.366817168242836], [-108.50614955820845, 28.368399867198196], [-108.50729068462844, 28.37054115899626], [-108.50732521241169, 28.372983419575284], [-108.50710161181185, 28.374042977982807], [-108.50540227923155, 28.376030648824734], [-108.50437577877904, 28.378915642229387], [-108.50480222879173, 28.381013327505336], [-108.50939909301236, 28.38614891232069], [-108.51162214168058, 28.389116253096148], [-108.51945121038679, 28.398631434105205], [-108.52027287425432, 28.400357211041637], [-108.52055932060223, 28.401950392497273], [-108.52052916649957, 28.40576196695488], [-108.51996134820654, 28.408046249625517], [-108.52016074813451, 28.411041348131604], [-108.52132208539429, 28.413585380582035], [-108.52118591691992, 28.417097169971285], [-108.51985682042287, 28.418913743819058], [-108.51827327799627, 28.421606545583305], [-108.518368626921, 28.4243828956363], [-108.51940654956692, 28.426131921198525], [-108.52115946359714, 28.427129978497916], [-108.5241906724551, 28.4284335268636], [-108.52647069523344, 28.42967449017933], [-108.52901063500624, 28.431314386956128], [-108.53093893964548, 28.432423735827136], [-108.53163423139884, 28.4352443508327], [-108.5324220132907, 28.4367653778121], [-108.53463488154217, 28.43636430643479], [-108.53651866720577, 28.435690898262685], [-108.54039596944033, 28.435837949409112], [-108.54202304404856, 28.43699182410052], [-108.54209668916296, 28.438876769824113], [-108.5423725142782, 28.4409560730978], [-108.54303764584833, 28.442561151766135], [-108.54417153288425, 28.446852146690475], [-108.54508448315968, 28.448369969761607], [-108.54786644924343, 28.450711232611866], [-108.54979907442774, 28.453014433632188], [-108.54985656197914, 28.454251127594993], [-108.55010401423367, 28.455195991029413], [-108.5522643690809, 28.45556949567385], [-108.55500191177437, 28.455095845123815], [-108.556773008846, 28.455943531376143], [-108.56177286654199, 28.45701292064563], [-108.56476880189778, 28.461802744818375], [-108.56725316571435, 28.46508672700751], [-108.56804787863112, 28.466850557890005], [-108.56970259266592, 28.468025283912716], [-108.57080817172313, 28.4682999598019], [-108.5739701373748, 28.469761152216556], [-108.5761514771559, 28.470944506536092], [-108.57704652316231, 28.47173281321974], [-108.58679132419633, 28.47643346502327], [-108.58891089613776, 28.477249981232347], [-108.59047843533975, 28.479886018932447], [-108.58896027196322, 28.484059252741314], [-108.58739004516424, 28.485174768198167], [-108.58186834436867, 28.485372948052287], [-108.57806164634212, 28.48703107958045], [-108.57682058164116, 28.48841866241947], [-108.57551240411523, 28.491046023415596], [-108.57329495772706, 28.49332037006167], [-108.57198617987798, 28.49494522089435], [-108.57033809684677, 28.497927315214433], [-108.56936320434431, 28.499956793710325], [-108.56888402601047, 28.500779592593762], [-108.56657177704706, 28.503269901812605], [-108.56423677483609, 28.50486888293329], [-108.56305307280147, 28.50749303534955], [-108.56298174035365, 28.508570773245875], [-108.56510469708259, 28.513382323401856], [-108.56562920477428, 28.515374214597436], [-108.56818106852377, 28.521250895465514], [-108.56900316216566, 28.524068013976574], [-108.56765724636317, 28.526268956896388], [-108.56526286770024, 28.529431892053353], [-108.58051333408125, 28.537930469785152], [-108.58699904146908, 28.550991199615666], [-108.58512657127525, 28.553831834688282], [-108.58365244337806, 28.55505473806146], [-108.57968526260575, 28.5564519491446], [-108.57773888959142, 28.557576893851422], [-108.57428822219583, 28.560641656344252], [-108.57206477962664, 28.56175156564945], [-108.57063901261628, 28.56367411195683], [-108.56981973354257, 28.566915878507235], [-108.56887123439869, 28.568966648606114], [-108.56756415077336, 28.5706429564828], [-108.56828862767654, 28.574516506557412], [-108.56789521248211, 28.58360710849571], [-108.56722358214782, 28.587737016464537], [-108.56771880432792, 28.591395010461515], [-108.56740988978743, 28.593997259309354], [-108.56604872385941, 28.59563106929683], [-108.56395989649738, 28.5961108198744], [-108.56180072220442, 28.595899819817618], [-108.55943690408239, 28.596445546247303], [-108.55761252575775, 28.598518209245896], [-108.55731787197497, 28.600655553452167], [-108.55675236068592, 28.603020986089575], [-108.55464046876524, 28.60467349742078], [-108.55309085512752, 28.606680086119624], [-108.55365507390057, 28.60917939791443], [-108.55419251471662, 28.61062535725846], [-108.55425645199934, 28.613137184380427], [-108.55507291568912, 28.61674333569954], [-108.55700294338716, 28.618803025472797], [-108.55992967910501, 28.619643450374813], [-108.56182881219863, 28.621519750629048], [-108.56276863295768, 28.622977494760775], [-108.56073717742109, 28.626758053451187], [-108.56254656704694, 28.630014906965865], [-108.56274001677644, 28.632685616245226], [-108.56158626345652, 28.636525233365315], [-108.5600115538774, 28.638591695296615], [-108.5592185274902, 28.641854703775607], [-108.56065900671187, 28.643299889966972], [-108.5602040795313, 28.645095017648796], [-108.557972572349, 28.64596177748937], [-108.55547833789727, 28.64738070337241], [-108.55505642101959, 28.649440155913155], [-108.55737492583492, 28.651976527364845], [-108.55954771392925, 28.654737811868912], [-108.55903386600009, 28.658096823197297], [-108.57025850027789, 28.662252000570454], [-108.55489933655143, 28.682523863226724], [-108.55804606382415, 28.6961003062078], [-108.55932769027685, 28.69816137090689], [-108.56155296283983, 28.70062782517092], [-108.56660279204874, 28.70389567702541], [-108.61126422728734, 28.702822351151305], [-108.61221795750944, 28.703849372214183], [-108.61479015103008, 28.708384902943646], [-108.61645533683459, 28.71479598692695], [-108.61722014987346, 28.723497316125467], [-108.62326355764331, 28.73007032524329], [-108.63455908762816, 28.73285566063717], [-108.6446561355453, 28.738763003899493], [-108.65281795637391, 28.74095762552532], [-108.6640568530578, 28.74021590053421], [-108.6738035152548, 28.739995789724475], [-108.67542828041744, 28.741407406603017], [-108.67730251258051, 28.743482420212437], [-108.67955249355244, 28.74530941175429], [-108.68255282059965, 28.74755197453249], [-108.68380126283633, 28.749957381518062], [-108.68454796316405, 28.75343933563219], [-108.68542032718999, 28.756507117087423], [-108.68691911496938, 28.75899578280431], [-108.68954558108824, 28.76032598946049], [-108.69104247817738, 28.76463786090477], [-108.69078715391018, 28.769112697084825], [-108.69116019592578, 28.77126803443578], [-108.69541173428047, 28.774755464476833], [-108.69691081906544, 28.777409791092943], [-108.69828322505427, 28.781555659477906], [-108.70003133734711, 28.78561921757333], [-108.70203053186776, 28.789103013726375], [-108.70365295427368, 28.79391222068076], [-108.70415057435811, 28.796979348082225], [-108.70602440969905, 28.800960160990762], [-108.70839998225351, 28.804112943839623], [-108.71065025440183, 28.80751413399018], [-108.71215124864588, 28.809008075296564], [-108.71578228020117, 28.808847545951526], [-108.72003917669957, 28.80885354264789], [-108.72116392790737, 28.811258499141694], [-108.72166225463381, 28.81415983706416], [-108.72303617723337, 28.818139763971516], [-108.7240359362997, 28.82046165486871], [-108.72428434683162, 28.822865389429992], [-108.72277928834498, 28.825681090799332], [-108.72077476941827, 28.82675568805825], [-108.7143886442896, 28.826415115787487], [-108.71063153493431, 28.826824013242202], [-108.70524615041022, 28.82756185088948], [-108.70211247121159, 28.830457687047794], [-108.7021100966886, 28.832695297691423], [-108.70123357349091, 28.832611071826925], [-108.698102093121, 28.833269192991853], [-108.69597252180321, 28.833845956205295], [-108.69559440203645, 28.836000087848916], [-108.69634320534684, 28.838321755359022], [-108.69684294883878, 28.839399911913738], [-108.69921793099454, 28.843547364235498], [-108.69846390748458, 28.84586666196563], [-108.69333380797046, 28.84154904530318], [-108.69183073158447, 28.841712367742794], [-108.69057637330971, 28.84336781008335], [-108.69057363329262, 28.845688276364367], [-108.6915739422127, 28.847098761658422], [-108.69420174796525, 28.8491748559285], [-108.69695229986598, 28.853571574942176], [-108.69945566480332, 28.855150136619752], [-108.70321063576533, 28.857725084817435], [-108.70283174002482, 28.86062510088672], [-108.7008247974126, 28.8631082059784], [-108.69769191968305, 28.864180632614335], [-108.69530983247628, 28.865917181945562], [-108.6956836441931, 28.86765813440494], [-108.69680807155794, 28.87031190034843], [-108.69881210222796, 28.870646583051087], [-108.70044196712654, 28.86948891560311], [-108.70282361383818, 28.86816664654719], [-108.70508019349082, 28.866595516973785], [-108.70796006651413, 28.867925895672716], [-108.7074544189935, 28.87231747281754], [-108.70494594746093, 28.875048488172812], [-108.70193593278465, 28.878027287655613], [-108.70468687207418, 28.88300401063393], [-108.70581308120177, 28.88433173355517], [-108.70768926246728, 28.887400952810612], [-108.70706068475512, 28.889388972682855], [-108.70943990708682, 28.890801457660938], [-108.70768369838383, 28.892704892441078], [-108.70655165678866, 28.8967639876631], [-108.7065484772062, 28.899747448496086], [-108.70667122524021, 28.902150984214604], [-108.70854632058365, 28.906546186094207], [-108.7069156634569, 28.907952539788226], [-108.70591050124023, 28.910354328935835], [-108.70477588157239, 28.916485225717732], [-108.70452194020788, 28.919468283267424], [-108.70564633768309, 28.92278498944181], [-108.70777514352903, 28.924611516126173], [-108.70903066296019, 28.922624476518497], [-108.70928492691566, 28.91922703596568], [-108.70891111299733, 28.9171546151812], [-108.70941287757856, 28.916741013214757], [-108.71141921260886, 28.915749575663245], [-108.71405074211202, 28.916167901698376], [-108.71643000068886, 28.91824329047718], [-108.71755542154598, 28.920896924930723], [-108.71855547476062, 28.92363324295451], [-108.72018245440827, 28.926204719213274], [-108.72206098280718, 28.92794779801765], [-108.72268570438482, 28.930103430568074], [-108.71879941482554, 28.93059503713307], [-108.71629070254899, 28.932331692891687], [-108.71377877219427, 28.93713462787062], [-108.71289913626148, 28.93920514677906], [-108.71264386084121, 28.94359707287379], [-108.71201521935424, 28.945336466070493], [-108.7087567683436, 28.94433697796677], [-108.70712666268768, 28.944665939705807], [-108.70474463268546, 28.944745076560604], [-108.70336458695068, 28.945654499575966], [-108.70365415043233, 28.950146101948352], [-108.70520244792891, 28.953571932404028], [-108.70662136854635, 28.95716092040611], [-108.70509181324788, 28.958125466175844], [-108.6983617828241, 28.95617356404666], [-108.69583462726563, 28.956870267001797], [-108.69355025854126, 28.957902932307977], [-108.69176563243006, 28.959028051507516], [-108.68777533484216, 28.963092311902944], [-108.68594595332429, 28.966038730830757], [-108.68714786095653, 28.968215591612967], [-108.69018928517644, 28.972167478589665], [-108.69088339059596, 28.97458296959988], [-108.68687441202577, 28.974256848546656], [-108.6838002025391, 28.9767649478783], [-108.68507082488847, 28.98126238334975], [-108.6854875102098, 28.984749297809092], [-108.68309927958632, 28.98486861889126], [-108.68018471238139, 28.985971620108092], [-108.68003888998267, 28.986797077890554], [-108.68138872865254, 28.988065743008647], [-108.6823560395796, 28.989575455617413], [-108.68379283733037, 28.992419542431133], [-108.68339604507075, 28.99324013258525], [-108.68072409074205, 28.994679161747737], [-108.67831323620337, 28.995709068472756], [-108.67562077007358, 28.997975880815574], [-108.6764421983441, 29.000311083073385], [-108.6788992791637, 29.002512444765166], [-108.67961158988366, 29.004182876227425], [-108.68019637891501, 29.005933654369823], [-108.68303833356556, 29.00781111226234], [-108.68353630928573, 29.007986440101618], [-108.68793121641725, 29.007988871772472], [-108.69034817498782, 29.011845843928775], [-108.69218633682692, 29.01370367446611], [-108.69468455844783, 29.01424897728258], [-108.69693581473491, 29.014623804859323], [-108.6976768015087, 29.015135094132532], [-108.69876808285562, 29.016729924999005], [-108.69947473959347, 29.018648642413172], [-108.70004376928934, 29.02106167722792], [-108.70034559521636, 29.02413218913525], [-108.69853962339569, 29.02608523140103], [-108.69680649946368, 29.03019321401334], [-108.69789386231822, 29.031953637073755], [-108.70015764235065, 29.031831690362193], [-108.70254090235582, 29.031960497281357], [-108.70387341368574, 29.033974090946735], [-108.70495084646946, 29.036148417311907], [-108.71163981123242, 29.040004454144942], [-108.7123770242486, 29.040681256378146], [-108.71455654883293, 29.044036297532593], [-108.71462379157599, 29.046439646218953], [-108.71297139143677, 29.047236208491476], [-108.70969674345324, 29.04758740778992], [-108.70754406114835, 29.048291447567355], [-108.7058653459489, 29.050164192977885], [-108.70595861845563, 29.0514912581332], [-108.70654608794933, 29.053159159513594], [-108.70774528472427, 29.055501471368498], [-108.70862885231271, 29.060488235755912], [-108.70921842277237, 29.062073338159298], [-108.70805190447778, 29.063541810702365], [-108.70538847199306, 29.064567283929755], [-108.70243944850405, 29.066995284976528], [-108.70163537260024, 29.069050491332618], [-108.70058624568067, 29.075987863181773], [-108.69966253016118, 29.077792254359583], [-108.69872662328737, 29.08009337453321], [-108.69741994822627, 29.082138830176664], [-108.6952542853744, 29.083339360942684], [-108.69294671985678, 29.085199734000028], [-108.68979236581279, 29.085718386006924], [-108.68747040176586, 29.08815817774552], [-108.68614710168747, 29.090865812966634], [-108.68456638367567, 29.093816912661328], [-108.68129224477956, 29.094084539744983], [-108.67889126770689, 29.094617583424025], [-108.68172558030275, 29.101018506096135], [-108.68247743720487, 29.108267193404117], [-108.68496539432212, 29.125241674431365], [-108.68980244338262, 29.13285938061429], [-108.69617258926401, 29.138386233204145], [-108.70031878515238, 29.142279074124765], [-108.70038739158512, 29.146217761999875], [-108.70882271363439, 29.162087524572257], [-108.71025220076456, 29.17202352781534], [-108.71131000009306, 29.17864631186097], [-108.7123898615068, 29.186512844569613], [-108.71099578567708, 29.196480903411878], [-108.70796665188577, 29.202735481002875], [-108.7072545279072, 29.215805837697417], [-108.71083519466502, 29.223021862996287], [-108.71259498788633, 29.233783271997407], [-108.71523487677483, 29.241009836770484], [-108.71544398820139, 29.252825562171456], [-108.71333394272574, 29.257825779626774], [-108.70822238647244, 29.270739039567182], [-108.69911973725596, 29.27715517617976], [-108.70120317777196, 29.282429878556748], [-108.68718803512716, 29.289430749472757], [-108.68442962890101, 29.29340126826053], [-108.68261709477336, 29.297568449591314], [-108.67726204938032, 29.296799207306485], [-108.67566607279284, 29.295365698221637], [-108.67385674132184, 29.299740094130442], [-108.67073307150793, 29.3008116939865], [-108.60118916926888, 29.31380339828289], [-108.60693353277973, 29.337794766155625], [-108.6073555578119, 29.34421809778222], [-108.60679990080428, 29.348578400896], [-108.6004483523925, 29.363575558039567], [-108.59773663803249, 29.370654416844292], [-108.59466520737402, 29.375041507277647], [-108.59503151529103, 29.378147874928036], [-108.5964277664444, 29.386427031500784], [-108.59370148862637, 29.39267660812431], [-108.59065005148727, 29.39830755241585], [-108.59323355930454, 29.400208775891446], [-108.59544326875397, 29.402013833660376], [-108.5960343511257, 29.40310745660724], [-108.59599310096407, 29.404181722881198], [-108.59551848610386, 29.406649183065078], [-108.59531583856399, 29.40862856961233], [-108.59430986850785, 29.411741616794032], [-108.59369280388695, 29.41461836788414], [-108.61546470683278, 29.444653731714112], [-108.56490423002352, 29.445171648096775], [-108.56381202590703, 29.447206241552106], [-108.56273259251759, 29.448910291245806], [-108.56073540427278, 29.451413304836105], [-108.55888709591844, 29.453341763763643], [-108.55707080986373, 29.454443867953028], [-108.55566296385729, 29.454813993759856], [-108.55223388533427, 29.45503882576351], [-108.5505858209537, 29.455070535252077], [-108.54624851856964, 29.455846205685212], [-108.54483418344951, 29.456381476536208], [-108.5435044961828, 29.45799486509539], [-108.54282675156357, 29.459132078868215], [-108.54235695141243, 29.461433979023983], [-108.53977226434795, 29.465986702215826], [-108.53892595177498, 29.468194163351203], [-108.53838430174918, 29.469087383064235], [-108.53653524728999, 29.4710154833653], [-108.53378091220331, 29.473411793726484], [-108.53285307951967, 29.474458440712205], [-108.52977108998512, 29.478747279750532], [-108.49236343421862, 29.479480377945137], [-108.49285658251094, 29.479826786908472], [-108.49369675887738, 29.481011391553793], [-108.4953347621296, 29.48445474710348], [-108.49563614804066, 29.486449727476366], [-108.49504508248232, 29.488582153912258], [-108.49396078475903, 29.490368169668702], [-108.49273605073355, 29.495707148718335], [-108.49315091438532, 29.49803661567065], [-108.49753471131083, 29.502558920681903], [-108.4987418117648, 29.504085929409914], [-108.50126640757104, 29.507557026777693], [-108.50389821555089, 29.51152781839954], [-108.50503342388, 29.518099048335383], [-108.50571160161999, 29.52018853881235], [-108.50942183128886, 29.522538402588058], [-108.51140849882992, 29.523593316812736], [-108.51410610386515, 29.525911377750248], [-108.51607989161714, 29.52729674237632], [-108.5178816472411, 29.52983492778247], [-108.51909910224872, 29.531113896579033], [-108.52022567828683, 29.531479986646392], [-108.52224833068422, 29.5316258362517], [-108.52500152439796, 29.532539006062294], [-108.5264853137866, 29.533495292465652], [-108.53014795060156, 29.537084069630858], [-108.53186892426616, 29.538461335875393], [-108.5355998590602, 29.540314758017285], [-108.53859375954224, 29.54156606157441], [-108.54061665950108, 29.541711644235775], [-108.54130539539126, 29.543553107461317], [-108.53808131260057, 29.544942082159732], [-108.53727945092525, 29.54599265072353], [-108.53631535035333, 29.547948202683973], [-108.53625065215726, 29.54960079739854], [-108.53588736325098, 29.552402329746286], [-108.53559200490237, 29.55346863703813], [-108.53524162178105, 29.555939645987294], [-108.53659271917387, 29.557057161154592], [-108.53728469858682, 29.55881601353177], [-108.53747977871652, 29.56031122351686], [-108.53780799085904, 29.561645111654723], [-108.53810386252735, 29.563805295986967], [-108.53905893451034, 29.565324127698737], [-108.53940064850835, 29.569553989434862], [-108.54907942724877, 29.568359817503985], [-108.55268168829105, 29.576616285282658], [-108.55368854078587, 29.580338086819964], [-108.55345231605143, 29.58510967459584], [-108.55223311014626, 29.58761068481968], [-108.54885264048116, 29.592829888210442], [-108.54362204689942, 29.60055656256178], [-108.54063769278945, 29.610747978264257], [-108.54101423789467, 29.61447642880964], [-108.54395333164587, 29.62066639546769], [-108.54557378331052, 29.62334505983363], [-108.54212705063972, 29.624625161129618], [-108.54101303413597, 29.633552971586667], [-108.54449087924286, 29.63413872817214], [-108.54430230396396, 29.64181275183492], [-108.54533033118427, 29.64677845867818], [-108.545446909653, 29.65382721753123], [-108.5398194105578, 29.65678897707148], [-108.53710455092009, 29.664281991856036], [-108.5456253409518, 29.664607657721046], [-108.54603340014953, 29.670201879703345], [-108.5467328377953, 29.674341574030105], [-108.54140255053333, 29.678893700133393], [-108.54142036425912, 29.67989547516881], [-108.54107918149641, 29.68211855475422], [-108.54053034414733, 29.68962983853419], [-108.54044922479116, 29.69169554277372], [-108.54207550850658, 29.695551653046603], [-108.5416528549016, 29.696613989286277], [-108.54281733495269, 29.69929752379886], [-108.54222653685197, 29.71110940195642], [-108.54239909785956, 29.713182990689294], [-108.54792209441563, 29.714843727063965], [-108.54833227642361, 29.717338333952966], [-108.54976381143824, 29.71969918751576], [-108.55486465549082, 29.72242201853117], [-108.55477728003173, 29.724652995007368], [-108.55767648644077, 29.72846565661145], [-108.5568441034939, 29.73025990497178], [-108.55630426360153, 29.731070465564375], [-108.55609649530062, 29.73313225186986], [-108.55692961731515, 29.734564465262544], [-108.55885043529425, 29.740663194994312], [-108.55894571492294, 29.74471986689058], [-108.55860135370484, 29.74702561015297], [-108.55813978503845, 29.749079533325858], [-108.55714471034514, 29.75177875183678], [-108.55591520312731, 29.75397432014839], [-108.55510521692533, 29.755190138861682], [-108.55503395967452, 29.757007962490544], [-108.5552165110864, 29.758833655976403], [-108.55595204443148, 29.759518291509778], [-108.55578627190047, 29.760505897149326], [-108.55436435394891, 29.761123633999155], [-108.55419532190716, 29.762193864598263], [-108.5544005420616, 29.763441160227377], [-108.55559840461527, 29.765298338627037], [-108.55660724842049, 29.765495073169543], [-108.55903159086192, 29.765239288310593], [-108.55989411166783, 29.765927837333564], [-108.55904846031866, 29.768052588984773], [-108.55952377146947, 29.768894601458975], [-108.55911387973367, 29.769626461931946], [-108.55706371641782, 29.770059301728423], [-108.55664408479619, 29.77103903795728], [-108.55634488914284, 29.772187963747058], [-108.55641026400359, 29.773761834892216], [-108.55724692303468, 29.77511142939924], [-108.55798905869607, 29.775630803036183], [-108.55896887201817, 29.776571180417204], [-108.56097709589218, 29.7772124889451], [-108.5641244996269, 29.77797175336693], [-108.56499685933005, 29.77841238980597], [-108.56535502879076, 29.779002572134374], [-108.56556687272646, 29.780084599763214], [-108.56551514986893, 29.781406660007562], [-108.5651836828079, 29.783381895360783], [-108.56444226968645, 29.786089002360644], [-108.56361915555296, 29.787635373351304], [-108.5628186644617, 29.788603338203426], [-108.56125971693939, 29.789465081953562], [-108.5603549057808, 29.7898506998376], [-108.5595349340979, 29.791314411050642], [-108.56010815036743, 29.7929040123965], [-108.56197680296007, 29.793871903354606], [-108.5638746108705, 29.79409611358249], [-108.56658264181132, 29.793104429943522], [-108.5681060587332, 29.79315154108068], [-108.56808020457149, 29.793812571305157], [-108.56712688571369, 29.79543766537457], [-108.56645331453394, 29.796409575929754], [-108.56576355958283, 29.79779462498032], [-108.56573768657745, 29.798455653386863], [-108.5665972913278, 29.79922680275322], [-108.56822190239285, 29.799938874128674], [-108.56933223021103, 29.80080048707088], [-108.5704361160026, 29.801827349313783], [-108.57250084383912, 29.80429027256843], [-108.57471200563656, 29.806261313837656], [-108.57541895990944, 29.807689525399137], [-108.57538991580631, 29.808433187324507], [-108.57524035304763, 29.809007671559822], [-108.57457644051688, 29.809731733936328], [-108.57414063906435, 29.811124665643188], [-108.57408575400248, 29.812529357995274], [-108.57413524326147, 29.81451637341328], [-108.57342284196687, 29.816479860111308], [-108.57235207252337, 29.81785317135127], [-108.57113489815914, 29.819718319849926], [-108.57108318941408, 29.821040378035253], [-108.57144894334833, 29.824691734145144], [-108.57202250363558, 29.82628129779036], [-108.57313413267066, 29.83036933482281], [-108.57431367952958, 29.83272216285185], [-108.57526833545083, 29.834323481634502], [-108.57731765630466, 29.83719950669056], [-108.57690111706772, 29.838096664771257], [-108.57685914332286, 29.83917083921688], [-108.57715623056308, 29.84133094770884], [-108.57761585760613, 29.842586058560983], [-108.5788601883401, 29.84328627910846], [-108.58024768632815, 29.843577261157677], [-108.58271259387828, 29.842329597489588], [-108.58428834535391, 29.841054495852923], [-108.58649589795024, 29.83988155803381], [-108.58829017279552, 29.839523149788317], [-108.58979823048548, 29.83998319851435], [-108.59103297184498, 29.840931196640412], [-108.5924574423934, 29.84353959196751], [-108.59370189841434, 29.844239678832572], [-108.59430484322202, 29.845085497891624], [-108.5964706120473, 29.844986582882093], [-108.59738224036118, 29.844435479980625], [-108.60088559191044, 29.84264025450068], [-108.60176829829297, 29.84283279290871], [-108.60168166049765, 29.845063815865736], [-108.60229109678822, 29.845744341366732], [-108.60355489961114, 29.845948557089987], [-108.60588617764365, 29.844861814425432], [-108.60744888039632, 29.84391694576975], [-108.6095100232099, 29.843235506636336], [-108.61067880852731, 29.842609453342472], [-108.61352120726642, 29.841455485285213], [-108.61518522613302, 29.84117545386711], [-108.6173381316559, 29.841406716558712], [-108.61964042488302, 29.84106340149938], [-108.62061186406034, 29.842251275758183], [-108.62058312560175, 29.84299496208101], [-108.62092267776941, 29.844080810155635], [-108.62128139341023, 29.844670866615665], [-108.62189096713803, 29.84535130878362], [-108.62235118044234, 29.846606295012606], [-108.6217888068047, 29.847995527873337], [-108.62120086992824, 29.8500458113157], [-108.62138148349607, 29.851954097935327], [-108.62197513388152, 29.85304770029982], [-108.6228420197331, 29.853653263689303], [-108.62446793417162, 29.854364708062093], [-108.6259476972444, 29.85556805179767], [-108.62659773481575, 29.86179256886362], [-108.62556542424771, 29.8621747339809], [-108.62491424246613, 29.862568517566995], [-108.6235927082578, 29.863851864657924], [-108.6215688143518, 29.866851066957434], [-108.62087924400552, 29.86823640605702], [-108.62045654412886, 29.869298975225746], [-108.62051009577407, 29.871203378647742], [-108.62172314731659, 29.87272954282514], [-108.62617337799976, 29.872782610249395], [-108.62611593242406, 29.874269982488695], [-108.6277326264257, 29.87522929969687], [-108.64413200789365, 29.88903219994872], [-108.63818172630246, 29.891963140303286], [-108.63681263536397, 29.896975120345225], [-108.6349248998836, 29.900626462833344], [-108.63340716287018, 29.90416831755045], [-108.63185258903664, 29.905637241724666], [-108.62788675957992, 29.913768063760642], [-108.62316369516051, 29.914857952293634], [-108.61491971880777, 29.91349908555212], [-108.60787864300053, 29.908601569463883], [-108.60216391132147, 29.907213678904558], [-108.60359609207251, 29.898696941580173], [-108.60447555876978, 29.894747765376405], [-108.60039592445679, 29.896451666965355], [-108.59665018452029, 29.899188462249427], [-108.5906702721695, 29.900705705545153], [-108.58087595097284, 29.901020346890952], [-108.57424570772844, 29.901507255354485], [-108.56571540544975, 29.901807031593382], [-108.55342018549146, 29.903805397542026], [-108.54425032919623, 29.903695954145594], [-108.53604952649228, 29.904819708226935], [-108.52506923799655, 29.909911808511364], [-108.51947567448276, 29.915776225846468], [-108.51669928126879, 29.919952250300053], [-108.51365115007725, 29.926826621657742], [-108.51180905162367, 29.930163426743007], [-108.51060950069392, 29.934115580813476], [-108.51258561697861, 29.938864062836934], [-108.51773445144131, 29.9442013742596], [-108.5263970767498, 29.951574941961265], [-108.53306940487535, 29.953370573494187], [-108.5381048379457, 29.951865718191954], [-108.5384979117892, 29.95642315949116], [-108.54423949048112, 29.959264807534847], [-108.54498426992353, 29.96589189728339], [-108.5504560723579, 29.971431578367493], [-108.54837570901465, 29.979332986247424], [-108.54556044413656, 29.98122925663276], [-108.54626342462888, 29.985368619241285], [-108.54602445555213, 29.98993275807416], [-108.5435708962798, 29.99452061195899], [-108.5404387526576, 29.99642019672215], [-108.54024515569492, 30.00367934024975], [-108.53808623945706, 30.00622721178078], [-108.54483881585317, 30.008023837808995], [-108.54610776770541, 30.008261230656235], [-108.5498103040706, 30.010545052512008], [-108.55346848608801, 30.009687456874], [-108.55601467620346, 30.010740715032217], [-108.55882896591599, 30.002508694223472], [-108.56284481143696, 30.005173527294907], [-108.56559893368203, 30.007399560238728], [-108.5670926785217, 30.009102807287544], [-108.56858941240303, 30.010637922213125], [-108.56983085165123, 30.012253408743195], [-108.57111635347398, 30.01134711792047], [-108.57434391891415, 30.008282767721923], [-108.57533888015836, 30.009474246476294], [-108.57447915961444, 30.015095220276297], [-108.57417253481313, 30.018117681596475], [-108.57477356335806, 30.020060201098016], [-108.5746099891147, 30.02215984430316], [-108.57367883004538, 30.02458472333206], [-108.57376472901328, 30.02694020623118], [-108.57218696368943, 30.030028369361382], [-108.56977180792916, 30.030161593244213], [-108.5678218066103, 30.032739827717837], [-108.56566640287339, 30.0325404178351], [-108.56219562762854, 30.034928330577422], [-108.56139542986406, 30.037102766072337], [-108.56098053696424, 30.03903056106727], [-108.56128459476442, 30.043407116456542], [-108.56227823543325, 30.044682757135472], [-108.5686123656242, 30.045615484252654], [-108.57824373359448, 30.046847727265114], [-108.58151016833864, 30.04891270113571], [-108.5817349101026, 30.050597537624466], [-108.58222093906514, 30.051865733083257], [-108.58422793272146, 30.053323958290626], [-108.59151632216746, 30.05788477881731], [-108.59363169964735, 30.06043746683769], [-108.59357361099859, 30.06379985082822], [-108.59252996793627, 30.065382441190543], [-108.59174321414727, 30.066800540542683], [-108.59348064383042, 30.06917966144725], [-108.59562676835641, 30.06996707804067], [-108.59776568217183, 30.07117475997394], [-108.59863594512966, 30.07228022854066], [-108.59873543502923, 30.07387917663557], [-108.59972985341358, 30.07515457176085], [-108.60022924341463, 30.075666177222395], [-108.60329216794912, 30.074869016603657], [-108.60584697570894, 30.074064559130733], [-108.61182690266881, 30.073560877548342], [-108.6143600861763, 30.0740171579545], [-108.61534610593091, 30.075796809756213], [-108.6154286458687, 30.078404487058535], [-108.61476481177465, 30.080076712767013], [-108.61256367220957, 30.082483887137585], [-108.61164137985506, 30.084404672626036], [-108.61109727358041, 30.08649897535103], [-108.61205888426245, 30.089707677592155], [-108.61317060023488, 30.091573209463206], [-108.61515586113772, 30.09437598911628], [-108.61799471364884, 30.09929283039912], [-108.61845416013841, 30.10215807137047], [-108.61753607404428, 30.1038267079294], [-108.61598122320572, 30.105570406484066], [-108.61003703092263, 30.11128769309148], [-108.61090199051272, 30.112729340566716], [-108.61101032089498, 30.11382392365835], [-108.61223636135736, 30.116447814355002], [-108.61374779468964, 30.120584761705885], [-108.61477644503017, 30.12406874914731], [-108.61098202160055, 30.124516180880857], [-108.60746671861988, 30.12669710736538], [-108.60560194539377, 30.12911123787968], [-108.60274678461168, 30.133104933626125], [-108.59988162032924, 30.136437297658752], [-108.5987901765771, 30.139753865114244], [-108.5951656472069, 30.143175565132303], [-108.59248885679412, 30.14212451554278], [-108.58713907058922, 30.140270223064494], [-108.5833280988356, 30.139642307252643], [-108.57939648555848, 30.139428695191533], [-108.57532493780347, 30.13830677743309], [-108.57367412262577, 30.13807311626009], [-108.56944748811975, 30.14373157897653], [-108.56717736331667, 30.144495288000684], [-108.56492273060901, 30.146333584397507], [-108.56470752020009, 30.148980999633345], [-108.56526223083748, 30.152283155950798], [-108.5629175630658, 30.165448503791215], [-108.56774464039414, 30.166150821465884], [-108.56914603633783, 30.166634708218112], [-108.57284812522849, 30.168421336957827], [-108.57567033246164, 30.170711572086542], [-108.57619301892383, 30.171781753838744], [-108.57752818211135, 30.176399753490003], [-108.57896121695504, 30.179032729849077], [-108.58126955834678, 30.180831277118735], [-108.5830769936572, 30.18304754523485], [-108.58274402569027, 30.186274691503876], [-108.58318625979138, 30.19048708272197], [-108.5846148199645, 30.192789318391878], [-108.58465738310218, 30.19568246488996], [-108.58072959184398, 30.195882383239294], [-108.57757699098627, 30.197067462999666], [-108.57389663929284, 30.196851648620576], [-108.5714925677726, 30.197203319549555], [-108.57158179267898, 30.20332032745957], [-108.57176046009332, 30.20687369600222], [-108.57266614856619, 30.20810587876628], [-108.57209372389983, 30.212327182952706], [-108.57185098171213, 30.213073356518613], [-108.57125557942459, 30.215724079626437], [-108.57154662642894, 30.21828439003111], [-108.57501895637529, 30.221560913845337], [-108.57540182452492, 30.22172290311153], [-108.5775880123125, 30.223770526960315], [-108.57709286904347, 30.22460159748206], [-108.57509404571232, 30.226685941281723], [-108.57270014993088, 30.227781648119127], [-108.56762719439209, 30.227825934316076], [-108.56454612891318, 30.22528987385909], [-108.56172725684334, 30.22333016996122], [-108.56068632729394, 30.221520371386184], [-108.55852325586307, 30.22104302984801], [-108.55457045134375, 30.219588980963128], [-108.55228896834424, 30.21969126600475], [-108.54644594496996, 30.219079917742253], [-108.54479615838547, 30.219011325659665], [-108.54236536461937, 30.217543897617052], [-108.54020952647996, 30.21756222538972], [-108.53767677794134, 30.217831736010677], [-108.53591314683192, 30.21867341670542], [-108.53471089612668, 30.223313372244817], [-108.53426481415234, 30.22761623188043], [-108.53390787225197, 30.229272744825757], [-108.5363506584241, 30.231566961123868], [-108.53726091130775, 30.233130060867037], [-108.53976773350999, 30.238626520893163], [-108.54307767049409, 30.23934047404359], [-108.54627697446718, 30.24121232874421], [-108.54809664687416, 30.244253596180915], [-108.5480103875926, 30.247146842259912], [-108.54727444119452, 30.248971634308372], [-108.5442457965852, 30.25023867940012], [-108.54185514644261, 30.251747830400443], [-108.53920595340122, 30.252928701757185], [-108.53580205284835, 30.254612157407827], [-108.5336788214262, 30.257110483539694], [-108.53140902055694, 30.258205168096886], [-108.52545124135783, 30.25883684722803], [-108.52654456779622, 30.264446829062102], [-108.52531637015198, 30.267432921043376], [-108.52263444981094, 30.2754731651478], [-108.52294554137748, 30.27960254873597], [-108.52159812774592, 30.283168183920523], [-108.51755463028091, 30.284609008693582], [-108.51606404938677, 30.287018865573227], [-108.51202938544525, 30.289120605398864], [-108.50598666337038, 30.292975394271213], [-108.50371007207518, 30.293656511721125], [-108.50104235943004, 30.293597213895392], [-108.49982210025232, 30.297244219735123], [-108.49710374285792, 30.302805104206627], [-108.49611814257447, 30.305045089708255], [-108.49717910418227, 30.30834161292357], [-108.49834687736065, 30.31014959390464], [-108.49813679616967, 30.313374550034045], [-108.49688023810694, 30.314377247842504], [-108.49436142686267, 30.31596944007437], [-108.49414897432443, 30.319029129620848], [-108.49531571734444, 30.32075449530828], [-108.49472223969526, 30.32381750423656], [-108.49516293182953, 30.32819380519919], [-108.4944345235127, 30.330679481270757], [-108.49332498750799, 30.333168475318367], [-108.49322718780101, 30.33531807691302], [-108.49503833418018, 30.33769896655363], [-108.49608958101419, 30.34025175305138], [-108.49677329405222, 30.34379946763792], [-108.49770552294083, 30.346931779372976], [-108.49760670770685, 30.348998740195228], [-108.49585053531315, 30.350666980456488], [-108.49384018954537, 30.352337419426203], [-108.49133840852667, 30.35525177498274], [-108.49049057765994, 30.358316991396894], [-108.4908482132097, 30.365917134158067], [-108.48833929079376, 30.368335654884948], [-108.48440433375664, 30.368700394064053], [-108.47981830363662, 30.367913612377865], [-108.47598700935811, 30.366541660296868], [-108.4727856422576, 30.364750962116567], [-108.46870261810564, 30.36354622868778], [-108.46374560208761, 30.36350583461885], [-108.45816526879052, 30.364379633209534], [-108.45308984497771, 30.365001008278302], [-108.4490244304042, 30.365117837780733], [-108.44494377941292, 30.364077614069505], [-108.44137151030785, 30.363033021311004], [-108.43691193673148, 30.36216098521129], [-108.42800799219822, 30.3615733818502], [-108.42291745093927, 30.36103663631473], [-108.41807152502477, 30.359753859093807], [-108.41513500000991, 30.358703332504255], [-108.41487873029922, 30.358540118211828], [-108.39530499697076, 30.3583671108613], [-108.39500908972857, 30.35506348296304], [-108.39319361447326, 30.35218519821371], [-108.39225209085446, 30.34806018933222], [-108.39236146074558, 30.3466542714041], [-108.39005047229617, 30.34477166036797], [-108.38621903285694, 30.3432316168519], [-108.38416234849242, 30.341346879309192], [-108.38142488133121, 30.345996851663223], [-108.37816552267648, 30.3495764144073], [-108.37456269591124, 30.356216676838137], [-108.37217900492298, 30.358714814062942], [-108.37170450025468, 30.361445996436856], [-108.37072675361067, 30.36459435492894], [-108.36832948501308, 30.366018080867587], [-108.37082818972816, 30.372776009184555], [-108.36845938627347, 30.376513756249345], [-108.36465855657207, 30.377535095428573], [-108.36149316573265, 30.378551418235855], [-108.35783348044518, 30.38072859906392], [-108.35404145588433, 30.382493444498447], [-108.35050654224722, 30.384504177541537], [-108.34950676599573, 30.38591690626932], [-108.35067200987032, 30.387643684917368], [-108.35195532142745, 30.388625678674615], [-108.35196239606381, 30.389204187255928], [-108.34652035288444, 30.39122943567439], [-108.34320008184238, 30.39001492320737], [-108.33950352346785, 30.389216431593837], [-108.33288720407967, 30.38877042506677], [-108.32809123433135, 30.391699253241146], [-108.32390198547577, 30.392226454754407], [-108.31970284059192, 30.391927061722797], [-108.31818517091055, 30.39259954189407], [-108.31564848213367, 30.393114231213], [-108.31170648805083, 30.393060643199266], [-108.30891450501538, 30.393494428519794], [-108.30230854260779, 30.393956002873885], [-108.29965521112375, 30.395380440238405], [-108.29252991877776, 30.39493609681938], [-108.28398900627984, 30.39301368277266], [-108.28143683693911, 30.392205336781974], [-108.27761339497013, 30.39140596442538], [-108.27379189498372, 30.390771774298965], [-108.26930278931857, 30.38733184422542], [-108.26445135737244, 30.38554740580923], [-108.26012443807534, 30.38516429654743], [-108.25462371534763, 30.382144128116806], [-108.25167493102568, 30.379932726087883], [-108.24849326275401, 30.3796239741901], [-108.24606327395973, 30.37831810560422], [-108.24526746245492, 30.375347864882627], [-108.22408747976995, 30.40318169799988], [-108.22101960262718, 30.40171433186687], [-108.21947849651596, 30.40031939418523], [-108.21743513344457, 30.399506385124027], [-108.21386872243667, 30.39895139808052], [-108.2078990065423, 30.399569347665853], [-108.20577479091682, 30.403054991762833], [-108.20116303715572, 30.411764430998513], [-108.19928738243368, 30.414752414340192], [-108.19639599469335, 30.417912293139146], [-108.1918273876486, 30.418851127318547], [-108.18560100788903, 30.419387136716693], [-108.18256791287013, 30.42122507766751], [-108.17890920299659, 30.42405886779918], [-108.17435477968783, 30.426402269708035], [-108.1701825611499, 30.428825781475187], [-108.16512662409602, 30.431915999945254], [-108.1627201721386, 30.43292298219505], [-108.16004733197394, 30.432774312257276], [-108.16072769594825, 30.437068500612405], [-108.16022997930102, 30.438146205286746], [-108.15835088452796, 30.440968399571837], [-108.15850706859909, 30.443777937538155], [-108.15942741187388, 30.446665381196425], [-108.15779918058031, 30.449155366300843], [-108.15490375248343, 30.452149162592438], [-108.15366804083352, 30.455711283009066], [-108.15180033017099, 30.45969061067892], [-108.14651308553493, 30.465261535269736], [-108.14324858980792, 30.46957998523547], [-108.14173760239093, 30.471159806911476], [-108.14151756785925, 30.474550317311895], [-108.14181244767106, 30.4785163196333], [-108.1419075664793, 30.48785659970639], [-108.14219749585602, 30.491326646986792], [-108.1422303693847, 30.494550278240535], [-108.14238632087863, 30.49735984240462], [-108.14475183101801, 30.504619596948345], [-108.14726966015631, 30.514275534065746], [-108.15150380182324, 30.529789692723394], [-108.16029972570553, 30.542960452503483], [-108.16315399163628, 30.5479847579647], [-108.16546965374248, 30.550201937617064], [-108.16923595385973, 30.55712147293676], [-108.17363265267458, 30.563375539516596], [-108.17545086905533, 30.566670264767712], [-108.17549827008031, 30.571133589081356], [-108.17258613625543, 30.572805479493226], [-108.16549903543476, 30.577231698611048], [-108.16005869907451, 30.58082057072579], [-108.15372016062231, 30.583836248542948], [-108.15030366371839, 30.586089473320122], [-108.14028676879376, 30.590780692273263], [-108.13228720787947, 30.593474995543577], [-108.12823278054931, 30.59573158746501], [-108.12048975698542, 30.59867163487849], [-108.11502738368641, 30.600357680623375], [-108.11033511634109, 30.6026175702253], [-108.10921716429812, 30.605517420185382], [-108.10567384640696, 30.608018319741763], [-108.10105933263506, 30.605317645155747], [-108.10218408066446, 30.60307911736484], [-108.09796112684647, 30.60128530543326], [-108.09119070636349, 30.599588807624514], [-108.08763015636526, 30.600353384211154], [-108.08382272144641, 30.601945928337283], [-108.07797232095469, 30.60313670538117], [-108.07580685154944, 30.603231694175175], [-108.07445046871779, 30.60795128993337], [-108.07346834549926, 30.611842107021364], [-108.07351763991983, 30.616967043630744], [-108.07329217197676, 30.62002691832417], [-108.07219280070892, 30.624993037433324], [-108.0459019844488, 30.648699223833326], [-108.0234297369405, 30.65907116257409], [-108.02735225325698, 30.669491045077127], [-107.94596214240755, 30.699047110893826], [-107.94666372925842, 30.704511942352756], [-107.9478119931908, 30.706850295351884], [-107.9465370216051, 30.709651632533383], [-107.94679206890663, 30.71508569757692], [-107.95049000826613, 30.718950414600148], [-107.95291297314684, 30.721664116197143], [-107.95138291084517, 30.723807154867924], [-107.95495352492927, 30.724460665261716], [-107.95903443121884, 30.72626605285803], [-107.9626059391993, 30.73103627615402], [-107.96375394082638, 30.732269588181886], [-107.9629899744704, 30.738446160632332], [-107.96413858594893, 30.742067277032426], [-107.96197093193756, 30.745034815190404], [-107.96554273394167, 30.74717006602251], [-107.96630880879277, 30.750380055255526], [-107.9635032365645, 30.753183951627136], [-107.96465166979581, 30.754993602139162], [-107.96541787989105, 30.758532943929858], [-107.966949398109, 30.761412357733448], [-107.96618518700134, 30.76610684179233], [-107.96835464025456, 30.76857352324381], [-107.97052340223661, 30.76840535146249], [-107.97447887762951, 30.770127971774272], [-107.97575549712765, 30.77243130705066], [-107.97907314108633, 30.773743143220994], [-107.9799669613838, 30.77555304932019], [-107.9802228105474, 30.777199359098123], [-107.97754541201208, 30.782226462846587], [-107.96784190428947, 30.78472239151831], [-107.95380693449239, 30.791166634885702], [-107.94832003760771, 30.794056638494965], [-107.94257751955006, 30.79579404651297], [-107.93785573335089, 30.796212372199154], [-107.93032653795107, 30.793999416738995], [-107.92700889451832, 30.791368897785635], [-107.92177713206014, 30.789728784130432], [-107.91756701258049, 30.785369965577704], [-107.9157815235939, 30.781502127203947], [-107.90685033838139, 30.779289379026416], [-107.89740865962824, 30.778146972328763], [-107.89039120083633, 30.777495496845496], [-107.88171441130326, 30.777915656940213], [-107.87750279077348, 30.779319374431893], [-107.87124718343367, 30.783853771702294], [-107.86473709659688, 30.786658899607517], [-107.85911977356548, 30.78962772217899], [-107.85350253056068, 30.792102258175703], [-107.84546392244401, 30.79070803636874], [-107.8406162372128, 30.78898195146214], [-107.83347022426375, 30.78857453081628], [-107.82798228505456, 30.78898929253439], [-107.8203248872233, 30.789322523906453], [-107.81713299163768, 30.79047683534191], [-107.81189701567676, 30.79319649932403], [-107.80589803696104, 30.79369290114571], [-107.80206801946332, 30.794600051803936], [-107.795559092884, 30.794602072159243], [-107.79325353718735, 30.793122862472867], [-107.78994492633937, 30.79369773389438], [-107.78419727603305, 30.79649880374871], [-107.78062134536697, 30.797899372700044], [-107.77398068085732, 30.800123735777284], [-107.76823185101712, 30.80308884151436], [-107.76681962499272, 30.807700442323263], [-107.76707054362666, 30.810170867103132], [-107.74882193258834, 30.807453427473437], [-107.74473986241992, 30.806135497595548], [-107.7415495579684, 30.805723391144763], [-107.73823555612668, 30.803417144345804], [-107.7331338768644, 30.80152221923499], [-107.73020152328125, 30.799956969083425], [-107.72650271655912, 30.79872086133772], [-107.72536272772247, 30.794767758392947], [-107.72153840280926, 30.792707953847348], [-107.71759323581837, 30.78776570768961], [-107.7173526085128, 30.781424609774614], [-107.71774418726994, 30.77763659356251], [-107.71494330835594, 30.774835710301723], [-107.70754370393628, 30.77417409768798], [-107.69516794809682, 30.773344942238037], [-107.69006840316574, 30.771530520466644], [-107.68445797171422, 30.769962644656022], [-107.67386921474242, 30.76913244923581], [-107.6696571804847, 30.769541323609047], [-107.6649457603817, 30.76607906868734], [-107.66227023123083, 30.764677040904576], [-107.65499937738282, 30.763930101244416], [-107.65244966053832, 30.76318679680573], [-107.65171379396762, 30.75330363375553], [-107.64968670232625, 30.74860767366717], [-107.64547108449835, 30.75041574680284], [-107.62684355731203, 30.750644686343204], [-107.6297217699304, 30.728658653365283], [-107.6266830101411, 30.721819908722534], [-107.62707702070426, 30.71836136710487], [-107.6262095518903, 30.710701306496052], [-107.60740244331198, 30.714985968656325], [-107.5891891374312, 30.72062159300148], [-107.58331160794576, 30.72341368743019], [-107.57922631205112, 30.724396216970284], [-107.57462346659986, 30.72727211677115], [-107.5705331231997, 30.72948976233341], [-107.56146869027386, 30.731452542613024], [-107.55673804446332, 30.734162935932982], [-107.55020038017568, 30.741976516897232], [-107.5468749693832, 30.7440300120716], [-107.53858697971582, 30.745749782874178], [-107.46527016758519, 30.75186494924551], [-107.4564841006379, 30.75638049549007], [-107.4487174792547, 30.763347614886946], [-107.44304336155439, 30.765322751853958], [-107.43063050267133, 30.765171817795913], [-107.41982947234143, 30.765810550015782], [-107.41473050942973, 30.765504850994958], [-107.40529372463119, 30.769618328801435], [-107.39142648688187, 30.78681008898252], [-107.38592254189626, 30.795375910499487], [-107.38453722497782, 30.803238045811955], [-107.35269862290461, 30.8152300866791], [-107.3108432804784, 30.77175581206852], [-107.30005830835917, 30.775065692732852], [-107.29311568032824, 30.775409060255274], [-107.26342707746522, 30.758887132349816], [-107.25959537211405, 30.771125694759554], [-107.24911335823144, 30.78473166411582], [-107.2477373211459, 30.793417112169422], [-107.24406762905596, 30.799467464997207], [-107.23910442789496, 30.804718387147933], [-107.23092832856965, 30.808794824176278], [-107.22467085680171, 30.81324580632669], [-107.21265048152584, 30.803377180557888], [-107.20599893345417, 30.80474255293755], [-107.19159591271458, 30.801514824152136], [-107.17612528238968, 30.79356416510227], [-107.16751925852876, 30.83289790524368], [-107.15839249023428, 30.8374002663674], [-107.15381466126476, 30.84573315797728], [-107.14501905464677, 30.85084683776469]]]}}, {"type": "Feature", "id": 8, "properties": {"id": 8, "distrito_f": 8, "nombre": "Distrito Federal 8", "clave_entidad": 8, "entidad": 8}, "geometry": {"type": "Polygon", "coordinates": [[[-105.95972187670642, 28.584791037533396], [-105.95829068840517, 28.578191572326293], [-105.95669754699007, 28.57158599437251], [-105.95433231087094, 28.563332746941786], [-105.95102014636942, 28.54995715139254], [-105.95162195267432, 28.548461227567707], [-105.95148765766776, 28.54780040788661], [-105.9504577742629, 28.545575928744427], [-105.94830223050995, 28.54311441157664], [-105.93812792365384, 28.529310393630887], [-105.93391198615832, 28.52223389907697], [-105.93077193792136, 28.52060955473311], [-105.9295064801704, 28.51929771616231], [-105.92485309996376, 28.516446598038236], [-105.92072912544344, 28.51574218850399], [-105.91834673282361, 28.514772287029782], [-105.91559279107517, 28.513971519638307], [-105.91308700870863, 28.513085502632965], [-105.91107984148266, 28.512194581763957], [-105.90906687295463, 28.51088982725199], [-105.90666838209468, 28.50876106578177], [-105.90528881174345, 28.50811224897481], [-105.90295010456408, 28.51028701584563], [-105.90108860349672, 28.510884431836264], [-105.89910011938908, 28.511317504412435], [-105.89860154730212, 28.511322316946842], [-105.89626456533716, 28.513579696902877], [-105.89381785242077, 28.516914129255547], [-105.89197464119675, 28.518835599015603], [-105.89013482068391, 28.52100532770861], [-105.88742577488836, 28.523431669108056], [-105.88632224817002, 28.524766578084474], [-105.88325279962142, 28.528189547456403], [-105.88078014631246, 28.529703010350502], [-105.87780418033675, 28.530890122998912], [-105.8775182747176, 28.528244132615672], [-105.87761893805589, 28.52650496256233], [-105.87746342371007, 28.52427159237333], [-105.87693623224172, 28.522207294214784], [-105.87526892155289, 28.518829450992722], [-105.87400073878987, 28.517268794809326], [-105.87297505887331, 28.515209197785417], [-105.8709533873159, 28.51324177751762], [-105.8675557816035, 28.51087340737946], [-105.86604079037478, 28.509480542612664], [-105.8638901893041, 28.50718313613694], [-105.86137028887585, 28.50522024684145], [-105.85999589261893, 28.504984808758675], [-105.85786466702554, 28.504094254879725], [-105.85535394746819, 28.502793345844307], [-105.85385046599227, 28.502227958992837], [-105.85035062216508, 28.501515579956145], [-105.84623586801317, 28.50147101693292], [-105.84437306308801, 28.501984897932424], [-105.84387787395387, 28.502237795966188], [-105.8396914766388, 28.506083988516078], [-105.83368885435185, 28.504649269824757], [-105.8411158041898, 28.50077343429796], [-105.84392440988032, 28.496443273381455], [-105.84649688577528, 28.49310855111012], [-105.84747262793826, 28.491526823989528], [-105.84746032815812, 28.490616437107395], [-105.84768608502853, 28.488876114361837], [-105.84803533326775, 28.48705187260708], [-105.84935237899302, 28.48306655194209], [-105.84934342408495, 28.48240445194652], [-105.84732617627061, 28.48068493564293], [-105.84456469825945, 28.47922059288858], [-105.84267664921016, 28.47783090215218], [-105.83777816477608, 28.474978995892485], [-105.83688708691395, 28.473580047222313], [-105.83511054211681, 28.471195945005967], [-105.83435852333231, 28.470871753062504], [-105.8332327164367, 28.470550983235967], [-105.8309877503081, 28.47040599378868], [-105.82800143385045, 28.470681574862212], [-105.82625524477471, 28.470614753966434], [-105.82324731625494, 28.46931776200703], [-105.82024494099309, 28.46843451870965], [-105.8183563020898, 28.466961714078604], [-105.81710598825816, 28.46664193689712], [-105.81572562526281, 28.465909456310417], [-105.813849095712, 28.465346985612616], [-105.81134200347405, 28.46421075333456], [-105.80996497495931, 28.46372650361597], [-105.80946226275104, 28.463399929813082], [-105.80758689499721, 28.46292013467843], [-105.78675790324864, 28.46136724855739], [-105.78500725404108, 28.46088603998581], [-105.78236919507405, 28.459170980238216], [-105.77813683859603, 28.459539237237014], [-105.7737695663179, 28.458997977680518], [-105.76355597141341, 28.459335072477913], [-105.7598173172428, 28.45928459279945], [-105.75782706937959, 28.459550064437803], [-105.75708008177841, 28.45955639101245], [-105.75260796506036, 28.460670960728173], [-105.75073600864219, 28.460438670947394], [-105.7481009334744, 28.458971262341095], [-105.73797912421847, 28.45928423566642], [-105.71325422408775, 28.414293276375737], [-105.71585496551711, 28.41138895098969], [-105.71795980750116, 28.40923103709791], [-105.72167590961236, 28.40574428927614], [-105.72451900946622, 28.402094149279577], [-105.7253742123405, 28.399277070199968], [-105.72561401846947, 28.39770344227017], [-105.72573074802816, 28.396378504957635], [-105.7254768039256, 28.39555127629938], [-105.72521652771587, 28.393647800283105], [-105.72557890376076, 28.39174269219833], [-105.72631679879942, 28.390167755057444], [-105.72730225522484, 28.388343793527593], [-105.72853672298729, 28.386519167132327], [-105.73038196115357, 28.382705959879313], [-105.73137009150481, 28.381211610306686], [-105.73445002281494, 28.375823563727376], [-105.73518471293254, 28.373751849706508], [-105.7373975498354, 28.36902687280496], [-105.73973941841291, 28.3653775713934], [-105.74393602137641, 28.359405518575475], [-105.74690968386868, 28.35707919437224], [-105.74839898889833, 28.35632994983252], [-105.75026274064572, 28.355745221677264], [-105.75237087296895, 28.35441467460897], [-105.75496821972453, 28.351675287794993], [-105.75583040146991, 28.350182630907717], [-105.75619260941713, 28.348360230694865], [-105.75667979106376, 28.34662026368092], [-105.75691801211656, 28.34488100310705], [-105.75728120783157, 28.34322417579006], [-105.75751992407466, 28.34156770189956], [-105.75910419890783, 28.33609905820162], [-105.75971625492765, 28.33444151167066], [-105.7604435119529, 28.331293415650652], [-105.76055616214911, 28.329388926843176], [-105.76015561221939, 28.325002213015612], [-105.75965115213728, 28.323927388771803], [-105.75566626106973, 28.323524782354692], [-105.75341909283273, 28.32237206779665], [-105.75129439402721, 28.32088781228541], [-105.74904833566373, 28.31990060069728], [-105.7481757186752, 28.319654656010144], [-105.74642949215772, 28.318997172167396], [-105.74468528967434, 28.31867082061587], [-105.74281166235326, 28.317516899034825], [-105.73557481717656, 28.314307691485293], [-105.72988788179592, 28.278474502128567], [-105.7336335184382, 28.28078271722412], [-105.73550294735708, 28.28135725910459], [-105.73911151621819, 28.28151312949215], [-105.74335705708606, 28.284150881366738], [-105.75171323281249, 28.287604964149097], [-105.7539591364228, 28.28867493797542], [-105.75621017431008, 28.290572762911715], [-105.75858059475529, 28.29164230594423], [-105.76119937258832, 28.29262830462777], [-105.76356834249135, 28.293449392704584], [-105.76805496856063, 28.294678226400336], [-105.76942871513366, 28.295502111748803], [-105.77142820807114, 28.29690367308664], [-105.77355164853373, 28.298222047241914], [-105.77864909414438, 28.297627338653363], [-105.78461154960208, 28.296119124890364], [-105.78672447607131, 28.295781526256363], [-105.79157396513938, 28.295352675043432], [-105.7956758507477, 28.294760407658554], [-105.79903283947708, 28.294418731762715], [-105.80288581827939, 28.293827031590762], [-105.8094752474094, 28.29314364604819], [-105.81370079217798, 28.29246765215697], [-105.81444725293989, 28.292465222480836], [-105.81730534660794, 28.291959144731425], [-105.82003788610318, 28.291287842789533], [-105.82177456823936, 28.290536998151715], [-105.8242531729351, 28.28912134820795], [-105.82959640203555, 28.288192773087623], [-105.83058994020085, 28.287941055161212], [-105.83232421976695, 28.28685892883786], [-105.83318878824645, 28.285945314107835], [-105.83393292413714, 28.285611629114744], [-105.83604775070874, 28.285604423964248], [-105.83778765573281, 28.285350103636706], [-105.83927817708422, 28.285013829650378], [-105.84163431631833, 28.283929447620743], [-105.84447934306067, 28.281601488092424], [-105.84645753856364, 28.279856023539125], [-105.84953661419081, 28.275457412518833], [-105.84990397134307, 28.274628229155862], [-105.85064215865836, 28.27346658299966], [-105.85150704483932, 28.2726356434612], [-105.84750815786734, 28.27000042446971], [-105.92317882191571, 28.27575846610878], [-105.92366360937949, 28.274100737190263], [-105.92401825426488, 28.271698440281632], [-105.92238280584249, 28.26930420427483], [-105.92112819440861, 28.26790187060481], [-105.91575654463007, 28.26486026510981], [-105.91560627606097, 28.26146653799243], [-105.91720728222064, 28.25939042389979], [-105.92126567157285, 28.25341334308861], [-105.92199720887616, 28.25150625535494], [-105.92359475936833, 28.249016140111745], [-105.92567240275315, 28.244288766211838], [-105.92565771186617, 28.24238468912971], [-105.92625516817046, 28.239236294424746], [-105.92882859224524, 28.234341277954684], [-105.92830753782097, 28.23128022565555], [-105.92817039622113, 28.229625011770214], [-105.92791148787339, 28.228301448565453], [-105.92790764775216, 28.22780473200378], [-105.92764618863373, 28.22615002329028], [-105.92763403369442, 28.224577086775934], [-105.9278743710973, 28.223499853603236], [-105.92885553172508, 28.22175728723402], [-105.93107410655645, 28.219264549174028], [-105.93230381707718, 28.217520939972797], [-105.9327895131593, 28.21602874656925], [-105.93340401949844, 28.215115542879314], [-105.9372196781207, 28.21021525338426], [-105.93869456695543, 28.208056629012408], [-105.93979907383087, 28.206230685586167], [-105.94015707020417, 28.204325053816056], [-105.97383722438965, 28.20343563383591], [-105.9742922756877, 28.167751788429936], [-105.93850178450411, 28.16749080983919], [-105.93960266293219, 28.16525093431314], [-105.9408316413443, 28.163507253014338], [-105.9423116866727, 28.162093671396295], [-105.9431769238247, 28.161510535793163], [-105.94440710387723, 28.159932396981663], [-105.94550973988014, 28.15794083598665], [-105.9491901378785, 28.151964530439937], [-105.95757327615398, 28.14373278001343], [-105.95930526554817, 28.142814678065413], [-105.96165440036786, 28.14139716250057], [-105.96412637098264, 28.13981349801818], [-105.96548422447461, 28.138731359111734], [-105.96659226410107, 28.137484713882724], [-105.96842222949867, 28.133337295957595], [-105.96977594252562, 28.131758398943564], [-105.97163252252732, 28.130922390973932], [-105.97363077058695, 28.132238253823417], [-105.97563176282495, 28.133885230507442], [-105.97837545156905, 28.13519773337208], [-105.98161067431116, 28.13584568053445], [-105.9854534233944, 28.134835051950457], [-105.98619943890468, 28.134914496796608], [-105.98732290333058, 28.135571764141105], [-105.99006608554784, 28.136801242206126], [-105.99243321709388, 28.13761842455107], [-105.99417236968748, 28.13761053288758], [-105.99652574553184, 28.13677193189895], [-105.9982586596961, 28.1360189189281], [-106.0001192354044, 28.13567924229083], [-106.00235732712731, 28.135917323732297], [-106.00447538162007, 28.136652654406557], [-106.00485501771303, 28.137478786063298], [-106.00647761300921, 28.13838195082605], [-106.0092203741177, 28.139528252266555], [-106.01245729458337, 28.140341032933485], [-106.01905267415644, 28.141634633891545], [-106.01967877508898, 28.142211191183964], [-106.02055830452963, 28.143366062728838], [-106.02206327372072, 28.145014688497422], [-106.02294000934702, 28.14583840383662], [-106.02381320148781, 28.14624818930044], [-106.02492561014297, 28.145580582349005], [-106.02553751170932, 28.144501416394398], [-106.0266363359619, 28.14226088611567], [-106.02748166431533, 28.13944204397241], [-106.02783934371912, 28.137701779415966], [-106.0288174077551, 28.13587575127841], [-106.02967622811829, 28.13462980648138], [-106.0300403001629, 28.133634599226607], [-106.03048991926599, 28.128168415348764], [-106.03131498751294, 28.123031573775478], [-106.03142199979845, 28.12104413928547], [-106.03165894407778, 28.119718385538125], [-106.03202653588413, 28.119137097133336], [-106.033906093393, 28.121032162014544], [-106.03692880358008, 28.125819242878986], [-106.04108348529746, 28.13217369580566], [-106.04259367686882, 28.134401585622395], [-106.0446037290632, 28.136958154068015], [-106.04635595662458, 28.138439717876338], [-106.05010827984317, 28.14131875891762], [-106.05296110763312, 28.140807872879016], [-106.05524090355149, 28.13841012052949], [-106.05898071431676, 28.137948339], [-106.06310659384243, 28.136498649694815], [-106.07113451485968, 28.131614344455436], [-106.0754044531464, 28.12859606187958], [-106.07805653936188, 28.12556325669391], [-106.08057669407084, 28.123107477937545], [-106.08438081371044, 28.117523990693044], [-106.08627644899005, 28.115227793466072], [-106.0912730397825, 28.11370239249115], [-106.09451309909095, 28.11331787532126], [-106.09987443154543, 28.112456222812312], [-106.10438542124098, 28.10993483246207], [-106.10801708687293, 28.10806650792254], [-106.1111016654917, 28.110158432066306], [-106.11454731046169, 28.113244671864095], [-106.11651341524237, 28.115244186372415], [-106.12021434551227, 28.11783683857114], [-106.12458334563122, 28.116717865938444], [-106.12821790896811, 28.114601221700127], [-106.1323641462814, 28.111332369314674], [-106.1372303950084, 28.110217239919336], [-106.14034673936393, 28.109747995751135], [-106.14469514515636, 28.11028032540447], [-106.14680415530147, 28.110793704271213], [-106.1500239267134, 28.112059810348764], [-106.15399324993032, 28.113084288471672], [-106.15723698077657, 28.11236791106742], [-106.16097832034467, 28.1116555918595], [-106.16297091388931, 28.1115069163854], [-106.17182388220624, 28.109927940559285], [-106.1772038548718, 28.107411368040363], [-106.18382956713634, 28.104739531979554], [-106.1884383640552, 28.104281349808407], [-106.19437314888927, 28.107468267370773], [-106.20195724016493, 28.107942220681487], [-106.20631630261747, 28.107564038892853], [-106.21157374864538, 28.104797366678902], [-106.21470472108177, 28.10300492047605], [-106.21907391872968, 28.101717791848095], [-106.22129898111984, 28.10297435825915], [-106.22351091316429, 28.10538722021868], [-106.22661070139881, 28.106320148723714], [-106.22837020003779, 28.1047644631709], [-106.23002397780283, 28.101555882175962], [-106.23055434717888, 28.098668933463284], [-106.23717438149826, 28.096324954833836], [-106.24315455469204, 28.095545175634292], [-106.24723920066701, 28.097393856436767], [-106.24958242603685, 28.09922907634453], [-106.27551380027137, 28.12060299460353], [-106.27988983517054, 28.123898762209915], [-106.2861303921989, 28.126273052491637], [-106.2890075065475, 28.1286636993304], [-106.29139049691611, 28.13188597884153], [-106.294151097951, 28.13585265463237], [-106.2962823305989, 28.13849561788557], [-106.29640816188294, 28.138743763257477], [-106.29279454654662, 28.13867884199913], [-106.29068013537784, 28.139435652576147], [-106.28707460695867, 28.141029033351263], [-106.28384316680338, 28.14270341274369], [-106.28135481109746, 28.143461916219092], [-106.27861681873972, 28.14413866543695], [-106.27463079711639, 28.144406778349946], [-106.27026741149439, 28.14393026384208], [-106.26652666872785, 28.143367710750542], [-106.26240713529657, 28.141728824521564], [-106.26115729625926, 28.140905498701848], [-106.2587841895603, 28.139672840561797], [-106.25590970504227, 28.13777909266301], [-106.25291603780325, 28.137046796186453], [-106.24880822237465, 28.137895201275402], [-106.24408406556606, 28.14023899167197], [-106.25269832347159, 28.14393063097844], [-106.26567822128938, 28.148430196674703], [-106.26991952639136, 28.14940498931259], [-106.27415931898196, 28.150047955905805], [-106.27715028978515, 28.1501163868793], [-106.28175753699013, 28.14943053461555], [-106.28537070988345, 28.149329892823616], [-106.28949412338802, 28.15163144624332], [-106.29199858777, 28.15410676845053], [-106.29300738939654, 28.156506564318278], [-106.29565236083602, 28.162132238722826], [-106.2951774077129, 28.166861296196153], [-106.29332242187434, 28.169772896067556], [-106.2913492675105, 28.174011848050647], [-106.29186422968064, 28.17732625962772], [-106.29075437309048, 28.179736575743505], [-106.28928035105666, 28.184138869276655], [-106.28679434766006, 28.185560875337025], [-106.29056084575703, 28.191015223438747], [-106.29182465682422, 28.194491752700582], [-106.29071545921805, 28.197067912466014], [-106.28572982592895, 28.197258435928088], [-106.28185240041196, 28.19462393079972], [-106.27596830470496, 28.189428414458824], [-106.2713458692586, 28.18729475544724], [-106.26797755398381, 28.186730490301585], [-106.26112372934628, 28.18717783577371], [-106.25737958799256, 28.186200468129652], [-106.25188928529565, 28.184982406471537], [-106.24901631741287, 28.183669024253962], [-106.2380318201018, 28.18023690654995], [-106.23479034624722, 28.180085859359764], [-106.23355305452151, 28.182164625475856], [-106.233314368333, 28.18457054733308], [-106.23457589704799, 28.187964746669397], [-106.23396509149828, 28.190786988877456], [-106.23173514234884, 28.19394828360609], [-106.23360760530986, 28.19452025383634], [-106.2379747875442, 28.195412490232638], [-106.24073370181289, 28.199048524628438], [-106.24125135970662, 28.203275317536196], [-106.23926553805637, 28.205274654977497], [-106.23614945399459, 28.20545478526508], [-106.23328710150925, 28.20662879218977], [-106.23105317277735, 28.208960844724594], [-106.22757379422185, 28.21163018621506], [-106.22458361669031, 28.212141191399052], [-106.22159018910719, 28.21190581861885], [-106.21472003001796, 28.208951014706223], [-106.2151035839734, 28.211188308335903], [-106.21761208981953, 28.214660066738883], [-106.21799643897218, 28.21706319543714], [-106.21726072343296, 28.219968847704564], [-106.21689480082375, 28.22187775287559], [-106.21803231570689, 28.225438489553476], [-106.2174184133044, 28.22768019754644], [-106.21717823916272, 28.22983731918857], [-106.21944427979969, 28.23480274643662], [-106.21982911707444, 28.237288786070447], [-106.21996597646844, 28.24010762689083], [-106.22074039887843, 28.246157692276324], [-106.22137691765178, 28.249140142837664], [-106.22126546591682, 28.252208861648754], [-106.2202776664341, 28.254535173691806], [-106.22154185389867, 28.258426985523915], [-106.222422919193, 28.260247381910453], [-106.22355782529048, 28.263061727184727], [-106.22443643397831, 28.264301646011226], [-106.22296188533753, 28.26944960205283], [-106.22434569152365, 28.272096966862353], [-106.22498720485866, 28.276157378901694], [-106.2243742869147, 28.2786478749289], [-106.2379427850141, 28.271869232537547], [-106.24076841106081, 28.292961846940923], [-106.24776988046627, 28.347118319689542], [-106.24887221167374, 28.36950236238097], [-106.25075365525917, 28.371317798603847], [-106.25263322666832, 28.372718601598738], [-106.22922284179319, 28.415366929064977], [-106.22213753353412, 28.4233597374929], [-106.20149515889234, 28.446172465841016], [-106.19780170110593, 28.459373333131104], [-106.19894874827907, 28.464675397098773], [-106.20033784135103, 28.4680691632237], [-106.2008496758722, 28.470886295939707], [-106.20086614299544, 28.474783589410528], [-106.19850668243542, 28.478442498744254], [-106.1961453275419, 28.481686764336605], [-106.1942824548039, 28.484597141429667], [-106.19304864311408, 28.488499847222354], [-106.19194354103438, 28.49331413506445], [-106.19070989662745, 28.497299741437722], [-106.18985054283077, 28.50111788103176], [-106.18936278424259, 28.504105191446587], [-106.18924803083735, 28.50659336061735], [-106.18850812237878, 28.509084216274907], [-106.18554340279083, 28.517886706214927], [-106.18393548287612, 28.522205540721878], [-106.18220137394177, 28.526276126500875], [-106.15817512600071, 28.550916304531], [-106.15292307313838, 28.55739908379605], [-106.15381655887765, 28.558199594824636], [-106.15474310720809, 28.55866628686492], [-106.15541631658482, 28.559372414913625], [-106.15569908327124, 28.559483000686896], [-106.15641089588789, 28.559036264491002], [-106.15660240370599, 28.560164564319166], [-106.15680987395855, 28.560411381097904], [-106.15703397284055, 28.56100833448292], [-106.1623371686122, 28.57219848195761], [-106.1627177952208, 28.572165738535936], [-106.16563082336936, 28.577279498528377], [-106.16489516966791, 28.577590234455375], [-106.16524945393577, 28.57833894537085], [-106.16132804527618, 28.579095762642208], [-106.16009949475459, 28.576789921337618], [-106.15755662105926, 28.573681737488776], [-106.15578651503147, 28.578024455953795], [-106.14624460310827, 28.572783432677618], [-106.14331555741661, 28.57157470476517], [-106.14182091731097, 28.57224496514736], [-106.1415776165855, 28.571973217314657], [-106.14049181756799, 28.572666792366537], [-106.13982182716471, 28.57176429089801], [-106.12904307048655, 28.578348605976384], [-106.12894064599453, 28.579720901910036], [-106.1289330347379, 28.581314584439376], [-106.12736393325214, 28.583202003097316], [-106.12964513507838, 28.584546490029393], [-106.1299170021123, 28.5859360267094], [-106.13210895928287, 28.58564797423777], [-106.13263372654075, 28.586099841818136], [-106.13202555240203, 28.58667104633536], [-106.13107999360597, 28.586943294882346], [-106.13117494366946, 28.58733350335296], [-106.13104887421619, 28.58751534385201], [-106.1306548406262, 28.587778513417174], [-106.13045027463178, 28.58780281708889], [-106.13002628792785, 28.587659458685845], [-106.12820982667255, 28.58778757259907], [-106.12650022065301, 28.588332850275513], [-106.12581320290069, 28.588734030990512], [-106.12509018380008, 28.58936149365836], [-106.12371047146083, 28.589632815892724], [-106.12266645272972, 28.59017253024476], [-106.12131009760448, 28.590546927518353], [-106.12035513596321, 28.59072271071719], [-106.11950118753624, 28.59108004147883], [-106.11841836633698, 28.592795175926884], [-106.11769594308421, 28.59372451069098], [-106.11760926270748, 28.593563383944893], [-106.11729129018734, 28.593522583025173], [-106.11653760473861, 28.593726157030442], [-106.11591883894893, 28.593577303217376], [-106.11595693028728, 28.592949362048362], [-106.1161674996544, 28.592560789536055], [-106.11617022033381, 28.592394978671795], [-106.11639913445056, 28.59204967562814], [-106.1163561761055, 28.591793451809156], [-106.11595789237951, 28.591346732077533], [-106.11567018862628, 28.591206994507793], [-106.11558636015752, 28.590891896360716], [-106.11478419711177, 28.590314284479618], [-106.11507409333171, 28.58981453582176], [-106.11497115259041, 28.589393310090205], [-106.11461741423685, 28.588918294197526], [-106.11431074943404, 28.588676078290824], [-106.11422318169285, 28.58800574842654], [-106.11365191630625, 28.587268338196242], [-106.1135085308811, 28.58639320368501], [-106.1125931735543, 28.586953343705694], [-106.11183970379435, 28.587598992546816], [-106.11140844374408, 28.588265681712716], [-106.10642829302134, 28.598160268837944], [-106.10578434600639, 28.598981963382993], [-106.10269384083426, 28.601979567471513], [-106.10218636491, 28.603190029124395], [-106.10196574435955, 28.604041181452615], [-106.10200461814149, 28.60482714387447], [-106.10290100999626, 28.607380455824632], [-106.10303157267161, 28.607263354358228], [-106.10334179710762, 28.608060091855357], [-106.10409185318883, 28.607327859445455], [-106.10566723602597, 28.608532198383756], [-106.10568145713432, 28.608631322070128], [-106.10598759706215, 28.608626637192494], [-106.10602245666304, 28.6085187136082], [-106.10615854135045, 28.609025400884835], [-106.10570145913472, 28.609057476287134], [-106.10568733190318, 28.60926801422139], [-106.10593168311122, 28.609519681474737], [-106.106091580775, 28.60984681178255], [-106.10629055657236, 28.609836380936326], [-106.10605978669133, 28.610090661897434], [-106.10557082079289, 28.610189737751792], [-106.10525728403184, 28.61065123111186], [-106.10555179096708, 28.61106345143559], [-106.10512294789935, 28.611610466661595], [-106.1048288062102, 28.612767569486305], [-106.10386276774815, 28.615277225663622], [-106.10279699846473, 28.61638668612335], [-106.1023731731687, 28.61718474620481], [-106.10195384282373, 28.618239366313038], [-106.10152091587268, 28.61899771909624], [-106.10030490715722, 28.620406122330706], [-106.10023171085723, 28.620684569496124], [-106.0985756097202, 28.62181829276573], [-106.0980523199076, 28.622018310979108], [-106.09719470226749, 28.621950995542527], [-106.09691292443716, 28.621831758919267], [-106.09595908152588, 28.621830473638465], [-106.0956437061307, 28.621914034922863], [-106.09539519435138, 28.622051062837546], [-106.09525655272179, 28.622351731911014], [-106.0948170668141, 28.622865849618762], [-106.0923706760256, 28.624741372952606], [-106.0886538203889, 28.626839651763266], [-106.08536753299475, 28.629010591985477], [-106.08479700350884, 28.629591869867657], [-106.08357527234116, 28.63120281970611], [-106.08312962089869, 28.632404119161745], [-106.0832214853744, 28.6335196507972], [-106.08345503181724, 28.63405856933242], [-106.0850867016413, 28.636836029133246], [-106.08511292719368, 28.637505460873378], [-106.08376789098222, 28.63922957668019], [-106.08299841845667, 28.639868818124427], [-106.08226863085926, 28.640139606612188], [-106.07771765304226, 28.64122911989931], [-106.07684163283622, 28.64172682595964], [-106.07625292448901, 28.642330958445168], [-106.0782002275345, 28.644236211023475], [-106.07997809840789, 28.645783760865882], [-106.08558955251956, 28.650992586844428], [-106.08558848032933, 28.65128274037701], [-106.08593800937824, 28.651312176912683], [-106.09615124848317, 28.660739749074875], [-106.0969767424554, 28.661703492238345], [-106.10250920883377, 28.673413924106626], [-106.10367141030025, 28.673057297144396], [-106.10513095929822, 28.676185692316555], [-106.1029560848781, 28.67684305948351], [-106.10995474337622, 28.682869135083696], [-106.1108437072233, 28.683779252098553], [-106.11115607225055, 28.684503140836092], [-106.11111933360532, 28.68522492462535], [-106.11033012420341, 28.687176711231103], [-106.11040989330439, 28.68783433214471], [-106.11059947266409, 28.688163453513095], [-106.11240590226056, 28.689969328057582], [-106.1148002664703, 28.69260093758115], [-106.09865839520602, 28.698247662984944], [-106.09952158191824, 28.699050599966732], [-106.09955570281292, 28.699263264616587], [-106.09939349290659, 28.69979138419277], [-106.0955134911542, 28.701259442479618], [-106.09634288030061, 28.703068458561912], [-106.09687624344936, 28.704464430934692], [-106.09823588152398, 28.70858261239373], [-106.0955003326533, 28.7094716813362], [-106.09255419338729, 28.710542757654995], [-106.0918100480053, 28.709444095076687], [-106.08757226887361, 28.711729581946045], [-106.08665470891867, 28.712323084727387], [-106.08683939490551, 28.71243127616464], [-106.0872495049595, 28.71321351346637], [-106.08485485616609, 28.713896512216316], [-106.08497873231954, 28.71423324439565], [-106.08486292160326, 28.714678041437654], [-106.0846896981205, 28.714862767511264], [-106.08356314535304, 28.715516003208748], [-106.08384884382106, 28.71611426864896], [-106.08382848292945, 28.71646403134274], [-106.08426865661316, 28.718036692090532], [-106.08552770550054, 28.719081405396405], [-106.08650839385143, 28.7196334926976], [-106.08703459269516, 28.719805066431952], [-106.08778115017935, 28.719857664562483], [-106.08799250781728, 28.72026845398186], [-106.08873325893555, 28.720501142708567], [-106.08929875597694, 28.720900282489847], [-106.08966403186498, 28.721222898997507], [-106.08978605219966, 28.721593053149636], [-106.08999467713346, 28.72176717373828], [-106.09033611199686, 28.721927200934434], [-106.09053762294407, 28.72212742272268], [-106.09087038984306, 28.72216380600812], [-106.09116730953443, 28.7223046565762], [-106.09133907659223, 28.722485583566492], [-106.09123295409486, 28.722935711248848], [-106.09177536970161, 28.723626280217083], [-106.09181512728914, 28.72422673662836], [-106.0919647407936, 28.724407841552903], [-106.09257379166486, 28.729374381750116], [-106.09214292130788, 28.73181943950863], [-106.0923230255918, 28.732700495471423], [-106.0921928640428, 28.733099753074082], [-106.09243984793127, 28.73336681584614], [-106.09253626434041, 28.734093741309707], [-106.09244106972213, 28.734658284942952], [-106.09272513437445, 28.734968096717978], [-106.09275783879144, 28.735764244217492], [-106.09320388112634, 28.736384852812847], [-106.09287037664829, 28.737348535972103], [-106.09575174382982, 28.74552079127711], [-106.09180963158975, 28.751025980441355], [-106.0909733215434, 28.753468461164626], [-106.09129228953518, 28.755007099639865], [-106.08782361019945, 28.75558348182109], [-106.08782576891328, 28.756057704145533], [-106.08858135213335, 28.756012217916492], [-106.08860405470678, 28.758200624940866], [-106.08713898568173, 28.758442494917617], [-106.08711156027042, 28.75923241725591], [-106.0844661232465, 28.759387512115943], [-106.08169267254247, 28.75975388833549], [-106.07047300417716, 28.76257649852446], [-106.06694576418072, 28.761043280398038], [-106.06303003587713, 28.758683276286874], [-106.05650240821157, 28.756646134178933], [-106.04982858141027, 28.754450350990183], [-106.04572180522275, 28.755752721186226], [-106.0423506723372, 28.756130145075563], [-106.0385044207, 28.758094366553458], [-106.0151030553064, 28.75874291786198], [-105.96396220845116, 28.731623327814166], [-105.93513172308316, 28.72965122434684], [-105.9304537515949, 28.696456112530242], [-105.92839982830577, 28.680934967680283], [-105.95076052499337, 28.646845582477667], [-105.96300990601257, 28.643824153875084], [-105.95976393620681, 28.634061589408446], [-105.95701432053067, 28.6306684625831], [-105.95943538682158, 28.61782265901249], [-105.947224063274, 28.615663536209755], [-105.93739581880867, 28.585764895881788], [-105.94257069523248, 28.588279758090245], [-105.94128794686937, 28.58057530456788], [-105.95972187670642, 28.584791037533396]]]}}, {"type": "Feature", "id": 9, "properties": {"id": 9, "distrito_f": 9, "nombre": "Distrito Federal 9", "clave_entidad": 8, "entidad": 8}, "geometry": {"type": "Polygon", "coordinates": [[[-106.53083729337366, 28.199453125922563], [-106.52673502416359, 28.198789619051507], [-106.52387616684429, 28.198044136985157], [-106.52077165558656, 28.19432355047088], [-106.51791507082683, 28.19151204401586], [-106.51468524531244, 28.189113390571357], [-106.51269925645168, 28.18621973086735], [-106.51046438974188, 28.183656399784816], [-106.50798156805256, 28.180597024144223], [-106.50574664995686, 28.178281513862917], [-106.50338974432603, 28.174065229088324], [-106.50177509247298, 28.172989676601166], [-106.50127474942497, 28.17563364435501], [-106.50089770880572, 28.179104073804286], [-106.5002730121295, 28.181747937895967], [-106.49852966260764, 28.184225616589085], [-106.49653304380776, 28.190421706317483], [-106.49453815895676, 28.19504767944237], [-106.4764010373151, 28.184701560268422], [-106.47118378563981, 28.181969322401184], [-106.46311073364603, 28.177250523117845], [-106.45890014429469, 28.17791343363765], [-106.45234339243417, 28.1816032166432], [-106.45155706069384, 28.181419123237788], [-106.44744548266507, 28.178720211646112], [-106.4440875626317, 28.17962518482651], [-106.44097791768878, 28.180695662019733], [-106.43774506855642, 28.181104808869684], [-106.43339457249107, 28.1808513306872], [-106.42829960234413, 28.179852976529656], [-106.42320061079157, 28.18100303072331], [-106.4199707138296, 28.179841626972546], [-106.41698624951866, 28.18033327027157], [-106.41102091182057, 28.1794983099298], [-106.4061756534456, 28.17808628959162], [-106.40443099534416, 28.180149653368044], [-106.40008144679338, 28.179481916198164], [-106.39598307532707, 28.177657479349804], [-106.39089586183414, 28.173352136679956], [-106.38767059619413, 28.170371878227684], [-106.38344809474063, 28.168712120237092], [-106.37909584374206, 28.169448570984382], [-106.37100433128039, 28.17439303385554], [-106.3688917019298, 28.17414139354623], [-106.36441236378624, 28.175868849670472], [-106.35993391002832, 28.177182962801044], [-106.35483862125889, 28.176595044839456], [-106.35048688709897, 28.17691740087644], [-106.34650371546813, 28.178893150577554], [-106.34301897620536, 28.18037391839382], [-106.33879179945718, 28.180530870497343], [-106.33481798250074, 28.178952736930007], [-106.331348162178, 28.174978912850904], [-106.32687742169935, 28.173399520141867], [-106.32365480265216, 28.170087127476176], [-106.32229453269198, 28.167605012104076], [-106.32119595846756, 28.160578134327345], [-106.32245353465964, 28.1554570012486], [-106.32470431463152, 28.150668513092747], [-106.32420930246934, 28.149923696125803], [-106.32023159276035, 28.150163200020867], [-106.31563438403073, 28.149740111972083], [-106.31092052908923, 28.146754700754133], [-106.30720237040529, 28.143358127519996], [-106.30534475308706, 28.141205268711357], [-106.30236903969994, 28.138967209866397], [-106.29640816188294, 28.138743763257477], [-106.2962823305989, 28.13849561788557], [-106.294151097951, 28.13585265463237], [-106.29139049691611, 28.13188597884153], [-106.2890075065475, 28.1286636993304], [-106.2861303921989, 28.126273052491637], [-106.27988983517054, 28.123898762209915], [-106.27551380027137, 28.12060299460353], [-106.24958242603685, 28.09922907634453], [-106.24723920066701, 28.097393856436767], [-106.24315455469204, 28.095545175634292], [-106.23717438149826, 28.096324954833836], [-106.23055434717888, 28.098668933463284], [-106.23002397780283, 28.101555882175962], [-106.22837020003779, 28.1047644631709], [-106.22661070139881, 28.106320148723714], [-106.22351091316429, 28.10538722021868], [-106.22129898111984, 28.10297435825915], [-106.21907391872968, 28.101717791848095], [-106.21470472108177, 28.10300492047605], [-106.21157374864538, 28.104797366678902], [-106.20631630261747, 28.107564038892853], [-106.20195724016493, 28.107942220681487], [-106.19437314888927, 28.107468267370773], [-106.1884383640552, 28.104281349808407], [-106.18382956713634, 28.104739531979554], [-106.1772038548718, 28.107411368040363], [-106.17182388220624, 28.109927940559285], [-106.16297091388931, 28.1115069163854], [-106.16097832034467, 28.1116555918595], [-106.15723698077657, 28.11236791106742], [-106.15399324993032, 28.113084288471672], [-106.1500239267134, 28.112059810348764], [-106.14680415530147, 28.110793704271213], [-106.14469514515636, 28.11028032540447], [-106.14034673936393, 28.109747995751135], [-106.1372303950084, 28.110217239919336], [-106.1323641462814, 28.111332369314674], [-106.12821790896811, 28.114601221700127], [-106.12458334563122, 28.116717865938444], [-106.12021434551227, 28.11783683857114], [-106.11651341524237, 28.115244186372415], [-106.11454731046169, 28.113244671864095], [-106.1111016654917, 28.110158432066306], [-106.10801708687293, 28.10806650792254], [-106.10438542124098, 28.10993483246207], [-106.09987443154543, 28.112456222812312], [-106.09451309909095, 28.11331787532126], [-106.0912730397825, 28.11370239249115], [-106.08627644899005, 28.115227793466072], [-106.08438081371044, 28.117523990693044], [-106.08057669407084, 28.123107477937545], [-106.07805653936188, 28.12556325669391], [-106.0754044531464, 28.12859606187958], [-106.07113451485968, 28.131614344455436], [-106.06310659384243, 28.136498649694815], [-106.05898071431676, 28.137948339], [-106.05524090355149, 28.13841012052949], [-106.05612058640843, 28.1377572370622], [-106.05914463916505, 28.13489335810425], [-106.06055188451093, 28.131932219304122], [-106.06249086447313, 28.126332438399388], [-106.06453813213506, 28.12197271370846], [-106.067215841461, 28.11695777244237], [-106.06811436648377, 28.114818061935125], [-106.06916058771961, 28.11086231688702], [-106.06969638359773, 28.107893270621865], [-106.06897005395442, 28.106317217388135], [-106.06724742253427, 28.104814812528787], [-106.06625640749571, 28.10447547025449], [-106.05509505570647, 28.101648537326852], [-106.05274102214759, 28.100883673071987], [-106.04522356398405, 28.095362955598222], [-106.03846080348283, 28.08927048649097], [-106.03600555727161, 28.08676961475819], [-106.0344287269612, 28.08369855238534], [-106.03625151514275, 28.077519753157937], [-106.03527279223745, 28.076271594194694], [-106.03117275304528, 28.075903241617553], [-106.02868633816985, 28.075797577872628], [-106.02347024479968, 28.07517080414215], [-106.02100030771696, 28.07382602162019], [-106.01582839348151, 28.069895005226126], [-106.01411920624774, 28.06748330406708], [-106.01384070004958, 28.069711133685644], [-106.01241304214693, 28.074158608370333], [-106.00910742150691, 28.079497085618808], [-106.00596910089712, 28.081615315164676], [-105.99850949981017, 28.08129682685151], [-105.99353421330366, 28.081249472992795], [-105.98954613486643, 28.08178965192892], [-105.98208992188734, 28.081222472985605], [-105.98036323558338, 28.08013192458428], [-105.97828830067272, 28.07722057538265], [-105.97745609358822, 28.074403804322383], [-105.97601791883642, 28.070424628164666], [-105.9740925913721, 28.065697223340255], [-105.97375236927702, 28.0632982326079], [-105.97418324978067, 28.0590892833363], [-105.97362608709226, 28.05437509911648], [-105.97316724077092, 28.05156189988096], [-105.97160975116371, 28.047251049427206], [-105.96905995755877, 28.042765304818765], [-105.96834123871643, 28.04077565707716], [-105.96577692044943, 28.037363635699197], [-105.96283749658909, 28.03411311476631], [-105.96273944229723, 28.032212106031132], [-105.96302464434099, 28.029571345134148], [-105.96244873439426, 28.026261276395477], [-105.96235069839717, 28.024360264892398], [-105.962876527012, 28.022300132422153], [-105.96687625033974, 28.02076957765438], [-105.97113129673443, 28.018745726898526], [-105.97772654650173, 28.018314006678928], [-105.97838427691019, 28.01567682527731], [-105.98127042049504, 28.013722042497612], [-105.98575551434521, 28.01302174361651], [-105.99011848610361, 28.012154909279758], [-105.9894992168358, 28.01198375234203], [-105.98789676492356, 28.010977053098507], [-105.98592819142335, 28.009471151081556], [-105.98199572007884, 28.00612885804856], [-105.97930302275958, 28.003046262991017], [-105.97550697091151, 27.98979176383379], [-105.96111756647494, 27.978746757048043], [-105.95743894705704, 27.975158335238167], [-105.9532577925717, 27.97197790772354], [-105.95228100168275, 27.970729090159605], [-105.9473431051272, 27.968367117066776], [-105.94110361133707, 27.96136571944384], [-105.93675175358271, 27.952730624215512], [-105.9313554342619, 27.947719843481295], [-105.92235711162958, 27.942672503297555], [-105.91691835023829, 27.94071736989933], [-105.912830837648, 27.939849734847737], [-105.90769627928147, 27.94268889834529], [-105.9021911447243, 27.9453588555547], [-105.89435284893, 27.946104473481807], [-105.89429796962163, 27.941312311279646], [-105.8919700626239, 27.939057734234215], [-105.8861401100043, 27.938419145996434], [-105.88179000284657, 27.93853922610537], [-105.8773748846765, 27.93461039283323], [-105.87577580913371, 27.933519722681883], [-105.87671665277115, 27.928655295554943], [-105.88117731625739, 27.920936022726256], [-105.87920702019903, 27.919758907490273], [-105.87673634916113, 27.918824384300336], [-105.87565124421019, 27.91658246238821], [-105.87207822552742, 27.906135641822875], [-105.87014351680571, 27.902562924845583], [-105.86796301996014, 27.898822362480438], [-105.8640589168509, 27.89407222752349], [-105.79663199392478, 27.901606935359435], [-105.795825916717, 27.9055636469566], [-105.79204054592607, 27.909404833260098], [-105.7900267585946, 27.911117507583416], [-105.78601049814789, 27.913799347252557], [-105.77938045445367, 27.91709356587652], [-105.77890806620582, 27.91440807454427], [-105.77905114151335, 27.912180220458], [-105.7789347395869, 27.911312813790794], [-105.77832998317216, 27.909617067872713], [-105.77759853109418, 27.908250745119147], [-105.77655494029962, 27.90717146994539], [-105.77631291734104, 27.906509675000887], [-105.7751515644593, 27.904728058607535], [-105.77441375289527, 27.904104580507678], [-105.77343359520857, 27.902860567589535], [-105.77270225160231, 27.901494215359264], [-105.77215026282164, 27.900871833150973], [-105.77209657523295, 27.899922247395317], [-105.77222580601887, 27.89930393351272], [-105.77309816709686, 27.898690056254694], [-105.77353309168396, 27.898527561502338], [-105.77428301469826, 27.897747857127047], [-105.7734414417781, 27.894812498733998], [-105.7677853481057, 27.897172440474648], [-105.76605283966278, 27.89699693322701], [-105.76108673758192, 27.898328944801296], [-105.76091183237283, 27.8970897101066], [-105.76137540109923, 27.893666897131986], [-105.76107556546312, 27.892550722925165], [-105.76108607937208, 27.89135388262134], [-105.76165607330375, 27.8899127942964], [-105.76209424075238, 27.889378902525486], [-105.76402793250132, 27.88778095815775], [-105.76446824756725, 27.886999436883013], [-105.76794374560654, 27.886112365717864], [-105.77216007445183, 27.885477273658566], [-105.77352661156834, 27.884990165951987], [-105.77464831757439, 27.884171406344723], [-105.77571487180332, 27.882568132929812], [-105.77596968485226, 27.88174420022864], [-105.77678674496543, 27.880345796378002], [-105.77754935222643, 27.878080342653735], [-105.77749848524599, 27.87680059371978], [-105.77720245795233, 27.875230480170295], [-105.7764075643417, 27.874070123285822], [-105.77611191812274, 27.872458735914332], [-105.77619917444841, 27.869528905790638], [-105.777596148676, 27.865492505404042], [-105.77772816349828, 27.86454402130302], [-105.77823803410597, 27.86285487558307], [-105.77886671805214, 27.861744248988735], [-105.77981381033092, 27.85960369370433], [-105.78025958991344, 27.85816179614827], [-105.78039903868579, 27.856346629384195], [-105.78104826750571, 27.852842305399914], [-105.77982944532054, 27.850606362493306], [-105.78039259084957, 27.849908066681976], [-105.78121327241148, 27.848055660614552], [-105.78140038924924, 27.847891677959648], [-105.7820837588293, 27.84760681337056], [-105.7827073542428, 27.847073956571524], [-105.78297161076851, 27.845135705557023], [-105.78341835725645, 27.84356998527942], [-105.7834328874034, 27.841877893472866], [-105.78374874070815, 27.84113685136127], [-105.78462447111578, 27.840068930927828], [-105.78475710735019, 27.839037897419043], [-105.78637835401777, 27.837644180134614], [-105.78693750801054, 27.837399834533052], [-105.78966747496362, 27.83663168625267], [-105.79053818696048, 27.836141516997678], [-105.79147289106888, 27.835404081247404], [-105.79253382167417, 27.834378468849568], [-105.79378496033414, 27.832817414861086], [-105.79484514392394, 27.83187432635381], [-105.79627489473846, 27.831139742817168], [-105.79726826257823, 27.8307740636775], [-105.79968645499248, 27.83025154660021], [-105.80024658463262, 27.829883336677586], [-105.80199509269424, 27.828036181741915], [-105.80349981309263, 27.825733602795964], [-105.80474446029716, 27.824915322282827], [-105.80604682219659, 27.82459263273804], [-105.80840018679397, 27.824399774654573], [-105.8094525784603, 27.82436452819799], [-105.8105651330614, 27.824535979837457], [-105.81224049975725, 27.824009001125095], [-105.81298723814591, 27.823517987805268], [-105.81397739138147, 27.823523624980897], [-105.81497199818322, 27.82299273885958], [-105.8167239060331, 27.820691427922107], [-105.81834583329483, 27.81913226393176], [-105.81859984520398, 27.818349525327065], [-105.82060252965547, 27.81563686228985], [-105.821100292595, 27.815309491321777], [-105.82197001049768, 27.814901669873244], [-105.82378216411952, 27.8127657032298], [-105.82434856501544, 27.811613258969757], [-105.8247986573727, 27.809552166712987], [-105.8248203517761, 27.806910854143233], [-105.82501038279807, 27.806375379629063], [-105.82581983370524, 27.805760835301484], [-105.82681388287416, 27.805271137758982], [-105.8276848511693, 27.80469819987593], [-105.82880701649479, 27.803672664023185], [-105.83092248931568, 27.802239934055823], [-105.83204628035115, 27.801008020201827], [-105.83310414444124, 27.800270999844646], [-105.83372453494931, 27.800068084080728], [-105.83472084305345, 27.799289437624722], [-105.83596997500125, 27.79785182659522], [-105.83746655026943, 27.796415572548753], [-105.83803005260215, 27.79559323852189], [-105.83897276430277, 27.793782458126376], [-105.839100837158, 27.79324662394503], [-105.8391710459119, 27.79221520223689], [-105.83900313432106, 27.790026840597985], [-105.83840418570608, 27.787588464124216], [-105.86304615301123, 27.78516346046658], [-105.86794309945489, 27.760219877701388], [-105.86752179764147, 27.758731836558894], [-105.86631529408923, 27.756732734616907], [-105.86581922004113, 27.7550082647976], [-105.86521275977692, 27.753477954401006], [-105.86509814796062, 27.752321717698], [-105.86591118584892, 27.75117043001575], [-105.86660052190835, 27.750018478894944], [-105.86335568352074, 27.745832644992582], [-105.86237762569128, 27.744382873155324], [-105.86151871269662, 27.743511546598285], [-105.85722075366553, 27.739608805467963], [-105.8553774595153, 27.738113033061516], [-105.8249657789401, 27.744053491286394], [-105.79480233011564, 27.756757579708733], [-105.78976684415566, 27.752518201096184], [-105.7883603096838, 27.750652629783303], [-105.78675591500232, 27.75023043438656], [-105.78570351620587, 27.7503480357741], [-105.77412123079162, 27.75230146317218], [-105.77238778648078, 27.75249742574847], [-105.77158380519413, 27.752492593069455], [-105.7700416475826, 27.752029303883706], [-105.76602754148651, 27.7513446867181], [-105.76058453135084, 27.75139417276722], [-105.75935056022448, 27.751056460589872], [-105.7589180164431, 27.75101254683359], [-105.75725297215635, 27.750465815752538], [-105.75515211504566, 27.750246579546562], [-105.75262606029052, 27.749157953031826], [-105.75139727656985, 27.74824237134441], [-105.75078583098536, 27.74745440619746], [-105.75048286734646, 27.74675088808323], [-105.74981106645347, 27.745797451643092], [-105.74902038036397, 27.744306720815434], [-105.74786199571719, 27.742442247707157], [-105.74658366423388, 27.74016428405937], [-105.74609745089523, 27.73921197685992], [-105.74579564902604, 27.738384632618875], [-105.74579934163998, 27.737971919314248], [-105.74674570699365, 27.735872832482716], [-105.74670637707692, 27.73335489707735], [-105.74647823094136, 27.731207252983193], [-105.74595090648977, 27.72794336231544], [-105.74570986137908, 27.727240213765793], [-105.74547842531793, 27.725464008179504], [-105.74610595250545, 27.72443606064853], [-105.74636102062209, 27.723570895329704], [-105.74576822152098, 27.720719330377772], [-105.74534504074263, 27.719643585542645], [-105.74486817684488, 27.717659482893747], [-105.744585680033, 27.714686015762904], [-105.7445493784859, 27.71183789905521], [-105.74402258884967, 27.708532717509527], [-105.74415400035542, 27.707666785134276], [-105.7441639920628, 27.706552454094204], [-105.74436128894537, 27.705232919226997], [-105.74486618973897, 27.704080392474083], [-105.74525077339352, 27.70255565157934], [-105.74525668827704, 27.701895306884577], [-105.745692728491, 27.701526552144422], [-105.74618762704335, 27.701488352290664], [-105.74493495441227, 27.691452146674767], [-105.74136223717056, 27.688126827310885], [-105.73545661676755, 27.684994253378473], [-105.70533878496569, 27.693345289324714], [-105.70063253959796, 27.699023056985023], [-105.69728052930746, 27.702290427127952], [-105.68385675145507, 27.716193696998946], [-105.66706316463929, 27.707330693690103], [-105.66613266975062, 27.707654578497962], [-105.66177231685205, 27.704653147204343], [-105.6583900041619, 27.702813958786475], [-105.65759161178609, 27.70227192213316], [-105.65648333674943, 27.7018103053565], [-105.65512457543926, 27.701677157057677], [-105.65369955486146, 27.7019975614053], [-105.65345552055705, 27.701665685206958], [-105.65359289649798, 27.70026329004813], [-105.65359815089514, 27.69972675488628], [-105.65353714355543, 27.699643785786066], [-105.64133278899335, 27.69600965605938], [-105.63929989874218, 27.695293802984555], [-105.63831867447463, 27.694502724902122], [-105.63661378158727, 27.69189047760825], [-105.63614106224205, 27.689699595138233], [-105.63614311622102, 27.68949323485476], [-105.63639528500926, 27.6889997023473], [-105.63720619973624, 27.688262431881316], [-105.63763968593554, 27.688182915560393], [-105.637468208401, 27.686778367897716], [-105.63691973127833, 27.685990304566833], [-105.6366176715154, 27.685286514947087], [-105.63563326911847, 27.68482559159769], [-105.63470903666534, 27.68453018325387], [-105.63353428613206, 27.684563208376247], [-105.63223468312297, 27.684719170114146], [-105.63081971754613, 27.684048806633854], [-105.62884974959374, 27.683250685375228], [-105.62496962881892, 27.68186115598919], [-105.62465935412943, 27.6819827812602], [-105.62311337463808, 27.682054359485747], [-105.61978043899825, 27.681576620270256], [-105.61527741368074, 27.68067767620335], [-105.61299355672844, 27.680372379681128], [-105.6125630197112, 27.68016291344649], [-105.61182681993996, 27.67962104843273], [-105.61152367799404, 27.679041017126732], [-105.60733471919738, 27.683716225090965], [-105.60337314806439, 27.684265434485336], [-105.60098132084802, 27.682431973332516], [-105.6001820825213, 27.682013413712568], [-105.59790418760156, 27.681130057037056], [-105.59667105580776, 27.680832141036312], [-105.59574056643305, 27.681155553834326], [-105.59411442264305, 27.683001063421802], [-105.5934916607261, 27.683450537333588], [-105.59244265239839, 27.683277757170167], [-105.5905845965185, 27.683635614984926], [-105.58965149500509, 27.684206620805057], [-105.58877590512687, 27.685190797017743], [-105.58778654965668, 27.68522479721461], [-105.5870422788547, 27.685466971939906], [-105.58611558746193, 27.685418870815738], [-105.5854881561783, 27.68553586037876], [-105.58368683019033, 27.680404745415935], [-105.58082824643164, 27.679592659219228], [-105.58007773973195, 27.679016632251034], [-105.58043496724926, 27.677936309897134], [-105.5807976511347, 27.677270634005946], [-105.5815306581117, 27.676519785778417], [-105.58225709282566, 27.675271356872464], [-105.58311935276298, 27.674934399633216], [-105.58460610731699, 27.67500833480176], [-105.58621118520497, 27.674666855364617], [-105.58755657006523, 27.673414639993968], [-105.58853271593435, 27.67233053203546], [-105.58974105445623, 27.670083896631304], [-105.5916844203105, 27.667252208628508], [-105.59433406042014, 27.661679273485884], [-105.59481819093968, 27.660846943977095], [-105.59505142959634, 27.659767343286155], [-105.59478510748885, 27.65835906124013], [-105.59463926918598, 27.656701231123556], [-105.59634575390851, 27.654700290080235], [-105.59942591856635, 27.653603165384187], [-105.60201533593104, 27.65284075274723], [-105.60337025678649, 27.652334751199998], [-105.60733563065985, 27.65264188210534], [-105.60967963865993, 27.652046725862146], [-105.61164224971603, 27.650707489910047], [-105.61258680479668, 27.648754581556418], [-105.6150208175852, 27.64421730243114], [-105.61673456931693, 27.64279662034235], [-105.61783840288322, 27.642043248593748], [-105.61942607705429, 27.640457454793427], [-105.62077403167807, 27.63945371112851], [-105.61964558205582, 27.638382664041934], [-105.61666632203398, 27.63773793803734], [-105.61481324015, 27.637998385766497], [-105.61370942539577, 27.638751733548226], [-105.61197785202181, 27.638845509518518], [-105.61134900142918, 27.638103013951287], [-105.61010134955842, 27.637364378137217], [-105.60872550233948, 27.636294784154174], [-105.60795624704868, 27.634309101499205], [-105.60831639950274, 27.63347749539773], [-105.60878250116114, 27.63131824570952], [-105.60865095840052, 27.630738510208907], [-105.6081514916712, 27.630409874792214], [-105.60789064036301, 27.62941626116266], [-105.60502212394927, 27.627775354044758], [-105.60315477104022, 27.626957558922264], [-105.60228187226053, 27.62646533951151], [-105.6008962792993, 27.624649295411846], [-105.6008752563174, 27.623073630450477], [-105.60160334222627, 27.62199095908097], [-105.60256782467076, 27.620077456188678], [-105.60278096875204, 27.61750510296193], [-105.60264947546767, 27.616925359851393], [-105.60188822061275, 27.615520142798836], [-105.60074815688147, 27.613816891708467], [-105.60036908744266, 27.6129584840207], [-105.60094572491832, 27.609803331207804], [-105.60242496285372, 27.60937951034178], [-105.60329176313716, 27.608861744700942], [-105.60439134871915, 27.60837209904216], [-105.60562309551378, 27.607949777632328], [-105.60635991859348, 27.60753051995697], [-105.60658405853052, 27.605787456521323], [-105.60557649325932, 27.60446672379294], [-105.60256722934673, 27.60149963762323], [-105.60180829925014, 27.60026027529731], [-105.6006782290981, 27.599023198421712], [-105.60017782604453, 27.598611600080684], [-105.59967411198313, 27.597951209642545], [-105.59855733819491, 27.597709275456694], [-105.59742953712293, 27.59663803093288], [-105.59679772203097, 27.595646669059676], [-105.59592069378218, 27.594822682339853], [-105.59380104039165, 27.593591613962985], [-105.59280803587467, 27.59334887544736], [-105.59169461926788, 27.593355675752267], [-105.5885985043369, 27.59312572760465], [-105.58710628326624, 27.59255423496991], [-105.58462908714775, 27.59139895051332], [-105.58261551681336, 27.589761562616165], [-105.58060782078158, 27.58761730507732], [-105.57686181590444, 27.584985827891114], [-105.57397212991616, 27.581602697846225], [-105.57245303878554, 27.578957773014007], [-105.5715698250661, 27.57763604052665], [-105.57044682076256, 27.576896290104454], [-105.568349409091, 27.577323438877617], [-105.56686614199768, 27.577415170180334], [-105.56327250348009, 27.57693878608584], [-105.56202694238371, 27.57628262704873], [-105.56078784667498, 27.576124043114792], [-105.55892384083687, 27.575471490729047], [-105.55668984965796, 27.57490401540823], [-105.55470540690978, 27.57450092279703], [-105.55234669508847, 27.573851167433702], [-105.55123133095238, 27.573691777811632], [-105.54961266971578, 27.572871798516335], [-105.54812944312486, 27.57296332912598], [-105.54602562952411, 27.572892552876215], [-105.54429607916471, 27.573068401946912], [-105.54304961026953, 27.572329138612652], [-105.54107162155597, 27.572423438608368], [-105.53945093452661, 27.571437476321993], [-105.53795819615608, 27.570782514108586], [-105.53646653199537, 27.570210467153313], [-105.53510279343134, 27.56996942625291], [-105.53323903796445, 27.569316524907215], [-105.5321320234697, 27.568375227290392], [-105.53072062705805, 27.567677673111046], [-105.5287663234926, 27.567766044491393], [-105.5266584191717, 27.5673632460433], [-105.52292588234026, 27.565642528705403], [-105.51847118865248, 27.565501555413913], [-105.51710441858997, 27.565011540258553], [-105.51560981450704, 27.564190470131862], [-105.51226416869984, 27.563711382340365], [-105.50879694102217, 27.56339875876967], [-105.50694172158464, 27.563408958061103], [-105.50508856732112, 27.563584997096786], [-105.50385587976061, 27.56392349549487], [-105.50224801395254, 27.563932279235594], [-105.50126061799422, 27.56410354000162], [-105.49704104359279, 27.562965341557277], [-105.49269377999757, 27.561495950130873], [-105.49194454176724, 27.56091941906261], [-105.4890601143357, 27.55770033121299], [-105.48640213162838, 27.555093006685425], [-105.48531524297682, 27.554900464238344], [-105.48357773162151, 27.554412093608473], [-105.48099888893714, 27.555918681450443], [-105.48053056856907, 27.558077555976375], [-105.48103947915959, 27.559235991135672], [-105.48118548473057, 27.56105985465926], [-105.47994767831206, 27.560983478103367], [-105.47855479258995, 27.558336828878396], [-105.47914841495559, 27.556312270689645], [-105.47851427779696, 27.555019517083824], [-105.47541539064139, 27.55445529519022], [-105.47431142995109, 27.55520754516674], [-105.47416958523121, 27.553715402974472], [-105.47476875146096, 27.55213642734593], [-105.47500497887741, 27.55122286441039], [-105.47596804423746, 27.549061400845062], [-105.47460267052509, 27.548653894306593], [-105.47301619919166, 27.55040392918547], [-105.47236561542259, 27.54878559384499], [-105.47133471650692, 27.548224669238003], [-105.46988627548058, 27.547268658188123], [-105.46747553860988, 27.54520132265331], [-105.46628496617187, 27.54604334674992], [-105.46617936422878, 27.547536785551685], [-105.46620846380561, 27.5499418453411], [-105.46544692229722, 27.551886583082947], [-105.46364650940325, 27.552857976138533], [-105.4640014907027, 27.55152912486286], [-105.46485614554473, 27.55061237299067], [-105.46520308386044, 27.548620053586305], [-105.46507139757809, 27.547957230340472], [-105.46432239426231, 27.547380546242195], [-105.46382974055784, 27.547548975539787], [-105.46334109041517, 27.548049135719836], [-105.4628584414202, 27.54904689310355], [-105.46200878330862, 27.550378298691484], [-105.46114710848353, 27.550714501288372], [-105.46050378855828, 27.548644361403756], [-105.46171544425042, 27.546564650426873], [-105.46366902080969, 27.544481088718236], [-105.4616904443854, 27.544491320208294], [-105.46119280138778, 27.54424507398783], [-105.46228173894706, 27.542248928818577], [-105.46239339220142, 27.541253090767807], [-105.46188176197604, 27.53984578105162], [-105.45836155123554, 27.535053486520916], [-105.45499513275628, 27.5327484680962], [-105.453877331021, 27.532339488447438], [-105.45239753055047, 27.53267879229201], [-105.44891360243354, 27.530871854967074], [-105.44766725019917, 27.530048783705567], [-105.4463041889386, 27.529806861257757], [-105.44531700429756, 27.52997772271744], [-105.44421702333439, 27.531061470484026], [-105.4432455977526, 27.532559256004827], [-105.4413997371182, 27.533314977175177], [-105.43941742180017, 27.532993154499973], [-105.43718389575272, 27.53234080186774], [-105.43532525694646, 27.532018303775935], [-105.43419774249635, 27.530779826778392], [-105.43308590454954, 27.530868281760863], [-105.43123902369476, 27.53154093484937], [-105.42962868381393, 27.53130007121779], [-105.42875730564673, 27.530806734355476], [-105.42673323848987, 27.52837594107159], [-105.42312429628637, 27.524945716879625], [-105.42225105716051, 27.524286469731454], [-105.42136910491388, 27.522880809863157], [-105.42113063699142, 27.52175395872406], [-105.42134972000025, 27.521222127220557], [-105.4213400278933, 27.5203927857477], [-105.42218413562514, 27.518564015007655], [-105.42080673724014, 27.51707782723182], [-105.42090130460414, 27.514589198892704], [-105.4202647655932, 27.513016456460118], [-105.41927285007158, 27.512772460878736], [-105.41936551460783, 27.510117963089858], [-105.4199613685279, 27.508207470082628], [-105.42313864871146, 27.505040303557216], [-105.42512430464343, 27.505694102917243], [-105.4272423629382, 27.507093674238998], [-105.42910543353476, 27.507830957512915], [-105.43021216571056, 27.50732786583655], [-105.42932440190698, 27.50542464740633], [-105.42845128218592, 27.504765436003535], [-105.42794707473556, 27.50393852675987], [-105.42793636271293, 27.503026249975104], [-105.42929223166401, 27.502687817981336], [-105.43022560683707, 27.502051988074072], [-105.43112985977551, 27.50126878532628], [-105.43161454765412, 27.500436998773377], [-105.43109569539604, 27.49836608665699], [-105.43033940240839, 27.497125735110526], [-105.42970283386015, 27.49555303230061], [-105.42881615044361, 27.49373274058145], [-105.42856017381042, 27.49298754847646], [-105.42767255686488, 27.49108431395221], [-105.4270263334487, 27.48868225235281], [-105.42700201305398, 27.486608890913956], [-105.42662635954983, 27.486196039022463], [-105.42451842157288, 27.48562579475823], [-105.42267902519005, 27.486878872244546], [-105.42109356337868, 27.488711264135322], [-105.42085895148918, 27.489790616407447], [-105.42075847768855, 27.49139000305461], [-105.4201841237247, 27.495516704668255], [-105.41997368259516, 27.498669415780295], [-105.41936240072124, 27.499252960025373], [-105.41837157749981, 27.499091890582136], [-105.41762508091784, 27.498680813207926], [-105.41724555762013, 27.497936198858536], [-105.41673084700145, 27.49619696732502], [-105.41720982844959, 27.49486762223848], [-105.41584437047447, 27.494376590786374], [-105.41458229391233, 27.49214332347976], [-105.41578842884826, 27.489566385267125], [-105.41712389829847, 27.487486445789717], [-105.41723784159444, 27.48665650134728], [-105.41696844612248, 27.484750201173462], [-105.41657932703863, 27.483176236298036], [-105.41680914232668, 27.481682216487773], [-105.41777662866436, 27.47985286687007], [-105.4178915258236, 27.479105855827864], [-105.41826035996996, 27.478938189493558], [-105.41812807748703, 27.47819237625051], [-105.41750434561018, 27.47769776163251], [-105.41377843642356, 27.476139904933078], [-105.41265847167925, 27.475481778094203], [-105.41129327352856, 27.474990697770508], [-105.40919329912239, 27.475083696258526], [-105.40906204165661, 27.474420808156697], [-105.40917699256498, 27.473673803139466], [-105.40866827900183, 27.472432142627863], [-105.40778404613701, 27.47077757490921], [-105.4050413920168, 27.468717147561836], [-105.40392632964283, 27.46847362357455], [-105.40255266873936, 27.467236040158923], [-105.40254503593125, 27.466572559531706], [-105.40302883724573, 27.46565793259001], [-105.40449357057071, 27.464075132742614], [-105.40411330165877, 27.46324754154133], [-105.4038518339642, 27.462004687462798], [-105.40245345355024, 27.45861078697372], [-105.40094684059605, 27.456544417158035], [-105.39993357873546, 27.45439276510367], [-105.4000523802841, 27.45397750612627], [-105.40054281512064, 27.453643433454808], [-105.40151700443919, 27.452394736130575], [-105.40064256540032, 27.45156946833819], [-105.39939936984331, 27.450911812142326], [-105.39839950010412, 27.449921241132436], [-105.3998679022859, 27.448670229268966], [-105.40259279171342, 27.449237935748577], [-105.40506199478202, 27.449060345723353], [-105.40652361258772, 27.447228717661254], [-105.40651500233588, 27.446482300327954], [-105.40576508155793, 27.445739410793447], [-105.40323870173457, 27.440940891616272], [-105.40310084492067, 27.439697446087305], [-105.40333743919311, 27.438783986056368], [-105.40331263169325, 27.43662766522423], [-105.40291911539371, 27.434638970100476], [-105.40327733135477, 27.433559053635193], [-105.4042646826832, 27.433471432277063], [-105.40574809623713, 27.433547325733254], [-105.40673927170509, 27.433791428551768], [-105.40821981771367, 27.43361848942919], [-105.4094446552016, 27.432700297967187], [-105.4094379449586, 27.432119750248788], [-105.41028543480023, 27.430622775382165], [-105.4100268569749, 27.42962873323389], [-105.41025665973719, 27.428134713018295], [-105.41073063909359, 27.42639070242337], [-105.41133773092639, 27.425475452150334], [-105.41206257843913, 27.424061993622253], [-105.4129013236339, 27.42181858301411], [-105.4127605028036, 27.42032633811761], [-105.41200783900292, 27.419334671408787], [-105.41112590993961, 27.417845979273245], [-105.41061935765815, 27.41677018449276], [-105.40970392172177, 27.41237873636886], [-105.4099451992979, 27.411879940930174], [-105.41216461045917, 27.411537543782746], [-105.41340551350257, 27.4120292226808], [-105.41489153213536, 27.41235382883399], [-105.41674617628712, 27.412510757556028], [-105.41823414025218, 27.413001198882366], [-105.41970859444487, 27.412330527630093], [-105.42006947594372, 27.411499373617524], [-105.41925984406183, 27.405614548884625], [-105.41724035768429, 27.401892018218103], [-105.41673093105932, 27.40056743606712], [-105.41646273722482, 27.398744044658407], [-105.4159533347872, 27.397419458805974], [-105.41582117262429, 27.396673633407012], [-105.41641939516076, 27.39501193781673], [-105.41764085057527, 27.393844867560766], [-105.41935335472726, 27.39242658425816], [-105.421051317977, 27.389764244420196], [-105.4211699745021, 27.389348965243798], [-105.42075796089388, 27.38578452921116], [-105.42075119779985, 27.38520397876641], [-105.42333081240562, 27.38403025030147], [-105.42418744279647, 27.38336254448023], [-105.42540287211224, 27.38169779215814], [-105.42551956489903, 27.38111663757354], [-105.42525321739322, 27.379459130648883], [-105.42518924244708, 27.373985366928746], [-105.42579496448907, 27.372987115583214], [-105.4278813374429, 27.371898657687964], [-105.42886520398709, 27.371562060316666], [-105.42972851368994, 27.37147487149111], [-105.43034391156127, 27.371305958757457], [-105.43117411448877, 27.368398943487573], [-105.4322599684309, 27.36623712508483], [-105.43397186359638, 27.36481866382104], [-105.43642251857692, 27.36323062951888], [-105.43691049007683, 27.362730558796613], [-105.43739454478205, 27.361898743188007], [-105.4373837858291, 27.36098644931441], [-105.4362668091162, 27.360494361202875], [-105.43478142649683, 27.36016997304683], [-105.43316674704802, 27.359348564508075], [-105.43045170307101, 27.359444912513656], [-105.42946211520855, 27.35928390463554], [-105.42797385450551, 27.35871063566038], [-105.42685500093296, 27.358052599343534], [-105.42672378640599, 27.357389716389456], [-105.42769879194327, 27.35630670377548], [-105.42890707718006, 27.35406136626546], [-105.42914328642797, 27.353147855709434], [-105.42962152623079, 27.35181844945433], [-105.42973330695243, 27.350822609218945], [-105.42934255990004, 27.349082774346474], [-105.4288429551533, 27.34858758623987], [-105.42797302617883, 27.34809421506693], [-105.42673463672438, 27.347685551206723], [-105.42586868106363, 27.347606886200804], [-105.42474704704951, 27.346700022016172], [-105.42448854601189, 27.345705993990595], [-105.42460424029979, 27.34504190135424], [-105.428139327433, 27.341209302057557], [-105.42875067619639, 27.34070865274839], [-105.42899074563385, 27.34012688580604], [-105.4288546846095, 27.33904932476584], [-105.4286029750584, 27.338635852295507], [-105.42636760765036, 27.337485646760296], [-105.4253675656132, 27.33641230795955], [-105.42536614587296, 27.335174779701248], [-105.42583899892858, 27.334502357621027], [-105.42706648846108, 27.333915757635335], [-105.42915600780474, 27.33315902833673], [-105.43222501867743, 27.33173394549593], [-105.43516290860605, 27.329645838667105], [-105.43540292140352, 27.329064057729937], [-105.43538047474777, 27.327156524288586], [-105.43499363051231, 27.325748444481206], [-105.43409948182189, 27.32318170066071], [-105.43431218629846, 27.320277706511476], [-105.43392148199804, 27.31853787643817], [-105.43316056586424, 27.31679987877174], [-105.43203724059428, 27.315727190639556], [-105.43128611304014, 27.314818562299894], [-105.4295166499749, 27.311260783371516], [-105.42885789800584, 27.307697544895344], [-105.43031729696337, 27.30586565601137], [-105.43079435600211, 27.30445330268138], [-105.43164450005696, 27.303287931535078], [-105.4317649750126, 27.303038512929504], [-105.43270928738319, 27.29938442802023], [-105.43356227350716, 27.29846788119723], [-105.43205731915339, 27.296401758320147], [-105.43081471573674, 27.29566141048084], [-105.42872008460733, 27.29592054004013], [-105.42722686273967, 27.294849630332664], [-105.42795455971459, 27.293767819202852], [-105.42806630466426, 27.292771972544323], [-105.42740383962094, 27.288876968723983], [-105.42554059974672, 27.28780785177895], [-105.42343450406379, 27.28707165645148], [-105.41861515795033, 27.2864315296014], [-105.41726188128936, 27.286769838842865], [-105.41357692507323, 27.28819759630015], [-105.40926064439046, 27.288384146575023], [-105.40715941564473, 27.28806239260994], [-105.40295984639833, 27.287667603895947], [-105.40036229602963, 27.287099265231667], [-105.39727221708158, 27.286616131873778], [-105.38874731930309, 27.286755407578045], [-105.38641798713698, 27.286915408895396], [-105.38469634890821, 27.287420984679], [-105.38321957622176, 27.287759532867174], [-105.38198767801372, 27.287931061147656], [-105.37889485065297, 27.287198708623965], [-105.3761777767159, 27.286962234499228], [-105.37370188960708, 27.286226966829215], [-105.37147742199198, 27.285905232658656], [-105.36987354616377, 27.285912444849757], [-105.36777339474224, 27.285673035194158], [-105.36654241804894, 27.285927365262058], [-105.365186214216, 27.28601635898844], [-105.36197293281818, 27.285532993792796], [-105.3608598003803, 27.285289099789317], [-105.35714114057801, 27.283729614183144], [-105.35575472944801, 27.281081564191616], [-105.35426514191586, 27.280258675308882], [-105.35216330117636, 27.279853153720495], [-105.35154828330624, 27.280021720409977], [-105.349839348674, 27.281688000733386], [-105.34862112157137, 27.283103305779992], [-105.34814219668635, 27.28443245476569], [-105.34705184126504, 27.286261901208015], [-105.34583534659504, 27.2878430579008], [-105.3417892427779, 27.29018284997647], [-105.33982872198708, 27.29143537667372], [-105.33885341439864, 27.29251778912805], [-105.33750703317945, 27.293518834037986], [-105.3359039425365, 27.293608595821652], [-105.33540770314038, 27.29336187744568], [-105.33454401619159, 27.293365541055234], [-105.33369562426829, 27.29477914719048], [-105.33063521931653, 27.297031499054675], [-105.3262156064505, 27.29912358735373], [-105.32462046240816, 27.299959663881417], [-105.32290101028583, 27.300713296999067], [-105.32069419399068, 27.302049520650325], [-105.31836570643242, 27.30355209493223], [-105.31665591563817, 27.305217971810745], [-105.31469750403858, 27.306718962855527], [-105.3139730454841, 27.30821488221], [-105.3137439468868, 27.30987465571211], [-105.31365683340235, 27.313275624962944], [-105.31380237088791, 27.315348573262785], [-105.31295708934314, 27.317093805235693], [-105.3116128299409, 27.31834341616213], [-105.31125319569423, 27.319340181877354], [-105.31276776470096, 27.32248578804322], [-105.31292037765694, 27.32522223864914], [-105.31170120938087, 27.326637221516563], [-105.3104669993801, 27.32664224754303], [-105.30936503176616, 27.32747614192599], [-105.30889250772378, 27.329468657829562], [-105.30831857725529, 27.33353512135027], [-105.30821894688235, 27.33577494621341], [-105.30663634854514, 27.337854887661322], [-105.30516042182263, 27.338358492816333], [-105.30406181273429, 27.339524097021485], [-105.30346043928807, 27.341019461228747], [-105.30298687685539, 27.3429290167249], [-105.3021333270918, 27.343927738304117], [-105.29980109119326, 27.345181189872804], [-105.29747491784966, 27.347015168279466], [-105.29490526311432, 27.349181837080184], [-105.29416807070193, 27.349516517977836], [-105.29245025754281, 27.35051859290001], [-105.29184345280254, 27.351516278787823], [-105.29148701409726, 27.352844742937034], [-105.29001081930573, 27.353348189063187], [-105.28717924312059, 27.354105739105886], [-105.28508920813346, 27.354943292612482], [-105.28374504456453, 27.356275572723167], [-105.28227566823797, 27.357442441373085], [-105.28032448811739, 27.359772330200045], [-105.27947490819919, 27.361185603369893], [-105.2786304657461, 27.363096499087426], [-105.2782772716107, 27.36475668061715], [-105.27816756008825, 27.36608416167805], [-105.27609954002037, 27.36907796754625], [-105.27561595805759, 27.370075110023453], [-105.27700654593187, 27.37305561629079], [-105.27838796475076, 27.37528972953419], [-105.27964079654575, 27.37702667656212], [-105.2796502653504, 27.377938992216414], [-105.27869533021777, 27.381260365153594], [-105.27812004686626, 27.38532668507629], [-105.27751722286357, 27.386738994641615], [-105.27605768051093, 27.388901048530393], [-105.2734883580345, 27.391233195991553], [-105.27115908167963, 27.39290085901459], [-105.26896090988672, 27.395314456703176], [-105.26860491473809, 27.396725794850596], [-105.26973262831396, 27.398297415235085], [-105.27024115189126, 27.399705487616526], [-105.26928556043407, 27.40286085073101], [-105.26942528390805, 27.40443619865738], [-105.26981032299393, 27.4058447375828], [-105.2703205915135, 27.4074186829782], [-105.27144929428472, 27.4090732236249], [-105.27294857523151, 27.41072634618705], [-105.27445304549197, 27.412877076478956], [-105.27496341286854, 27.41445100258167], [-105.27499000692364, 27.417022061505175], [-105.27463745211337, 27.418765160015834], [-105.27379249792445, 27.420676014543258], [-105.2725777870986, 27.422671209565866], [-105.27086976645441, 27.42475120343771], [-105.26953655010115, 27.427244463169536], [-105.26893339400543, 27.42865672960523], [-105.26820327424143, 27.42973770969056], [-105.26565850863356, 27.435000630979502], [-105.265669448722, 27.435636009660307], [-105.26680433780163, 27.43787114022976], [-105.26652094760547, 27.44037498150573], [-105.23966906220586, 27.419323825917616], [-105.2390245140234, 27.417588316181767], [-105.23849551614774, 27.415354403033618], [-105.23735219064258, 27.41329149474769], [-105.23436587736077, 27.411741568035932], [-105.23052504724788, 27.410779094930177], [-105.228411749141, 27.409802017311016], [-105.22416575893897, 27.406604373886157], [-105.2211629334086, 27.403976554593342], [-105.21479274617015, 27.39905536162061], [-105.2126552684406, 27.39650307465466], [-105.21113733530393, 27.39411143611966], [-105.20800792111098, 27.39123566676999], [-105.20576153188621, 27.389596112714585], [-105.20287140966494, 27.386220832801584], [-105.19536213404109, 27.379318406592667], [-105.1924993952276, 27.377683667235857], [-105.191629530029, 27.377276227711278], [-105.1901339778229, 27.37629354072511], [-105.18838283472247, 27.3747325839822], [-105.18625914653605, 27.37300881444577], [-105.17952477477111, 27.36825475555964], [-105.17577640487364, 27.365134526380793], [-105.16940037856858, 27.359548060695978], [-105.16690350232054, 27.357578259219114], [-105.16252289973652, 27.353384949335734], [-105.15366056033248, 27.346408079980662], [-105.13467903556875, 27.330638472290435], [-105.1263771942485, 27.32796655523878], [-105.12172598633293, 27.330323474794795], [-105.12037208776557, 27.330499616616034], [-105.11482917546807, 27.339329629287064], [-105.11105139932087, 27.342425693664563], [-105.09281252946751, 27.368925822940586], [-105.09234317114304, 27.370587382789523], [-105.05727426926838, 27.32047728842025], [-105.04191848123943, 27.299503703965804], [-105.02598798079019, 27.27864349897952], [-105.02694546362827, 27.279019773595536], [-105.03672619331957, 27.27525590025424], [-105.04414792641536, 27.27019846779992], [-105.04689558526286, 27.26367686945725], [-105.04815398950937, 27.259395545589843], [-105.04893601889205, 27.25799098440064], [-104.98213739116464, 27.201347366475442], [-105.03238005551906, 27.204352673133698], [-105.03616629484608, 27.202815541570175], [-105.03800060253126, 27.20221309765024], [-105.03836799845139, 27.202125680340767], [-105.0407073662229, 27.202343749837333], [-105.04137569080332, 27.19696809800838], [-105.0405132900753, 27.19564510634089], [-105.04002035552665, 27.194487752236704], [-105.03780378061909, 27.193741775337735], [-105.03632583942114, 27.19250074792225], [-105.03558657948317, 27.190929957574575], [-105.03435482101479, 27.18927600728859], [-105.03275380656517, 27.187869545659506], [-105.03164547672593, 27.187042026151833], [-105.02979815762046, 27.185139469290927], [-105.02881299451205, 27.184312062053753], [-105.02708894415453, 27.182657501614862], [-105.02598061191588, 27.181416774859333], [-105.0252414770716, 27.179432765407494], [-105.02401001518115, 27.17786135373366], [-105.01834607801163, 27.17273158096439], [-105.01686852956864, 27.17082928455926], [-105.01416012495076, 27.16975181444749], [-105.00086500693479, 27.155687572903524], [-105.0001264662302, 27.136515801934156], [-104.9995111393687, 27.13634972916723], [-104.99803436839076, 27.13560408530011], [-104.99409637786884, 27.134194055842563], [-104.98782028354974, 27.13311120062841], [-104.98339027993505, 27.131617549029354], [-104.97624782767372, 27.127053717761708], [-104.97705576488747, 27.126729806933895], [-105.00504830794637, 27.11916923061153], [-105.05155253237403, 27.103107338762985], [-105.05215803065347, 27.082284306237852], [-104.99840491893141, 27.039832379019224], [-104.99420289361022, 27.039532213692702], [-104.99469039390345, 27.039077933191347], [-104.99531087291481, 27.03808875513334], [-104.99680706162829, 27.034623133145587], [-104.99792190968255, 27.03314029718085], [-104.99878792316217, 27.032152365437405], [-104.99965231792524, 27.031412515423305], [-105.00126147816232, 27.029435996313634], [-105.00201529583137, 27.026793500092452], [-105.00177664028904, 27.02571719893226], [-104.99958458178851, 27.022894220159408], [-104.99897492335865, 27.022229502673802], [-104.99836848459105, 27.021068607419828], [-104.9966580721056, 27.019736629929437], [-104.99605328181727, 27.018327636682073], [-104.99078438575783, 27.01795690000359], [-104.95070592395574, 27.01819368410516], [-104.95082893212965, 27.01802861980033], [-104.95009460095305, 27.01059030552105], [-104.95009565923016, 27.008193909025575], [-104.9503421634978, 27.006706899456137], [-104.95095796542262, 27.003980985420522], [-104.95145018091061, 27.00274228416322], [-104.95169662004412, 27.00133790549085], [-104.95132893362685, 26.99885826068779], [-104.95034601121446, 26.997947648266667], [-104.94801121124779, 26.996704224865137], [-104.94481757427337, 26.992401821786984], [-104.94322184243192, 26.988267362121736], [-104.94273060432106, 26.987522806813004], [-104.94088766612998, 26.986362742472625], [-104.93953663205474, 26.98470770280421], [-104.9379398415229, 26.98305221937709], [-104.93720378373143, 26.980654520010656], [-104.93732713681945, 26.97982838908486], [-104.93597660674715, 26.97751223628058], [-104.90982939374007, 26.941352132834265], [-104.90774170663282, 26.94035642056755], [-104.90639068117387, 26.93994058141894], [-104.90528557403167, 26.939277311646396], [-104.89890126353845, 26.93488483371303], [-104.89730569366118, 26.933311516774538], [-104.8958333138364, 26.931407892854082], [-104.89374717207065, 26.92908981001497], [-104.89325799296999, 26.92677500856902], [-104.89325978173065, 26.92487439828604], [-104.89399794822329, 26.923636392352556], [-104.89350777861098, 26.922395848638875], [-104.88342782963441, 26.929894472571377], [-104.87937138312762, 26.93244743431773], [-104.87765095986464, 26.93302214225975], [-104.87679258253982, 26.93161546869342], [-104.87630446017961, 26.92863952925165], [-104.8748336797232, 26.92566142908991], [-104.87409996936556, 26.92268493926494], [-104.87397924866617, 26.92078405834296], [-104.87361287572956, 26.91888263463822], [-104.87263396185097, 26.915575050862916], [-104.87239323800708, 26.911194834953136], [-104.87178408700595, 26.906813798231845], [-104.8717868870903, 26.904334736136907], [-104.8712978862245, 26.902350394093634], [-104.87068552959109, 26.90086158898671], [-104.86970457848165, 26.899537228818158], [-104.86823271520053, 26.89796385289633], [-104.86737491114874, 26.896391845451785], [-104.86799104290628, 26.894575245603953], [-104.8687299546103, 26.892758917927008], [-104.86934747048191, 26.889702777477268], [-104.87008670648075, 26.88755589883263], [-104.8709481430337, 26.885905102809925], [-104.87193299706816, 26.88367612404525], [-104.87181151226807, 26.882518952136355], [-104.87156714901674, 26.881444142846544], [-104.8708317386712, 26.880285604265147], [-104.86911520493265, 26.878133236956117], [-104.86801235643583, 26.876230136429534], [-104.86666514824397, 26.873334843904182], [-104.86568779968658, 26.869200834765497], [-104.86397232091366, 26.866387315931327], [-104.86115231568363, 26.863323335918285], [-104.85968012024324, 26.862493587911285], [-104.8583301977651, 26.862077288211246], [-104.85636635035299, 26.861742183040935], [-104.8540355958971, 26.860331920911435], [-104.85121471164062, 26.858259372436535], [-104.84814818938759, 26.85635145337082], [-104.84545116744555, 26.85361799529253], [-104.84447170685637, 26.85171500242611], [-104.8441070639227, 26.849069762836766], [-104.84435415115134, 26.847913452094083], [-104.8432529189134, 26.845349065155443], [-104.84202853165193, 26.84311491477695], [-104.84092762869707, 26.840385236318454], [-104.83945634388012, 26.839224732721075], [-104.83859832304907, 26.838396265740638], [-104.83688101649797, 26.837648312868417], [-104.83577432957925, 26.839050396669016], [-104.83577266062171, 26.840207301253784], [-104.83503464701236, 26.841279745258532], [-104.83356026966091, 26.842267717108747], [-104.83110365302215, 26.8434184862889], [-104.82778637931314, 26.845476035585044], [-104.82754000591504, 26.84605386553366], [-104.82716560911278, 26.850102091738652], [-104.82654957465849, 26.851587979819215], [-104.82642366795012, 26.8536535642177], [-104.82617588083374, 26.85514038507702], [-104.82470099212895, 26.856293533021372], [-104.82138348628295, 26.85818565448098], [-104.81892495599284, 26.86024520033572], [-104.8160969682088, 26.86296482558071], [-104.81105692359964, 26.866918088303503], [-104.80896661622661, 26.86881316088621], [-104.80785844309595, 26.87071083012689], [-104.80564551760767, 26.872440252689273], [-104.80122076545334, 26.875155272338954], [-104.7970435821751, 26.876631295271487], [-104.79360464202851, 26.87720024968607], [-104.79213110244793, 26.877278790811893], [-104.78893983343094, 26.876691419503803], [-104.78771973211042, 26.872556197998858], [-104.78821330456367, 26.871235412663385], [-104.78821530579509, 26.870161151783453], [-104.78736345545, 26.86610959445373], [-104.78761100263716, 26.865036024425642], [-104.78822654140141, 26.86412876072752], [-104.78663567097901, 26.861397292198205], [-104.78565728658683, 26.859411263344185], [-104.78173584502731, 26.855764128780468], [-104.78542765889519, 26.850981735352253], [-104.79308692495754, 26.824311690491143], [-104.72311038725002, 26.783195079055016], [-104.72274595993959, 26.78170642610145], [-104.7221361877096, 26.78021696851088], [-104.7210484512514, 26.773519820966197], [-104.71983107999975, 26.769714523920392], [-104.71971023977424, 26.768970394226155], [-104.71898136721109, 26.766075701319735], [-104.71887233312385, 26.760538666380867], [-104.71826557503684, 26.757892280369287], [-104.7175353770723, 26.755576030868994], [-104.71716947083634, 26.754748449971693], [-104.71557852164624, 26.7533383458976], [-104.71141516291283, 26.75068007351316], [-104.71019164409009, 26.749519050419806], [-104.70933607837075, 26.748359255188785], [-104.70786816730406, 26.746866841010746], [-104.70615713975998, 26.744547217141488], [-104.70566998957406, 26.7432233723609], [-104.70505957518533, 26.742147018789023], [-104.70445024032259, 26.740657480361676], [-104.70286372405636, 26.737677141143834], [-104.70237664057693, 26.73635328432627], [-104.70152168315211, 26.735028168307487], [-104.70066631285601, 26.733868320025355], [-104.69932132546239, 26.732376236762235], [-104.6968753863175, 26.729888697667636], [-104.69639103650596, 26.727573181456076], [-104.69578211035055, 26.726000967793816], [-104.69554391015447, 26.723355749555115], [-104.69696142794389, 26.721471317393412], [-104.69757363446902, 26.720893548844753], [-104.6976959458398, 26.72064586467072], [-104.69904329716961, 26.71990328364434], [-104.70161631607675, 26.719326421376508], [-104.70198405582357, 26.719409171399395], [-104.70308567000619, 26.71808836944716], [-104.70333017749712, 26.717510409630982], [-104.7034521330744, 26.716932394610534], [-104.70443132956176, 26.715776689463713], [-104.70418537854262, 26.714950767105183], [-104.70418478026374, 26.714372697022885], [-104.70369118848801, 26.711069221314073], [-104.70381253844144, 26.709913134955773], [-104.70344329828346, 26.708343922782074], [-104.70368684591399, 26.706857564614964], [-104.70319533440214, 26.705536041328532], [-104.7023367319287, 26.704709839101746], [-104.70110920231836, 26.70256215723657], [-104.70123006784955, 26.70091058235483], [-104.70159732981853, 26.700580425158847], [-104.70184147098578, 26.699672139832703], [-104.70184046441, 26.698681160540705], [-104.7026977510013, 26.698268641829266], [-104.70380017476492, 26.697938808308308], [-104.70539357177037, 26.698434995096452], [-104.70956154798624, 26.700253529785176], [-104.71115454976679, 26.700336744011317], [-104.71262447231007, 26.69992440380953], [-104.71507369717276, 26.698686591546196], [-104.71617552495415, 26.69786117152101], [-104.71703275461827, 26.697448565737925], [-104.718380186992, 26.697118704108227], [-104.71899109597896, 26.695632440203767], [-104.71923229133647, 26.69232925198757], [-104.72033198527123, 26.689769580372516], [-104.7214331988221, 26.68853120838329], [-104.72216683490034, 26.687292712847793], [-104.72265482810035, 26.685558646313883], [-104.72228481224043, 26.683493984973115], [-104.72350755990567, 26.68151239604636], [-104.72350716146147, 26.681182068340302], [-104.72399560738683, 26.679860905093587], [-104.72472755133062, 26.677301082617884], [-104.72582829269008, 26.675814927079145], [-104.72680650135361, 26.674328728282312], [-104.72729590328838, 26.67383337226926], [-104.72778396532874, 26.672264447899913], [-104.72876253188092, 26.671108562760757], [-104.72900660042896, 26.670365388941484], [-104.7294931678982, 26.667640308130547], [-104.72924651273692, 26.6663189302213], [-104.72838759903473, 26.66516255321543], [-104.72691674825899, 26.66441891262767], [-104.72544571442468, 26.663510092599907], [-104.72556689124674, 26.662436559934505], [-104.7258106572961, 26.661445644212552], [-104.72580903501135, 26.66012432938855], [-104.72556304503736, 26.6592984373089], [-104.72531746275646, 26.658802873531073], [-104.72445904618645, 26.65797680110995], [-104.72249767665313, 26.656654894128984], [-104.7190650992464, 26.654093745384877], [-104.71771559396286, 26.652193899489188], [-104.71587603134891, 26.65012870308238], [-104.71403681379346, 26.648311229592345], [-104.71035773985648, 26.643932970633273], [-104.70864010825454, 26.64112448762346], [-104.70753638988889, 26.639720137259733], [-104.70729048576202, 26.638811630259674], [-104.70753453386219, 26.637985908148046], [-104.7078998900433, 26.63608666501081], [-104.70789882606047, 26.635095676469742], [-104.70740694661279, 26.633196079745044], [-104.70752816874433, 26.63203997655873], [-104.70764690967498, 26.628571564597767], [-104.70654200634596, 26.625928467997895], [-104.70580589731723, 26.62460683850318], [-104.70556003803547, 26.623698326961257], [-104.7053136612164, 26.622294319814262], [-104.70420981788068, 26.620559611626753], [-104.70286171449735, 26.61940286392581], [-104.70249293561115, 26.617998796946885], [-104.70359330121529, 26.61643021631681], [-104.70408160666464, 26.615026526488982], [-104.7032229845112, 26.61353966384184], [-104.70199724135227, 26.61221779633228], [-104.6989339953151, 26.609904072934224], [-104.69819668292813, 26.607178497693646], [-104.7002771963873, 26.606353647117103], [-104.70382796306184, 26.60660298993577], [-104.70505193209658, 26.606273188520696], [-104.70848018701142, 26.606439780149312], [-104.71325566495801, 26.60701970825714], [-104.71594794231397, 26.6059471048116], [-104.71864036301021, 26.60503961545095], [-104.72059865670894, 26.604544756521705], [-104.72341423736323, 26.60429787769171], [-104.72549543486053, 26.60421590179049], [-104.72659750296556, 26.604381376450426], [-104.72855751515905, 26.60529031594647], [-104.73676419260453, 26.608182635588406], [-104.73958183937604, 26.609421928691958], [-104.74178827123737, 26.611321725969916], [-104.74497648154704, 26.61479071071789], [-104.74620181904754, 26.61545154913708], [-104.74852855990281, 26.615699603044845], [-104.75110067438715, 26.616277976148382], [-104.75257094941053, 26.61693878547784], [-104.75355098009422, 26.617269206214555], [-104.75759522273577, 26.61966440564922], [-104.759923588725, 26.620903267384048], [-104.7628645049006, 26.622307271965028], [-104.76555981150025, 26.623215718513045], [-104.76788899530726, 26.624867364202952], [-104.76984888726157, 26.625280240324592], [-104.7704586072511, 26.623711150024867], [-104.77070163370739, 26.622554983072526], [-104.77081564223155, 26.617352260014723], [-104.77056901544249, 26.616278690572752], [-104.77056700818851, 26.61503994720829], [-104.77068757460952, 26.613883782591042], [-104.77117532030599, 26.612645021924678], [-104.77129453430776, 26.61066302687893], [-104.77067712869942, 26.607442312542396], [-104.77055201868752, 26.605790656611205], [-104.77103731505473, 26.603065400245686], [-104.77176986435038, 26.601826626356065], [-104.77421553964906, 26.600092260405372], [-104.77605040249443, 26.599183727526125], [-104.77702799600723, 26.598110073980948], [-104.77714917156065, 26.597366816261296], [-104.7769023884985, 26.596210671537563], [-104.77702051475815, 26.593650584220473], [-104.77738457727172, 26.591751141803392], [-104.7784845099864, 26.590677466688273], [-104.77970613382439, 26.589190854773285], [-104.7817823389789, 26.586382806188745], [-104.78398027594321, 26.583244376768004], [-104.78727608013466, 26.578041164778696], [-104.78922949945408, 26.575233019355668], [-104.791548520415, 26.57159894461152], [-104.79288871486996, 26.568212770450657], [-104.79337557377274, 26.5667261725548], [-104.79435151998845, 26.56499172411784], [-104.7953265258555, 26.562761766891303], [-104.79654366468283, 26.559127827490215], [-104.79935303244247, 26.55623676015374], [-104.79935179471887, 26.5555760907161], [-104.79873728151922, 26.554172311768323], [-104.79812355241366, 26.55318144852934], [-104.79665199006011, 26.55153010244943], [-104.7946894677424, 26.5490530046791], [-104.79505233450543, 26.546740583776252], [-104.7939467916153, 26.544428462029654], [-104.81882390028646, 26.537349610330264], [-104.85077812777965, 26.512401025743937], [-104.85233355478427, 26.505329397323354], [-104.85405801907837, 26.505218124813503], [-104.85929242257487, 26.505861930588733], [-104.86318732836219, 26.505985084245502], [-104.86644460680657, 26.505819232053604], [-104.87302216380215, 26.50631935073663], [-104.87375882614242, 26.507392391210022], [-104.87621040890723, 26.50937253347616], [-104.87731790340499, 26.511931787619087], [-104.89682844911952, 26.533882582218258], [-104.92110225017521, 26.550044658026096], [-104.97619070908387, 26.520160882704573], [-105.0010686958946, 26.531931524870966], [-105.0389278490846, 26.50244487660118], [-105.02529868991975, 26.48126531280382], [-105.04663942723342, 26.470354875297875], [-105.0571215457672, 26.4615621046533], [-105.05890564401133, 26.463806612703653], [-105.0721304890155, 26.45614367557192], [-105.09775861143167, 26.42892037548649], [-105.09923513132915, 26.431064156323327], [-105.10034791756432, 26.433869461771994], [-105.10256659761497, 26.43791093211798], [-105.1052729711504, 26.441620861702507], [-105.1072395807282, 26.4439285582158], [-105.10846969041025, 26.445577315975733], [-105.11007189905601, 26.448381361580793], [-105.11131002613982, 26.451764370168988], [-105.11378004844022, 26.457126413105748], [-105.11469353735349, 26.459447791383823], [-105.11494109140268, 26.460276651796626], [-105.11555464946657, 26.460773254251567], [-105.1160483714572, 26.462016353809844], [-105.11629425040513, 26.462347670703846], [-105.11801374470753, 26.464169335899616], [-105.11874943192839, 26.4645828106682], [-105.11924206919116, 26.46549420466414], [-105.119365868599, 26.46590863056948], [-105.11985766348867, 26.46657125201282], [-105.11985851639675, 26.46682002223447], [-105.12022708249715, 26.46723406373172], [-105.12059707542842, 26.46806272119728], [-105.1215769912122, 26.468309949451946], [-105.12377758189518, 26.46764306863021], [-105.12646535964956, 26.466311978375415], [-105.1275653351326, 26.46589558118678], [-105.12903564114876, 26.466390734517606], [-105.13025944694667, 26.466388733866104], [-105.13172654975709, 26.465971702449988], [-105.13282650289685, 26.465555264808938], [-105.13441508083517, 26.464889232881365], [-105.13490341639685, 26.464556722024998], [-105.13857149963613, 26.463638381171794], [-105.13930457245387, 26.463305439673004], [-105.1432167311166, 26.46222071610948], [-105.1446843379561, 26.46196939845871], [-105.14651724471814, 26.461219882675977], [-105.14737295783226, 26.460969608614572], [-105.14835012764605, 26.460470343397382], [-105.14969563260406, 26.46030211369332], [-105.15189867209146, 26.4603811101805], [-105.15300034095908, 26.460544994539717], [-105.15385727470884, 26.460543437764002], [-105.15471544066975, 26.460956506266978], [-105.19672676455544, 26.43997746059868], [-105.19770286316259, 26.439312011802496], [-105.19831394001436, 26.43914487283075], [-105.20003233364268, 26.440550950878585], [-105.20149232885498, 26.44193725705771], [-105.20198533697022, 26.442679018848256], [-105.20309053060816, 26.443584073136677], [-105.20407436917189, 26.4446546628254], [-105.2051933781896, 26.448119806717713], [-105.20532898103535, 26.4505969510242], [-105.2057149121328, 26.454146931679016], [-105.20658327819056, 26.456456638562944], [-105.20670956183613, 26.45719951589407], [-105.206598875038, 26.459347076217504], [-105.20599684748743, 26.46108322777514], [-105.20576965089136, 26.46430475431162], [-105.20590439709785, 26.466616724602936], [-105.20653274805407, 26.46975302024438], [-105.20702189371102, 26.46975150678203], [-105.20775382590885, 26.469418898291295], [-105.20860669808158, 26.46883815481231], [-105.21164990422317, 26.46626852664241], [-105.21262501562639, 26.46568737660561], [-105.2150652356756, 26.464688683312172], [-105.21628759282038, 26.464602240005792], [-105.21873639056625, 26.465172575906234], [-105.22020240173832, 26.4649201542281], [-105.22166292914062, 26.463676712567874], [-105.22300434827517, 26.463011734492486], [-105.22459168428301, 26.462593708165606], [-105.22629990773495, 26.461927518063728], [-105.22715539303238, 26.461842166576606], [-105.22752130539929, 26.461675811368803], [-105.22824989920375, 26.460765012024506], [-105.22824067734665, 26.459113337119902], [-105.22859919822415, 26.457625638949736], [-105.23214002337248, 26.456705661717876], [-105.23311820233084, 26.45670245844928], [-105.23421539629717, 26.456120760596264], [-105.23445575041133, 26.455376703162514], [-105.23359613481848, 26.45471884426068], [-105.23310194420887, 26.453812026815466], [-105.23273002974214, 26.452904807078408], [-105.23284997655804, 26.45249148759411], [-105.23345713350582, 26.45174622929355], [-105.23443061622574, 26.45091717932553], [-105.23552495178704, 26.44983996852432], [-105.23674947084962, 26.450166270078856], [-105.23736407046125, 26.45074233580583], [-105.23737482343563, 26.45264176247131], [-105.2379894393795, 26.45321782519932], [-105.23995934957732, 26.455606260023973], [-105.24118676367007, 26.45642802492476], [-105.2415554618452, 26.45675713597298], [-105.24253646799117, 26.457249370228475], [-105.24340039984065, 26.45865042741709], [-105.24438237503699, 26.459307815955867], [-105.24573355625115, 26.46037688115034], [-105.24891558958096, 26.460861644300476], [-105.24965163095425, 26.461272073946738], [-105.25198110845285, 26.462337755760114], [-105.25358222460791, 26.46431432973878], [-105.25444154466396, 26.46488948273221], [-105.25725303845826, 26.464714647994285], [-105.26054735021613, 26.463464476744257], [-105.26091273451118, 26.463215452908155], [-105.262379110674, 26.463045182560236], [-105.26507460401287, 26.46394420442654], [-105.26752264265063, 26.464348535703984], [-105.26850872103329, 26.465666423309134], [-105.26887997670119, 26.466408379294272], [-105.26937891592536, 26.468058318747655], [-105.26914709768975, 26.47020634814074], [-105.2678195692821, 26.47318408927451], [-105.26869029810031, 26.475658569297227], [-105.26857241646668, 26.476402249657955], [-105.26882631646401, 26.477970467707767], [-105.26919859543456, 26.478877587639822], [-105.26908561849693, 26.480447099789465], [-105.26970692189524, 26.48209660250587], [-105.27044906934997, 26.48349791971148], [-105.27375364504728, 26.48389910624091], [-105.2764531826909, 26.485375987691363], [-105.27964250190004, 26.48693363751596], [-105.28319531839627, 26.487911803046284], [-105.28420787136899, 26.488094383206416], [-105.28530114514135, 26.48852269863203], [-105.28640276880593, 26.488519691907324], [-105.28848199160063, 26.488182301154954], [-105.29006915545361, 26.487348699557845], [-105.29104103654919, 26.485853397890047], [-105.29115569828319, 26.48427754014531], [-105.29090357493905, 26.48278561963323], [-105.29077955057825, 26.482454269566006], [-105.29077629491337, 26.48179089276599], [-105.29138623518233, 26.481374589728595], [-105.29224218413779, 26.481206371620388], [-105.29297696150117, 26.48128725484869], [-105.29530615585331, 26.482027072102895], [-105.29591977663556, 26.482357048360026], [-105.29665374134811, 26.482272068476167], [-105.29714250183858, 26.4821048504043], [-105.2979972110626, 26.48168783171125], [-105.29799679893277, 26.481604909669628], [-105.29811919409765, 26.48160456518516], [-105.29848184237179, 26.4806913886288], [-105.29908844564265, 26.47961167647956], [-105.29957016644174, 26.47803477509438], [-105.29981288222353, 26.477619473038267], [-105.30103306305966, 26.47686970967287], [-105.30176408553234, 26.476204249294707], [-105.3018852303675, 26.475955135415496], [-105.30200430000787, 26.475291411043848], [-105.30187983736242, 26.47487714838665], [-105.30138696948788, 26.474215161597336], [-105.30077254872708, 26.473719364008016], [-105.30064892011148, 26.473470944361793], [-105.30064809223292, 26.473305100134038], [-105.30076965053377, 26.473138909221976], [-105.30235984031025, 26.472968548628263], [-105.30382847186848, 26.472964363949195], [-105.30456153733205, 26.472713499692013], [-105.30504857752487, 26.472214566431138], [-105.30565549308461, 26.47121774810978], [-105.30614252229105, 26.47071881110933], [-105.3077301563995, 26.470050858478924], [-105.308688558016, 26.469529873453144], [-105.30904711638834, 26.469556752918425], [-105.30932113293194, 26.47004626491824], [-105.3101794954102, 26.47037547237741], [-105.3106707122996, 26.47070574067625], [-105.31128558042244, 26.47128441770165], [-105.31189876675893, 26.471531403856606], [-105.31248240870316, 26.47106107695648], [-105.31348976298285, 26.471526763681684], [-105.31446714213338, 26.471192211338515], [-105.31532085870643, 26.47060924554687], [-105.31556307776151, 26.470110994909078], [-105.31605005926326, 26.46961202446618], [-105.31640104936943, 26.466459907437685], [-105.31627314473742, 26.465382280712273], [-105.31625529389356, 26.46189955320923], [-105.31715716706297, 26.462430954109603], [-105.31886799893532, 26.46225915886426], [-105.31984674293372, 26.46233794431432], [-105.32180951356082, 26.463321323711476], [-105.32413915520345, 26.4643032397907], [-105.32659536701993, 26.465945298805632], [-105.32806699785652, 26.466600182425317], [-105.33088375071172, 26.467249726450138], [-105.33309233583661, 26.46839714445474], [-105.33407543408816, 26.469136493155823], [-105.33518405504637, 26.470370842502827], [-105.33580140043514, 26.471276808563246], [-105.33739921153587, 26.47250918370512], [-105.33936500488532, 26.473905230251496], [-105.34009928124195, 26.473984859372642], [-105.34132650976174, 26.4746405888388], [-105.34255483782657, 26.475461472569954], [-105.34269396064163, 26.478021034914526], [-105.34356251847836, 26.479916965007067], [-105.34465882268772, 26.479251841098293], [-105.34537842363697, 26.47710171669765], [-105.34647469074196, 26.476436578949162], [-105.3478171671809, 26.476018182020102], [-105.3483041446075, 26.4756858547095], [-105.34903953286505, 26.47593060253169], [-105.35125340332064, 26.477820976462016], [-105.3524812848687, 26.478559191050355], [-105.35396424162187, 26.4808654502781], [-105.35496082187758, 26.483586626472235], [-105.3552181167392, 26.485485007460007], [-105.35510740675254, 26.487219740050303], [-105.35475373920802, 26.48920322952682], [-105.35403148430629, 26.49094048557829], [-105.352940079332, 26.49234892071661], [-105.35197370705919, 26.49416975555154], [-105.34979459828153, 26.497564661031294], [-105.34833996402986, 26.49955263881396], [-105.34725496780864, 26.501952016025808], [-105.3469000305681, 26.503770319487426], [-105.34776502687134, 26.50508813988751], [-105.3485082670821, 26.5064890368267], [-105.34961959725489, 26.50805359083853], [-105.34962837090467, 26.50937490347542], [-105.34879235252245, 26.51243394334588], [-105.34879947416138, 26.513507509338336], [-105.34904632816473, 26.513836836255777], [-105.35088459391123, 26.51432480680868], [-105.3548378639761, 26.520089414278015], [-105.39702797794125, 26.51759643890868], [-105.44187353208527, 26.526970477434144], [-105.44871710581573, 26.52861560969793], [-105.4703809953619, 26.50829712141652], [-105.47086960560961, 26.50812931067247], [-105.47111327052943, 26.50796195632151], [-105.47160305532991, 26.507960511246594], [-105.47209381194686, 26.50812437552207], [-105.472340265949, 26.508372146588986], [-105.47320636180179, 26.509778320228282], [-105.47382816999094, 26.511268399133886], [-105.4738297861233, 26.511517158321364], [-105.4739543655256, 26.511848341587736], [-105.4748221260145, 26.51350326320916], [-105.47494725004083, 26.513917365135125], [-105.47482698121622, 26.514249540390754], [-105.47482859964857, 26.514498299433832], [-105.47495426441334, 26.514995320954267], [-105.47691868348265, 26.51789190048388], [-105.4901826846692, 26.52407196236386], [-105.51281724085278, 26.537557197858693], [-105.54664023454158, 26.541138396024877], [-105.56407755240565, 26.57227572193086], [-105.58831753825253, 26.568046667512643], [-105.58870436617059, 26.569796845898477], [-105.58755660701208, 26.578570857329872], [-105.58620886421996, 26.59247369595256], [-105.5859047267471, 26.599670772694225], [-105.5854517314825, 26.603891554130847], [-105.58512126655172, 26.608111525562784], [-105.58537733325043, 26.60935036771573], [-105.58822113414185, 26.612143477955012], [-105.58896824032361, 26.613461770601344], [-105.58972122771544, 26.615441633985846], [-105.58985919100408, 26.6171774576998], [-105.5893938265728, 26.619992393865886], [-105.59135301460269, 26.619222015048614], [-105.60036758912428, 26.61744636472399], [-105.60035639487138, 26.614800733473594], [-105.6425456577128, 26.618425834721158], [-105.6421860400551, 26.619750425283566], [-105.64207058205437, 26.620908570857722], [-105.64159446844856, 26.62322593213195], [-105.64062336618, 26.624801252884335], [-105.64002003493344, 26.626374965556135], [-105.641744064071, 26.62760777413381], [-105.64444740875174, 26.62858820239472], [-105.64555286981987, 26.6289141022654], [-105.64653676093059, 26.629405905638468], [-105.64801723973713, 26.630887773398133], [-105.64998405379579, 26.631705965472282], [-105.65096850359335, 26.63228042334647], [-105.65171033554473, 26.633269393378534], [-105.65196175148893, 26.634260537877978], [-105.72838123046557, 26.656805070800104], [-105.75476464776148, 26.66867081812499], [-105.78814791377734, 26.671301616843703], [-105.80948288176421, 26.682376062820214], [-105.850661748794, 26.701715983800426], [-105.85668470581516, 26.70282267466846], [-105.85742805229758, 26.703477938204138], [-105.85829777742313, 26.704462914677343], [-105.86052790211266, 26.706428665584042], [-105.86102132379973, 26.70667255010258], [-105.86350245348127, 26.709132298742613], [-105.86425334617445, 26.710449045190703], [-105.86488532876088, 26.712097597728498], [-105.86502106664473, 26.713254208703088], [-105.86551919878661, 26.71391152676556], [-105.86589747467936, 26.71481796427635], [-105.86577948119879, 26.71523246566475], [-105.8652981568892, 26.716063569796592], [-105.86445348873839, 26.7173112731481], [-105.86397401300674, 26.71830775308967], [-105.86325011995805, 26.719389019814898], [-105.86325758269732, 26.720050540231064], [-105.8637781341828, 26.72269242378676], [-105.86428563908217, 26.724176644326338], [-105.86466300765971, 26.72500039328849], [-105.86581291074975, 26.729042740715517], [-105.86631766635425, 26.730278881781775], [-105.8665780008589, 26.731599815075967], [-105.865747262995, 26.734087873246885], [-105.86453814512755, 26.735669490737806], [-105.86430117484352, 26.736415800188674], [-105.8641962322477, 26.73798795718734], [-105.86373161337131, 26.740307472444087], [-105.86374188537455, 26.741217060173305], [-105.86387391926306, 26.74204290789619], [-105.8642448080326, 26.742287826228928], [-105.86510367724735, 26.742280470208403], [-105.86645707166973, 26.742599659076124], [-105.86829844640042, 26.742666550641847], [-105.87013700705754, 26.742485349389245], [-105.87233612663739, 26.741639435852175], [-105.87282314350506, 26.74130444685394], [-105.87379340427893, 26.740303705785255], [-105.8741511291325, 26.73939094413764], [-105.87438427439719, 26.73831386169846], [-105.87596511831397, 26.73705974068993], [-105.87583111940606, 26.736068526525965], [-105.87606895576978, 26.735404889181392], [-105.87606047272202, 26.734660683117916], [-105.8769060777005, 26.733495603196225], [-105.90487380547617, 26.75392524876506], [-105.90623033311489, 26.754492117035873], [-105.9072197162585, 26.755144925003627], [-105.90894246084835, 26.755543124967282], [-105.90943281012636, 26.75549742261784], [-105.94006217422613, 26.761507000831212], [-105.93958170869419, 26.76237968638047], [-105.9387464382323, 26.764372001051264], [-105.93936991407725, 26.765193298160355], [-105.94121067553051, 26.765176544428588], [-105.94292574274981, 26.76491282347315], [-105.94771269807924, 26.764951781716025], [-105.95016204933694, 26.764515857075136], [-105.95237593589928, 26.764909018311776], [-105.95300450683943, 26.76614368898462], [-105.95363809025422, 26.767791792375327], [-105.95438241056767, 26.768446516712483], [-105.95524645772338, 26.768852045456992], [-105.95648769098204, 26.769998360136967], [-105.95648869283414, 26.77008104724895], [-105.95563764815353, 26.770750459236968], [-105.95221538990747, 26.771939688622936], [-105.94953639027169, 26.773700898904526], [-105.94880302201801, 26.773955709767154], [-105.94686128743541, 26.77579280947746], [-105.94577164438209, 26.777043221081417], [-105.943097386318, 26.77921775001461], [-105.94154548490968, 26.78287054213056], [-105.94144356777046, 26.78460809482522], [-105.9409803660376, 26.78692781314728], [-105.94125162371725, 26.789075446494735], [-105.9423781411514, 26.7908844958775], [-105.94324529943427, 26.79153815484358], [-105.94497666290887, 26.792597394441206], [-105.94671602257618, 26.7943181085647], [-105.94858217308192, 26.79636842266562], [-105.94971387005583, 26.798590841714272], [-105.94984760086702, 26.799499272045594], [-105.94986257128801, 26.800739576037476], [-105.95061707811497, 26.802221181017735], [-105.95172388858262, 26.802376408283145], [-105.95357124759558, 26.802855599122825], [-105.95431480160964, 26.80342762776811], [-105.95481484932479, 26.804167287173748], [-105.95507539631575, 26.805405326877235], [-105.95558347706867, 26.80680647669123], [-105.95571826879558, 26.80779758563009], [-105.9563451210637, 26.808866853527643], [-105.95759384165305, 26.810591946559864], [-105.95760990581088, 26.81191493212826], [-105.95824182215593, 26.81339762275112], [-105.95961037646816, 26.814873501350604], [-105.96084411653618, 26.815358264208577], [-105.9625679433785, 26.81575577981399], [-105.96380170485239, 26.81624051623713], [-105.96441758029233, 26.81640019394108], [-105.96564125599312, 26.816058050563743], [-105.96722615838871, 26.81513366811968], [-105.96958005955749, 26.816848367812007], [-105.97057338421227, 26.817748762290883], [-105.97157078214315, 26.818979893811555], [-105.97232265104996, 26.820213310204174], [-105.97417749388657, 26.821271023200097], [-105.97528655057008, 26.82159143199118], [-105.97603949500926, 26.82290751260515], [-105.9771618144774, 26.82430282323888], [-105.9788786887985, 26.82412133324186], [-105.98045644190627, 26.822618002490902], [-105.98069076483759, 26.82170615116199], [-105.9809169143813, 26.82013281249603], [-105.98163210807985, 26.81838948532629], [-105.98296522678886, 26.81697112264446], [-105.98418987093262, 26.816711506084925], [-105.98629030501566, 26.81776674623951], [-105.98789865791578, 26.818743907995533], [-105.98926251693472, 26.819806058280616], [-105.99210794043594, 26.821515725697008], [-105.99423224669111, 26.824472608956594], [-105.99536305544972, 26.826529251690374], [-105.99684676062692, 26.827342100643925], [-105.99796420556468, 26.828323810610033], [-105.9982201124556, 26.829148325939137], [-105.99996497228842, 26.83119908078509], [-106.00253829356699, 26.830761050096164], [-106.00351538804212, 26.830338238914926], [-106.00437592200362, 26.830412706218908], [-106.00536651734016, 26.83106478865165], [-106.0063529636295, 26.83138612360579], [-106.00830400120641, 26.830292387538694], [-106.00913640237309, 26.828134330874143], [-106.00994375422813, 26.823991829090456], [-106.01682559540826, 26.824421747934725], [-106.01792430926847, 26.823914970058976], [-106.01826433451366, 26.821678921904976], [-106.01812898020978, 26.82068788995288], [-106.01711955284125, 26.81854756749575], [-106.01549213202912, 26.81608241545652], [-106.01498536829713, 26.814846873980287], [-106.01533693607584, 26.813520364309948], [-106.0163075543991, 26.812601359311095], [-106.01691719322538, 26.812264697278813], [-106.0182697045589, 26.81241702922923], [-106.01974813174286, 26.812816215733093], [-106.02418978695388, 26.81450978916993], [-106.02555286659961, 26.81548889753854], [-106.02915327270871, 26.81859629093371], [-106.03275175723012, 26.821538216916334], [-106.03647745127763, 26.82480957999254], [-106.0460850897504, 26.82711333356788], [-106.04732144518455, 26.827762695383157], [-106.04843717434214, 26.828578626275622], [-106.04968320173862, 26.829972121136137], [-106.0519147528863, 26.83160393355712], [-106.0529185061838, 26.833247879418963], [-106.05502522888403, 26.8347154880585], [-106.0667547070893, 26.811952327330356], [-106.0920690716107, 26.767203381463112], [-106.09330078030666, 26.767947517899973], [-106.0937948614698, 26.768609677039898], [-106.0942902165964, 26.769603204782495], [-106.09429116773873, 26.769851732693237], [-106.09478558060765, 26.770596730393294], [-106.09577347148944, 26.771838192070764], [-106.09626694723933, 26.772334656163267], [-106.09638983887258, 26.772334508059778], [-106.09663657862252, 26.77258273917725], [-106.09700525427273, 26.77258229356064], [-106.09872702155337, 26.772911571306086], [-106.10229250750339, 26.7733213826008], [-106.10425943559501, 26.773484600704155], [-106.10536514361826, 26.773400358873985], [-106.10610282409777, 26.773482263394364], [-106.10758014870662, 26.774143114386195], [-106.10868946370483, 26.774970111031827], [-106.11103466102026, 26.77753517908306], [-106.11387620443604, 26.781259339054408], [-106.11461892296388, 26.782583827321176], [-106.11474381876069, 26.78308071484553], [-106.11499062134762, 26.783328911672182], [-106.11548323118255, 26.783576778050495], [-106.11572870430385, 26.783493605698716], [-106.11646678925234, 26.78365829580863], [-106.11953869460973, 26.783488429998666], [-106.12051888874737, 26.78274150119094], [-106.12100847573694, 26.782243771617598], [-106.12149738415145, 26.781580356797978], [-106.12259909719128, 26.78050187678314], [-106.1245597203546, 26.779090814366363], [-106.12591091675708, 26.778923223404913], [-106.12689239330551, 26.77850761947634], [-106.12836647553499, 26.778339830529102], [-106.13131600194082, 26.77833557348813], [-106.1320551067685, 26.77874870761494], [-106.13266959320093, 26.778747809725125], [-106.13328477077764, 26.778912592293803], [-106.134265525729, 26.778331255034207], [-106.13487758219044, 26.777750456911424], [-106.13610410975365, 26.777168743773878], [-106.1369636813193, 26.777001778790282], [-106.13757815747263, 26.777000859904458], [-106.1384373759704, 26.77675104462573], [-106.13917299624582, 26.776335726829515], [-106.1400318554826, 26.776003060700916], [-106.14064457132942, 26.7755879216276], [-106.1423626163599, 26.775005408399092], [-106.14310032630797, 26.7750871190788], [-106.14359295710524, 26.775334887173774], [-106.14469864200733, 26.77525033870122], [-106.14629092757048, 26.774005238419445], [-106.14690289845191, 26.773424390674357], [-106.14788104207825, 26.772263073561607], [-106.1491070841685, 26.77159841014216], [-106.15008912315145, 26.77134833220197], [-106.15131729280507, 26.771180697467727], [-106.15217607553478, 26.770847959844307], [-106.15426372966219, 26.77051323953978], [-106.15684328156652, 26.77026052867794], [-106.15782819543901, 26.770673126222178], [-106.15819794881135, 26.770921044611825], [-106.16029397799612, 26.772491578001326], [-106.16140400805028, 26.773400991313952], [-106.16165125320697, 26.77373194549686], [-106.16226753984544, 26.774145124455753], [-106.16386696414735, 26.774556649851732], [-106.16595464449173, 26.774221756347135], [-106.16681488277565, 26.77422029378085], [-106.16743007908701, 26.774384927360355], [-106.16767734354251, 26.77471587034377], [-106.1682929145623, 26.77496334074295], [-106.16890737406572, 26.774962286313855], [-106.16988939281028, 26.77471207169518], [-106.17197406625584, 26.77371436498485], [-106.17320109817976, 26.773298019010838], [-106.17393806276644, 26.773213887605973], [-106.17701143835467, 26.773456989400582], [-106.17750035540384, 26.772876232659392], [-106.17822975255444, 26.771135269555952], [-106.17932892116828, 26.769642164928594], [-106.18411916942331, 26.769136461588694], [-106.18436264524178, 26.768638971000055], [-106.18337727913841, 26.768143719988057], [-106.18300672026285, 26.7677301879189], [-106.18239115958382, 26.76748278097403], [-106.18165157733034, 26.766987071922728], [-106.1815275537321, 26.76673877245221], [-106.18103450386933, 26.766408296980128], [-106.17992363581605, 26.765333358471985], [-106.17955044738744, 26.76433993281636], [-106.17954817501906, 26.763842889623575], [-106.1796680241725, 26.763179945295132], [-106.17941810206476, 26.762269139158093], [-106.17892205229946, 26.761275930686107], [-106.17855266609887, 26.761110907091616], [-106.17818214804906, 26.76069736067702], [-106.1780577617372, 26.76036621686685], [-106.17756399539184, 26.75987004652994], [-106.17707136369255, 26.759622396250393], [-106.17669972640849, 26.75896032354634], [-106.17595796878072, 26.757967537408216], [-106.1750952282922, 26.757389166416644], [-106.17472398503526, 26.756809928456466], [-106.17423099794185, 26.75647942680449], [-106.17311393833084, 26.75399613443418], [-106.17274234319892, 26.753334049486494], [-106.1721261358545, 26.75292091247355], [-106.17175305937079, 26.75192746102847], [-106.17175119603411, 26.751513256622303], [-106.17162609411032, 26.751016424026027], [-106.17162348631255, 26.75043653775355], [-106.17174299823688, 26.74969075694812], [-106.17186549014299, 26.749607703268246], [-106.17173629201993, 26.74819962050294], [-106.1719786636351, 26.747453626675455], [-106.17184834999021, 26.745797020723117], [-106.17122846679167, 26.74455546822884], [-106.16974859295084, 26.74331539038454], [-106.16937779551395, 26.742818975960347], [-106.16838716889055, 26.741080993289575], [-106.16838568939013, 26.74074962891127], [-106.16776291785386, 26.738845329241396], [-106.16788355431333, 26.738348073486076], [-106.1676267730874, 26.73586325648619], [-106.16774703829148, 26.735283159549063], [-106.16811152175055, 26.734371279907826], [-106.16823141368552, 26.733708341390113], [-106.16908616452744, 26.732547098610787], [-106.16944581510855, 26.730558280474952], [-106.17139533868603, 26.726992736169613], [-106.17347392161527, 26.724835253677853], [-106.17330560644108, 26.714728839525165], [-106.12279656515865, 26.71395172566108], [-106.12269411492221, 26.71323350018185], [-106.1226894126088, 26.712073703862192], [-106.12280719963853, 26.71083089579068], [-106.12279981038128, 26.70900835808408], [-106.12303974370762, 26.707599695198557], [-106.12278906480816, 26.70635739331327], [-106.12056728199057, 26.703626604832714], [-106.12104383815738, 26.69998085523192], [-106.12754648181225, 26.698397839254504], [-106.12779379966942, 26.698811706817402], [-106.1279183073819, 26.699225746954788], [-106.12939545400366, 26.700052088674354], [-106.12964244169794, 26.7003831100363], [-106.13001190353934, 26.700631113518497], [-106.13038204912316, 26.70104480105088], [-106.13234946758561, 26.70162188120748], [-106.13271791073468, 26.701621349886107], [-106.13308601078768, 26.7015379751484], [-106.13357314714172, 26.700543154524834], [-106.13369424304572, 26.700128764207815], [-106.13369252583398, 26.699714551889663], [-106.13356765350845, 26.699217675049276], [-106.13307606342794, 26.699135543391698], [-106.13209665016282, 26.699882542507318], [-106.13136011663639, 26.699966443136823], [-106.13123696231933, 26.699883776593296], [-106.13111210035181, 26.699386897272287], [-106.13172239862361, 26.698474749163264], [-106.13233405691294, 26.697893968716738], [-106.13306920457761, 26.697478693431414], [-106.13380606401925, 26.69747762694087], [-106.13417518111132, 26.697642777218462], [-106.13442183292015, 26.697890947631763], [-106.13466779762494, 26.697973432653054], [-106.13516145032494, 26.698552613603272], [-106.13590038624817, 26.699048590555233], [-106.13639508603745, 26.69987629397756], [-106.13676525148385, 26.70028996425112], [-106.13861160734793, 26.701281349389994], [-106.13922880380461, 26.702026017012987], [-106.13947651915117, 26.702522704707558], [-106.13972284512506, 26.702688022762164], [-106.1402165439739, 26.70326718429024], [-106.1403411016634, 26.703681211692533], [-106.14120709808532, 26.70517108152033], [-106.1412077961799, 26.70533676594161], [-106.14145447998648, 26.70558492285472], [-106.14145587695569, 26.705916291649107], [-106.14157974364959, 26.706164633197513], [-106.14256474544442, 26.706743044208277], [-106.1430560234867, 26.706742299507376], [-106.14342518337348, 26.70690742413715], [-106.14477690278312, 26.70707104806245], [-106.1451460660544, 26.70723616809441], [-106.14563910745794, 26.707649624748914], [-106.14588474821305, 26.70764924722724], [-106.14699189795837, 26.708061753279804], [-106.14760494049169, 26.707812276706562], [-106.14907843116652, 26.70772714273514], [-106.15104070617936, 26.707061327520503], [-106.15153091465216, 26.70681202765542], [-106.1521446539389, 26.70672821579018], [-106.15226711599934, 26.70664517957402], [-106.15251311139465, 26.70672763255232], [-106.15337248739904, 26.706643426062573], [-106.15373986997815, 26.706394314024664], [-106.15373879553414, 26.706145788395084], [-106.15422899391766, 26.705896479493884], [-106.15496303088469, 26.70523256658738], [-106.15545070724534, 26.704403360685728], [-106.15544891064981, 26.703989151405043], [-106.15642927922062, 26.703490520844486], [-106.15728790594733, 26.70324060784328], [-106.15826717579857, 26.702493439590544], [-106.15838818326822, 26.70207903112312], [-106.15863272649705, 26.701830106522188], [-106.15936888427211, 26.70166322285533], [-106.1596145111882, 26.701662821984055], [-106.1608502720596, 26.703400487688675], [-106.16158970981951, 26.703979167662144], [-106.16195997753972, 26.704392768623368], [-106.16245197147573, 26.704557640448368], [-106.16454424163958, 26.705548271737257], [-106.16675789525567, 26.706207297875075], [-106.16774043964116, 26.706205639416574], [-106.16847624131223, 26.705955866625324], [-106.16908848372982, 26.70554061608318], [-106.1697018306556, 26.70537388743678], [-106.16994672508632, 26.70520778549282], [-106.17006843218343, 26.704959051440426], [-106.17093480707861, 26.704238825103438], [-106.17167067721188, 26.703908299691008], [-106.1728967955589, 26.702916128911315], [-106.17387722290897, 26.701510099570143], [-106.17424447089594, 26.700434675929152], [-106.17510236794925, 26.69927679173963], [-106.17632853287368, 26.698450075812577], [-106.17878184086989, 26.69812047307218], [-106.18160329851197, 26.697956505021484], [-106.18442488294212, 26.697957963291085], [-106.18577419646587, 26.69779315881751], [-106.1870004763611, 26.697214576656382], [-106.18724470040759, 26.695890840126253], [-106.18699843523345, 26.694815086785443], [-106.18638422613319, 26.693821892331076], [-106.18577037495712, 26.693242400200166], [-106.18491077372727, 26.69216633473741], [-106.18478741584546, 26.69133886138587], [-106.18404996338585, 26.68960092236765], [-106.18392641139525, 26.68852522410926], [-106.18368033128966, 26.687614944775753], [-106.18343452549911, 26.68703562965895], [-106.18392335683387, 26.684801869561717], [-106.18500590892332, 26.684800555791476], [-106.18488313475301, 26.683733493014298], [-106.18561743516636, 26.683232105898554], [-106.18855871753449, 26.682304372184166], [-106.18916901684241, 26.68147197664094], [-106.1887980524333, 26.68072774012903], [-106.18867280408077, 26.680065102902045], [-106.18817628562695, 26.67857531509401], [-106.18743789218881, 26.677998862601317], [-106.18755708779405, 26.677086179474642], [-106.18706091579908, 26.675679297961597], [-106.18803608197722, 26.674015827467343], [-106.19036526582136, 26.67350589508419], [-106.19122857722844, 26.67466205694516], [-106.19554993452006, 26.68160353610099], [-106.19714597714233, 26.68184365954292], [-106.19812592958574, 26.681423794872572], [-106.1978730464281, 26.6795181607401], [-106.19725501902956, 26.678360717667264], [-106.19737023499304, 26.676453091759118], [-106.19883992857642, 26.675781836169257], [-106.20031320362109, 26.676022590958514], [-106.20178812570136, 26.676677886849575], [-106.20289696103896, 26.677832638535193], [-106.20376043009797, 26.67898871818217], [-106.20596727102496, 26.678562109001938], [-106.20694151611323, 26.676732695386765], [-106.20620072435258, 26.67557596462841], [-106.20619707852758, 26.67466394122967], [-106.20570003014525, 26.673091309199542], [-106.205200682113, 26.670938295600994], [-106.20507072636505, 26.6691149164236], [-106.20739573925273, 26.66760977504141], [-106.21021475220654, 26.666931015186606], [-106.21401348835755, 26.665832231739188], [-106.21548429501908, 26.66549245518904], [-106.21743563258723, 26.662662613245224], [-106.2186562755065, 26.661163410424475], [-106.21962779404005, 26.658753540033008], [-106.2191282603562, 26.656600577921484], [-106.21777143089624, 26.654784019098614], [-106.21751796118336, 26.65279551086544], [-106.2178795153415, 26.65121815936281], [-106.2198349899745, 26.649466134259576], [-106.22032086761557, 26.648302651542572], [-106.22105239625542, 26.647220713775308], [-106.22080298432864, 26.64622714464983], [-106.22128610906397, 26.644400369624964], [-106.22128167220286, 26.643322524403263], [-106.21980232181828, 26.641506659827623], [-106.21893695637758, 26.639853199944195], [-106.21880582096317, 26.637781097843263], [-106.21978395826127, 26.63702945155807], [-106.22198685460882, 26.63585641942363], [-106.22345691113799, 26.635433661703292], [-106.22406843086708, 26.635015683948957], [-106.22393789797468, 26.633109410639765], [-106.22356551116464, 26.632033617326375], [-106.22331269308387, 26.630210937469233], [-106.2240416853659, 26.62854860766004], [-106.22452332347008, 26.62639017638648], [-106.22536975779994, 26.623483486331562], [-106.2260973052228, 26.62148950175376], [-106.2263325888138, 26.619083701998658], [-106.2265761262289, 26.618667773272662], [-106.2268144958324, 26.617008174338476], [-106.22668463914125, 26.615267722403203], [-106.2270497591875, 26.614602372749804], [-106.2285164166694, 26.613433369597452], [-106.2296203722318, 26.613510087790655], [-106.23035507156384, 26.61325722046081], [-106.22961725575364, 26.612763886118643], [-106.22911984808658, 26.611108413071793], [-106.22984899200779, 26.609528967547064], [-106.23094805105455, 26.60844491839956], [-106.23266156574326, 26.60768905278074], [-106.23413366770777, 26.607846575556735], [-106.23548490756501, 26.608419332421175], [-106.23560156825563, 26.60700914858945], [-106.2354740483209, 26.605849085068854], [-106.23546214158415, 26.60303010303803], [-106.23594593015106, 26.601452015483908], [-106.23642725122569, 26.59929354754609], [-106.23470025764325, 26.596815912461157], [-106.23406909020775, 26.592507980837286], [-106.23455670009163, 26.5918419221385], [-106.23467510990722, 26.590846293129513], [-106.23613579137904, 26.588350638446325], [-106.23478828016346, 26.588606992512556], [-106.23368491102158, 26.58861321744634], [-106.23171607917656, 26.586883120734512], [-106.23195293997425, 26.584891864570377], [-106.23243775351135, 26.58356252067572], [-106.23242907188055, 26.58148973138865], [-106.23229607003468, 26.57900307313707], [-106.23167620635479, 26.577348287143877], [-106.229708638715, 26.57586688741116], [-106.22970484305651, 26.574954858402975], [-106.23043342545218, 26.573292498524594], [-106.23092201781222, 26.572875187794725], [-106.23128698884626, 26.57220982890465], [-106.23164918524955, 26.570881175381427], [-106.23311525567334, 26.569712138757527], [-106.23396911596382, 26.568712366018264], [-106.23445140846152, 26.56680263363345], [-106.23444723047842, 26.565807693205258], [-106.23296803339849, 26.56382609534353], [-106.23234651874226, 26.561756747273954], [-106.23233820369647, 26.559766863499537], [-106.23380169820457, 26.558017440482235], [-106.23452699309456, 26.555608855196862], [-106.23341248853929, 26.552878975447012], [-106.23377530336654, 26.551716139741274], [-106.23352359611624, 26.550142193146954], [-106.23363990559898, 26.548649088934482], [-106.2332684296546, 26.54773912609696], [-106.2333861282601, 26.54657766940991], [-106.23497651926739, 26.5459054033011], [-106.23705534574614, 26.544815791573246], [-106.23680605667853, 26.543822233613216], [-106.23704870944734, 26.543240465732733], [-106.23753540622485, 26.542408576423757], [-106.239614847336, 26.541484753586527], [-106.28172578222457, 26.531539045838155], [-106.27141872986525, 26.52844940367338], [-106.28728539129337, 26.5149231966261], [-106.25490454191619, 26.507288063664742], [-106.25233513796114, 26.506366704857808], [-106.25102054699177, 26.49956688036798], [-106.24922574633493, 26.494980175608905], [-106.24653184574878, 26.49112555824214], [-106.24650932441703, 26.489037507010114], [-106.24629444369899, 26.48644233889999], [-106.24819337372797, 26.48447397753275], [-106.2480662716827, 26.48339681775633], [-106.24805419968334, 26.480577799817393], [-106.24854092637081, 26.47982879021143], [-106.24841418330321, 26.47883454231264], [-106.24804390581811, 26.478173342463492], [-106.24693805653405, 26.477350509262468], [-106.24558444415274, 26.475865762135427], [-106.2444758164154, 26.474379608419394], [-106.24373358250166, 26.472642621126518], [-106.24348371637747, 26.47148323648171], [-106.24299066977441, 26.47073980365248], [-106.2421323213194, 26.47049592696883], [-106.23919478400288, 26.4417411095787], [-106.24004943179479, 26.44115588283581], [-106.23918471283419, 26.439336632195527], [-106.23868871752524, 26.43784695797559], [-106.23868351540416, 26.436603261999686], [-106.23892248767909, 26.435192359847303], [-106.240874110391, 26.433440132670917], [-106.24148487383627, 26.43310502120846], [-106.2420970300856, 26.433101559324022], [-106.24405978486716, 26.434002506222555], [-106.2445519695632, 26.43458011852169], [-106.2448010482525, 26.43557368376038], [-106.24578192524068, 26.43589977156891], [-106.24798785740222, 26.436384705307415], [-106.24896874937389, 26.43671077064332], [-106.25019593688847, 26.437367080783183], [-106.25191715795205, 26.439015527933602], [-106.25241082992751, 26.439924761241144], [-106.25363056103336, 26.43883987459369], [-106.2549762898705, 26.438583400404454], [-106.25669039981052, 26.438573535862936], [-106.25779340860355, 26.43881592106534], [-106.25877326236477, 26.438893179810716], [-106.26109919427952, 26.43879681279486], [-106.26232501336466, 26.439121365797416], [-106.26208704927414, 26.440698121200125], [-106.26135822969052, 26.442028977747917], [-106.26221858283067, 26.44277021999865], [-106.26319737814319, 26.442598710098878], [-106.26527593506123, 26.441923308635435], [-106.26674374094627, 26.441583098263408], [-106.2676004469773, 26.441495184994665], [-106.26906971439975, 26.441486599830316], [-106.27127509502374, 26.441805342169243], [-106.27237741824419, 26.441881788338076], [-106.27421326053134, 26.441705168884234], [-106.26347573964904, 26.41968318425202], [-106.27008449592029, 26.406350163355693], [-106.27125955553451, 26.40620972122346], [-106.27709023391786, 26.405137886476552], [-106.28088147578109, 26.40262516247143], [-106.28156581279215, 26.402844463443426], [-106.28419732049704, 26.402499196319216], [-106.28534957625799, 26.402197062366803], [-106.28674140205008, 26.401323277096587], [-106.28753653085103, 26.40103778937462], [-106.28827941066689, 26.399369584926127], [-106.28887800343657, 26.398666147084167], [-106.2896921456717, 26.398749542036164], [-106.29052161987411, 26.39795797918131], [-106.29161610507988, 26.398046237299678], [-106.29207608060588, 26.39943609958038], [-106.29258406528768, 26.399537138704886], [-106.29362423416828, 26.39835779748449], [-106.29678342225101, 26.39843599928352], [-106.29741900688732, 26.397065293282047], [-106.29802270408813, 26.39606249421817], [-106.30013794943406, 26.396076421922142], [-106.30137107439683, 26.395522177520384], [-106.3027208535621, 26.394117868082326], [-106.30178983873657, 26.391959802152307], [-106.3002051450356, 26.383433984400778], [-106.29699887608628, 26.37877193320037], [-106.29478294777326, 26.375785297706354], [-106.29239453946256, 26.373924081672907], [-106.28777899107189, 26.37409648979492], [-106.28491037572208, 26.373470348471916], [-106.2831951018459, 26.372472964515026], [-106.282049166852, 26.370978883769066], [-106.28053232724321, 26.370284296084257], [-106.27814019789689, 26.370103983046366], [-106.27632183612342, 26.369173699580156], [-106.27456953656625, 26.367392538738446], [-106.27205895221483, 26.366703359933062], [-106.27009032314463, 26.36563213627778], [-106.26682240350432, 26.36311010156015], [-106.26491883870483, 26.362684821296796], [-106.26227190129354, 26.361071829518536], [-106.2596895686723, 26.35869994558731], [-106.26743627445971, 26.34713763007262], [-106.27019921287946, 26.346495546808388], [-106.27659784480778, 26.34338428442741], [-106.27878620207805, 26.342087112047242], [-106.27925806882494, 26.33988446492708], [-106.28037429909091, 26.337255621155784], [-106.28120386699149, 26.336441093749478], [-106.28428209721015, 26.33522860170993], [-106.28704792188577, 26.33440209388797], [-106.289013288558, 26.33418328432134], [-106.29102515058226, 26.334218621371452], [-106.29441459584643, 26.33413983825813], [-106.29731335093503, 26.33444387476213], [-106.30077865533956, 26.335863275075884], [-106.30221362644534, 26.338306598922628], [-106.30354425137008, 26.339435286528552], [-106.30532322265567, 26.341147513324266], [-106.30735018150475, 26.343255590501595], [-106.30964135016549, 26.34628939404807], [-106.31042730029539, 26.347984353109055], [-106.31117175996228, 26.34912572662536], [-106.31202183940266, 26.350061733830948], [-106.3285461893215, 26.331394360602147], [-106.35063476817345, 26.314709238304445], [-106.37382072699342, 26.283151676168412], [-106.3934244704003, 26.2547323958861], [-106.39145790610108, 26.252755563907428], [-106.39145117155424, 26.2515119041005], [-106.3919342645511, 26.2504308129074], [-106.39290402382895, 26.248931911432173], [-106.39326531426715, 26.24793454099977], [-106.39202595044182, 26.244792072823948], [-106.39189654050898, 26.243466314261255], [-106.39103379276456, 26.24214543045026], [-106.39066040197484, 26.240904204669846], [-106.391387457255, 26.239738580602616], [-106.39199227860172, 26.23857376619625], [-106.3922308815418, 26.237494299943204], [-106.39308326529009, 26.23690823064798], [-106.39430274283554, 26.236402623515904], [-106.39540134600652, 26.236146554286666], [-106.3968674986838, 26.236053847865307], [-106.39784432826666, 26.23588148780797], [-106.39967530741681, 26.23545465687015], [-106.40028502448035, 26.235201827397823], [-106.40077525275724, 26.235447279001043], [-106.40089974402646, 26.23586101142776], [-106.40078116721773, 26.236525116046494], [-106.40115055043587, 26.237020117862695], [-106.4017589049568, 26.236518550471313], [-106.40260621262108, 26.23502041138628], [-106.40382928226764, 26.23517800939942], [-106.40444127566849, 26.235339714882777], [-106.4057893173242, 26.23599393489717], [-106.40652766544872, 26.236900999805762], [-106.4067762335127, 26.23764554225489], [-106.40739008237203, 26.238138875675244], [-106.40836829143274, 26.238215174859402], [-106.40897800195768, 26.237962308760807], [-106.40934281252866, 26.237628185358677], [-106.41055667712304, 26.23612752010778], [-106.41141265388742, 26.236204627709597], [-106.41312553752192, 26.236524647755616], [-106.41533008899573, 26.23733877752922], [-106.41606432484647, 26.237499599589853], [-106.41741151797832, 26.237987886702125], [-106.41826891327833, 26.23831368256703], [-106.41961706102514, 26.23896776800015], [-106.42022862414589, 26.239046494554284], [-106.42084441196477, 26.239871407202344], [-106.42145691999278, 26.24011594796018], [-106.42207131146324, 26.24069212522408], [-106.4231736513149, 26.24109912274668], [-106.42402872590915, 26.24101033380301], [-106.42500460257456, 26.24067196966982], [-106.43742006668305, 26.252857059732335], [-106.43950719796837, 26.254417830904544], [-106.44049813592909, 26.256649539645597], [-106.44087356165258, 26.258139336450704], [-106.44259848683726, 26.2604488017448], [-106.44358710789297, 26.262265938471987], [-106.4444471851718, 26.263006110726188], [-106.4466548833026, 26.264234270760713], [-106.44763674954393, 26.264890653008994], [-106.4493653460271, 26.267780385481018], [-106.45022697473884, 26.268769245047196], [-106.45194830578994, 26.270415312480896], [-106.45341431967734, 26.27023910475153], [-106.4834142659446, 26.277899887047994], [-106.48498508387091, 26.27820371484346], [-106.48608465397292, 26.278284678647175], [-106.48706143261715, 26.278035177062602], [-106.48828315839171, 26.278115934016007], [-106.4890178614628, 26.27902406445793], [-106.48975112848397, 26.279188235872414], [-106.49036143318756, 26.278939288247997], [-106.49060429526111, 26.278194947909103], [-106.49011421929698, 26.27745176424954], [-106.48913536889887, 26.276626684366228], [-106.48791333971423, 26.276380610567994], [-106.48437021870899, 26.276055447051654], [-106.48192464158309, 26.27473658700339], [-106.47960096367574, 26.273252175306325], [-106.47727658542493, 26.271354412624607], [-106.47568592409738, 26.269868842042044], [-106.47385100909715, 26.268383608580972], [-106.47103912220501, 26.26698242163162], [-106.46859518759116, 26.266407280304776], [-106.46810341693333, 26.264589400194552], [-106.46895623799104, 26.26334824831705], [-106.46944320224875, 26.262438264975856], [-106.46907459608757, 26.26119885021283], [-106.46748576727954, 26.260622464372297], [-106.46687219303588, 26.2589700744033], [-106.46515798833717, 26.25649259198776], [-106.46112333819558, 26.25401827347676], [-106.46038915144153, 26.25319264418174], [-106.46014183340682, 26.251374393479605], [-106.45854905174731, 26.248318012510715], [-106.45793690935675, 26.247409540405076], [-106.45732436687739, 26.24625307615698], [-106.45512193569242, 26.24369344193612], [-106.45463102459597, 26.242206149838516], [-106.45365071396066, 26.24014085328625], [-106.45267256807436, 26.239398159780013], [-106.45193694620119, 26.23758052012154], [-106.4516895401392, 26.235596917545124], [-106.45058788707537, 26.233945068369945], [-106.4496091602249, 26.232789033441833], [-106.44936311191408, 26.231632057702193], [-106.44887259174945, 26.23031006521649], [-106.44850419044757, 26.228987915417278], [-106.44886856232166, 26.22774749796948], [-106.44813359867521, 26.226260484503783], [-106.448497837946, 26.224937404214312], [-106.44861812598636, 26.22377996007973], [-106.44910458355663, 26.222539387031336], [-106.44983522938044, 26.221298501191836], [-106.44934540325482, 26.220389824609676], [-106.44836732570889, 26.219564428184633], [-106.44714404215703, 26.21807802237644], [-106.44665284376309, 26.216260034479216], [-106.44665041354808, 26.214689424584964], [-106.44701400008266, 26.212953028328027], [-106.44737885985587, 26.212043268191188], [-106.44701003149981, 26.21039045331103], [-106.44688564238656, 26.20890265891156], [-106.44651772571864, 26.207828487762818], [-106.44639423899659, 26.206919338546584], [-106.44626960912666, 26.205266214830846], [-106.44626731904974, 26.203778266201326], [-106.44577760037909, 26.202869571096514], [-106.44504347904235, 26.20179584809541], [-106.44382218874597, 26.201466695921575], [-106.44174536568173, 26.200477259965453], [-106.44101166640641, 26.19965150594791], [-106.44027711819291, 26.198247099236113], [-106.43929953870035, 26.197586956482073], [-106.43832318354909, 26.197753447900368], [-106.43710231348778, 26.19767222842982], [-106.43588120533974, 26.197425670111524], [-106.43453814600934, 26.197261907252237], [-106.4329488255866, 26.19561045518121], [-106.43233729045724, 26.194784512174316], [-106.43147743358688, 26.190982926180894], [-106.43110948912353, 26.189743375941482], [-106.43086315570292, 26.188173028192917], [-106.43086072585804, 26.186437074321447], [-106.43110022141026, 26.18313021814194], [-106.43109660087701, 26.180542828084857], [-106.43028857345868, 26.178336907884983], [-106.42852436846455, 26.17577432958511], [-106.4252988195097, 26.172358255656295], [-106.42326986162837, 26.170435962858832], [-106.42181410515377, 26.167694104875263], [-106.42173722176537, 26.16462986052145], [-106.42202335169989, 26.162700189357817], [-106.42322895940333, 26.16053248114207], [-106.42569868658072, 26.158823513384686], [-106.42723006631113, 26.15539458758317], [-106.4282289559892, 26.151864669287328], [-106.42811768771168, 26.147786562527696], [-106.42953792315437, 26.14647451773412], [-106.43265109119884, 26.14310862915088], [-106.43337266699577, 26.14213980445166], [-106.43193077894841, 26.140112192449017], [-106.43074694176244, 26.137858558202144], [-106.43121380564705, 26.135747687300416], [-106.43197101668733, 26.134539709322876], [-106.43217701417014, 26.13371665493024], [-106.43232736222839, 26.13225930399872], [-106.43125112078141, 26.12951347585356], [-106.42517154465291, 26.128975085118444], [-106.42434863472772, 26.127886857428273], [-106.42008305700142, 26.119248669350785], [-106.452984025326, 26.096073005731967], [-106.45379304070788, 26.086952528680584], [-106.45337804783351, 26.084258689160187], [-106.45226858626657, 26.081995523631182], [-106.45011494188839, 26.079746005234732], [-106.44868282449369, 26.076974069853286], [-106.44789844204921, 26.07351815570078], [-106.44677491912947, 26.070565065746965], [-106.4446406871967, 26.06870635280556], [-106.44262799753335, 26.067216631648666], [-106.44095197510656, 26.062235165306067], [-106.44230991465261, 26.060132238736013], [-106.44373459971597, 26.059111065590876], [-106.44573542045299, 26.059266580970235], [-106.44830999975903, 26.060646353376207], [-106.45055919658887, 26.061678337153385], [-106.45282309435609, 26.061812573393336], [-106.45305659278188, 26.05995342159142], [-106.45220594427838, 26.05902604358433], [-106.45186153030436, 26.056700813154784], [-106.45218158331929, 26.054220568544448], [-106.45299003240474, 26.051445789360198], [-106.45435285959421, 26.049020948468943], [-106.45581184943126, 26.04694171326607], [-106.45758838193697, 26.04569318076647], [-106.45804621202504, 26.04413383938826], [-106.45810903556787, 26.041812184025773], [-106.45527716856849, 26.03746430202466], [-106.45412355979455, 26.03480984082796], [-106.45393525863575, 26.03227900120408], [-106.4547620410601, 26.028354842399423], [-106.45799865208318, 26.023348655631985], [-106.45923891587371, 26.022187224718557], [-106.46045970977731, 26.02065763531112], [-106.4630254008546, 26.01778369137703], [-106.46413242075138, 26.01698884527312], [-106.46584872823243, 26.016291455301918], [-106.4678405467339, 26.01587229129523], [-106.46929080795208, 26.006343607536394], [-106.47534660125469, 26.001592134910396], [-106.47480301595144, 26.000575614054277], [-106.47484422098788, 25.999587343751198], [-106.48009166820519, 25.997633504834365], [-106.4779369692088, 25.9955222133214], [-106.47213880305978, 25.993723375292735], [-106.46844506626003, 25.992402922716646], [-106.46380824028329, 25.989602465227332], [-106.46041446628273, 25.98704290581858], [-106.4596023875005, 25.986226976818998], [-106.46017722568867, 25.983698524518307], [-106.4607942290292, 25.982545474039327], [-106.46323734499217, 25.981731981673978], [-106.46299950128368, 25.98082235912423], [-106.4636191553119, 25.979256392302812], [-106.46740502850085, 25.978119264988745], [-106.4704558055521, 25.97755645584291], [-106.47229893030554, 25.975253313616093], [-106.47279283107858, 25.974264771824462], [-106.47414198434939, 25.972950150290636], [-106.47634476019017, 25.971557169289884], [-106.47831007950356, 25.969171981163633], [-106.47868467682832, 25.967769914522528], [-106.47798042725476, 25.963554671141274], [-106.47702456569272, 25.960576926265954], [-106.47704310742309, 25.957686591178966], [-106.47718244964345, 25.954962021543857], [-106.4787766412692, 25.95340083067547], [-106.47988284662365, 25.951919796574924], [-106.48208148606099, 25.951104810869396], [-106.48574179736856, 25.95037954986729], [-106.4881772769403, 25.950639219366977], [-106.49305708232176, 25.949754562646728], [-106.49963911015924, 25.94945601851694], [-106.50416190180665, 25.947165369026166], [-106.50954047864765, 25.944383149235684], [-106.5117412826077, 25.943154826210684], [-106.51272007653641, 25.942498787754324], [-106.51272866862787, 25.941094923900852], [-106.5126144100293, 25.93985564510608], [-106.51384745176667, 25.937466565657708], [-106.51593077661857, 25.935494389335883], [-106.51715365750171, 25.934756889046927], [-106.51874553581975, 25.933443029495507], [-106.52180485801868, 25.93122759453359], [-106.52290832011725, 25.930076580514474], [-106.52280444825263, 25.92710313013965], [-106.52232962189889, 25.925036357038376], [-106.52418090035547, 25.921081016151017], [-106.5243171651664, 25.918686758291766], [-106.52590626827636, 25.917785731018704], [-106.52714478547614, 25.914405592185318], [-106.52752907733448, 25.911269239291396], [-106.53010044314294, 25.90905139834598], [-106.53060101593799, 25.90682398264514], [-106.5295141678081, 25.905249901056003], [-106.527349995451, 25.900532683604517], [-106.52602562707193, 25.89796647638536], [-106.5261713085655, 25.894003185378406], [-106.52924784470986, 25.888732161717176], [-106.52998847194337, 25.887083934834372], [-106.53073848081942, 25.883866678166406], [-106.53054739954604, 25.875112029647543], [-106.53079391639113, 25.874617673018275], [-106.53152900353356, 25.87387782496964], [-106.53665667641245, 25.871671685952077], [-106.53800349229488, 25.87043911525923], [-106.53850232244992, 25.86845941580073], [-106.5375522379342, 25.864408521178383], [-106.53841486476846, 25.86267823541307], [-106.54110579457273, 25.860625959480817], [-106.54135516928272, 25.859636105420655], [-106.54088035783768, 25.857569376922733], [-106.54100944158753, 25.856331226805146], [-106.54162846149131, 25.85459981420718], [-106.5416387152856, 25.852865626370022], [-106.53944917611452, 25.852525300559336], [-106.53786495789362, 25.85276579613294], [-106.5356754282342, 25.852425412810728], [-106.53458362686789, 25.851759725002857], [-106.53300088900909, 25.85175242556607], [-106.53165818181579, 25.85232430033303], [-106.52934443913676, 25.85239616069123], [-106.5282452064665, 25.852969135094263], [-106.52665147804406, 25.854778544656504], [-106.52554571785087, 25.856425050464363], [-106.5254114780798, 25.858489001895748], [-106.52382163894622, 25.85963773784193], [-106.52222875960759, 25.86128194259677], [-106.52039281705993, 25.862842406369097], [-106.51904740212949, 25.863827076475697], [-106.51758474325659, 25.864067932166424], [-106.5136903750177, 25.863719170711963], [-106.5119872300306, 25.863463328013683], [-106.51029275747773, 25.861803585428053], [-106.50908536723311, 25.860146148771587], [-106.50812459398355, 25.857994378329646], [-106.50667683987801, 25.855840263937512], [-106.50595144388205, 25.855010944274113], [-106.50474058893761, 25.85393153402936], [-106.50364738979475, 25.85351335080023], [-106.5023122414487, 25.852846239062366], [-106.50061598992819, 25.851516694589556], [-106.50015071385073, 25.848045910669192], [-106.49967097447876, 25.846887407846683], [-106.49931972301225, 25.844655932317956], [-106.50081890408744, 25.83855197286371], [-106.5001029781575, 25.836236144856226], [-106.49853184349008, 25.834411661321145], [-106.4965924431152, 25.83308086901356], [-106.49489341696547, 25.832246730324055], [-106.4924619417363, 25.831739317777146], [-106.49124359096258, 25.831898505886006], [-106.48941500710772, 25.83230243323533], [-106.48832311076501, 25.831718958095163], [-106.4877255154084, 25.8299817298671], [-106.48737613411483, 25.82750246190734], [-106.48787883515652, 25.825027402715552], [-106.48886629804589, 25.822885073373477], [-106.48997229458381, 25.821238830885985], [-106.49168318180104, 25.82017364843852], [-106.49474180247476, 25.817711111564027], [-106.49829338485765, 25.814259903744432], [-106.49890869644732, 25.813189301539065], [-106.49952970573705, 25.81121029514358], [-106.49954164238892, 25.80931090896372], [-106.49979802824176, 25.807247542524536], [-106.5004221081629, 25.804773040552767], [-106.50323831032537, 25.80206141566876], [-106.5025293205133, 25.79867201410784], [-106.5032729338216, 25.796528420007462], [-106.5054757901285, 25.794557048464938], [-106.50682314467518, 25.793159615006516], [-106.50805083389663, 25.791431256520216], [-106.50879071543726, 25.78986571240183], [-106.50976779750599, 25.78929231787668], [-106.51148060879316, 25.787814016518396], [-106.51367246004818, 25.787576750961605], [-106.51501556752866, 25.786839902793265], [-106.51551552806266, 25.78469509518846], [-106.51479613576402, 25.782957394535945], [-106.51371122231667, 25.781300526646792], [-106.5132418680063, 25.778490412886974], [-106.51547529255983, 25.77148140815304], [-106.51561681880457, 25.768261290533726], [-106.51489702751829, 25.766606164267884], [-106.51381380571523, 25.76470154060685], [-106.51273471118175, 25.76213624955274], [-106.51164900626102, 25.760644516362593], [-106.5104401343357, 25.75939993506632], [-106.50981852872332, 25.757397558981406], [-106.50864400715358, 25.75619173499523], [-106.5107063569401, 25.754232342488674], [-106.51230069274297, 25.752958695484118], [-106.51216195897524, 25.75047438851143], [-106.5140739516151, 25.74837576331459], [-106.52022872326407, 25.746107026006356], [-106.52678371982861, 25.737702592283124], [-106.52784427349131, 25.73481471634909], [-106.53284899723126, 25.73297246969774], [-106.53161085910116, 25.730961456831064], [-106.53307745381565, 25.728077131530114], [-106.53379209479517, 25.724565394954755], [-106.5340694514789, 25.721417853593564], [-106.53358003618735, 25.718608635311185], [-106.53214930798237, 25.71592920820167], [-106.5303430547433, 25.712924718220386], [-106.52988196788887, 25.711564216967123], [-106.5300017205891, 25.710392627832395], [-106.5304350472223, 25.70864896651287], [-106.53056776765256, 25.705017312221024], [-106.53032720946797, 25.70253210140845], [-106.53021303095491, 25.69682897276593], [-106.52980058283347, 25.693974409192414], [-106.52940882478705, 25.69200109269852], [-106.51380516768612, 25.687277331881635], [-106.51731278438467, 25.678679833844562], [-106.51846905253015, 25.677016974847135], [-106.51894130660979, 25.675610953793885], [-106.52029768758882, 25.673532862130212], [-106.52114922695667, 25.67189473643996], [-106.52113993933844, 25.670629424042687], [-106.52179244514485, 25.669567480643742], [-106.52399695388772, 25.668865002082015], [-106.52655782977976, 25.668275499411994], [-106.52903861269, 25.66715737217392], [-106.53093598401925, 25.666157366969756], [-106.5324584163462, 25.665964794079276], [-106.53552457880534, 25.665027206916516], [-106.54042003973404, 25.664194217975318], [-106.54361141923312, 25.663048666115056], [-106.54559001003744, 25.662738279481147], [-106.54713520694364, 25.66220034470885], [-106.54886065630579, 25.66200635373367], [-106.55043083096078, 25.661422165964932], [-106.55087735300887, 25.66001623710817], [-106.55114755013282, 25.658818295972843], [-106.55302208261298, 25.65651845897559], [-106.55469791990538, 25.654817754161407], [-106.5559364960881, 25.654051421401885], [-106.55691679208294, 25.652734402008356], [-106.55869521077274, 25.65117114382733], [-106.5606513665132, 25.649629800039108], [-106.5616148781218, 25.64944019655749], [-106.56351248356037, 25.64853187033396], [-106.5652728854608, 25.647957952386683], [-106.56626732762173, 25.6475246222617], [-106.57022264549667, 25.6451083328201], [-106.57221055600974, 25.643718515907246], [-106.573551803511, 25.643135471798516], [-106.57418235059374, 25.642579579927514], [-106.57702822727376, 25.639571913134567], [-106.57829036825878, 25.638621150650618], [-106.57992760653894, 25.63693205697904], [-106.58328456795803, 25.63438135154327], [-106.58446653045912, 25.632924926288467], [-106.58567631995763, 25.631790406302528], [-106.58739261985718, 25.630491748293817], [-106.58865036917295, 25.629011807344764], [-106.58975367041818, 25.627256733103785], [-106.59429762199689, 25.62237506398288], [-106.59596955260024, 25.620317436232128], [-106.59654464294489, 25.619209625987445], [-106.59820893294791, 25.61779621840036], [-106.5997425943035, 25.61592342532942], [-106.60046892667941, 25.614676626912576], [-106.60099275788403, 25.613523138005746], [-106.60164966444344, 25.613128090034355], [-106.60286482532364, 25.61270660425246], [-106.6040060003118, 25.612561550476403], [-106.60437515375155, 25.611109922944483], [-106.60495179631951, 25.610209171788927], [-106.60527109551691, 25.608872927906575], [-106.60634096088774, 25.606174663831933], [-106.60710176683233, 25.60607800567773], [-106.6071970400308, 25.60529520969445], [-106.60754274074104, 25.604096802030906], [-106.60786660449656, 25.60333559685342], [-106.60904577168357, 25.601602938694608], [-106.61132137803305, 25.60050767714869], [-106.61251140632685, 25.60013225642684], [-106.61293856698789, 25.599600480845734], [-106.61318664529847, 25.598885783674408], [-106.61302506687542, 25.597736476901513], [-106.61324049572417, 25.596124741263047], [-106.61363898597622, 25.595178978318476], [-106.61355072817773, 25.593684167387316], [-106.61390328211877, 25.593336935805166], [-106.61371832486638, 25.592440855987785], [-106.61413566021014, 25.590689843006686], [-106.6141456715438, 25.58878027670099], [-106.61388014796276, 25.587332562003844], [-106.61354447291616, 25.586621415761474], [-106.61343347254069, 25.585448798198307], [-106.6137575739026, 25.58473362245778], [-106.61455184723437, 25.582520178646902], [-106.61464927370075, 25.582013435569763], [-106.61502285915824, 25.58113691943405], [-106.61568028272711, 25.58083380633815], [-106.6171531153597, 25.58093968186655], [-106.6177665226157, 25.581465018741834], [-106.61868326715414, 25.581850400289223], [-106.62054427224042, 25.5828741704415], [-106.62177444805421, 25.58277449749729], [-106.62410120462594, 25.58333514849071], [-106.62572349689728, 25.58309494346526], [-106.62631590084716, 25.582608061094454], [-106.62756121424668, 25.58126599085654], [-106.63159365055007, 25.577835882286276], [-106.63310370812803, 25.57630799572051], [-106.63391559793769, 25.576279880846904], [-106.63520146615767, 25.575259510665393], [-106.63570952810423, 25.57532533373702], [-106.63709501529796, 25.57408571471945], [-106.64007358497275, 25.570616076974268], [-106.6407622650027, 25.569518934221843], [-106.64087274725566, 25.567539727037953], [-106.64144416233893, 25.56606372278517], [-106.64132762526914, 25.564247039253633], [-106.64136844501935, 25.563050446808933], [-106.64128712737552, 25.56242977317988], [-106.641675143128, 25.561783161162204], [-106.64317948849406, 25.561129435941996], [-106.64429473422477, 25.560984377845795], [-106.64515337344844, 25.560495787623775], [-106.64652065062847, 25.560141948657286], [-106.64780776436554, 25.559305545056436], [-106.64920507165745, 25.559503682511142], [-106.65137136838825, 25.56063999787848], [-106.65210298540717, 25.560565655497967], [-106.65368550542502, 25.56369766168996], [-106.65509632121919, 25.56472686474046], [-106.655669276616, 25.565765535228426], [-106.65662047320352, 25.566775918444232], [-106.6586133751704, 25.56613827754167], [-106.66007122845213, 25.56606134356528], [-106.66262672051928, 25.56508023085563], [-106.66505906384002, 25.564428928820664], [-106.66724394561142, 25.564685036656204], [-106.6693028669764, 25.565849025255236], [-106.67160841437482, 25.566270687401342], [-106.67354635619529, 25.56735157277491], [-106.67511752926384, 25.568926535757214], [-106.67522638820671, 25.57148695457355], [-106.67631423552321, 25.572564595370416], [-106.67715877801555, 25.57372389581913], [-106.6780013159809, 25.575296086731267], [-106.67811550320654, 25.57678296777256], [-106.67859610612467, 25.5778583143348], [-106.67956136916196, 25.57918320927271], [-106.68027647701915, 25.581993616318478], [-106.6803898991506, 25.58364565074533], [-106.68038225659902, 25.585214653490723], [-106.6800122084501, 25.586369404132984], [-106.68073501486244, 25.58761080191247], [-106.68194654353933, 25.58827594525466], [-106.68278405134704, 25.59092162366976], [-106.6870397163177, 25.59011151538107], [-106.68886740196517, 25.58896209529538], [-106.69069623702364, 25.58756491777041], [-106.69276482332586, 25.586829232272933], [-106.69556142829731, 25.58626131404703], [-106.6981111618468, 25.586518254304995], [-106.70041873648965, 25.58660912224203], [-106.702112371214, 25.588101617456612], [-106.7036884337554, 25.58876787527645], [-106.70586880866404, 25.590096895383763], [-106.70720349937635, 25.59043193872663], [-106.70926399313991, 25.591430162577694], [-106.70962460318064, 25.59225722601501], [-106.70925253075026, 25.593907504819857], [-106.70912646682328, 25.594898013888713], [-106.70924145301254, 25.596302268246617], [-106.71094066543375, 25.59663855515135], [-106.71228113905285, 25.595734878391177], [-106.71363144706683, 25.59268416432489], [-106.71461234771058, 25.590705683478646], [-106.7162017159369, 25.58848157528438], [-106.71742171795768, 25.587329701329185], [-106.71912757843876, 25.586179498228436], [-106.72265469660704, 25.58520069743381], [-106.72399644245284, 25.583966612266234], [-106.72497636262523, 25.58215322741935], [-106.72692685671207, 25.58059088218614], [-106.72814113093754, 25.5806775908227], [-106.7302078664392, 25.58027170279307], [-106.73166837069319, 25.579616006538625], [-106.73312959078896, 25.578795141592067], [-106.73422640617412, 25.57797304039888], [-106.73605233373019, 25.577070793378375], [-106.73726802791073, 25.576827118496816], [-106.7389677441593, 25.576997936145816], [-106.73908630672916, 25.57765895793121], [-106.73822737496398, 25.579637984306796], [-106.73772990787532, 25.582278838793616], [-106.73869800986071, 25.58310784403003], [-106.74112228860186, 25.58427197743865], [-106.74269884874073, 25.58485522937451], [-106.74439581706203, 25.585686593324127], [-106.74560943163527, 25.58593830736657], [-106.74779266808972, 25.586688643281143], [-106.74949004920177, 25.58743736790234], [-106.75142827262646, 25.588682317871303], [-106.75263734766452, 25.590007467815912], [-106.75263276701381, 25.591080964413077], [-106.75189192977194, 25.59388621906732], [-106.75041970954156, 25.59726714984799], [-106.75126654009466, 25.598095666117793], [-106.75345143801854, 25.59851559671937], [-106.75478492675673, 25.599180499401577], [-106.75623641730465, 25.6006715417281], [-106.75647554169653, 25.601580658514223], [-106.75634881764103, 25.60281891670952], [-106.75574350793552, 25.60590331742385], [-106.75622863102896, 25.605899142976483], [-106.75833683235544, 25.60542566109321], [-106.75993948198422, 25.60492131396552], [-106.76238400696036, 25.604015811667104], [-106.76411943651966, 25.6031453706392], [-106.76601529904687, 25.60177130248411], [-106.76673748329691, 25.600977256529525], [-106.767869465306, 25.59841803165969], [-106.7690251250619, 25.597423644557686], [-106.76956730631423, 25.59678776251865], [-106.77045068674731, 25.595444038613604], [-106.7724076967481, 25.593449673549358], [-106.77308308290046, 25.592424877020658], [-106.77324747461832, 25.59169118927103], [-106.77292780084079, 25.589684779167374], [-106.77286864781009, 25.588717727563687], [-106.77288282221697, 25.58788971611644], [-106.77315876773788, 25.585087333403497], [-106.77355320854222, 25.584219141702885], [-106.77427125329281, 25.5821827217127], [-106.77528200155987, 25.580771886573523], [-106.77555032591269, 25.579878769686488], [-106.77580517387571, 25.578295377750056], [-106.77574083591912, 25.57615487904122], [-106.77541486344606, 25.574516516145348], [-106.77571803581091, 25.57307174444015], [-106.77617481500671, 25.571514427769625], [-106.7769033302478, 25.57032936241088], [-106.77765207872753, 25.56944367741923], [-106.77796498665428, 25.56889631755242], [-106.7789155557648, 25.56803670164488], [-106.78006408209325, 25.567433134888564], [-106.78146429363044, 25.5669025087205], [-106.7819087398702, 25.56605815367733], [-106.78247367064401, 25.565560708452217], [-106.78308602032945, 25.565247931582544], [-106.78438342552948, 25.564807725103524], [-106.78527670117035, 25.564338313756792], [-106.78657570797856, 25.563806076908563], [-106.78766963193735, 25.563431700698775], [-106.78876041049118, 25.56324133900218], [-106.78961850301613, 25.563346401867054], [-106.79097558702271, 25.563850244346117], [-106.7919958275457, 25.56483206103882], [-106.79238625544117, 25.565666219758466], [-106.79252463334109, 25.566450472665025], [-106.79293793377222, 25.567423013967336], [-106.79358402096103, 25.56810002384741], [-106.79487202512944, 25.568211700161886], [-106.79562552900092, 25.568522214304124], [-106.7964229049773, 25.569224527119545], [-106.79808105019788, 25.571366187962816], [-106.79887730092648, 25.572137470696685], [-106.8004617547111, 25.572667672437944], [-106.80326108467891, 25.573147318062773], [-106.80571071362047, 25.574863855482736], [-106.80786903331638, 25.575862734119163], [-106.80846893265446, 25.57628593548128], [-106.80879216779284, 25.57661289074815], [-106.80920964433963, 25.577355393413928], [-106.81039314390804, 25.577672334339923], [-106.81186910633059, 25.578637886075295], [-106.81247254671182, 25.581844680180627], [-106.81336471632183, 25.582939319109396], [-106.81414284786132, 25.583296188809175], [-106.81525559286939, 25.583312985616235], [-106.81573954174986, 25.58311324667307], [-106.81660902107042, 25.58255122658934], [-106.81747460058239, 25.58221918211258], [-106.81836785865754, 25.58174956967305], [-106.81997767790425, 25.580784632801805], [-106.82119464126416, 25.580618905512193], [-106.82322074812717, 25.580465292209965], [-106.82476292929744, 25.58051151037774], [-106.8261169091669, 25.58122196099485], [-106.8264371247975, 25.581732893302494], [-106.82662598041848, 25.582540936538518], [-106.82668680001755, 25.583438958079338], [-106.82664532199837, 25.584404609527727], [-106.82682792576729, 25.585580511633765], [-106.82747134518442, 25.587936691665135], [-106.82835995283426, 25.592274862497824], [-106.8294812655589, 25.59479919271152], [-106.83004603047839, 25.595819906571926], [-106.8307536904466, 25.597371812235668], [-106.83127589950998, 25.599426972567485], [-106.83167058383962, 25.600031022918362], [-106.832567967685, 25.60082665364328], [-106.8342679253442, 25.602048237373555], [-106.83595556639902, 25.604005874539443], [-106.83876803435923, 25.60678537677622], [-106.85263704009189, 25.615664196120274], [-106.86820455255507, 25.626015720718783], [-106.88306543096898, 25.636781054220158], [-106.89677936741252, 25.643907774447932], [-106.89775227510135, 25.64366220902503], [-106.90054399080867, 25.64474176802182], [-106.90321595720918, 25.645243012206457], [-106.9047962157405, 25.645081286447002], [-106.90674322522196, 25.64417719025902], [-106.90917748929658, 25.64286125200178], [-106.91075842810474, 25.642451752455123], [-106.91172984516353, 25.64270151872513], [-106.91294358206794, 25.64319950050316], [-106.91415971795693, 25.642871768187266], [-106.91562030892955, 25.6420491109805], [-106.91671490817431, 25.641721105088823], [-106.91780879138254, 25.641640801975438], [-106.91865893269659, 25.641807700014443], [-106.91999326194407, 25.642636153240222], [-106.92157602395264, 25.641565978204984], [-106.92278931811097, 25.642229016528535], [-106.92388180494639, 25.642644087738212], [-106.92521964688372, 25.64223394163708], [-106.92704193150273, 25.642402748621713], [-106.92837677853981, 25.643065981820076], [-106.92983406992393, 25.643399164297605], [-106.93189895611799, 25.643733530970234], [-106.93518015110237, 25.64365739354519], [-106.93639286380012, 25.644568021469485], [-106.93699799979981, 25.645477463189607], [-106.93772243966058, 25.647212830460624], [-106.9388139082179, 25.64804063076419], [-106.93953728607295, 25.65018883254276], [-106.94196644057953, 25.65068888456482], [-106.94293994507716, 25.650195312711375], [-106.94391387755138, 25.64953659651769], [-106.94537801420104, 25.647309974590115], [-106.94671668510335, 25.646569356646705], [-106.94781014517994, 25.646653965327236], [-106.94938882652337, 25.64706974175015], [-106.9508474919128, 25.646907294612085], [-106.9531586954806, 25.646003268217473], [-106.95522577412248, 25.645511610915676], [-106.95704917116117, 25.645267194388833], [-106.95862869168955, 25.64535259566598], [-106.95972100169807, 25.645891242379417], [-106.96233010807157, 25.646144797082453], [-106.96187016776888, 25.649046806391333], [-106.96223256782372, 25.65174175395785], [-106.96323572213402, 25.653262201869705], [-106.96807274421037, 25.65747845235168], [-106.96742809553632, 25.662384275457708], [-106.9685213956899, 25.66521756381278], [-106.96915530149408, 25.670607367908545], [-106.97015949649496, 25.671367671106584], [-106.96878519107403, 25.67509866279], [-106.96795843866674, 25.679382556993087], [-106.96859722899126, 25.680142781701335], [-106.97060593439679, 25.681525181230235], [-106.97124370407744, 25.68332186178394], [-106.97050936191125, 25.686638411499395], [-106.97032429579801, 25.688918605182252], [-106.97169374716219, 25.690093549780084], [-106.97617071256835, 25.690578058215824], [-106.98064834634083, 25.69037145125713], [-106.98320449403862, 25.692997485632706], [-106.98616778186341, 25.695842141033964], [-106.98785950374035, 25.699078526474487], [-106.98922589006065, 25.70419182683857], [-106.98995575740999, 25.705642917491414], [-106.99132204131135, 25.71110166926625], [-106.99342376387177, 25.711447253164053], [-106.99552648185406, 25.710549062065333], [-106.99790381768884, 25.709028973967452], [-106.99954951211018, 25.708130723444338], [-107.00211208112233, 25.7031557361765], [-107.00311929363704, 25.700460945173656], [-107.00467324958811, 25.6998390337051], [-107.00878516082693, 25.700253424549494], [-107.01052207674384, 25.699285959163447], [-107.01217037343031, 25.694103598710466], [-107.02074867006853, 25.713173176644396], [-107.02302921529494, 25.720773367126487], [-107.0243985597077, 25.7237442494265], [-107.02841911906827, 25.72574724715289], [-107.03582113703634, 25.728993002915345], [-107.03856183435622, 25.73230883479971], [-107.03810337792211, 25.735694628114487], [-107.03343978257449, 25.73956519483469], [-107.03124377809345, 25.744056925152222], [-107.02831681878453, 25.747443264340067], [-107.02191659206568, 25.7492410050315], [-107.01990396357037, 25.751728788034224], [-107.01706650346308, 25.75753326434125], [-107.0147772418127, 25.76354491293883], [-107.01449884757193, 25.770385427600495], [-107.01669146734375, 25.773563514750045], [-107.018976417595, 25.775359635025428], [-107.02098429108025, 25.782407015954735], [-107.02143708667774, 25.790767465473863], [-107.02326511933647, 25.792701768390714], [-107.02738067596884, 25.792286292487592], [-107.03103743201967, 25.795256472688948], [-107.03295664107245, 25.79836522724892], [-107.03533344341625, 25.800990152738432], [-107.04274011848345, 25.805202553733753], [-107.04347047779471, 25.80920977274097], [-107.0434690892872, 25.81342452781702], [-107.04474784562623, 25.819089796185526], [-107.0477655187015, 25.82219789198499], [-107.0590157297255, 25.827789663042083], [-107.06313177299137, 25.83075869146752], [-107.06285705690735, 25.83255525889629], [-107.06139260680702, 25.83711615279118], [-107.06267301882615, 25.839602882037447], [-107.06605758314525, 25.843263091094116], [-107.06953410261461, 25.84409033818621], [-107.07712775082071, 25.843947773774975], [-107.0848129048145, 25.845462975236128], [-107.09258968743771, 25.84670132310245], [-107.0985368711153, 25.848562460649738], [-107.1077794036835, 25.856431664289506], [-107.11153117526023, 25.85781036836035], [-107.1170213814412, 25.85877289279802], [-107.11976622826205, 25.85842498055687], [-107.12260212393089, 25.85690238405166], [-107.12342411281854, 25.852894337903432], [-107.12022066217925, 25.849511798027066], [-107.11601128697977, 25.847028244230838], [-107.1145464069098, 25.84343675520819], [-107.11225759952768, 25.83735864092213], [-107.11253077839139, 25.832591084151368], [-107.11399407813563, 25.831277104717508], [-107.11664674923519, 25.83065300082038], [-107.12378085228575, 25.82753752132412], [-107.12862784686845, 25.824631171728786], [-107.13045677717722, 25.823385786466325], [-107.1332924059809, 25.82345212882144], [-107.1395126524903, 25.823929540799156], [-107.14079286831904, 25.823168227927912], [-107.1448198718854, 25.827516730319996], [-107.14427363079548, 25.832422740834065], [-107.14326839377468, 25.83435833918316], [-107.14427654218476, 25.83788089104388], [-107.1483938341819, 25.83898190452307], [-107.14949258158754, 25.840638868930544], [-107.14977022469199, 25.84609669520767], [-107.15306594221262, 25.849616613603317], [-107.15233095445275, 25.851198247795384], [-107.15110933216971, 25.853008657631094], [-107.15098352686657, 25.85424541119236], [-107.15134501985905, 25.855153894270927], [-107.15255306027244, 25.857302401682063], [-107.15412606285065, 25.85936964024532], [-107.15509251313219, 25.861104918523395], [-107.1550868893979, 25.86275446497721], [-107.15471971277063, 25.863495542003168], [-107.1545947868502, 25.864484863407657], [-107.15495465749902, 25.865888196300986], [-107.1547073367097, 25.867124543350503], [-107.15348870872889, 25.86802772706414], [-107.15263444303926, 25.869014602829576], [-107.1512877065611, 25.87181434227787], [-107.15043396447452, 25.872636252668173], [-107.14872815489514, 25.87378519556458], [-107.14690103676745, 25.87485123060313], [-107.14471063674328, 25.87550361492743], [-107.14312831182129, 25.876075567762168], [-107.1444617565413, 25.8771523390583], [-107.14616335766986, 25.87724060436548], [-107.14798566723995, 25.87757669312456], [-107.15041467048277, 25.878244714395993], [-107.15247646496061, 25.879653767041766], [-107.15405091633612, 25.88139107317172], [-107.15538143701271, 25.883374981204238], [-107.15598257697941, 25.885356451964295], [-107.15792382300464, 25.88651757909225], [-107.1595003859661, 25.88767747561449], [-107.1614406010552, 25.88916845776249], [-107.16289510830468, 25.890492866844113], [-107.16398272868646, 25.892475882176416], [-107.16385513448995, 25.894289971116326], [-107.16311442771644, 25.897669130627378], [-107.16408108747632, 25.899486788819843], [-107.16553521394077, 25.900976112663667], [-107.16771512147935, 25.90362244794755], [-107.16759055887424, 25.904529294911388], [-107.16831389557929, 25.906428605793124], [-107.17171098618643, 25.908748879422923], [-107.17170911588579, 25.90932621231989], [-107.17231015567002, 25.911472535144018], [-107.17425093152252, 25.91296330608244], [-107.17898619221886, 25.91520515877997], [-107.18166139862444, 25.91521355264869], [-107.18251571229901, 25.914226505761842], [-107.18361476025329, 25.9127453591668], [-107.18459012089815, 25.91192363195929], [-107.18556598280563, 25.910936947932726], [-107.18715005738481, 25.90986966482813], [-107.1894623876712, 25.909216990476153], [-107.19104183489044, 25.909634223690926], [-107.19189830795523, 25.9079048509166], [-107.19360009215114, 25.908075003504596], [-107.19432713018332, 25.908901978470727], [-107.19517752802287, 25.909151992693666], [-107.19650955520846, 25.91097050180407], [-107.19687109602997, 25.91204378132503], [-107.19844786951143, 25.91336815382252], [-107.19953803642171, 25.914773520608477], [-107.20111462986023, 25.916180334122398], [-107.20317448369471, 25.91866074821638], [-107.20401666888955, 25.921714841609003], [-107.2026694583931, 25.924927373518155], [-107.20205062890773, 25.928554445828663], [-107.20265477896216, 25.929875849990225], [-107.20447777124132, 25.930293638098316], [-107.20605899827565, 25.930215838239228], [-107.20764721386075, 25.92774626434355], [-107.20862275083563, 25.926841905240483], [-107.20984053295987, 25.926268149925452], [-107.21129984994, 25.926272414661653], [-107.2128800627047, 25.92652444070475], [-107.21470373719909, 25.92669467893944], [-107.21567708758862, 25.926532542709953], [-107.21847410855908, 25.926540590641192], [-107.22261021290255, 25.926057546032602], [-107.22455526374037, 25.926310478604258], [-107.230134612943, 25.93168694830336], [-107.23244013560306, 25.933590247844016], [-107.23341016513533, 25.934665088279555], [-107.23438110098861, 25.93541002836724], [-107.23778199737987, 25.9370688214005], [-107.23899600018585, 25.93789686339539], [-107.24093930868356, 25.938891815659264], [-107.24251648626691, 25.940380593502336], [-107.24360376429507, 25.943187608262512], [-107.2436005358092, 25.944424697900214], [-107.24396240584444, 25.94558029326484], [-107.24481122669388, 25.946572243730188], [-107.24663565220983, 25.946577110912404], [-107.25186377890394, 25.947333186106587], [-107.25393042741567, 25.94775095952389], [-107.25758052698967, 25.947265606507386], [-107.25904149614718, 25.94669206921325], [-107.26196075911413, 25.946617086454264], [-107.26524969575794, 25.944563649876752], [-107.26586061655662, 25.94341058651234], [-107.26646933338408, 25.943164709153695], [-107.26878077173116, 25.942923114152837], [-107.26987675815617, 25.942348557688632], [-107.27060806462418, 25.94169061094942], [-107.2709762667587, 25.94028950752533], [-107.27073538458656, 25.939299242316903], [-107.27110240187314, 25.93839296757081], [-107.27183269903037, 25.93814737359317], [-107.27426408659596, 25.938565771756952], [-107.27450596545522, 25.9391436727838], [-107.27608431051583, 25.940302171557395], [-107.2771752422308, 25.941871813988374], [-107.27778047751255, 25.943110371352258], [-107.27850754111624, 25.94426675118182], [-107.27887031622092, 25.945174823507287], [-107.28044859607607, 25.946415736516194], [-107.28227053900406, 25.947492275701297], [-107.2835184380439, 25.947896208014917], [-107.28406552686549, 25.948408094404517], [-107.28764540957997, 25.953374645302418], [-107.28774050318691, 25.95530880166861], [-107.2849094678795, 25.959459819800525], [-107.28108680348461, 25.972524731463793], [-107.2814607683449, 25.976807177281795], [-107.28046111966003, 25.98116156510175], [-107.28128823032154, 25.982748779373285], [-107.2802932316896, 25.989728355531827], [-107.2812115063616, 25.991039038322608], [-107.28418396436973, 25.98902103745055], [-107.28497490829494, 25.988981680009765], [-107.2858260445999, 25.989231108174533], [-107.28715930724658, 25.991543433624102], [-107.28910262263595, 25.99311493682568], [-107.29080461394305, 25.9937786738507], [-107.29262794124227, 25.994607611086874], [-107.29554919033859, 25.994119524041988], [-107.29688848088979, 25.993710241389465], [-107.29834873721282, 25.993631102604787], [-107.29932160323447, 25.99388072387215], [-107.29992737438188, 25.995119146896663], [-107.29980448758731, 25.995696158336184], [-107.29882899873901, 25.996683585635058], [-107.29748357294797, 25.99997932561369], [-107.29687324894985, 26.000885104286837], [-107.29577601255394, 26.001872237153226], [-107.29467946305684, 26.002529483859263], [-107.29151517205563, 26.00276959341338], [-107.2949178980149, 26.004839194456686], [-107.29649700629508, 26.00616232774022], [-107.29807562881, 26.007732849739646], [-107.29941367753945, 26.007983290309642], [-107.30123677005736, 26.009059506692704], [-107.30123402863408, 26.01037901645758], [-107.30037944540314, 26.011696610514097], [-107.3001334821772, 26.012933103062988], [-107.30049512907313, 26.01458331201055], [-107.30049135530943, 26.016397637364786], [-107.29988029342465, 26.01763330837571], [-107.2985404051303, 26.01820757384439], [-107.29586111069916, 26.01910866145281], [-107.294155554808, 26.019929465060976], [-107.29293642789764, 26.02091630868603], [-107.29293430998561, 26.021905944099476], [-107.29451364211475, 26.023229082390312], [-107.2954851803729, 26.02422093801779], [-107.29524054713647, 26.024797669655552], [-107.29558873318838, 26.025429624431183], [-107.29523845117907, 26.025787303324044], [-107.29499136766327, 26.0275186072579], [-107.29474672641683, 26.02809533843627], [-107.29523199271051, 26.02883867303178], [-107.29778755412123, 26.029009409269342], [-107.29961251671013, 26.029343399453076], [-107.30180160007825, 26.030172995723646], [-107.30277342678738, 26.031082324401247], [-107.30386782244679, 26.031579570074555], [-107.30630073214657, 26.03224469432358], [-107.30715305277513, 26.032081627169845], [-107.3089802212515, 26.031343399743765], [-107.31032052239894, 26.030604094256475], [-107.31275781639624, 26.02904245600078], [-107.3137322954376, 26.028632208642588], [-107.3155559989655, 26.029625742571316], [-107.31761934527482, 26.032599008855417], [-107.31956281216122, 26.034664830579548], [-107.3205343369389, 26.035821431997835], [-107.32187196311325, 26.036483979448853], [-107.32272211805466, 26.03747537303933], [-107.3235729039512, 26.038136888388713], [-107.32357028491, 26.03953884488419], [-107.32307924237301, 26.04176447093794], [-107.32356443536176, 26.042672629103656], [-107.32465733422153, 26.04407685038672], [-107.32660218364894, 26.045565278415484], [-107.32806288436117, 26.045568265299647], [-107.32879398444479, 26.045157414598048], [-107.32952463059301, 26.04499396358647], [-107.35130162408538, 26.05212867847678], [-107.35263852953896, 26.053450647045867], [-107.35324652475167, 26.053864113167382], [-107.35494801565476, 26.055599067745543], [-107.35664890814144, 26.057746329873602], [-107.35713235701121, 26.059973811070677], [-107.35737234718898, 26.062200844219237], [-107.35712460549952, 26.064921783993316], [-107.35651356030979, 26.066405062551922], [-107.3563894858038, 26.067889231323694], [-107.35577751074996, 26.069949771328467], [-107.35516460706336, 26.07258757310451], [-107.3552824633453, 26.075061782079434], [-107.35552299141595, 26.076958949780973], [-107.35564151364703, 26.07902082571812], [-107.35527429788205, 26.08025714918812], [-107.3553943754172, 26.08132943138719], [-107.35624566673386, 26.08199071614322], [-107.35721975276263, 26.081992488226323], [-107.35855937432235, 26.081829982195316], [-107.36197016041876, 26.08084651176064], [-107.36403994244235, 26.080932654410482], [-107.36477209348176, 26.079861891341828], [-107.36854706796832, 26.079538640837526], [-107.3717129933685, 26.079379179608168], [-107.37621639004232, 26.080541355388547], [-107.38035548282147, 26.081043060541674], [-107.3857131566694, 26.080804438055907], [-107.38814873063482, 26.08047850139339], [-107.39094590479021, 26.083039357400704], [-107.39289210076419, 26.084609246133603], [-107.39763957790399, 26.0856061763271], [-107.39958746900706, 26.0858565419089], [-107.40092529500131, 26.08717799289263], [-107.40140973856172, 26.089405250761388], [-107.40140742280694, 26.091384382264625], [-107.40164759133886, 26.09427098037064], [-107.40195397751727, 26.096565288103733], [-107.43402639671127, 26.11277895355891], [-107.45508467238199, 26.12188322532053], [-107.48517054135384, 26.115646624247532], [-107.4932106374597, 26.109716638840265], [-107.49576806804286, 26.10955388435864], [-107.49929902991886, 26.1115358078131], [-107.50161227623414, 26.113516673598436], [-107.50429104592457, 26.115167945576935], [-107.50538730441687, 26.114426664614477], [-107.50660552244797, 26.112943343532866], [-107.50782395639138, 26.110470514249762], [-107.50965085883647, 26.10956483729482], [-107.51159947294728, 26.10882414408938], [-107.51330469285163, 26.107176213146783], [-107.51537509329457, 26.10602327056903], [-107.51647132717649, 26.10453979419771], [-107.51793304223311, 26.101902152276242], [-107.51988225185875, 26.096131431599797], [-107.5207350454251, 26.09316352519524], [-107.52195296756823, 26.090937980351345], [-107.52329254705057, 26.089124797059437], [-107.52499732915675, 26.087476756511812], [-107.52621509046277, 26.08549855721677], [-107.5277979405103, 26.084757444754548], [-107.5284067661261, 26.084015709310304], [-107.52658086392641, 26.080798704872024], [-107.52438962803696, 26.07914812701816], [-107.52219830313999, 26.078487006108656], [-107.52012863360176, 26.078485598065097], [-107.51696318718592, 26.078813219833098], [-107.51306727544481, 26.078975320720996], [-107.51136300554845, 26.07823192954645], [-107.51124174474666, 26.076252834485185], [-107.51404241726102, 26.073698699334507], [-107.51538186461389, 26.072297882803205], [-107.51647797448578, 26.07007229842451], [-107.51842606140791, 26.068506978031735], [-107.52049574326051, 26.067436467869953], [-107.52256524354806, 26.06727296886139], [-107.52475649138088, 26.066944605448118], [-107.52816529393544, 26.064390633666406], [-107.52999140331664, 26.06274263834506], [-107.53169561892878, 26.062496327402446], [-107.53303467238065, 26.061837487525587], [-107.53413036689838, 26.059446882697948], [-107.53583455520369, 26.05854086750976], [-107.53766042111921, 26.058129648566336], [-107.54046005199221, 26.05763649839127], [-107.5411903888192, 26.056977247951952], [-107.54240760209048, 26.056730547003202], [-107.54313794524344, 26.058215171440708], [-107.54532904694884, 26.061267245452914], [-107.54958977600188, 26.06605189915752], [-107.55336374964021, 26.069269502805692], [-107.5550681455633, 26.070342213344617], [-107.55738127134275, 26.07158007874661], [-107.55896402464828, 26.07281759712018], [-107.56054659871873, 26.072818255635557], [-107.56127662426191, 26.070592242603112], [-107.56103271529736, 26.06803600718865], [-107.56042377130936, 26.06630417896343], [-107.55981474301859, 26.063912697497035], [-107.56042299136053, 26.061521725654963], [-107.56115303706136, 26.05970799565296], [-107.56249172469957, 26.05822433615143], [-107.56383019500903, 26.055751194556663], [-107.56516890316378, 26.05476225097911], [-107.56821156004816, 26.053526568999974], [-107.57003772744227, 26.055341257551696], [-107.57162022139602, 26.05600145674946], [-107.57283766247981, 26.05699133714644], [-107.57429899792534, 26.059547937764425], [-107.57588145010068, 26.059795807212733], [-107.57831593457793, 26.059961457876415], [-107.58123708671502, 26.059467561386082], [-107.5826977379244, 26.059467956525744], [-107.58476726377098, 26.060210584648832], [-107.58586303639458, 26.060952948130403], [-107.58756772791791, 26.062437535727174], [-107.58866427006004, 26.064993876090934], [-107.58842188132694, 26.067632369174845], [-107.58866614446043, 26.069611332005277], [-107.58830162006484, 26.071260343236553], [-107.58805892212835, 26.073156744395288], [-107.58879028216765, 26.07546562861067], [-107.59049544721996, 26.077444886514993], [-107.59183512033309, 26.0786819622456], [-107.593783187074, 26.07917704371401], [-107.59500055217976, 26.079094798588493], [-107.59950464203993, 26.07851830550553], [-107.60072186394672, 26.078188651401547], [-107.60449540196223, 26.077529457472615], [-107.60790405896202, 26.077529766892294], [-107.6083917296112, 26.07876660563369], [-107.61046312445798, 26.08181751668092], [-107.61119397740698, 26.08247718323551], [-107.61265647924967, 26.085033299922646], [-107.61363049124267, 26.085115789730015], [-107.61411710395762, 26.084538634380394], [-107.61509058075507, 26.083796584681306], [-107.61569892388084, 26.083219427892875], [-107.61679368817416, 26.081817747399967], [-107.61752375363247, 26.081240585934292], [-107.61922806674852, 26.08115813972596], [-107.62068929305411, 26.081652845691984], [-107.62178582592715, 26.08288961757953], [-107.62190832004683, 26.0839614991586], [-107.62227459698083, 26.08544563723181], [-107.62239698358094, 26.086352612370117], [-107.62312845919715, 26.087754283469426], [-107.62385953643356, 26.08857878200791], [-107.62483406102946, 26.089320812502603], [-107.6269044019296, 26.09014522495488], [-107.62787883270354, 26.090722327784924], [-107.62946196009547, 26.09121692393005], [-107.63031472488214, 26.091876470336153], [-107.63250656557362, 26.092288525226895], [-107.63372480919017, 26.093195367474607], [-107.63384756477895, 26.09443213213792], [-107.63482246901657, 26.09550389322117], [-107.63640499653125, 26.095173888378156], [-107.6381089869131, 26.094514043028433], [-107.64090901190738, 26.094183812915855], [-107.64346632345094, 26.09476053808672], [-107.6455374716432, 26.096244274561712], [-107.64639088860845, 26.097480873788037], [-107.64712463717862, 26.100943671212246], [-107.64627331546069, 26.10201571104837], [-107.64456935016571, 26.102758108429697], [-107.64408238130795, 26.102840652337704], [-107.64225493788138, 26.101686666621237], [-107.64115866262763, 26.101192146032638], [-107.63981902096836, 26.10086255791885], [-107.63896663476815, 26.10078023832243], [-107.6368970039858, 26.10111034416807], [-107.63750699306318, 26.102511936249197], [-107.63872637913926, 26.10457304509575], [-107.63957979694737, 26.105809684273957], [-107.64091956862397, 26.106221721506348], [-107.64262456992427, 26.106551228605504], [-107.6440855239139, 26.106303603224976], [-107.64518057233305, 26.10539642729241], [-107.64688495386774, 26.105066275558848], [-107.64834712267024, 26.10613782453178], [-107.64944394367801, 26.107126989589712], [-107.64968944870802, 26.109188205432602], [-107.65005609943132, 26.110589784456874], [-107.65017882247521, 26.111579165520126], [-107.6515207051929, 26.114052363900118], [-107.6526185280107, 26.11594845304523], [-107.65517794781856, 26.11809148685202], [-107.65602945411383, 26.11718429464075], [-107.65785556492395, 26.116689067757957], [-107.6593165964065, 26.11644128086928], [-107.66114337888202, 26.116605615475297], [-107.66260555186729, 26.11742964678144], [-107.66272892556682, 26.118913707895427], [-107.6632173692887, 26.120150297161505], [-107.66419347959457, 26.121881418384593], [-107.66443857356354, 26.12328298372243], [-107.66444192157012, 26.126333629717713], [-107.66480899989324, 26.127900050152466], [-107.66541920641437, 26.129054133536645], [-107.66749143491604, 26.130702379119832], [-107.66992965901203, 26.132845145950135], [-107.67041843897532, 26.13424659722473], [-107.67005430085466, 26.13531858330531], [-107.66823145138011, 26.138864615810025], [-107.66774567244434, 26.14010154351239], [-107.66920838406391, 26.14109037804643], [-107.67042646636374, 26.141172349393695], [-107.67225325138752, 26.14100671429279], [-107.67322675838861, 26.140264268890856], [-107.67529463930039, 26.138037266376912], [-107.68246911578953, 26.128964638287528], [-107.68405190210211, 26.128634086474193], [-107.6860007714412, 26.12888047761141], [-107.68746272137153, 26.12929198680271], [-107.68977815486694, 26.13044507229335], [-107.6909979867541, 26.131928499149065], [-107.69197526672224, 26.1341540795933], [-107.69124871165677, 26.137287509162295], [-107.69149583193477, 26.13992572186419], [-107.69137679940035, 26.141986993848526], [-107.69198845470798, 26.143965418304425], [-107.69028699798427, 26.1467695842052], [-107.68943602146233, 26.148006765072335], [-107.68773249676981, 26.149326838436824], [-107.68712454916044, 26.150151639199038], [-107.68639467801486, 26.150894052252195], [-107.68517713678168, 26.15130691583186], [-107.6839604346208, 26.152379358036143], [-107.68347457269725, 26.153451431184756], [-107.68432873562467, 26.154605285022154], [-107.68603797680768, 26.157572560002095], [-107.68737771777022, 26.157406965586233], [-107.68883959726247, 26.157488638442544], [-107.69127688297583, 26.15822934566136], [-107.69286024817907, 26.158063565249506], [-107.69444474595892, 26.15872224664483], [-107.69627392863401, 26.16012279592025], [-107.69700679561252, 26.16152397482267], [-107.69676501250659, 26.162843283128392], [-107.69676779370499, 26.1648220280289], [-107.69616169337878, 26.166966030129863], [-107.69616204041918, 26.167213373243133], [-107.69543282638416, 26.168450520834707], [-107.69543374864368, 26.16911010265563], [-107.69580003483226, 26.1696870207938], [-107.69762766182735, 26.16985082249138], [-107.69933441050023, 26.170674255697296], [-107.70030819461215, 26.170096518706544], [-107.70314962224988, 26.169797953075015], [-107.70573294556907, 26.17143716711553], [-107.70659879632738, 26.172590099400733], [-107.70758577985926, 26.173576888780687], [-107.70906240720655, 26.17456079912857], [-107.71139007764488, 26.174795268682455], [-107.71235894975874, 26.173466153470176], [-107.7129599400391, 26.172056487290405], [-107.71526023467555, 26.168817102371957], [-107.71610531663265, 26.16732327203507], [-107.71731822079313, 26.16590997525419], [-107.71914829673942, 26.16515471703823], [-107.72024724534407, 26.164817344605108], [-107.72245167413229, 26.164969666288858], [-107.72515028797162, 26.165697993221933], [-107.72723826555499, 26.166595349122538], [-107.72993826050187, 26.16748899783142], [-107.73041784943386, 26.1696910726911], [-107.73215882652747, 26.17158062961578], [-107.7352180479915, 26.17309026136218], [-107.73854288755678, 26.174388498695045], [-107.73902529855845, 26.175557638338393], [-107.74011430680325, 26.17648120215364], [-107.74459376232703, 26.17917699097683], [-107.74701572569262, 26.180359551273714], [-107.75016090706374, 26.183628771278816], [-107.75221607667505, 26.18647406305508], [-107.75391092014135, 26.18765147795834], [-107.75596963249887, 26.188748097843582], [-107.75814992582364, 26.189678981084043], [-107.76166154867522, 26.191784656989235], [-107.76347763200926, 26.19304603715765], [-107.76711250579483, 26.194153193534582], [-107.76796096067024, 26.194242208153433], [-107.76989897760123, 26.19517125487519], [-107.77159426261112, 26.196265169672767], [-107.77353145232942, 26.197693756924874], [-107.77571510255856, 26.19687576890959], [-107.77595741999093, 26.196960662524237], [-107.77910599498114, 26.198980159874786], [-107.77995434438884, 26.199152365460993], [-107.78092549577092, 26.19840945629593], [-107.78274864838271, 26.195673833558946], [-107.78299110829009, 26.19567544982237], [-107.78420256591698, 26.196183116276668], [-107.7883202781599, 26.198708442813114], [-107.78928891186118, 26.199464249790502], [-107.79195510344536, 26.200064730790224], [-107.79668347795688, 26.199929327384403], [-107.80044311913905, 26.19903805051878], [-107.8022514459839, 26.205711064469156], [-107.80345880589746, 26.20904952896137], [-107.80563781818523, 26.21131184963532], [-107.80551384768088, 26.213142866613826], [-107.80417452701063, 26.216881072751466], [-107.8034425262469, 26.21987384123558], [-107.80332089792768, 26.22012284413944], [-107.79955336244662, 26.225760299091895], [-107.79821335693259, 26.229748263132194], [-107.79809081316502, 26.23058011161794], [-107.79128789747897, 26.23811264197629], [-107.7858216111812, 26.243572119833505], [-107.78484878273038, 26.24514773246901], [-107.78254319604147, 26.24588185280462], [-107.77999584944494, 26.24611473624753], [-107.77708478097085, 26.246261884183305], [-107.77502225271336, 26.246664445597943], [-107.77453596956633, 26.24732732458952], [-107.77538124368105, 26.249497892871975], [-107.78725574521799, 26.256737522119852], [-107.79173705913416, 26.26093023474128], [-107.79852254051106, 26.265720636420458], [-107.83205122630892, 26.26483891904746], [-107.85275130757576, 26.26702084155868], [-107.87429615504922, 26.31206947760945], [-107.87672007199635, 26.315830516852625], [-107.87841797335734, 26.317089444661637], [-107.88448390986063, 26.31920661905412], [-107.88751796197273, 26.318808087334308], [-107.8955287086597, 26.3161904201871], [-107.90244658617186, 26.314232123648626], [-107.90378164833818, 26.31374023965219], [-107.90730174694275, 26.311595692274214], [-107.90802931320991, 26.31251567376639], [-107.90851424907827, 26.313351010382096], [-107.90875620567529, 26.31476775972199], [-107.90935909508107, 26.32234757936852], [-107.91093549197879, 26.324770985297523], [-107.91809348037074, 26.32930727063256], [-107.92173319621324, 26.33199187943038], [-107.92258253334136, 26.332496164144136], [-107.926828702533, 26.336849124021185], [-107.93046844566305, 26.34086555574711], [-107.93216682648904, 26.343622355427797], [-107.9326501510435, 26.35136775177948], [-107.93252867838964, 26.35170010391988], [-107.932649806869, 26.35261657708069], [-107.93252787526875, 26.354614029466703], [-107.93252746515826, 26.35611261934823], [-107.9321628047272, 26.357942225977904], [-107.9324052397969, 26.35919238584534], [-107.93519570891408, 26.36520205312821], [-107.93640900341785, 26.36803935156917], [-107.93713694530057, 26.37004143928776], [-107.93762216598259, 26.37179243355517], [-107.93810712570716, 26.374875496075525], [-107.93786252866154, 26.383532634431504], [-107.9349476950796, 26.38751296638226], [-107.93397573358436, 26.39017180677037], [-107.93421846153977, 26.39067266060922], [-107.93518966859573, 26.39142725282374], [-107.93567498341518, 26.39317824413056], [-107.93518889130006, 26.395007194261037], [-107.9347026415641, 26.39750217914423], [-107.93482360361031, 26.399667456152407], [-107.93445914823229, 26.400414759968516], [-107.93421590316797, 26.4021617785718], [-107.93457975917447, 26.404245124255876], [-107.9429581186934, 26.4092025097134], [-107.94356503883421, 26.411370377083152], [-107.9434435102626, 26.412035753803263], [-107.94356475191518, 26.41361822845389], [-107.94380751741038, 26.414618579306467], [-107.94429324088355, 26.415120712175813], [-107.94745080249622, 26.415553908017518], [-107.94963678322102, 26.416314866226276], [-107.95000108457769, 26.416899582383596], [-107.951336793892, 26.42081959917782], [-107.95218691761323, 26.421656649670997], [-107.95413012839283, 26.422665994899745], [-107.95473738428863, 26.423168728439396], [-107.95546606769022, 26.426003182684344], [-107.9553445965446, 26.427084828399575], [-107.95498019623865, 26.42883121313144], [-107.95425140098139, 26.430658923096015], [-107.95558747226372, 26.431748272221103], [-107.95668063784937, 26.432003798508717], [-107.95740941957254, 26.4324239026418], [-107.95789528618094, 26.433342240303844], [-107.95789529628597, 26.434008261712755], [-107.95704504971627, 26.435002817494546], [-107.95388690148911, 26.43648469923267], [-107.95400833241162, 26.43898292766835], [-107.95388684302493, 26.440314331286665], [-107.95388680917003, 26.443061674925296], [-107.95400825792473, 26.44605941751976], [-107.95461564614527, 26.44697840359537], [-107.95522305271383, 26.449395934528702], [-107.95534453469737, 26.449479827254056], [-107.9553445359201, 26.449646332593876], [-107.95400823164371, 26.45130434137205], [-107.95376526064649, 26.45221883939304], [-107.95437268467033, 26.45322107595647], [-107.95473714197591, 26.45338950230776], [-107.95595200181856, 26.45364565658383], [-107.95643798761695, 26.455646273452118], [-107.95716697856838, 26.457814667368538], [-107.95741000860482, 26.459314486746553], [-107.95704555959412, 26.46014509882653], [-107.95692410057765, 26.46122674317841], [-107.95668112547041, 26.461641730094374], [-107.956073666932, 26.46213805489707], [-107.95595217220288, 26.462137416589062], [-107.9547372358159, 26.462963553562325], [-107.95242880947082, 26.464116925581642], [-107.94841932874787, 26.465927274361515], [-107.94659678425106, 26.466916632274945], [-107.94623225009452, 26.467497465344838], [-107.94586769315886, 26.468411309958164], [-107.9458676643696, 26.468910828248685], [-107.94611058786812, 26.470410675195243], [-107.94598906989297, 26.470659788185255], [-107.94586746004852, 26.47257396145359], [-107.94562442823826, 26.47290568124998], [-107.94392311118641, 26.47606024205643], [-107.93991234495056, 26.485363189441102], [-107.9401552638867, 26.48669654068892], [-107.94452992500554, 26.48905094390839], [-107.94829716533364, 26.489070911803633], [-107.95218592661487, 26.48950768150369], [-107.95255050455069, 26.489842608246857], [-107.95315815670197, 26.491094586868805], [-107.9537658583265, 26.49342884186075], [-107.95303675300138, 26.49567282877614], [-107.95242915614924, 26.497917451980648], [-107.95267226859889, 26.499583774874218], [-107.95352311613115, 26.50241881415801], [-107.95388788457463, 26.50600056916217], [-107.95619754853443, 26.511673776502754], [-107.95802105093989, 26.515096597876415], [-107.95838581823003, 26.51634727042349], [-107.95972316061022, 26.518935013825956], [-107.95996660179789, 26.521933334128384], [-107.959966799549, 26.52368161877446], [-107.95923764214398, 26.525509376781706], [-107.96209300385485, 26.527051463567922], [-107.96270848910456, 26.527212018335987], [-108.01824058007381, 26.521801937132075], [-108.0135577285639, 26.5369873770361], [-108.01366322179544, 26.55681339098507], [-108.01215313192789, 26.578942874299713], [-108.01337254418628, 26.5805194987717], [-108.01223127328878, 26.583798547231808], [-108.01161218278774, 26.584622884132184], [-108.01111260806684, 26.5859436147214], [-108.01085959423266, 26.58709992655491], [-108.01061194874447, 26.587429659972642], [-108.01060872531811, 26.587925606922735], [-108.01097267712423, 26.588588215788192], [-108.01158428008775, 26.588921088547544], [-108.01170381211023, 26.58941748303405], [-108.0120715278322, 26.589501483989725], [-108.01206831159277, 26.589997430319404], [-108.01243388641704, 26.5904120609295], [-108.0132904719424, 26.590828476817702], [-108.01402217287938, 26.591575071690073], [-108.01475548524404, 26.5920736892862], [-108.01585919721771, 26.59224300516744], [-108.01854967511657, 26.59382323773063], [-108.01916026487285, 26.594321387971885], [-108.01989096540517, 26.595233261607067], [-108.02381124878549, 26.596487151606972], [-108.02614258135381, 26.596660745228522], [-108.02638546942914, 26.59707489869865], [-108.02748504288343, 26.59790537265351], [-108.0288311968464, 26.59857138802281], [-108.03066422787245, 26.599900365026905], [-108.03164266055097, 26.600482401566342], [-108.03237505963563, 26.601146229192057], [-108.03310486713816, 26.602223334237614], [-108.03382637939139, 26.604622935568273], [-108.0343148444112, 26.605037925776298], [-108.03442204714617, 26.6075180409692], [-108.03527676063106, 26.60826493057057], [-108.0342811259651, 26.610410583382635], [-108.03366156155899, 26.611317668751084], [-108.03241668828058, 26.614041053137505], [-108.03497943304191, 26.61652969726042], [-108.03620307475022, 26.617195193610783], [-108.03755157150273, 26.617530477216413], [-108.03951396817618, 26.61786785496612], [-108.04074226734892, 26.61778940647549], [-108.0416012034167, 26.6178750010707], [-108.04282694003315, 26.618209813027313], [-108.04380661374312, 26.61862643463154], [-108.04453869298816, 26.619372837717133], [-108.04490039941933, 26.62044860958683], [-108.04489427755183, 26.62144047594943], [-108.04513117324132, 26.622846451879752], [-108.04561517464381, 26.624005291317285], [-108.04671667604336, 26.624587613548005], [-108.04806122169693, 26.625584029354176], [-108.05099343156641, 26.62799091302866], [-108.05185395985082, 26.62782847311139], [-108.0522248464062, 26.627416426444015], [-108.05235620832147, 26.6260117000722], [-108.05297215523608, 26.62568312570298], [-108.05395444145722, 26.62568639350163], [-108.0554268651156, 26.625856592185674], [-108.0569002938272, 26.62586146564703], [-108.05776079427483, 26.625698991959485], [-108.05862029191304, 26.62570182263389], [-108.05947879046293, 26.6258699573691], [-108.06216763613003, 26.62794516484166], [-108.06277660592959, 26.628773711352192], [-108.0636346353268, 26.629024472742113], [-108.06437186140738, 26.62894421269407], [-108.06608990808999, 26.629115092974544], [-108.06682367553803, 26.6296133994685], [-108.06817188813935, 26.63003102551562], [-108.06903338021839, 26.62970317417002], [-108.06928289327007, 26.62904273099906], [-108.07027404053758, 26.627558111758404], [-108.0711384521659, 26.62673432602731], [-108.07310791041061, 26.625914063390137], [-108.07396446726631, 26.626412723642353], [-108.07457301932016, 26.627323866774244], [-108.07529949145835, 26.62906193255338], [-108.0754149663081, 26.63030212671626], [-108.07516451259329, 26.63112788508974], [-108.07442240533987, 26.632034738780415], [-108.07404622071454, 26.63335602849928], [-108.07403743349265, 26.63484379513714], [-108.07427716601018, 26.635836418681986], [-108.07721209637579, 26.637912073802266], [-108.0801437473428, 26.640566231494464], [-108.08087378506768, 26.641725678861565], [-108.08123398621049, 26.643131932558163], [-108.08086027190922, 26.6440399689187], [-108.07975214439833, 26.644532436658682], [-108.07901096807949, 26.64527401064019], [-108.07765575527122, 26.64601365456575], [-108.07630246664193, 26.646422673188862], [-108.07531612773734, 26.64708080351701], [-108.07040090914957, 26.64756113782462], [-108.06929318608998, 26.647970876604994], [-108.06794081980946, 26.648214512057248], [-108.06634381377313, 26.648292036826362], [-108.06413127517733, 26.648615521813156], [-108.06289921932931, 26.649272778908525], [-108.06019192424071, 26.650173192179082], [-108.05896181779713, 26.650499800601835], [-108.05736176919437, 26.651073154611147], [-108.05637377128016, 26.651979129334762], [-108.0556308871794, 26.652968561424622], [-108.0553802549558, 26.653794299119845], [-108.05500830436924, 26.654371668311505], [-108.05512711804305, 26.655033309649657], [-108.05389393475517, 26.655855807705326], [-108.05178692874887, 26.658989783305504], [-108.04306087617724, 26.679872799015133], [-108.02255896901164, 26.677748710273768], [-108.02195077871, 26.67824537604423], [-108.02158634989712, 26.67915939703487], [-108.02049205261663, 26.68065276166195], [-108.01732863586875, 26.68238624892401], [-108.01331425173046, 26.685780624308254], [-108.01197644775819, 26.68743929141639], [-108.01173340662045, 26.688020878219135], [-108.01027628816762, 26.693175330939603], [-108.00954733748291, 26.695253073396515], [-108.00760188467125, 26.69865703829764], [-108.00590048915208, 26.703061097818242], [-108.00553710664695, 26.705806526730537], [-108.00529715842482, 26.711049939120617], [-108.00542021689462, 26.712965193050845], [-108.00542129677117, 26.714546884896052], [-108.00566687168727, 26.71754492021885], [-108.00566807648693, 26.71929310462872], [-108.00542586894876, 26.721206636670807], [-108.00542782452094, 26.72403702952905], [-108.00579399814428, 26.72528744922553], [-108.00615988944296, 26.726121633282197], [-108.00701334363258, 26.727624074607284], [-108.00762261958367, 26.72820965496362], [-108.00884100882013, 26.729131066396995], [-108.00908504113254, 26.729798177221863], [-108.00908607451653, 26.731213368457585], [-108.0073845635258, 26.73586720409641], [-108.00616770241841, 26.73719344592247], [-108.00336905743099, 26.740593407135016], [-108.00943782052045, 26.747892626117967], [-108.01128096293392, 26.75608911091797], [-108.01197752437265, 26.757381205802922], [-108.03002004407016, 26.801912766055338], [-108.04288130344096, 26.8104688583695], [-108.0657874194314, 26.84757053524601], [-108.04308863631354, 26.878494666320066], [-108.03921417437502, 26.89366164382736], [-108.03830627774767, 26.896167418655313], [-108.03940064207086, 26.898402622366866], [-108.03976889803396, 26.898569115411796], [-108.04148464771146, 26.899814436217667], [-108.04295967274777, 26.90014976579648], [-108.04443127237836, 26.90106364920313], [-108.04491674789321, 26.902222352275352], [-108.04577540677326, 26.902721000250658], [-108.0459028949177, 26.901977515145333], [-108.04885935802203, 26.901573574843464], [-108.05132540206539, 26.900837425007452], [-108.05292596302706, 26.900759769874654], [-108.05428518719772, 26.899854808962516], [-108.05563570813037, 26.900437576628804], [-108.05673815125051, 26.901350178211747], [-108.05894836642558, 26.90226617872164], [-108.06017393752478, 26.903179127640538], [-108.06337318245598, 26.903354200800276], [-108.06546419413706, 26.903608503941687], [-108.06780611268725, 26.903037001576], [-108.06941233782653, 26.901967340917327], [-108.07138777537904, 26.900898767568496], [-108.07237712454292, 26.900075192307295], [-108.07324478838206, 26.899003291598675], [-108.07485137082924, 26.897850926514487], [-108.07695022450505, 26.89669999897086], [-108.07757073671777, 26.895792652404104], [-108.07967463902307, 26.89373253010267], [-108.08128107925452, 26.89258010289548], [-108.08202043375832, 26.892416957622896], [-108.08263995687038, 26.891674895150874], [-108.08202924219651, 26.89084659326804], [-108.08227862528766, 26.890268756195084], [-108.08364255700502, 26.888454384062847], [-108.11306884378385, 26.885974760616723], [-108.1424020850392, 26.877207605236034], [-108.16939528091498, 26.88410822472895], [-108.1712919521753, 26.882731565013884], [-108.17203465124457, 26.88182415516764], [-108.17277654241612, 26.881082033188168], [-108.17351723091865, 26.880587844224422], [-108.17560947295989, 26.880509948037943], [-108.17647002865883, 26.8806771849529], [-108.17769815725191, 26.88117582712177], [-108.17867586288467, 26.882583002020944], [-108.17940198486617, 26.885146648079175], [-108.17987849946775, 26.88845354311436], [-108.18024218305658, 26.889611392907213], [-108.18082655761887, 26.896141699305733], [-108.18155753311152, 26.89771358162345], [-108.18303084020027, 26.898460634903444], [-108.18450998988801, 26.89796800303477], [-108.18525111065243, 26.897391103708603], [-108.18575267978764, 26.895408709100167], [-108.1867406803043, 26.894667051170103], [-108.18797247710475, 26.894421786507092], [-108.18895737038294, 26.89434126937558], [-108.18993879989915, 26.895004543600923], [-108.19104368893508, 26.89558542934609], [-108.19300698575292, 26.896829292560135], [-108.19398693328908, 26.897823110222582], [-108.19472076289294, 26.898816399630643], [-108.19557805470498, 26.89972729934483], [-108.19744083558344, 26.899377911034314], [-108.19951020870808, 26.901057835280003], [-108.20110672988396, 26.90180494046352], [-108.20221286199134, 26.902137797034975], [-108.20368409875135, 26.903380476678453], [-108.20540337654651, 26.90421042243687], [-108.20626637200033, 26.90388159836004], [-108.206451723878, 26.903716686136008], [-108.2066314996351, 26.904791420416156], [-108.2074904137022, 26.90537166234845], [-108.22403288465924, 26.922097863755], [-108.22580771899455, 26.921765246859366], [-108.22790124481492, 26.923573159843002], [-108.22877831993569, 26.92678941963639], [-108.23148503233504, 26.928677358966826], [-108.23335144921718, 26.933375620708443], [-108.23287504056344, 26.935606619850084], [-108.23240417547198, 26.93874573475708], [-108.23255905301914, 26.944028821322657], [-108.23417164618297, 26.94724202734075], [-108.23725215983158, 26.95003641354731], [-108.23753702028391, 26.956474740569867], [-108.23633254918593, 26.959864539377325], [-108.23414002795275, 26.9620200042221], [-108.23072348035286, 26.964428089229635], [-108.22681003927502, 26.965764851962255], [-108.22399493312061, 26.96635408445378], [-108.23854281976823, 26.98032970185433], [-108.23696281808397, 26.982482705576793], [-108.23685357385851, 26.984629646894657], [-108.24066038505413, 26.985769717702013], [-108.24654158953986, 26.985414983336465], [-108.24900232781756, 26.986890675501094], [-108.25047576895095, 26.987297252422174], [-108.25463838911173, 26.986536630418207], [-108.25783571641612, 26.988174138218916], [-108.2632346180038, 26.98905909291403], [-108.26495699764124, 26.99004232698529], [-108.26656859994935, 26.992842237137374], [-108.26524325282669, 26.99639786370271], [-108.26354848807244, 26.999707413035026], [-108.25892695976701, 27.005423651040015], [-108.25415549514649, 27.006930053469066], [-108.24619387260435, 27.00803696467037], [-108.24646514023658, 27.01216365042108], [-108.24636864060726, 27.01629188068151], [-108.24370731750271, 27.021999464583985], [-108.24532888537101, 27.02636814481924], [-108.24706640278434, 27.029663071794246], [-108.24562429619091, 27.034292313254195], [-108.24736354391197, 27.037834883765267], [-108.24689297597035, 27.040974011021504], [-108.2498610200869, 27.038012987445533], [-108.25382142612303, 27.037158473038666], [-108.25543012485633, 27.036482978048372], [-108.2587708694248, 27.03454761024124], [-108.26099750200284, 27.032534681942835], [-108.26248100884663, 27.029858602314242], [-108.26408832591629, 27.027348620018593], [-108.2660674277373, 27.025670469907915], [-108.26916061108652, 27.02440326527176], [-108.27274900206915, 27.023466870794962], [-108.27460545932043, 27.0235402865955], [-108.27547272890804, 27.024786345096622], [-108.27683442085723, 27.025195917024966], [-108.27856694461981, 27.025019802063145], [-108.27992844667956, 27.025179200145985], [-108.28240476161108, 27.0264998685753], [-108.28450892573285, 27.02673856451932], [-108.28711002733071, 27.02914241186325], [-108.2890924802211, 27.031632975573167], [-108.29107464448848, 27.033706602548172], [-108.29144579935883, 27.033537799964108], [-108.29070001850978, 27.03003992118054], [-108.29106942722429, 27.0279533788911], [-108.29181025915207, 27.0260315552318], [-108.29366512469468, 27.02435373548854], [-108.29675678717207, 27.0219186374407], [-108.29749916078656, 27.021747768847234], [-108.29824249396145, 27.022577452415927], [-108.29911056702188, 27.024406999244153], [-108.30109300572171, 27.026730619663876], [-108.30270331595119, 27.02813910379337], [-108.30456119253215, 27.02954618146266], [-108.30778122669652, 27.031612621519525], [-108.30864953428329, 27.033442087095697], [-108.30976675871084, 27.036520831042935], [-108.31100727963769, 27.039098588914676], [-108.31212270627213, 27.040426352028877], [-108.31398118718344, 27.042083409150976], [-108.31683185910475, 27.045402368274495], [-108.31943278554286, 27.04672159629643], [-108.32290185086576, 27.049369845422486], [-108.32501015396646, 27.052609479204122], [-108.32587967651233, 27.052320701218573], [-108.32797934012773, 27.05083548545841], [-108.32958661154365, 27.04918446743], [-108.33082526364464, 27.047202521225994], [-108.33132162815778, 27.046128785599773], [-108.33219407494437, 27.043072213966948], [-108.33195195534374, 27.04174982132946], [-108.3323258879621, 27.04042805713353], [-108.33393456584025, 27.038281204173035], [-108.33541704474936, 27.037043184883988], [-108.33652934815908, 27.035970053174037], [-108.33862883734628, 27.034402082382275], [-108.34109523593558, 27.03366077515643], [-108.34269736712427, 27.033497041698652], [-108.34430105576266, 27.032837491641445], [-108.34726042457027, 27.03201391259105], [-108.3480006461323, 27.031684059347302], [-108.3493540217831, 27.03226372281585], [-108.35008885172245, 27.03366914664376], [-108.35070024449969, 27.03515708739676], [-108.35266332765346, 27.03780307565674], [-108.3532747818842, 27.03929099929142], [-108.35499133589678, 27.042019359450336], [-108.35572002604032, 27.045490546526263], [-108.35608238553098, 27.047887194277557], [-108.35693888556253, 27.049871091393566], [-108.35903108527687, 27.050699148222154], [-108.36100108242042, 27.05119654422499], [-108.36334246517663, 27.05111578137664], [-108.36605154596809, 27.05169631733761], [-108.3696198100961, 27.053434280808474], [-108.37158773607077, 27.054675199434136], [-108.37417181269662, 27.0559165243538], [-108.37688386241435, 27.055505265924587], [-108.37689614587171, 27.054661246132508], [-108.3776939643956, 27.05338211612599], [-108.37979287330081, 27.051896186267946], [-108.38065748266654, 27.051153088314305], [-108.38300273714314, 27.049667281858984], [-108.38547228571319, 27.0477683685822], [-108.38645934998154, 27.047273209826855], [-108.38683012457881, 27.04686029068045], [-108.38646323658209, 27.045868496112657], [-108.38609498188133, 27.045372481410276], [-108.38486565064952, 27.04438013249651], [-108.38290034001194, 27.042230460066808], [-108.38240821235732, 27.041982243351775], [-108.38142489418406, 27.04115528171093], [-108.38105947545715, 27.03966768237995], [-108.38093977174488, 27.03842813954193], [-108.38131077599907, 27.037932604730607], [-108.38156207182688, 27.03619752699486], [-108.38218202428654, 27.03479321956793], [-108.38230731619966, 27.03404962647746], [-108.38366688592293, 27.032480546416476], [-108.38465660766764, 27.030993845371], [-108.38539807507362, 27.03016802298864], [-108.38811356867934, 27.028269262625063], [-108.38811333975681, 27.028351892907256], [-108.39033598994557, 27.0264527842401], [-108.3915687740356, 27.026123019939746], [-108.39255540185606, 27.025710467159975], [-108.39354157145733, 27.025463167996595], [-108.39502361836732, 27.02405933377988], [-108.39724517214499, 27.022490652391568], [-108.39786197513256, 27.02216048467862], [-108.39909490539998, 27.02174803093921], [-108.40094351152707, 27.021418534800954], [-108.40328395341704, 27.02141979483254], [-108.40463850932338, 27.021585764982856], [-108.40599350043463, 27.02158646338373], [-108.40661221233964, 27.020512597984034], [-108.40636801498933, 27.01968618140972], [-108.40698757836479, 27.01828179895914], [-108.4068667774836, 27.017372816099023], [-108.40711528916754, 27.01654664977482], [-108.4078575727986, 27.015307586144864], [-108.40663016302615, 27.01365437814275], [-108.40663189566374, 27.012993344625254], [-108.40589395238797, 27.01257981717974], [-108.40552617886723, 27.011918590794455], [-108.40515688534147, 27.011835768127824], [-108.40454234290829, 27.011339667576312], [-108.40454430767632, 27.010596003411507], [-108.40570488770948, 27.01055008608594], [-108.4088469138363, 27.00749735014424], [-108.40995545621199, 27.00490577404947], [-108.41243223248651, 27.006057310033803], [-108.41379633718306, 27.007632735936195], [-108.41528669596971, 27.010457932828835], [-108.41642782676324, 27.01024658915871], [-108.41778183372983, 27.010577700431835], [-108.41925839264219, 27.011156735392607], [-108.42085834020872, 27.01165317603692], [-108.42221134636705, 27.012397382512248], [-108.42442696566731, 27.01297665400054], [-108.42528955876719, 27.01281172872469], [-108.42652226219899, 27.012399052699255], [-108.43182604495483, 27.00926107773001], [-108.43305848283718, 27.008930977518727], [-108.43318322717435, 27.00826999832731], [-108.4360167687058, 27.00794039018019], [-108.43847731463855, 27.009097907072768], [-108.43958713936338, 27.008519834758513], [-108.44069541588517, 27.008602770256175], [-108.441434011988, 27.008768224829304], [-108.44291025789056, 27.00951225561714], [-108.4467281473507, 27.009595814601028], [-108.44832890134974, 27.009761427456887], [-108.45017672505627, 27.009596567371048], [-108.45079309498809, 27.0093488141438], [-108.45202509137916, 27.00918380498931], [-108.4543669993102, 27.008357977484344], [-108.45560042507437, 27.007531931006877], [-108.4586851615116, 27.00488839432819], [-108.46028602724083, 27.0049712500269], [-108.46090358827236, 27.004145077571046], [-108.4611516747508, 27.003318854470017], [-108.46164642130888, 27.002327412367816], [-108.4616489021891, 27.001170654256583], [-108.4615284102065, 26.999931254033513], [-108.46153640235262, 26.99621310104656], [-108.46141538951564, 26.995221576367914], [-108.46080144131541, 26.994395232956315], [-108.46055657936287, 26.993734191667393], [-108.46043575914646, 26.992660039041688], [-108.46006829878934, 26.991751100611594], [-108.45969940884169, 26.9915031670595], [-108.4555207772832, 26.987784287156018], [-108.45269283440734, 26.985883325291738], [-108.4768506434536, 26.98142680923365], [-108.5048597598963, 26.995529833062363], [-108.50448647364027, 26.996027034165053], [-108.50397978818802, 26.998679255790453], [-108.50496070073869, 27.00058597558381], [-108.50593979102172, 27.002907119003826], [-108.50555682181755, 27.005559381931363], [-108.50702409370386, 27.00937262331799], [-108.50999134510178, 27.009705019352538], [-108.51370773210567, 27.00846269929636], [-108.5170536726414, 27.007054432691188], [-108.5212635613773, 27.006060697641765], [-108.52571538894273, 27.00631016668673], [-108.53053935343496, 27.006310886831567], [-108.53438008209598, 27.0048194138262], [-108.53858793646076, 27.004239604865795], [-108.55762739812967, 27.006311852943856], [-108.54446278278574, 27.03519451498501], [-108.54743445142894, 27.034796271926158], [-108.55191506997221, 27.03361712831258], [-108.55500637013422, 27.033305989340704], [-108.55758918406988, 27.033393576079035], [-108.56083646219103, 27.032255530326108], [-108.56355874516855, 27.031931698363362], [-108.56655665675682, 27.030868279740563], [-108.56808853526933, 27.029505591938833], [-108.57048787034944, 27.028005802692846], [-108.57246882605884, 27.0277399348987], [-108.57460236406578, 27.02673033073146], [-108.57683583893908, 27.026306515807438], [-108.57920214236647, 27.02563752611415], [-108.58389528847233, 27.025296579681545], [-108.5898084419253, 27.02524618038325], [-108.59136946717706, 27.02313534093783], [-108.59288457905502, 27.022187840584195], [-108.5944160365065, 27.020824835512638], [-108.59561312230721, 27.02169717064384], [-108.59657734966673, 27.02222883730169], [-108.5984829336138, 27.023873835530868], [-108.59916851271055, 27.02522819538297], [-108.59933925651377, 27.027147705839944], [-108.5986719669338, 27.02845660116611], [-108.59887541857836, 27.029545135931016], [-108.59999215633496, 27.029333039142475], [-108.60053516623206, 27.03118184792069], [-108.59911026298131, 27.03296453439239], [-108.60017470013958, 27.034081999281565], [-108.60190646525778, 27.033890551632677], [-108.60157545147301, 27.036042828502143], [-108.60087541786127, 27.038182706904376], [-108.60181037553102, 27.039462225845764], [-108.60302732645381, 27.03983592651223], [-108.60479720989757, 27.041809121520767], [-108.60587812122964, 27.042511061913796], [-108.6071266588939, 27.04521559975148], [-108.60857011689426, 27.046096099752532], [-108.61005277635971, 27.045979408903346], [-108.61126982906889, 27.046353044283002], [-108.61262295428953, 27.046398399095654], [-108.6141219261312, 27.045866173410552], [-108.61546526645978, 27.046160795988726], [-108.61630352596544, 27.046771323865805], [-108.6186790518021, 27.04901425690784], [-108.62225228638239, 27.052129294758043], [-108.63173685280142, 27.058437179920045], [-108.63449176680841, 27.060442899492347], [-108.63665759585373, 27.061763260003996], [-108.63816287576469, 27.064226483102562], [-108.63857062767728, 27.06640348603726], [-108.64024446786381, 27.06770739417022], [-108.64126422438584, 27.069987990939765], [-108.64255929345985, 27.071528878114236], [-108.64173021456934, 27.07383108814141], [-108.63730928681332, 27.08291982293136], [-108.63648000029002, 27.085221986199176], [-108.63363622200563, 27.088621832040246], [-108.63270000891251, 27.09050436034777], [-108.63185104426873, 27.093305078886676], [-108.6311668233453, 27.09819148292061], [-108.62823527960697, 27.10067298505905], [-108.6259776268472, 27.101679219206346], [-108.62408915811871, 27.102697764366194], [-108.62233677501317, 27.10338800688243], [-108.6205256503962, 27.105573992347356], [-108.61894429310388, 27.108183682073886], [-108.61764493784581, 27.10988751774998], [-108.61606344744675, 27.11249716525362], [-108.6144688092372, 27.115439179511295], [-108.61364633345272, 27.123815518550145], [-108.61366154718607, 27.12656185922144], [-108.61394911507108, 27.128651675003], [-108.61550258521052, 27.133030512801398], [-108.61721088996822, 27.139744317797305], [-108.61938346975613, 27.144060653039844], [-108.62190693675663, 27.145726080867114], [-108.62386055607281, 27.146207499906225], [-108.63074259096967, 27.145589876414782], [-108.62949674284557, 27.147414461264436], [-108.62986033114352, 27.148745153761702], [-108.63019917366923, 27.15464635957824], [-108.62981574485242, 27.156972076416693], [-108.62768140375441, 27.16303218894584], [-108.62792139095535, 27.16436251996276], [-108.63000299737392, 27.168025120166316], [-108.63135110050636, 27.170189719041293], [-108.63146571578596, 27.171852083997447], [-108.63132902663686, 27.174261623476752], [-108.63094507008876, 27.176670434668445], [-108.6304401711085, 27.178580278977783], [-108.63080293934989, 27.18007717080679], [-108.6322815755967, 27.180995631289107], [-108.6340088534442, 27.181665500042946], [-108.63462433360958, 27.182165905924936], [-108.63471330118065, 27.18778619303646], [-108.63756073022526, 27.18836410512571], [-108.64015913885679, 27.18935653560188], [-108.64399590136843, 27.190513632071415], [-108.64745857649973, 27.19249968857581], [-108.64956036740875, 27.19390672852276], [-108.65203238735172, 27.195810646692628], [-108.65450595979861, 27.197217264518812], [-108.65757582614711, 27.238241877253653], [-108.65511668022046, 27.242548870936755], [-108.63323857259027, 27.263535707669906], [-108.62913485717868, 27.267682811347697], [-108.62614712861493, 27.271663203587927], [-108.6250240771778, 27.273984599535456], [-108.62303103629736, 27.2769696639525], [-108.62004918193897, 27.2789609347708], [-108.61471015559044, 27.281368220003113], [-108.61209891343161, 27.283690589162187], [-108.61196686101584, 27.28617698055265], [-108.61307823489487, 27.287585109370074], [-108.61381418271488, 27.290070886914158], [-108.61306004647778, 27.293220727254532], [-108.61144187863971, 27.2951280219235], [-108.61193172620075, 27.297033841542117], [-108.61316669686967, 27.29860762359748], [-108.61427424300861, 27.30125887559426], [-108.6143942693098, 27.302501934110456], [-108.6148802415639, 27.30565088072106], [-108.61413112184286, 27.307226075126962], [-108.61127529688972, 27.308305511983416], [-108.6076726039205, 27.310214173561725], [-108.60505760903176, 27.31344813124776], [-108.60379806017724, 27.31933322856791], [-108.6013106234433, 27.321406779957048], [-108.59907625154727, 27.321946906778177], [-108.59547025984165, 27.32464265079414], [-108.60408923434257, 27.333852956293452], [-108.60844714981098, 27.33963173116042], [-108.61057554487128, 27.34588275743619], [-108.61274832151396, 27.34954470561619], [-108.61254888607209, 27.352523279019074], [-108.6127243401194, 27.355745567912358], [-108.61314310356775, 27.358717034200907], [-108.61292773593759, 27.360703696204013], [-108.61075666331908, 27.364118296430377], [-108.60942046849337, 27.365621777945794], [-108.6075856672422, 27.36688294217484], [-108.60564042376102, 27.36897209830827], [-108.60406474308692, 27.37097433027615], [-108.60347295349302, 27.372634598252315], [-108.62574429990806, 27.365598840041248], [-108.62323608012396, 27.371084358914775], [-108.62154909912081, 27.373832116854956], [-108.61756194158846, 27.37966536682519], [-108.61650770742757, 27.383315190354896], [-108.61629907992284, 27.385715143665823], [-108.61661050114476, 27.389679898810243], [-108.6341947748719, 27.428745268824496], [-108.63315570731079, 27.43330441374524], [-108.63080234678048, 27.433166579385098], [-108.62796894249128, 27.433943704446104], [-108.62488401091983, 27.434475683916915], [-108.62377186576998, 27.434571297812873], [-108.61856750694919, 27.434135696731175], [-108.61583893395014, 27.43375393743133], [-108.61148062022404, 27.43206816149902], [-108.60936003231048, 27.431017857719755], [-108.59989629256704, 27.42732357572696], [-108.59616626682893, 27.42620880265342], [-108.59356163201612, 27.425825165595153], [-108.59071353848157, 27.42569227639561], [-108.58664277200486, 27.42648265117003], [-108.58356036374202, 27.427179034252486], [-108.58146240881243, 27.427533505988958], [-108.5760371026555, 27.428752292046717], [-108.57443788935167, 27.429349062076156], [-108.57112221051682, 27.43095725251081], [-108.58093659760739, 27.44895248455087], [-108.58262159331451, 27.45372855815967], [-108.58278484436987, 27.456206970665463], [-108.58331278117971, 27.45826786245091], [-108.58492947723661, 27.458745541557168], [-108.5869253673374, 27.459714935143435], [-108.58828533756609, 27.459616768941707], [-108.58975715522706, 27.458773238516464], [-108.59098012334901, 27.45784985982959], [-108.59231755217156, 27.456346440282612], [-108.59414861058885, 27.454754692507425], [-108.5972329991978, 27.454140668809995], [-108.59921559749024, 27.45428329131402], [-108.60244764221652, 27.45515559851857], [-108.60881484201961, 27.45855456905158], [-108.610442320021, 27.459693206444857], [-108.61184375296769, 27.462157214461666], [-108.61189197150641, 27.46513290651084], [-108.61094208488474, 27.467624102582445], [-108.61173019799357, 27.470425887302337], [-108.61312377562366, 27.472393915924176], [-108.61414744679249, 27.474448888180817], [-108.6150809709925, 27.47857172724679], [-108.62114036737314, 27.478170595750452], [-108.62360497501936, 27.47748048799043], [-108.62521262413034, 27.477379054920196], [-108.62767718047783, 27.476688878943683], [-108.6316147040078, 27.475237355679337], [-108.63618451782065, 27.474605019944963], [-108.63916166776542, 27.474983359068574], [-108.64150637952339, 27.474542374775602], [-108.64572390224944, 27.475071283838034], [-108.64884946654053, 27.47693573709504], [-108.65198884154972, 27.47962665580601], [-108.65362801932852, 27.481425947006258], [-108.6552892348114, 27.484547682519906], [-108.65606349251001, 27.486439892660382], [-108.65974804087357, 27.492100234586605], [-108.660273495437, 27.49391270815063], [-108.66081552298735, 27.496717022527715], [-108.66097655961192, 27.49894719376327], [-108.66015693323763, 27.50176777317368], [-108.65775687093172, 27.50634329235776], [-108.65693161686245, 27.50883324801849], [-108.65627559807596, 27.514049305405614], [-108.65592208795873, 27.515128236287076], [-108.654455668602, 27.516303103005097], [-108.65262603865345, 27.51797830409832], [-108.65215142185502, 27.51922401190653], [-108.65169192198327, 27.52137891548142], [-108.65160248646495, 27.523446744376272], [-108.65075363530258, 27.52453156203603], [-108.64879725389656, 27.52604289396573], [-108.64633043815178, 27.52665088064145], [-108.64348664374326, 27.52693260731022], [-108.64038971260128, 27.526886584778254], [-108.63728322130656, 27.52626190530486], [-108.63256706946808, 27.5256561005239], [-108.63011237327625, 27.52700770972129], [-108.62939389255476, 27.52850424418284], [-108.62945370630236, 27.53214110655703], [-108.62938970456632, 27.535779422123547], [-108.6289392395012, 27.538512887240028], [-108.628228843173, 27.54050535813549], [-108.62813355463436, 27.542242587610218], [-108.63000342373124, 27.542964657645705], [-108.6323645960986, 27.543432899865383], [-108.6344685470176, 27.54332543323238], [-108.63544835943883, 27.54265250374793], [-108.63776716410823, 27.54055834188589], [-108.64097189554353, 27.53961106113598], [-108.64382013950706, 27.539577318246803], [-108.6475434707502, 27.54002914428018], [-108.65016742693174, 27.541403334232932], [-108.65241992757812, 27.542781897556548], [-108.65393495693142, 27.544499902975403], [-108.65506884541534, 27.54564374899009], [-108.65643248697867, 27.54571012633979], [-108.65791720559501, 27.545609701655206], [-108.6601560391433, 27.54616158802686], [-108.66190922029755, 27.547297949681536], [-108.66444157850826, 27.550574335971554], [-108.66607936048021, 27.55220803752022], [-108.66808317716804, 27.553506630389567], [-108.67032916985194, 27.554471593051588], [-108.6739361608538, 27.555337403455134], [-108.67604720504735, 27.555642546708082], [-108.6779119541323, 27.556033309666898], [-108.68040156982217, 27.556747139275004], [-108.68265192218476, 27.557959838656135], [-108.68390728324907, 27.5589365967871], [-108.68614787995243, 27.55957067410705], [-108.68799865284907, 27.559134782908135], [-108.68936244269851, 27.559200817768534], [-108.6907403167923, 27.560093344736114], [-108.69225475470813, 27.561728195684132], [-108.69389168449726, 27.563278859500777], [-108.69602409469425, 27.564823429201823], [-108.70278900949957, 27.569204383758585], [-108.70454438106763, 27.570422773156363], [-108.70806946630147, 27.57368596294666], [-108.71296874806535, 27.577593360103783], [-108.7142388711643, 27.579396276731494], [-108.71500353800859, 27.58062678592935], [-108.71625800401894, 27.58152054646449], [-108.73714351817941, 27.599693911934054], [-108.73113508009449, 27.61043311309073], [-108.73128209452325, 27.611753904667548], [-108.73106461122855, 27.613492592152056], [-108.72952596699378, 27.61764512586541], [-108.72795692314263, 27.620062069487993], [-108.72662267574, 27.62173207679663], [-108.72593826855886, 27.625129907158744], [-108.72497859246428, 27.626960546226154], [-108.72144951099096, 27.63072458952076], [-108.71975331797097, 27.632977725593715], [-108.72124171820403, 27.633058896823524], [-108.7225260178684, 27.63428578287298], [-108.72358734134329, 27.635724046490353], [-108.72605804469838, 27.638223274302526], [-108.7284083683642, 27.639974257840024], [-108.73011729215077, 27.645961754260952], [-108.72923108786246, 27.64944978032665], [-108.72921928546022, 27.651859668596423], [-108.73156142472676, 27.655355708792527], [-108.73390855462452, 27.65785451985484], [-108.73736575239714, 27.66193492046341], [-108.7373585244524, 27.66343071779868], [-108.73722510389263, 27.665341711112415], [-108.73684049155843, 27.667833795447095], [-108.73745418419607, 27.669331107270462], [-108.73881342493891, 27.670747130238553], [-108.74079245317566, 27.672413943523715], [-108.74611445786842, 27.676249354004636], [-108.74695417862709, 27.682483930124572], [-108.74893274954127, 27.684316844642556], [-108.75165976463433, 27.68548668216309], [-108.75364354849933, 27.686239231855186], [-108.75513013934138, 27.687073702858054], [-108.757727658518, 27.68940654722809], [-108.7613120654066, 27.693237428370104], [-108.7645282724951, 27.69615327997399], [-108.76663694758501, 27.696822838451006], [-108.76961481804568, 27.69757740177017], [-108.77482422988017, 27.699334020344672], [-108.77668010217828, 27.701000105040468], [-108.77816185630888, 27.702997767703263], [-108.77927022774776, 27.705160816951956], [-108.78211086464151, 27.70890651355872], [-108.78359429601335, 27.710571721927206], [-108.78518911797951, 27.71514573376008], [-108.79000646267893, 27.721554744255712], [-108.79273705278034, 27.722225235144414], [-108.79485437573275, 27.721066158563406], [-108.80019460838086, 27.721658729431308], [-108.80230651213725, 27.721746067247253], [-108.80305627975142, 27.720750326965526], [-108.80368036598807, 27.720086744261224], [-108.80579118680879, 27.720423334550507], [-108.80900413560177, 27.724584794294724], [-108.81285324215992, 27.72525707589133], [-108.8147132612702, 27.726174778314736], [-108.81669101009291, 27.728671647187127], [-108.81756323987831, 27.728091574397105], [-108.81905743946795, 27.727346458651617], [-108.82079842392497, 27.727017304793804], [-108.82179214653226, 27.72710225977518], [-108.82239536227486, 27.731507877629184], [-108.82413640683166, 27.731178685125546], [-108.82575216399874, 27.73109855209462], [-108.8277427314544, 27.730520458462994], [-108.82849301639446, 27.729358364831896], [-108.8291203684092, 27.727863627896177], [-108.83012047554138, 27.72636955787641], [-108.83074812024155, 27.724791707184405], [-108.83150734175184, 27.72138579540635], [-108.83263060445805, 27.720141233488697], [-108.8339976971419, 27.72006055240087], [-108.83709936220563, 27.721229462132865], [-108.84059052243427, 27.718160642564843], [-108.84183496900046, 27.717664148059704], [-108.84282538546228, 27.718579989568152], [-108.84344793261258, 27.718248629424494], [-108.84420120119717, 27.716255392076672], [-108.84482696318628, 27.715092981912765], [-108.8457015232124, 27.7138478812952], [-108.84682422785639, 27.71268629366418], [-108.8484432367765, 27.71169172961399], [-108.8491803775449, 27.713853681280252], [-108.84903436630755, 27.719504578349742], [-108.84951441070461, 27.7239099358064], [-108.8527473023553, 27.72333352032174], [-108.85361614287503, 27.723584252204954], [-108.85572913113285, 27.723421464415324], [-108.85759642871916, 27.722510304050523], [-108.8619559278325, 27.71969161626274], [-108.86432011969306, 27.71878113491626], [-108.86692817644031, 27.719117569359828], [-108.8694110856078, 27.719703083791057], [-108.87251317534674, 27.72087121982339], [-108.87536772470574, 27.721789608128223], [-108.87797530420877, 27.72229205131906], [-108.87908884953116, 27.72362336064065], [-108.8798296428417, 27.724954126526466], [-108.88093997553752, 27.727199586635113], [-108.88155536510097, 27.728862590284272], [-108.88316431001022, 27.73069321588541], [-108.88465050925394, 27.732108121122117], [-108.88651014096693, 27.73335732072027], [-108.89015800059056, 27.736673277927913], [-108.88960276783236, 27.737471863967528], [-108.8901263817168, 27.73861816929592], [-108.89132050740525, 27.74189947468934], [-108.8908151122155, 27.747033588011046], [-108.8884843075624, 27.748486065842396], [-108.8823956986489, 27.754312456509922], [-108.87826083099131, 27.758528706148123], [-108.87706386060523, 27.76061910377595], [-108.87584631000233, 27.76180084304279], [-108.87524125822235, 27.762556919171377], [-108.87463993100346, 27.763478203103105], [-108.87464739637765, 27.763808622437164], [-108.87356162261317, 27.765318240734057], [-108.86924761472808, 27.767141266189277], [-108.86655224688215, 27.76901403452383], [-108.86597127875844, 27.770843951873665], [-108.86636117276389, 27.771579843795973], [-108.86816212728529, 27.774187930693095], [-108.86868202570874, 27.775169107303984], [-108.86888654163762, 27.778718609368717], [-108.86902957065169, 27.779542138475065], [-108.86905753054522, 27.78078121584782], [-108.8696981401369, 27.781594650612924], [-108.86997117114429, 27.782663468860587], [-108.87127296672216, 27.78519897589513], [-108.87455401562633, 27.787198391336442], [-108.88068515784796, 27.788643830357234], [-108.88304875641812, 27.78859565793036], [-108.88404958259724, 27.788823173854173], [-108.88517856649955, 27.78921335091121], [-108.88595689113751, 27.79060237814493], [-108.88685776159953, 27.791906255106678], [-108.88736664867974, 27.79239171336301], [-108.88799806447821, 27.792792024592217], [-108.88900269722724, 27.79318470589111], [-108.89013174089418, 27.79357483574956], [-108.89460840204742, 27.79340059774589], [-108.89548488331371, 27.793630570875468], [-108.89624073604132, 27.794028292137025], [-108.89652161368065, 27.79542743668526], [-108.90164151667508, 27.801603124616708], [-108.90227870931932, 27.80225116490482], [-108.9066880969675, 27.80455710184929], [-108.9132836975513, 27.831527160350785], [-108.90668772649464, 27.842129156988843], [-108.90613467197458, 27.844783822028884], [-108.9035210612382, 27.84959782653807], [-108.9016545740598, 27.854411394126732], [-108.89866678234388, 27.859142486303302], [-108.89348148655034, 27.863581925465784], [-108.88757608673328, 27.867095321596924], [-108.8869027716069, 27.870332117727465], [-108.88870234466485, 27.872774486912906], [-108.89062460912238, 27.87513166826486], [-108.88948361498113, 27.879700319266583], [-108.88647114358284, 27.884142034991957], [-108.88947636170076, 27.884824208195123], [-108.89073848024424, 27.88554208721386], [-108.89062154056236, 27.885875049959814], [-108.8892784125108, 27.887059573349365], [-108.89122559515758, 27.89049054138833], [-108.8922387626574, 27.891213509503416], [-108.89294151359563, 27.900124269983536], [-108.89999762608633, 27.89816104238687], [-108.90138829594781, 27.899041437046584], [-108.90482852136714, 27.90235874415261], [-108.908104362636, 27.903943910018565], [-108.90744493944781, 27.907758956570873], [-108.9063750898059, 27.911233558417386], [-108.90542496372933, 27.910510053419628], [-108.90268763734738, 27.911196631082543], [-108.90068731866579, 27.91071591737518], [-108.89856550876505, 27.91056791840386], [-108.89495268592886, 27.911012913693256], [-108.89270375214073, 27.910617095666197], [-108.88961683791611, 27.91387722322912], [-108.88963037986164, 27.915286946145525], [-108.88789059982385, 27.91596491503513], [-108.88452617985487, 27.91632465278776], [-108.88329713340379, 27.918242299848], [-108.881936985339, 27.919497571241703], [-108.88057206416997, 27.920255278744165], [-108.87933422331945, 27.921260718843797], [-108.87622613665972, 27.922364539538435], [-108.87313210865162, 27.92496096671113], [-108.87226914304955, 27.926046197539744], [-108.86966370836457, 27.927560412910477], [-108.8681730676585, 27.92823611347503], [-108.86668396791453, 27.929077652920586], [-108.86508023258479, 27.930998247036328], [-108.86371970891673, 27.932253373337296], [-108.86272406480064, 27.932510309338515], [-108.86221807726932, 27.931768041672814], [-108.86057851813553, 27.929873948195826], [-108.85906995806575, 27.928642232020437], [-108.8559390080083, 27.92734073677293], [-108.85443053321256, 27.926108960452964], [-108.85328861409114, 27.924044858074186], [-108.85252172148057, 27.9220606442235], [-108.85163396700344, 27.920492070149187], [-108.85035976897314, 27.91759965736784], [-108.84958839222985, 27.91511784678766], [-108.84932438470688, 27.91354422083271], [-108.84831585729123, 27.91239125813166], [-108.84543495009447, 27.911087454041233], [-108.84254574617033, 27.908871365515424], [-108.84166129685777, 27.90763441503734], [-108.83964378147488, 27.905245409537308], [-108.83813429656051, 27.903847543548416], [-108.8351267475739, 27.902295691877676], [-108.83387055287851, 27.901310435786996], [-108.83060845119384, 27.899179940450043], [-108.83010135451403, 27.898271654363246], [-108.82921788744433, 27.89711752955828], [-108.82708360717167, 27.89555857618285], [-108.82432435791209, 27.893838622398206], [-108.82181905966779, 27.8926142339429], [-108.82056754243834, 27.892126416571156], [-108.81918762769907, 27.891224907052298], [-108.8180601017832, 27.890653158266982], [-108.81666324780682, 27.887844203696186], [-108.81603310042088, 27.887102681959703], [-108.81418761257467, 27.889936905568256], [-108.81107292814553, 27.89029284808938], [-108.80931972452836, 27.88947706186398], [-108.80806243482911, 27.888325666734893], [-108.806552116086, 27.88676152339761], [-108.80467356979732, 27.88586369906925], [-108.80130663415851, 27.88588960416099], [-108.79894961624977, 27.887317638122873], [-108.79585585760644, 27.890078284115535], [-108.79173476360961, 27.889446221571788], [-108.79025407932446, 27.891282140476186], [-108.79051283741723, 27.892358374895398], [-108.7915220288165, 27.893677710138306], [-108.79315192787807, 27.894660547115897], [-108.79615659589386, 27.89596460152953], [-108.79766040350638, 27.89678246650722], [-108.79891625293877, 27.897768092034223], [-108.79954709025677, 27.898592629248398], [-108.7998066912794, 27.89975176684169], [-108.8033097157312, 27.900968876115115], [-108.80542554532592, 27.900454923669148], [-108.80692215741057, 27.900443355805265], [-108.80817372952552, 27.900931293629736], [-108.81006506191358, 27.903238875730562], [-108.81133286339856, 27.90555127088007], [-108.81122285598292, 27.907210867816527], [-108.8089917569208, 27.908803997050967], [-108.80787288129558, 27.909227358073572], [-108.80775548834028, 27.910057640891843], [-108.80801448418687, 27.911133818494314], [-108.80652285513582, 27.911725934825935], [-108.80399536179125, 27.908013286842483], [-108.8022389809323, 27.906865706515735], [-108.8011142662122, 27.90662555565308], [-108.79824194852678, 27.906232945838845], [-108.79712014521641, 27.906324490817024], [-108.79514117671255, 27.908247230964587], [-108.79379518829253, 27.91124330701527], [-108.79206698759893, 27.9133299735125], [-108.79020317723403, 27.914173580589885], [-108.78783535770913, 27.9144404297231], [-108.78583886242072, 27.91437266480291], [-108.7846022444558, 27.915626131978414], [-108.783492484611, 27.917127445985297], [-108.78287450815593, 27.917795639526084], [-108.78312541998538, 27.917959616757532], [-108.78188087111141, 27.91830079617664], [-108.78050514986381, 27.91789650420097], [-108.77763183812705, 27.917420551777823], [-108.77638372035884, 27.91734701210539], [-108.77339701814964, 27.91819885546814], [-108.77153153845981, 27.918876362164053], [-108.7697886606319, 27.9193041089009], [-108.76566016964041, 27.91792494581231], [-108.7626698394127, 27.918361889794486], [-108.76104817170987, 27.918373925136443], [-108.75954496824725, 27.91763859892809], [-108.75816304494057, 27.91648765426959], [-108.75741667995636, 27.916741992425816], [-108.75679853004695, 27.917410084109104], [-108.7559357476191, 27.918660564624457], [-108.75544787960676, 27.919991217272052], [-108.75533424503972, 27.921319109050582], [-108.75447141900247, 27.92256958448169], [-108.75261333710218, 27.924159147608172], [-108.75136582181486, 27.924168322456794], [-108.75073791575004, 27.92367528926714], [-108.74924504213773, 27.92418389372855], [-108.74799269810732, 27.92361248406394], [-108.74748267300198, 27.922289157060963], [-108.74734208875483, 27.920382533977957], [-108.74670459423893, 27.91872836826714], [-108.74530973382201, 27.91600148788548], [-108.74342694551265, 27.914605208407412], [-108.74205273624497, 27.914366386108735], [-108.73832274200124, 27.91588642473779], [-108.73596823340493, 27.917811141241103], [-108.73471941431976, 27.91765428310863], [-108.73371602395669, 27.91699798831498], [-108.73333095181927, 27.915673687823467], [-108.73442924437758, 27.9126798385969], [-108.73442111265312, 27.911684588923407], [-108.73341304645741, 27.910447723007195], [-108.73241243844464, 27.910123161521298], [-108.73091356035593, 27.909885117836403], [-108.72954279281859, 27.910060851127508], [-108.72655579082523, 27.910911692547085], [-108.72606220258444, 27.911578768464146], [-108.7258221170544, 27.912741687464276], [-108.72573765284864, 27.9177188676223], [-108.72538422448893, 27.920292627582125], [-108.72415080529245, 27.922043252976884], [-108.72317221929542, 27.92445559438587], [-108.72380672864809, 27.925778147093745], [-108.72368935103964, 27.926691359075047], [-108.72294616652637, 27.927360215293522], [-108.72207687374393, 27.927864082560312], [-108.72083998131932, 27.92919999834272], [-108.71997200007425, 27.929869731403173], [-108.7186022871458, 27.93021125824288], [-108.71748675592549, 27.93113156907324], [-108.71724722531782, 27.9323774221518], [-108.71701702218131, 27.934784415885485], [-108.71628839846382, 27.937277895164687], [-108.71541832990056, 27.937698791631075], [-108.71291493270282, 27.936721217616114], [-108.71104403320929, 27.93681739491042], [-108.7097996288693, 27.937240902142626], [-108.70781185856477, 27.93833318867386], [-108.70447453942867, 27.94233797697278], [-108.70188043114742, 27.945673943818765], [-108.70077705033164, 27.94817000152285], [-108.70066930789191, 27.950327308662484], [-108.70018260747753, 27.95190665851406], [-108.69769922871103, 27.953499965042685], [-108.6962062937318, 27.95409099438404], [-108.69483292206921, 27.95401761885388], [-108.69257755422144, 27.952872075547557], [-108.69020456598196, 27.952639700851833], [-108.68933296525147, 27.952894571522748], [-108.68647370899866, 27.954324401806968], [-108.68498261924239, 27.955164138623594], [-108.68311197450981, 27.955342908779205], [-108.68036710711212, 27.955444706806645], [-108.67700271125456, 27.956131306708752], [-108.6752574580991, 27.956392061259088], [-108.67338167800766, 27.955907167901728], [-108.66974989778764, 27.95427291643248], [-108.66873763750793, 27.952454953462684], [-108.66747835085438, 27.950970436199906], [-108.66573188406706, 27.95106517913483], [-108.66436920979945, 27.95240151622642], [-108.66251797279293, 27.955151226822437], [-108.66190400654827, 27.95648250671364], [-108.66178985748024, 27.957893371627588], [-108.66267287420183, 27.959131633095154], [-108.66418181660202, 27.96061450705379], [-108.66518969007846, 27.96185190530035], [-108.66444903582676, 27.962935211652596], [-108.66370396731585, 27.963437917939764], [-108.66320348179818, 27.963275398460826], [-108.65833724092842, 27.963474002637987], [-108.65609318681405, 27.96382081787669], [-108.65447316009023, 27.964163432649013], [-108.65272272910833, 27.963760371187515], [-108.65171744415262, 27.962854643459217], [-108.65033899121411, 27.96211728214733], [-108.64696364836598, 27.961393138465763], [-108.64459108793898, 27.961242927392334], [-108.63921340308917, 27.959785255628255], [-108.63746003828346, 27.9589672645162], [-108.63570973119273, 27.958563971838963], [-108.63358986080961, 27.95882665583676], [-108.63160745861055, 27.96083034073308], [-108.63061743648491, 27.961998064922266], [-108.63037384685153, 27.96282913795461], [-108.629635225968, 27.964244070023963], [-108.6282695098795, 27.965248323448677], [-108.62714678878643, 27.965338550507898], [-108.62502195816678, 27.964937552958116], [-108.62390102910483, 27.965276589939027], [-108.62278427420671, 27.966196237556105], [-108.62191952058596, 27.967446052518977], [-108.62031000906366, 27.969281302393984], [-108.61770365534981, 27.971371784498714], [-108.61683702431333, 27.97237273810655], [-108.61684533438223, 27.97353398173496], [-108.61660102700287, 27.974282095557786], [-108.61648510408088, 27.975527085179834], [-108.61600478294827, 27.978184556179126], [-108.61575927624538, 27.978766777633563], [-108.61477070612398, 27.980183254554273], [-108.61465120751123, 27.980930567997106], [-108.61328691727314, 27.982183541446425], [-108.61242489684089, 27.983848047408777], [-108.60982218124299, 27.986519047731424], [-108.60933047979357, 27.987600530489374], [-108.60884465952836, 27.989511476430483], [-108.60810030498276, 27.990179813393226], [-108.60635893918008, 27.99110332993522], [-108.60561338432018, 27.99160576246105], [-108.60362930087526, 27.993526193104067], [-108.60263284752871, 27.993864298694305], [-108.60100338602457, 27.99296213418861], [-108.59999469403161, 27.991558332905736], [-108.59823405106363, 27.989744497316106], [-108.59510713159752, 27.988934610258863], [-108.59373788181132, 27.989523838135813], [-108.59262061505895, 27.99044328473953], [-108.59212814451058, 27.991441775308104], [-108.59064665486852, 27.993856606582916], [-108.58915820904329, 27.995276053277003], [-108.58816225627699, 27.995697007221118], [-108.58666287132043, 27.995540419672096], [-108.58616174175616, 27.99529467460277], [-108.58528262718626, 27.994553560280583], [-108.58527519916838, 27.993475234387255], [-108.58488751433234, 27.99156974608647], [-108.58475353446015, 27.990243347534904], [-108.58424559242992, 27.989002213430485], [-108.5833636990937, 27.987846338573213], [-108.5813661819158, 27.98785866299334], [-108.57887493924267, 27.988703514508178], [-108.5776298666506, 27.98920887337936], [-108.57675988870025, 27.989794875207167], [-108.5731589624914, 27.99272024153331], [-108.5709334888069, 27.99596896622418], [-108.56981930483185, 27.99738594600933], [-108.56857520281099, 27.998057133973376], [-108.56720566743408, 27.998646120261196], [-108.56521459897368, 27.99965362298634], [-108.56659921567783, 28.00130429054433], [-108.56735564714475, 28.002378086661327], [-108.56536674362484, 28.00371739548789], [-108.5632495894504, 28.004559736434825], [-108.55951022572167, 28.005577724607964], [-108.55776813923067, 28.006500683447925], [-108.55590060076244, 28.007341420898122], [-108.55515742372208, 28.008258361276823], [-108.55341854332961, 28.009678974105928], [-108.54918701857115, 28.01186099843444], [-108.548942718099, 28.012691990216734], [-108.5500813616439, 28.01492496871038], [-108.55084212713464, 28.016662464534612], [-108.55097357569812, 28.017657125530082], [-108.55010158211337, 28.017994138952186], [-108.54835321429768, 28.018004545348447], [-108.54672755108983, 28.017682385352927], [-108.54534949000843, 28.017026922399925], [-108.54435259634832, 28.01736464006109], [-108.5437314303383, 28.017866038721014], [-108.54336435985509, 28.01902956746098], [-108.54324922251156, 28.020523423871154], [-108.54263398796274, 28.02193728101398], [-108.54163866162297, 28.022523836981012], [-108.54001725421712, 28.022865211736327], [-108.53776976801366, 28.022961382616028], [-108.53601808268304, 28.022473929944926], [-108.53225857503963, 28.02050498785042], [-108.52975921391827, 28.020270671543404], [-108.52614854844403, 28.022033670276542], [-108.5236602141555, 28.023541245789097], [-108.52266422881775, 28.02404472203614], [-108.52116918221766, 28.02463401915482], [-108.52117548335397, 28.02562945031228], [-108.52081549628481, 28.027954278473462], [-108.519822078849, 28.028872501975503], [-108.51795538709044, 28.029961640539558], [-108.51483963295888, 28.031057896253554], [-108.51397155786712, 28.03205832372379], [-108.51197984132509, 28.03314810352505], [-108.51123196502563, 28.03340122705993], [-108.50998239213911, 28.033325371243986], [-108.5076091842239, 28.0333388250179], [-108.5054919494037, 28.034346271693185], [-108.50325796110461, 28.03668165318474], [-108.50051503707546, 28.037526640264506], [-108.49827324156787, 28.03861764341287], [-108.49578106185072, 28.039627053530523], [-108.49354270566367, 28.04129866836135], [-108.49216811795637, 28.041223352182364], [-108.49029034386277, 28.040570108269815], [-108.48853650284161, 28.039750236592933], [-108.48753517721823, 28.039423935716716], [-108.48703501657857, 28.0393437372725], [-108.48453671269249, 28.0393574922973], [-108.48402759312638, 28.037784089549522], [-108.48289492500639, 28.03638001921467], [-108.48089831075058, 28.036722783270314], [-108.47877775454624, 28.03723211166823], [-108.47840252060082, 28.03715119899405], [-108.47652143952085, 28.035917062030162], [-108.47514936694785, 28.03625634699112], [-108.47428281940635, 28.037588382715818], [-108.4737885501528, 28.038503605279782], [-108.47319139301914, 28.04315251996183], [-108.47269758349735, 28.044150697028], [-108.47020791612944, 28.04565741062787], [-108.46884592040831, 28.04773872475255], [-108.46848282242537, 28.049731692465325], [-108.46723353051497, 28.049738417311584], [-108.46610819649962, 28.049578547227156], [-108.46497899192757, 28.048755016042463], [-108.46211045465115, 28.049599956882023], [-108.46111582907537, 28.050434858214924], [-108.45938119833187, 28.052932881434163], [-108.45838220667294, 28.053021155355054], [-108.45774795965283, 28.05136533619549], [-108.45674181068884, 28.050209241756598], [-108.45461322033215, 28.04939091425367], [-108.45323851171123, 28.04931521419033], [-108.44879449478233, 28.050837978130197], [-108.44907451370511, 28.046641560944895], [-108.44846331834195, 28.045156454913023], [-108.44459900008538, 28.04603998025574], [-108.44036931076975, 28.045851226811827], [-108.43789167623554, 28.044355371967164], [-108.43465567717486, 28.04441907825774], [-108.43230195810214, 28.04300614065908], [-108.43007460976916, 28.04134694385985], [-108.42771348485753, 28.040921656171555], [-108.42510728217805, 28.04000100292819], [-108.42263249770073, 28.03817559229], [-108.42052285401114, 28.03742238012195], [-108.41642553023446, 28.036245834647435], [-108.4141743023094, 28.037714222751887], [-108.41366125604867, 28.039686778709697], [-108.41009048098626, 28.03480891260421], [-108.40847868528184, 28.034058461961322], [-108.40585279719957, 28.035689119713048], [-108.40299671342551, 28.034931155730643], [-108.40124303056739, 28.036402330823115], [-108.39901105365577, 28.035401082088665], [-108.39590223685097, 28.035135346693973], [-108.39416870010655, 28.03405471076113], [-108.39195190041002, 28.03116011442671], [-108.39122043050341, 28.029262345676095], [-108.39149158506089, 28.02646518310759], [-108.39152177435169, 28.02267873445444], [-108.39091348641102, 28.02094634338057], [-108.39043949735, 28.017979994032086], [-108.39060863439181, 28.01238338515858], [-108.39099237251398, 28.011068637527284], [-108.3910094758193, 28.008928466543086], [-108.39264507680097, 28.006633543552656], [-108.39452743561205, 28.004587064155086], [-108.39640776171294, 28.002787506664852], [-108.39779111423113, 28.000902595702676], [-108.3981838823469, 27.998435442414774], [-108.39770855620881, 27.99563374700423], [-108.39796974660055, 27.994071292291522], [-108.39873629747265, 27.991524090642717], [-108.39887374446191, 27.989878566395433], [-108.39950477741318, 27.988729945285204], [-108.39901249689906, 27.988068414100812], [-108.37143984249117, 27.983123680066765], [-108.36638283908727, 27.99305259801329], [-108.3620293575287, 27.99302508021787], [-108.3605619842097, 27.9899699100796], [-108.35598797845918, 27.986565627245433], [-108.3550025701728, 27.985406835154635], [-108.352530184249, 27.98357993470834], [-108.35078685639512, 27.9838157059125], [-108.34955347046805, 27.982572951126127], [-108.34757248771926, 27.98149000413934], [-108.34558181691303, 27.98155946750646], [-108.34433460154449, 27.981963006144795], [-108.34298181104195, 27.980143155767514], [-108.3412489751961, 27.979144038762712], [-108.3376608790199, 27.977928708419192], [-108.33577250988687, 27.96597383983118], [-108.33766933041925, 27.961534531804908], [-108.3390452005747, 27.96014081164682], [-108.34079982101936, 27.957925115703713], [-108.34118922882254, 27.95578507614356], [-108.33216086140774, 27.952445018107614], [-108.32895197371671, 27.95045176177084], [-108.32351664190902, 27.94770572501408], [-108.2794468576542, 27.951677603785104], [-108.28016197743572, 27.9550593174434], [-108.28027181266295, 27.956707648972266], [-108.26803711156293, 27.96553938286229], [-108.26850604440206, 27.96867267182412], [-108.26948707955754, 27.969996207264366], [-108.26896998754655, 27.97238264243012], [-108.26744088915264, 27.976988044224175], [-108.26456914149904, 27.979032092235403], [-108.26231985039719, 27.98083233353899], [-108.2617722230201, 27.986678889378652], [-108.26238254795427, 27.987835660366155], [-108.26285725554526, 27.99030989377215], [-108.26271657310704, 27.992204048108825], [-108.25224098352584, 27.997996029696733], [-108.25209938936973, 27.999972572399557], [-108.24298985314768, 28.005524337030565], [-108.24125157823254, 28.005596991183626], [-108.22994410701543, 28.007016147312846], [-108.22720465817152, 28.007989220283395], [-108.22369347194939, 28.011923875908415], [-108.2229285048827, 28.014144032392714], [-108.22266000714097, 28.016367034143215], [-108.22251487973037, 28.01867313340778], [-108.2218747342954, 28.020811613345867], [-108.22060564596552, 28.02385277661605], [-108.2176978694091, 28.029603393159437], [-108.21694474267218, 28.030505351211495], [-108.21478829928768, 28.03551874240701], [-108.214278876229, 28.03691644254212], [-108.2133992579623, 28.03806482896516], [-108.21301698247616, 28.039133698439393], [-108.20827721138082, 28.041495539327045], [-108.19546850520558, 28.04364500609095], [-108.17957230878157, 28.043962111002788], [-108.17334231517161, 28.04623144841777], [-108.16253773264272, 28.0464126335873], [-108.16043489912113, 28.04557574738959], [-108.15969469661852, 28.045076817072882], [-108.15846343201468, 28.043998087823528], [-108.1578490054211, 28.043335133918042], [-108.15735954469062, 28.042590555405685], [-108.15440931924678, 28.03952366105671], [-108.15183172424108, 28.036459010738422], [-108.1503531376144, 28.035296254741134], [-108.1312368581225, 28.034845945346365], [-108.13167725621676, 28.02800985914361], [-108.13362691977298, 28.01920589375664], [-108.13264775618052, 28.017798903396212], [-108.13141953539638, 28.01647270664298], [-108.13056455799888, 28.015066490979983], [-108.1292360958739, 28.011350122070603], [-108.12768501568897, 28.00507799499601], [-108.12696419695033, 28.00268384249628], [-108.12404408170995, 27.996814797383415], [-108.12210802417358, 27.991858417078443], [-108.11977328712524, 27.989536120461874], [-108.11903366057784, 27.98903692098063], [-108.10431773222082, 27.983831595765444], [-108.10234991008383, 27.98208817416912], [-108.10198438194938, 27.981426556295784], [-108.1018839431397, 27.9791187205511], [-108.10164252062047, 27.97845792498595], [-108.09931443590385, 27.9755584636679], [-108.0985758424376, 27.974976744311277], [-108.09747093720038, 27.973815779058132], [-108.0969839325946, 27.972906132648745], [-108.09601674951003, 27.970427682928136], [-108.09380711665466, 27.96810568712645], [-108.09283153093506, 27.96645114328983], [-108.0922171132685, 27.965870215141717], [-108.08739437117822, 27.964272096176604], [-108.08418386482369, 27.962767146120186], [-108.08307493794237, 27.962018013353436], [-108.08009716644524, 27.961997747275735], [-108.07758629275315, 27.964782231162125], [-108.0764419101765, 27.96741122989401], [-108.07530007492375, 27.969793038197775], [-108.07490357610831, 27.97209754470799], [-108.07512750823729, 27.974406297799952], [-108.0756048280389, 27.976222377880283], [-108.0758296572526, 27.97844873206835], [-108.07630009877619, 27.980923963720933], [-108.07701790131765, 27.983483279297584], [-108.07712041486002, 27.985543990273204], [-108.07698077248554, 27.987026246140413], [-108.07721085295037, 27.988758223862185], [-108.080274746023, 27.9924870826768], [-108.08410325324404, 27.99432582652904], [-108.08471695123812, 27.994989173591353], [-108.08528185089007, 28.000348975454326], [-108.08414251368256, 28.002483677666305], [-108.08240654807379, 28.0023071407613], [-108.07593417090852, 28.003993592899796], [-108.07431193581385, 28.004806534719652], [-108.07241113497257, 28.008501573561624], [-108.07153271298839, 28.00940197257279], [-108.06976888831392, 28.01186191462454], [-108.06851107440438, 28.013418904061368], [-108.06588425096022, 28.015296079147124], [-108.06437545325814, 28.017098514986465], [-108.06135334606142, 28.021115322981498], [-108.05696539086138, 28.025122616384692], [-108.0514817306274, 28.02706211877385], [-108.0487336451218, 28.0286085631582], [-108.04470941482562, 28.033359687035112], [-108.04307940076238, 28.03483147717421], [-108.03897142438528, 28.03579137169065], [-108.03249173976508, 28.037887960102573], [-108.03048808637108, 28.039439368560007], [-108.02761519166037, 28.04098455180359], [-108.02265923739839, 28.039960253194355], [-108.01995644203394, 28.037303922563943], [-108.01860147637879, 28.03630532189945], [-108.01524812774139, 28.03636352090597], [-108.01029610727248, 28.03500915833279], [-108.00793882365761, 28.0348271976012], [-108.00441830377711, 28.03875692872017], [-107.99979650817862, 28.04119522441252], [-107.99766994770422, 28.042580485928735], [-107.99591493488084, 28.044050861048465], [-107.99315907097488, 28.04617307271239], [-107.98817155576496, 28.047949077933456], [-107.98159651535408, 28.047323299359316], [-107.97949292337258, 28.046648326066837], [-107.97155764004766, 28.04551742892384], [-107.97106280552589, 28.04534888264313], [-107.96267640114174, 28.040258501963873], [-107.96031520710525, 28.04040532592137], [-107.95819094592576, 28.041542811757832], [-107.95779370416183, 28.043682372270997], [-107.95764576161704, 28.04574143045606], [-107.95636685561814, 28.04894554657089], [-107.95535053584888, 28.05091555156448], [-107.95458255891097, 28.052887454157375], [-107.95306464409032, 28.05526564334241], [-107.95180555123132, 28.05673932188453], [-107.9503180978808, 28.056480670460292], [-107.94895197357822, 28.05647016038268], [-107.94708715930437, 28.056620607921108], [-107.94596462385778, 28.057023987398384], [-107.94284247096562, 28.058483200266735], [-107.94623793560444, 28.05488348460217], [-107.95033529653695, 28.054997460300363], [-107.95097153457581, 28.053683824942183], [-107.95062094070879, 28.051785747630632], [-107.95101069841668, 28.050305401695287], [-107.95053402525728, 28.048571168846635], [-107.94955777205453, 28.047080310273756], [-107.94611040448278, 28.044499061003947], [-107.94104311837893, 28.042399589452497], [-107.93895236553722, 28.040652750042064], [-107.93625628851086, 28.03758260572735], [-107.93539385811842, 28.03699900774998], [-107.93266886797454, 28.036400827324755], [-107.93144172249602, 28.03515506995111], [-107.92909124890416, 28.034394930475994], [-107.9273665203079, 28.033227628041196], [-107.92527713691273, 28.031398145839347], [-107.92293851775045, 28.02964906445652], [-107.92058919361206, 28.028806362808407], [-107.91874047946183, 28.027637953036002], [-107.91665429633919, 28.025561111276097], [-107.91283787320518, 28.022811136270448], [-107.90788543873069, 28.02161773389901], [-107.9061571652646, 28.02077974286041], [-107.90554829190508, 28.019785913539856], [-107.90458682793569, 28.017141017474383], [-107.90372969156824, 28.01614517718719], [-107.90274444448431, 28.015477942178634], [-107.90135988586529, 28.01703258357317], [-107.90172338454538, 28.017777221492512], [-107.89864451182511, 28.015692041364638], [-107.89803374142306, 28.01486297793497], [-107.89617550021201, 28.01451826288586], [-107.89469671930591, 28.01359972264572], [-107.89309281373608, 28.012762557897187], [-107.89048471724982, 28.012823716641297], [-107.88773636955082, 28.014202276688202], [-107.884637677631, 28.0137648395503], [-107.8831700991178, 28.01193971882689], [-107.8847951013638, 28.011046516365965], [-107.88419656834799, 28.009228528900337], [-107.88237179805252, 28.006164268943955], [-107.88215283064066, 28.003772497204583], [-107.88105582659648, 28.002115210970764], [-107.87933920072444, 28.000370389825992], [-107.87799502716958, 27.99862861934267], [-107.87565582412194, 27.99704342429983], [-107.87392715558303, 27.996287381735083], [-107.87279369305251, 27.997596594155706], [-107.87091744578011, 27.998734800284847], [-107.87014918284589, 28.000623925426904], [-107.87060493222066, 28.003924256751375], [-107.87227974445479, 28.009047795296404], [-107.87236520879313, 28.01218021135487], [-107.87295034481778, 28.015069526239927], [-107.87340018157026, 28.018864260006865], [-107.87259219061986, 28.023967188040228], [-107.87182178517493, 28.02602113718537], [-107.87081014697726, 28.02749619138943], [-107.86978523921455, 28.030042502933593], [-107.86950124400643, 28.032924611940167], [-107.86897194661636, 28.035557445395103], [-107.86992869614926, 28.038532256626684], [-107.8707704786479, 28.040764385754834], [-107.87222610585874, 28.043578474128722], [-107.8724307999991, 28.04712392365478], [-107.87202471366498, 28.049840194543947], [-107.8672503945639, 28.054250965892237], [-107.86623234363536, 28.05622043380684], [-107.86604900006279, 28.06099887785808], [-107.86676264054161, 28.063559606079167], [-107.86710267007591, 28.0661996438935], [-107.86573125455891, 28.066600336126697], [-107.86200184650713, 28.066816579013036], [-107.86036355166432, 28.06869844014039], [-107.85370148726537, 28.064232269977488], [-107.8532018527109, 28.064230083946995], [-107.85220348950433, 28.06406030096913], [-107.8493346892928, 28.06330334871636], [-107.84808880477577, 28.062718918939424], [-107.8473448451398, 28.061723171723767], [-107.84660776586237, 28.05948687342138], [-107.84574031719927, 28.05824245177562], [-107.84525264138792, 28.056089952437798], [-107.84376580934051, 28.053933003282527], [-107.84302426050473, 28.05252370749779], [-107.84128681454357, 28.050531015889625], [-107.84066790143065, 28.04953577892525], [-107.83892822717597, 28.047956567950788], [-107.8379309602295, 28.04762126068913], [-107.8356815264972, 28.047859236319685], [-107.83380628568857, 28.0481815774827], [-107.83143052248974, 28.048667030995652], [-107.82855043885874, 28.049977205021527], [-107.82692586771722, 28.050135188355984], [-107.82555535062346, 28.04954996081266], [-107.824812165004, 28.04847136349541], [-107.82431830209546, 28.047476614495814], [-107.82369955854219, 28.046481287850746], [-107.82245256245561, 28.046144712929056], [-107.8195824837332, 28.045717904802522], [-107.81634016324253, 28.044875765586905], [-107.81484825684936, 28.043710905234466], [-107.81310660891775, 28.04254485612844], [-107.8119831135968, 28.042456880388773], [-107.81110793420812, 28.04261818474662], [-107.8099820033205, 28.042943718350013], [-107.80823992704391, 28.041860307866774], [-107.80837116144458, 28.040785729106954], [-107.80824774174842, 28.040537023663934], [-107.80644992063701, 28.038303892917945], [-107.80550616178797, 28.039531557375803], [-107.80448940405036, 28.042504211862077], [-107.80497570282314, 28.044739628835845], [-107.80484394240233, 28.045896911982474], [-107.80508244413423, 28.047800319959382], [-107.80582151914093, 28.049540681395776], [-107.80656404364578, 28.050702099992172], [-107.80667525070828, 28.053018436888934], [-107.80642153988181, 28.05367889831218], [-107.80529205022575, 28.054583339293686], [-107.80391617237393, 28.0549076502253], [-107.8019167585082, 28.055063567171963], [-107.79966506104371, 28.055631790779568], [-107.79791443777091, 28.05595425434374], [-107.79579853374105, 28.054703488104547], [-107.79530439744153, 28.05379132390741], [-107.79444703053304, 28.050975119002878], [-107.79320853747964, 28.04923227418513], [-107.79010520704797, 28.046074338150717], [-107.78887791274812, 28.042511906660053], [-107.78901387035728, 28.040692976274673], [-107.78940563137532, 28.03788278477288], [-107.78879279854782, 28.035977502673784], [-107.78729674998374, 28.03555666861123], [-107.78230507824533, 28.0349532621032], [-107.77818299898772, 28.035098357864534], [-107.77492529470146, 28.03681911041641], [-107.77305204792994, 28.036809791798593], [-107.76943561667113, 28.035964630118936], [-107.76831271270163, 28.035793581634834], [-107.76644260110017, 28.035287926574775], [-107.76407193351768, 28.03494513905564], [-107.76295061551116, 28.034525922309236], [-107.76070432629324, 28.034266413799603], [-107.75895440887568, 28.034505656455114], [-107.75807865557995, 28.03474933146231], [-107.75670125534714, 28.035321285357238], [-107.75494495229884, 28.03655297526644], [-107.75318967011113, 28.03761922909957], [-107.75043419004392, 28.038845742523502], [-107.74417906309259, 28.04046764442526], [-107.7430545177037, 28.04054451549244], [-107.73954461459681, 28.042511305774894], [-107.73477746217924, 28.04571209153595], [-107.73239077365132, 28.047767329049886], [-107.73125902491176, 28.04891932768366], [-107.72950055031116, 28.050398853155414], [-107.72836874349201, 28.05155083164634], [-107.72611386813057, 28.052531416166605], [-107.72459845584449, 28.055004726427608], [-107.72434753625225, 28.0551688154361], [-107.7237119497964, 28.05681967717902], [-107.72382747423359, 28.05822640202855], [-107.7243160885459, 28.059883248756115], [-107.72555366223447, 28.061626783798314], [-107.72728820191247, 28.063786497622157], [-107.72802125711081, 28.06627173799636], [-107.72776099458318, 28.067841888972914], [-107.72461149342352, 28.07179537479401], [-107.72297750420705, 28.07327550797176], [-107.72159001602965, 28.07525321241914], [-107.72070553455296, 28.076737316813684], [-107.72069778904357, 28.077895247466007], [-107.72106098281472, 28.07963414161991], [-107.72093549314314, 28.07971618487038], [-107.71968667809904, 28.079626808843674], [-107.71744114735603, 28.079118523152886], [-107.71607018650379, 28.078614896312413], [-107.7139479494425, 28.07835535024738], [-107.71231315152049, 28.079918081888408], [-107.71243305455323, 28.08066314317602], [-107.7125445714802, 28.082648849480336], [-107.71303204260302, 28.08447115486711], [-107.71313352883426, 28.08794563154409], [-107.71350111477054, 28.089022873130112], [-107.7136188100586, 28.090098769431233], [-107.71309277883509, 28.093983429930375], [-107.71245572237629, 28.09579967830182], [-107.71018634808354, 28.098765101473518], [-107.7086627061551, 28.102313517422278], [-107.70763884546362, 28.105864627147213], [-107.70587915968117, 28.107343926030705], [-107.70350190457508, 28.107744580282116], [-107.70088431759764, 28.106737760488773], [-107.69901545199069, 28.105900413403507], [-107.69652633433118, 28.104397926541562], [-107.69478650680797, 28.102982230276194], [-107.69117800397437, 28.100729043441888], [-107.68918838044624, 28.099311882843608], [-107.68694599808875, 28.098306852282175], [-107.68420381534959, 28.09729899009135], [-107.68220561780574, 28.097122382213417], [-107.67909329782063, 28.095450621963973], [-107.67784722564585, 28.094947318605307], [-107.675118120657, 28.092119611138088], [-107.6734942983422, 28.092027700178676], [-107.67261195564487, 28.093097988492897], [-107.67260252903415, 28.09442137279606], [-107.67209208859002, 28.095907343317606], [-107.6707086796285, 28.097140207075608], [-107.66658437578958, 28.09719940907359], [-107.66408157822697, 28.097681371709534], [-107.66220177689469, 28.098415018542074], [-107.66106575447286, 28.09998007849218], [-107.66066993508952, 28.102872841158618], [-107.65978737826671, 28.103943060136], [-107.65840671932416, 28.10476225455357], [-107.65628101715721, 28.104915402712376], [-107.65541404342387, 28.10383507920769], [-107.65492982194247, 28.101681663217263], [-107.65293276093756, 28.10133920579932], [-107.65043160318753, 28.101572791898885], [-107.6489295663511, 28.101894889645276], [-107.64629915052288, 28.102706660570135], [-107.64516406489633, 28.10410618107385], [-107.64440081722476, 28.105921459840204], [-107.64301878151778, 28.106905934194497], [-107.6417769970198, 28.10582331077956], [-107.63741155575327, 28.1046394884747], [-107.6360498140691, 28.102894361304006], [-107.63083335258375, 28.098562009084386], [-107.62860328147383, 28.095984426536827], [-107.62774039141678, 28.094407620955888], [-107.62700373559133, 28.092666131317284], [-107.62590223945467, 28.08959895981828], [-107.62516377416694, 28.088105596519704], [-107.62417668058194, 28.08644529230586], [-107.62293595217884, 28.0852797524746], [-107.62144535233041, 28.084112686600943], [-107.61969858421295, 28.08377122749857], [-107.61745455928094, 28.083095848356685], [-107.616091526183, 28.081598620773253], [-107.61510273248352, 28.080186379578358], [-107.61511414793937, 28.078697520222583], [-107.61587711582266, 28.076965092330035], [-107.61701424593973, 28.07531766010191], [-107.61678209769994, 28.07300013457345], [-107.61641615825681, 28.07183984723294], [-107.61518394038258, 28.06959892942097], [-107.61407035023932, 28.068185906828713], [-107.61295551689891, 28.06693830224741], [-107.61283249707716, 28.06668939264007], [-107.61108986230971, 28.06585151374733], [-107.60922424408885, 28.064764697173732], [-107.6064893105942, 28.063010733124685], [-107.60412923567732, 28.061259030956652], [-107.60003197250512, 28.05800752609255], [-107.5992811543961, 28.05816828625308], [-107.59827336012519, 28.059237352869502], [-107.59751149986131, 28.060804266464675], [-107.59699687412835, 28.06270359996469], [-107.59723634457491, 28.064028607293427], [-107.59797229794887, 28.06577030883677], [-107.59858205041483, 28.067676656436966], [-107.5984441660704, 28.069330183741616], [-107.59976931265949, 28.07562509706778], [-107.59975380524097, 28.07761026080169], [-107.59811853887715, 28.079006311126708], [-107.59610774127243, 28.0804827205147], [-107.5935990448665, 28.08170783012435], [-107.59021825109257, 28.08259654227471], [-107.58821578246094, 28.08299754364262], [-107.58582859795469, 28.084636885884336], [-107.58344397186725, 28.08594532775267], [-107.57993270195603, 28.087494736794127], [-107.57667323097706, 28.088797508160315], [-107.57453498785924, 28.090520982273986], [-107.57189216118388, 28.092820237549333], [-107.5673787557438, 28.094611087368506], [-107.56099539932188, 28.09581063236785], [-107.55823935441381, 28.09661993599858], [-107.55498338683732, 28.09742592310435], [-107.55234881036259, 28.098649515355284], [-107.55010069896117, 28.098469330056428], [-107.54910982143211, 28.097387437778803], [-107.54812581088576, 28.09547836362926], [-107.54702167180544, 28.092989434173983], [-107.54641331753868, 28.091000095314314], [-107.5442059684972, 28.08593946404184], [-107.54384624736923, 28.084117195033002], [-107.54411268050583, 28.082133626111737], [-107.54426792874386, 28.0784948761439], [-107.54440182819542, 28.077420373612295], [-107.54267120202795, 28.075175399821042], [-107.5409344265772, 28.0736748597709], [-107.53758040628945, 28.071336281888126], [-107.5350892577603, 28.07040967884863], [-107.53347480996057, 28.069240740950494], [-107.53187437261228, 28.06641741444722], [-107.53263585301237, 28.065016238197334], [-107.53226524511273, 28.06451741048618], [-107.53027822507437, 28.06309775194246], [-107.52566632439051, 28.061825765621407], [-107.52630785676497, 28.05984474404588], [-107.52768908512853, 28.059026847698156], [-107.52894256013869, 28.058538970205014], [-107.53068872227234, 28.058881633072847], [-107.53219273006086, 28.058312690748725], [-107.53257589205012, 28.057322588896955], [-107.53197225125747, 28.054836835204817], [-107.5313805439153, 28.050944861022657], [-107.53040503950845, 28.0481256950246], [-107.52904713568952, 28.046213892745495], [-107.52755733823756, 28.045128416124022], [-107.52525137761961, 28.04389615755273], [-107.52523427776072, 28.043441329184567], [-107.52557703991512, 28.042113190572824], [-107.52578255003336, 28.04020867820099], [-107.52524663385151, 28.03848158336475], [-107.52531491300016, 28.036000696131683], [-107.52525900763472, 28.03352183438292], [-107.52610221397445, 28.03235084744258], [-107.530298345186, 28.03112507520272], [-107.53177359338724, 28.030439674916888], [-107.5321143774723, 28.029028897267114], [-107.53121149955545, 28.027555806366035], [-107.52833859891749, 28.026858832190715], [-107.52560667614492, 28.026903428853178], [-107.52312868785673, 28.02719181105916], [-107.52120585999623, 28.02829232647048], [-107.51531525710172, 28.03065101305986], [-107.51319133258079, 28.030719140760887], [-107.51044651387427, 28.030369329670453], [-107.50907698306139, 28.0298635240483], [-107.50322141042248, 28.028168431100887], [-107.50060374045789, 28.027571124728397], [-107.49765013064457, 28.023109882792603], [-107.49277554330156, 28.020208420465877], [-107.48605317732944, 28.018769752302113], [-107.48307339839138, 28.018717882584376], [-107.48047013958194, 28.019240883965036], [-107.47737559445997, 28.020513089917156], [-107.476022406093, 28.022263467496995], [-107.47607515926465, 28.02970488585242], [-107.47584504302192, 28.032270593399602], [-107.4756284098197, 28.036737994173876], [-107.47476460331492, 28.03749107237194], [-107.47254091028553, 28.039084995740765], [-107.46786010897134, 28.044425036291784], [-107.46586653349931, 28.043453158770234], [-107.4630027048516, 28.042324749395068], [-107.45839150416548, 28.039891021817905], [-107.45515536378885, 28.038766221583256], [-107.45242217221505, 28.03854583573803], [-107.45093000135267, 28.03823016802811], [-107.44731359650041, 28.035951365000177], [-107.4450675307973, 28.034320193386616], [-107.44233165254012, 28.033686177463192], [-107.4395963610718, 28.033134789173705], [-107.4364941987622, 28.033413913539317], [-107.43327118431039, 28.034190314895525], [-107.43140941276674, 28.034291565990774], [-107.42966407451551, 28.0332339698817], [-107.42767376091008, 28.032674925659116], [-107.42494402187326, 28.03295008911734], [-107.42283722156918, 28.033549795582353], [-107.4203546635683, 28.033657040842257], [-107.41898298169338, 28.0327609910977], [-107.41723290489631, 28.030959058530307], [-107.41337017242468, 28.028847117364354], [-107.406399079282, 28.026021262466685], [-107.40440633871664, 28.02504843360002], [-107.39904956908383, 28.022206413169215], [-107.39518538245338, 28.01976316946276], [-107.39156547666154, 28.01665591078865], [-107.3895642041578, 28.014277166543938], [-107.38793438494636, 28.011729425002827], [-107.38594361184474, 28.011004361514598], [-107.38419958189503, 28.010028820440198], [-107.38257919900438, 28.0089693767345], [-107.38008994385613, 28.007918235201657], [-107.3753755702516, 28.00837676280166], [-107.37016764494577, 28.009335979486426], [-107.3655762726632, 28.009627620346507], [-107.36135079690027, 28.00884064297626], [-107.35873759062656, 28.007790273142113], [-107.35761349305383, 28.006643150336462], [-107.35735387057795, 28.004743644627137], [-107.35647264755022, 28.00268459594408], [-107.35485065898648, 28.001294044823858], [-107.35261349262326, 28.00081886944151], [-107.34938774938068, 28.00109714629285], [-107.34605096029675, 28.00360911927258], [-107.3429642069553, 28.006449467924575], [-107.3374123396681, 28.01237230173738], [-107.33308179559452, 28.01489319469433], [-107.32836821418138, 28.015598208351452], [-107.32564367285553, 28.01678097882068], [-107.32254850605479, 28.01829787269523], [-107.31895526139728, 28.01957116796517], [-107.31373644634263, 28.01879179877062], [-107.31114268852916, 28.0212135291455], [-107.30879483031127, 28.0232195112817], [-107.30730225988444, 28.0227368603535], [-107.30667237335594, 28.021088656341885], [-107.30591927069341, 28.019606952772264], [-107.30417437774494, 28.018382287121046], [-107.30219028508525, 28.018813662218786], [-107.301190775295, 28.017664930982637], [-107.29981749878235, 28.016271467195576], [-107.29733504358668, 28.01637647055231], [-107.29523262126314, 28.017883851330524], [-107.29226777281087, 28.020639353931696], [-107.29052877417482, 28.020489501651923], [-107.28853926566175, 28.01992838080781], [-107.28617556478912, 28.019039775597648], [-107.28344296158575, 28.018815972098537], [-107.28096128302782, 28.019086068460794], [-107.2785872239085, 28.01621270732786], [-107.27534644768966, 28.013760423719777], [-107.27360240175143, 28.012618035324035], [-107.27136525447413, 28.01214152946821], [-107.26789650239127, 28.013577808058173], [-107.26467636964587, 28.015094527832595], [-107.2625726337136, 28.016436047353867], [-107.2597193233053, 28.01687439521095], [-107.25846987046403, 28.015314018193124], [-107.25685052444084, 28.01425302260403], [-107.253995992177, 28.0144431684632], [-107.25299991569143, 28.013872909793502], [-107.25138022770624, 28.0127291512258], [-107.24914397274338, 28.012417665663758], [-107.24790663465993, 28.01325530699573], [-107.24281543291895, 28.01305098321792], [-107.23934258073282, 28.013742314148566], [-107.23500866481483, 28.016094860942996], [-107.23240989872609, 28.01785364601486], [-107.23292169856101, 28.020991819073252], [-107.23518663247401, 28.027174871252207], [-107.2351999005629, 28.0299037884681], [-107.23508578783839, 28.031972208601108], [-107.23434399204291, 28.032640117708432], [-107.23111040695854, 28.031592573859225], [-107.22874604866679, 28.030537578900876], [-107.22551415153087, 28.02982067573087], [-107.22315813215697, 28.03050217402338], [-107.22154669822814, 28.031094658764744], [-107.21856354413006, 28.030458191372016], [-107.21895749050974, 28.035003292850174], [-107.225306879641, 28.038423042103222], [-107.22817564639061, 28.041045072681218], [-107.22905126991175, 28.04236080838849], [-107.22869026971046, 28.044762114589712], [-107.22858280530967, 28.048236340697592], [-107.23270667521103, 28.053493920043877], [-107.23596156488037, 28.058758783969093], [-107.23709475966392, 28.061891595599754], [-107.23324609191631, 28.06225527250265], [-107.23088903737495, 28.062854244168655], [-107.2296415149616, 28.063390722461403], [-107.22419744512062, 28.06613627274081], [-107.22184734071038, 28.068223599900072], [-107.22086034337498, 28.069637802997725], [-107.22024989527675, 28.071875802277138], [-107.22039102689995, 28.0754306234177], [-107.22027782561038, 28.077747121380494], [-107.21991578051808, 28.079983021801286], [-107.21930802128696, 28.082799880361605], [-107.21795837944498, 28.08636727415713], [-107.21797368318491, 28.089592363274907], [-107.21711422267707, 28.091749753005985], [-107.21562766253331, 28.09267194902038], [-107.21277753948048, 28.094267169279128], [-107.21091391634963, 28.09428280381149], [-107.20855178146034, 28.093971791372716], [-107.20619195966358, 28.094156907864306], [-107.20209616038827, 28.095100721056404], [-107.19918282919807, 28.09672860817321], [-107.19516067598134, 28.100037458715367], [-107.19145295182831, 28.10445110463582], [-107.18749122623183, 28.10770896648514], [-107.18093033335929, 28.113386257859656], [-107.17882909383145, 28.11596708434181], [-107.17562160631442, 28.12136865723244], [-107.17389581293769, 28.124607955994687], [-107.17266129500125, 28.12652006275062], [-107.16943997813799, 28.128861753635295], [-107.16696317695556, 28.130949264483725], [-107.16548520924962, 28.13410377100367], [-107.16102513986486, 28.13753036340006], [-107.15817718067561, 28.140116910326565], [-107.15520408833154, 28.14253900509989], [-107.14609013537388, 28.138709102926587], [-107.12501847421419, 28.116928493230006], [-107.10097327060642, 28.091858345363605], [-107.08224883926191, 28.08501209569288], [-107.08184812439166, 28.08287122849736], [-107.07515058876902, 28.08367154439738], [-107.07326276435057, 28.08179091275562], [-107.07086211458008, 28.078677535818112], [-107.06959117891948, 28.076461631842214], [-107.06845519002296, 28.075069309867438], [-107.06569932278681, 28.073278488009585], [-107.06246805624802, 28.073141184930343], [-107.06011467920274, 28.073656128886906], [-107.05466794545251, 28.075104561930385], [-107.05181873227562, 28.075706051155606], [-107.04611283223852, 28.076331584778977], [-107.04400559421846, 28.076679231249855], [-107.041147876365, 28.076620762705463], [-107.03665565736398, 28.075008848962625], [-107.0346684323004, 28.075025442234775], [-107.02965877076666, 28.07176806903302], [-107.02467529685353, 28.070572209256536], [-107.01993928264957, 28.0692916488708], [-107.01812169174667, 28.072935602691434], [-107.01777382545207, 28.0749179171279], [-107.01758210626662, 28.079455742264482], [-107.01788517348878, 28.083824542562958], [-107.01720401775088, 28.088106548560557], [-107.01497301819082, 28.08937443641021], [-107.01227511863064, 28.092200773699012], [-107.01154313150462, 28.093278968861874], [-107.00921875508097, 28.096184673119723], [-107.00625058712559, 28.097281084499098], [-107.00351958377198, 28.09746825473195], [-107.00079060553767, 28.097820309705675], [-106.99679186561904, 28.095955672325818], [-106.99615752352057, 28.094888581994642], [-106.99464854164057, 28.093416149767542], [-106.99251949354587, 28.092031164814834], [-106.99050461417276, 28.089820447599273], [-106.9898380492588, 28.08611428321944], [-106.99006830156391, 28.08462783079639], [-106.97776673974522, 28.082081227352315], [-106.9762155115335, 28.082300633081417], [-106.96382787019866, 28.082278954460428], [-106.96615026969354, 28.079126553787276], [-106.9674810597497, 28.065836993707133], [-106.97100120139844, 28.059046043594265], [-106.97221024609173, 28.056314714370618], [-106.95617556820486, 28.034335585705307], [-106.95429552704493, 28.03286551432022], [-106.953530992124, 28.031221832350884], [-106.9532709321375, 28.030234084676287], [-106.95036678493278, 28.028772442685444], [-106.94125982103078, 28.034580831780488], [-106.93812327577596, 28.036446483159494], [-106.93551214166608, 28.03691125168152], [-106.92501664116621, 28.035375256503944], [-106.91817548091225, 28.036698158309598], [-106.90967041644541, 28.04048348669106], [-106.90501105553372, 28.043985120329484], [-106.89550872636491, 28.048005559859458], [-106.89095975449072, 28.052087608731412], [-106.88515917212715, 28.056733248740997], [-106.87975694122062, 28.06014197889291], [-106.8731776675318, 28.060721034831985], [-106.86448347106071, 28.061686778968205], [-106.85663596016519, 28.06357341869633], [-106.84653454278457, 28.066506834728624], [-106.83902095978715, 28.070052462785146], [-106.83447997097419, 28.073636216723294], [-106.82872582920177, 28.076045121269242], [-106.82847435160954, 28.07620742281058], [-106.82377425255308, 28.07581517038126], [-106.82142607413445, 28.07553622355393], [-106.81780552392912, 28.076730731339854], [-106.8160394327371, 28.07811497782976], [-106.80365839695409, 28.07762138649874], [-106.7965706072736, 28.078686871729257], [-106.79439111800329, 28.081886664015727], [-106.79253276179594, 28.081862062198375], [-106.79021655689235, 28.080175659117263], [-106.78770858308816, 28.08146693832852], [-106.78508610362186, 28.082342724990564], [-106.77875438439946, 28.08283787126659], [-106.77422541686212, 28.080376563552186], [-106.76640324289482, 28.081016759424134], [-106.75661397878163, 28.080967664735248], [-106.74606009239254, 28.071138585614236], [-106.74269888845159, 28.077136350509807], [-106.73992141979905, 28.079333780992265], [-106.7355101081208, 28.082502302706825], [-106.7313192978963, 28.086832744651762], [-106.72734115457133, 28.092656175394374], [-106.72678764972463, 28.10043064626698], [-106.72751585789959, 28.106401352487527], [-106.72569777937424, 28.10993629748794], [-106.72094792110457, 28.111609606478904], [-106.66606597698906, 28.073836487678136], [-106.66592916362303, 28.069198258319233], [-106.66417104561104, 28.070166817033826], [-106.66017307754771, 28.071517486501758], [-106.65389456400978, 28.075355118068547], [-106.65352257152938, 28.078412636195736], [-106.65041837540201, 28.081140338153066], [-106.64818388318552, 28.08775152015742], [-106.64644544507722, 28.090230912697677], [-106.64545226781374, 28.0938669844909], [-106.64346523103976, 28.096015867002453], [-106.64197480938941, 28.096511966146466], [-106.6197417070416, 28.097836677010253], [-106.61725780333846, 28.09601879799662], [-106.61266252140688, 28.094118214416657], [-106.60856375141452, 28.09420071356069], [-106.60595495011582, 28.096183784285092], [-106.60446358907181, 28.099489045505937], [-106.60222727264001, 28.10130681119315], [-106.59614084399196, 28.101223485744367], [-106.59229097054413, 28.099239679694456], [-106.59092487074808, 28.098661005735355], [-106.58868897467976, 28.09890850074827], [-106.58620410671799, 28.100395429162134], [-106.58210418198925, 28.10229511458578], [-106.57874912520472, 28.10477332411534], [-106.5758901477082, 28.108491122066134], [-106.57477059735126, 28.11138302789731], [-106.57451993489059, 28.115514703444255], [-106.57389748810948, 28.117910935976283], [-106.5738962431674, 28.120224713164664], [-106.57501332597514, 28.122208269976248], [-106.57613096215135, 28.123200198136566], [-106.57886387040894, 28.123944630442615], [-106.58743594028235, 28.125186049017394], [-106.5892989792052, 28.12667380892867], [-106.58668877496815, 28.129317625762013], [-106.5860671963889, 28.130143847820204], [-106.58942030092842, 28.13419355102489], [-106.5921531828286, 28.136011945894857], [-106.59090990810898, 28.13799497187841], [-106.58718235637042, 28.13766378790253], [-106.58432496967976, 28.136506341724832], [-106.57774023900194, 28.134934752723087], [-106.57239842733271, 28.132950039616684], [-106.56941649290596, 28.13278385181992], [-106.5658126575845, 28.1336916404951], [-106.56171073248585, 28.136169218084106], [-106.55934927534697, 28.13707730182892], [-106.55798256535925, 28.136911490667096], [-106.55537370213578, 28.136166702837855], [-106.55065253866636, 28.135420919431507], [-106.54754603398128, 28.13558474248784], [-106.54655166720191, 28.13599744199496], [-106.54938181725505, 28.173019380748833], [-106.55199149255664, 28.17384687990363], [-106.55472619065908, 28.173682760554144], [-106.55907633056543, 28.17418028659224], [-106.56330144782885, 28.17591714811879], [-106.56839691031709, 28.177488876486247], [-106.57212581746121, 28.177820516631076], [-106.574113448111, 28.18021745485844], [-106.57784171906911, 28.182118981655194], [-106.58256290747688, 28.187987032067806], [-106.57858397036736, 28.18988675166727], [-106.57497829433179, 28.190877482366528], [-106.57149738851773, 28.190876545997366], [-106.56677395521251, 28.189718253474222], [-106.56192584169693, 28.18930345992822], [-106.55720196432627, 28.189053810425072], [-106.55173231848232, 28.188638410968313], [-106.547132107074, 28.189297448637618], [-106.5437742371011, 28.190948561812366], [-106.54004343161859, 28.192434136045158], [-106.53817729821925, 28.194003237547136], [-106.5360609779586, 28.19730751959615], [-106.53382164298104, 28.198959000301095], [-106.53083729337366, 28.199453125922563]]]}}]}