{"type":"FeatureCollection","features":[{"type":"Feature","properties":{"id":1,"distrito_f":1,"nombre":"Distrito Federal 1","entidad":21},"geometry":{"type":"Polygon","coordinates":[[[-97.84266,20.83996],[-97.84155,20.83943],[-97.84001,20.83788],[-97.83957,20.83657],[-97.84111,20.83415],[-97.84229,20.83271],[-97.84353,20.8316],[-97.844,20.83098],[-97.84424,20.83041],[-97.84465,20.82884],[-97.84396,20.82566],[-97.84402,20.82364],[-97.84456,20.82273],[-97.8452,20.82203],[-97.84856,20.81994],[-97.84963,20.81912],[-97.8501,20.81859],[-97.8504,20.81756],[-97.84964,20.8164],[-97.84846,20.81578],[-97.8457,20.81584],[-97.8437,20.81563],[-97.84164,20.81479],[-97.83964,20.81362],[-97.83794,20.81287],[-97.83641,20.8127],[-97.835,20.81269],[-97.83465,20.81277],[-97.83465,20.8129],[-97.834,20.81293],[-97.83247,20.81276],[-97.83159,20.81222],[-97.83071,20.81131],[-97.83013,20.80998],[-97.8289,20.80824],[-97.8286,20.8082],[-97.82531,20.80905],[-97.82277,20.81131],[-97.82212,20.81225],[-97.82141,20.81287],[-97.82017,20.81422],[-97.81982,20.81492],[-97.81858,20.81628],[-97.81828,20.81657],[-97.81681,20.81751],[-97.81645,20.81792],[-97.81468,20.81944],[-97.81386,20.8198],[-97.81174,20.81971],[-97.81121,20.81958],[-97.8105,20.81966],[-97.80868,20.82035],[-97.80815,20.82089],[-97.80715,20.82138],[-97.80591,20.82104],[-97.80468,20.82046],[-97.80427,20.82016],[-97.80338,20.82016],[-97.8028,20.82003],[-97.80027,20.81907],[-97.79945,20.81894],[-97.79915,20.81919],[-97.79932,20.82059],[-97.79903,20.82088],[-97.79862,20.82055],[-97.79791,20.82025],[-97.7968,20.81905],[-97.79427,20.81813],[-97.79292,20.81701],[-97.7921,20.81696],[-97.79157,20.81708],[-97.79087,20.81687],[-97.79034,20.81633],[-97.78969,20.81596],[-97.78693,20.81524],[-97.78634,20.81515],[-97.78481,20.81519],[-97.78452,20.8151],[-97.78411,20.81477],[-97.78288,20.81332],[-97.78247,20.81195],[-97.78189,20.81063],[-97.78113,20.80972],[-97.78072,20.80972],[-97.78065,20.81091],[-97.78035,20.8119],[-97.77923,20.81334],[-97.77752,20.81519],[-97.77705,20.81593],[-97.77693,20.81638],[-97.77698,20.81762],[-97.77621,20.81984],[-97.77609,20.82071],[-97.77567,20.82158],[-97.77526,20.82232],[-97.77484,20.82281],[-97.77354,20.82404],[-97.77307,20.82486],[-97.77295,20.82523],[-97.77295,20.82561],[-97.77336,20.82672],[-97.77336,20.82778],[-97.77122,20.82598],[-97.76539,20.82254],[-97.76438,20.82157],[-97.76366,20.81992],[-97.763,20.81914],[-97.76217,20.81845],[-97.76147,20.81846],[-97.76082,20.81777],[-97.76028,20.81674],[-97.75745,20.81467],[-97.75457,20.81331],[-97.75215,20.81181],[-97.75075,20.81183],[-97.74981,20.81127],[-97.74928,20.81073],[-97.74756,20.81077],[-97.74565,20.80944],[-97.74507,20.80861],[-97.74466,20.80865],[-97.74373,20.80811],[-97.74327,20.80769],[-97.74158,20.80657],[-97.74094,20.80736],[-97.73774,20.80528],[-97.73699,20.80412],[-97.73536,20.80329],[-97.73437,20.80299],[-97.73379,20.80254],[-97.73327,20.80196],[-97.73263,20.80195],[-97.73077,20.80141],[-97.73031,20.80087],[-97.72979,20.79963],[-97.72938,20.79963],[-97.72908,20.80058],[-97.7285,20.80041],[-97.72728,20.80028],[-97.72646,20.80036],[-97.72483,20.79974],[-97.72449,20.79924],[-97.72437,20.79878],[-97.72361,20.79878],[-97.72262,20.79911],[-97.72064,20.79914],[-97.71901,20.79872],[-97.71732,20.79867],[-97.71679,20.79851],[-97.71674,20.79805],[-97.71697,20.79768],[-97.71809,20.79649],[-97.71856,20.79575],[-97.7199,20.79608],[-97.72136,20.79547],[-97.72184,20.79353],[-97.72236,20.79324],[-97.7226,20.79258],[-97.72301,20.79217],[-97.7247,20.79213],[-97.72503,20.79173],[-97.72587,20.79218],[-97.72581,20.79127],[-97.72587,20.79077],[-97.72479,20.78863],[-97.72468,20.78884],[-97.72461,20.78808],[-97.7238,20.78647],[-97.72398,20.78605],[-97.7245,20.78581],[-97.72619,20.78552],[-97.72684,20.78557],[-97.72754,20.78524],[-97.72818,20.78475],[-97.72818,20.78417],[-97.72772,20.78317],[-97.72627,20.78168],[-97.72564,20.78089],[-97.72577,20.77895],[-97.72542,20.77804],[-97.72478,20.77754],[-97.72431,20.77791],[-97.7239,20.77841],[-97.72326,20.77861],[-97.7225,20.7784],[-97.7218,20.77861],[-97.7211,20.77852],[-97.72064,20.77798],[-97.72047,20.77749],[-97.72053,20.77707],[-97.72077,20.7767],[-97.72258,20.7751],[-97.7237,20.77382],[-97.72493,20.77176],[-97.72581,20.77131],[-97.72616,20.77089],[-97.72593,20.7699],[-97.72495,20.76775],[-97.72561,20.76432],[-97.72568,20.76329],[-97.72597,20.76288],[-97.72685,20.76201],[-97.72744,20.76177],[-97.72837,20.76198],[-97.73005,20.7626],[-97.73017,20.76215],[-97.73017,20.76186],[-97.72919,20.76111],[-97.72866,20.76086],[-97.72796,20.76098],[-97.72756,20.7609],[-97.72738,20.76053],[-97.72699,20.75871],[-97.7267,20.758],[-97.72572,20.75639],[-97.72566,20.75589],[-97.72578,20.75502],[-97.72649,20.75337],[-97.72626,20.75238],[-97.7258,20.75135],[-97.72471,20.75036],[-97.72449,20.74984],[-97.72367,20.74859],[-97.72362,20.74793],[-97.72391,20.74723],[-97.72574,20.74572],[-97.7261,20.74502],[-97.72669,20.74337],[-97.72664,20.74271],[-97.72693,20.74217],[-97.72729,20.74176],[-97.72823,20.74107],[-97.73094,20.74009],[-97.73253,20.73981],[-97.73373,20.74001],[-97.73653,20.73973],[-97.73741,20.73953],[-97.73869,20.73883],[-97.75405,20.72305],[-97.75411,20.72272],[-97.75371,20.72103],[-97.75354,20.72074],[-97.75313,20.72041],[-97.75284,20.72032],[-97.75272,20.71983],[-97.75332,20.7183],[-97.75344,20.71727],[-97.75218,20.71346],[-97.75171,20.71309],[-97.75055,20.71188],[-97.75062,20.71036],[-97.7511,20.70792],[-97.75082,20.70635],[-97.75094,20.70552],[-97.75188,20.70449],[-97.75194,20.70379],[-97.75153,20.70304],[-97.75165,20.7023],[-97.75282,20.70264],[-97.75288,20.70181],[-97.75306,20.70111],[-97.75359,20.70049],[-97.75517,20.6993],[-97.75564,20.69859],[-97.75617,20.69752],[-97.75676,20.69604],[-97.7573,20.6931],[-97.75736,20.69174],[-97.75708,20.68938],[-97.75668,20.68864],[-97.7561,20.68831],[-97.75534,20.6883],[-97.75464,20.68847],[-97.75389,20.68838],[-97.7533,20.68809],[-97.75278,20.68763],[-97.74964,20.687],[-97.74854,20.68626],[-97.74784,20.686],[-97.74662,20.68625],[-97.74551,20.6867],[-97.74515,20.68699],[-97.74486,20.68752],[-97.74357,20.68897],[-97.74293,20.68929],[-97.74234,20.6895],[-97.74165,20.68958],[-97.74089,20.68933],[-97.74066,20.68809],[-97.74032,20.68759],[-97.73974,20.68734],[-97.73951,20.68668],[-97.73998,20.68461],[-97.73993,20.68313],[-97.74011,20.68255],[-97.74082,20.68135],[-97.74024,20.6809],[-97.73786,20.67973],[-97.73745,20.67911],[-97.73745,20.67849],[-97.73781,20.67725],[-97.73933,20.67688],[-97.73916,20.6763],[-97.73881,20.67585],[-97.73875,20.67539],[-97.73934,20.67523],[-97.74003,20.67552],[-97.74039,20.67511],[-97.74051,20.67433],[-97.74039,20.67391],[-97.73993,20.67362],[-97.73929,20.67259],[-97.73889,20.67213],[-97.73831,20.67184],[-97.73819,20.67134],[-97.7386,20.67081],[-97.73867,20.67002],[-97.7385,20.6687],[-97.7381,20.66725],[-97.73828,20.66659],[-97.73898,20.66577],[-97.73939,20.66502],[-97.73992,20.66461],[-97.74109,20.66429],[-97.74149,20.66404],[-97.74231,20.66404],[-97.744,20.66425],[-97.74475,20.66475],[-97.74545,20.665],[-97.7469,20.66526],[-97.74754,20.66559],[-97.7483,20.66617],[-97.74888,20.66679],[-97.74922,20.66737],[-97.74916,20.66807],[-97.74933,20.66853],[-97.75021,20.66795],[-97.75073,20.66804],[-97.75172,20.66783],[-97.7533,20.66648],[-97.75325,20.66594],[-97.75267,20.66561],[-97.75175,20.66374],[-97.75169,20.66325],[-97.75222,20.66189],[-97.75316,20.66131],[-97.75258,20.66081],[-97.7524,20.66052],[-97.75252,20.66019],[-97.75287,20.65978],[-97.75293,20.65953],[-97.75264,20.65937],[-97.75218,20.65936],[-97.75154,20.65895],[-97.75102,20.65895],[-97.75057,20.65858],[-97.75054,20.65844],[-97.7509,20.65815],[-97.75148,20.65787],[-97.75178,20.65708],[-97.75219,20.65647],[-97.75331,20.65627],[-97.75372,20.6561],[-97.75408,20.65557],[-97.75467,20.65524],[-97.75426,20.65371],[-97.75316,20.65086],[-97.75098,20.65188],[-97.75039,20.652],[-97.74998,20.65175],[-97.7487,20.64811],[-97.74759,20.64554],[-97.74748,20.64455],[-97.74713,20.64397],[-97.74678,20.6436],[-97.74602,20.64355],[-97.74449,20.64392],[-97.74378,20.64399],[-97.74178,20.64489],[-97.74148,20.64534],[-97.73925,20.64492],[-97.73772,20.64561],[-97.73755,20.64577],[-97.73678,20.64581],[-97.73631,20.64569],[-97.73426,20.64456],[-97.73367,20.64414],[-97.72987,20.64078],[-97.72823,20.63953],[-97.72799,20.63949],[-97.72694,20.63882],[-97.72618,20.63849],[-97.72459,20.6374],[-97.72407,20.63657],[-97.72275,20.63684],[-97.7232,20.63616],[-97.72402,20.63525],[-97.72484,20.63381],[-97.72508,20.63228],[-97.72496,20.63104],[-97.72454,20.63026],[-97.7236,20.62985],[-97.72266,20.62977],[-97.72213,20.62944],[-97.72224,20.6281],[-97.72293,20.62778],[-97.7234,20.62716],[-97.72352,20.62646],[-97.72341,20.62551],[-97.72306,20.62489],[-97.72107,20.6229],[-97.72025,20.6224],[-97.71831,20.62234],[-97.71749,20.62193],[-97.71696,20.62143],[-97.7155,20.62096],[-97.71432,20.62112],[-97.71344,20.62054],[-97.71297,20.62062],[-97.71256,20.62074],[-97.71209,20.62111],[-97.71191,20.62193],[-97.71161,20.62201],[-97.71155,20.62226],[-97.71144,20.62234],[-97.7112,20.62201],[-97.71162,20.61917],[-97.71192,20.61826],[-97.71222,20.61773],[-97.71169,20.61677],[-97.71152,20.61508],[-97.71164,20.61438],[-97.7126,20.61125],[-97.71319,20.61043],[-97.71348,20.60973],[-97.71343,20.60915],[-97.71296,20.60865],[-97.71243,20.60852],[-97.71102,20.6086],[-97.71014,20.60851],[-97.70961,20.60859],[-97.70879,20.60904],[-97.70767,20.6094],[-97.70608,20.60952],[-97.70414,20.61033],[-97.70303,20.61024],[-97.70209,20.60991],[-97.70138,20.60949],[-97.70092,20.60883],[-97.70022,20.60672],[-97.70017,20.60564],[-97.69999,20.60527],[-97.6997,20.60407],[-97.69953,20.60391],[-97.69818,20.60365],[-97.69753,20.60327],[-97.69595,20.60273],[-97.69431,20.60259],[-97.69419,20.60235],[-97.69384,20.60226],[-97.6929,20.60242],[-97.69237,20.60118],[-97.69243,20.60052],[-97.69315,20.59896],[-97.69333,20.59751],[-97.69386,20.59566],[-97.69451,20.59475],[-97.69499,20.59434],[-97.69528,20.59389],[-97.69546,20.59327],[-97.69617,20.59204],[-97.69699,20.59159],[-97.69735,20.5911],[-97.69759,20.59056],[-97.69771,20.58986],[-97.69788,20.58953],[-97.69807,20.58809],[-97.69825,20.58755],[-97.69796,20.58561],[-97.69922,20.58294],[-97.69907,20.58145],[-97.69904,20.58009],[-97.69913,20.57889],[-97.69872,20.57575],[-97.6988,20.57476],[-97.69857,20.57195],[-97.69781,20.56896],[-97.69794,20.56842],[-97.69672,20.5677],[-97.69482,20.56631],[-97.69383,20.56583],[-97.69295,20.56578],[-97.69219,20.56605],[-97.69189,20.5663],[-97.69171,20.56662],[-97.69187,20.56712],[-97.6915,20.56806],[-97.68986,20.5682],[-97.68939,20.56836],[-97.6889,20.56901],[-97.69058,20.57007],[-97.68964,20.57034],[-97.68812,20.57011],[-97.68805,20.57081],[-97.68757,20.57134],[-97.68656,20.57207],[-97.68466,20.57315],[-97.6839,20.57299],[-97.68387,20.57266],[-97.68446,20.57134],[-97.68504,20.57117],[-97.68451,20.57035],[-97.68393,20.5701],[-97.68322,20.57002],[-97.68205,20.56953],[-97.68081,20.56859],[-97.6804,20.56805],[-97.68152,20.56689],[-97.68093,20.56541],[-97.6828,20.56338],[-97.68157,20.56194],[-97.68268,20.56157],[-97.68297,20.56099],[-97.68291,20.55958],[-97.6835,20.55954],[-97.68285,20.55814],[-97.68338,20.55735],[-97.68361,20.55673],[-97.68402,20.5562],[-97.68455,20.55512],[-97.68484,20.55512],[-97.68385,20.55492],[-97.68297,20.55508],[-97.68238,20.55459],[-97.68185,20.55443],[-97.68179,20.55538],[-97.68109,20.55554],[-97.68015,20.55534],[-97.67933,20.55501],[-97.67853,20.5552],[-97.6777,20.55585],[-97.67711,20.55592],[-97.67659,20.55571],[-97.67482,20.55646],[-97.67298,20.55746],[-97.66819,20.55948],[-97.66692,20.55872],[-97.66646,20.55854],[-97.66581,20.55853],[-97.66459,20.55805],[-97.66355,20.55738],[-97.66223,20.55632],[-97.66066,20.55555],[-97.65873,20.55543],[-97.65786,20.555],[-97.65741,20.55446],[-97.6569,20.5535],[-97.65618,20.55163],[-97.65612,20.54895],[-97.65471,20.54909],[-97.65248,20.549],[-97.65267,20.55111],[-97.65254,20.55181],[-97.65205,20.5528],[-97.65146,20.55341],[-97.65121,20.55386],[-97.64873,20.55476],[-97.6482,20.55508],[-97.64754,20.55569],[-97.64707,20.55589],[-97.64654,20.55596],[-97.64547,20.55685],[-97.64387,20.55752],[-97.64328,20.55797],[-97.64287,20.55804],[-97.64188,20.55786],[-97.64095,20.55743],[-97.63968,20.55646],[-97.639,20.55529],[-97.63826,20.55449],[-97.63669,20.55385],[-97.63523,20.55386],[-97.63178,20.55347],[-97.62984,20.55368],[-97.62483,20.55512],[-97.62347,20.55576],[-97.62277,20.55587],[-97.62259,20.5564],[-97.62232,20.55607],[-97.62062,20.55562],[-97.61974,20.55612],[-97.61839,20.55546],[-97.61669,20.55633],[-97.61211,20.55597],[-97.61134,20.55523],[-97.61034,20.55532],[-97.60935,20.55483],[-97.6087,20.55565],[-97.60753,20.55653],[-97.60618,20.55661],[-97.60547,20.55711],[-97.6063,20.55719],[-97.60682,20.5571],[-97.60724,20.55752],[-97.60653,20.559],[-97.60677,20.55938],[-97.6073,20.55958],[-97.608,20.55929],[-97.60947,20.5597],[-97.60918,20.56052],[-97.608,20.56123],[-97.60806,20.56247],[-97.60742,20.56267],[-97.60677,20.56198],[-97.60518,20.56153],[-97.60331,20.5612],[-97.60348,20.56046],[-97.60266,20.55968],[-97.60172,20.55898],[-97.59972,20.56096],[-97.59832,20.56192],[-97.59755,20.56006],[-97.59649,20.55842],[-97.59532,20.55743],[-97.59438,20.55838],[-97.59379,20.55846],[-97.59215,20.55781],[-97.59215,20.55731],[-97.59056,20.55616],[-97.58939,20.5548],[-97.58674,20.55432],[-97.58539,20.55428],[-97.5831,20.5516],[-97.5821,20.55062],[-97.58116,20.54884],[-97.58034,20.5486],[-97.57999,20.5481],[-97.57958,20.54724],[-97.57887,20.5465],[-97.57717,20.54518],[-97.5764,20.54428],[-97.5757,20.54378],[-97.57464,20.54271],[-97.57652,20.5416],[-97.57717,20.54106],[-97.57764,20.54052],[-97.57781,20.5397],[-97.57863,20.53858],[-97.57799,20.53738],[-97.5774,20.53668],[-97.57698,20.53586],[-97.57845,20.53364],[-97.57652,20.53385],[-97.57505,20.53262],[-97.57405,20.53233],[-97.57299,20.53242],[-97.57229,20.53279],[-97.56712,20.52468],[-97.55325,20.5041],[-97.54415,20.5007],[-97.54304,20.49971],[-97.54374,20.496],[-97.54327,20.49497],[-97.54245,20.49361],[-97.54233,20.4932],[-97.54256,20.49208],[-97.54192,20.49138],[-97.54197,20.49076],[-97.54021,20.49072],[-97.53963,20.49031],[-97.53896,20.48892],[-97.53954,20.48907],[-97.5406,20.48872],[-97.54079,20.48839],[-97.54087,20.48736],[-97.5408,20.48501],[-97.5414,20.48436],[-97.54194,20.48408],[-97.54247,20.48363],[-97.54312,20.4834],[-97.54383,20.48317],[-97.54488,20.48319],[-97.54593,20.48341],[-97.54674,20.48372],[-97.54847,20.48491],[-97.54992,20.48543],[-97.55085,20.48566],[-97.55149,20.48571],[-97.5522,20.4854],[-97.55273,20.48528],[-97.55433,20.48432],[-97.55493,20.48359],[-97.55575,20.48336],[-97.55697,20.48363],[-97.55732,20.48384],[-97.55743,20.48422],[-97.55771,20.48728],[-97.55805,20.48791],[-97.55833,20.48816],[-97.55844,20.48862],[-97.56018,20.48919],[-97.56267,20.49031],[-97.56406,20.49083],[-97.5647,20.49105],[-97.5654,20.49107],[-97.56704,20.49085],[-97.56827,20.491],[-97.56978,20.4914],[-97.57082,20.49196],[-97.57193,20.49214],[-97.57457,20.49166],[-97.5755,20.49168],[-97.57614,20.49185],[-97.57749,20.49188],[-97.57837,20.49161],[-97.5789,20.49137],[-97.57917,20.48985],[-97.57923,20.48683],[-97.57968,20.48531],[-97.58124,20.48332],[-97.58138,20.48225],[-97.58168,20.4818],[-97.58329,20.48051],[-97.58483,20.47955],[-97.58503,20.47852],[-97.58482,20.47727],[-97.58449,20.47657],[-97.5848,20.47562],[-97.5854,20.47489],[-97.58577,20.47419],[-97.58649,20.47322],[-97.58792,20.47209],[-97.58929,20.47071],[-97.59196,20.46907],[-97.59262,20.46854],[-97.59356,20.46815],[-97.5941,20.46775],[-97.59412,20.46711],[-97.59468,20.46663],[-97.59601,20.465],[-97.59601,20.46475],[-97.5966,20.46447],[-97.59783,20.46437],[-97.59931,20.46394],[-97.59993,20.46193],[-97.60052,20.46186],[-97.60204,20.46197],[-97.6028,20.46186],[-97.6045,20.46185],[-97.6059,20.46208],[-97.60717,20.46289],[-97.60793,20.46315],[-97.6091,20.46321],[-97.61027,20.4629],[-97.6117,20.46202],[-97.61216,20.45934],[-97.61247,20.45869],[-97.61331,20.45779],[-97.6165,20.45632],[-97.61751,20.45547],[-97.61811,20.45511],[-97.6194,20.45464],[-97.62144,20.45489],[-97.62214,20.45511],[-97.6233,20.45571],[-97.62464,20.45578],[-97.62517,20.45537],[-97.62554,20.45484],[-97.62649,20.45416],[-97.62857,20.4523],[-97.63017,20.45159],[-97.63087,20.45147],[-97.63129,20.45107],[-97.63211,20.45067],[-97.63365,20.45016],[-97.63605,20.44984],[-97.63664,20.44931],[-97.63729,20.44672],[-97.63891,20.44456],[-97.63933,20.44412],[-97.63988,20.44381],[-97.64055,20.44242],[-97.64046,20.44089],[-97.63991,20.4394],[-97.63923,20.43827],[-97.63769,20.43667],[-97.63655,20.43504],[-97.6364,20.43376],[-97.63562,20.43205],[-97.63573,20.42941],[-97.63617,20.42818],[-97.63612,20.42781],[-97.63636,20.42719],[-97.63774,20.42573],[-97.63816,20.42512],[-97.63841,20.42455],[-97.6388,20.42278],[-97.63875,20.42199],[-97.63773,20.42065],[-97.63757,20.42007],[-97.63784,20.41834],[-97.63825,20.41808],[-97.63825,20.41697],[-97.64017,20.416],[-97.64148,20.41499],[-97.64267,20.41382],[-97.64298,20.41328],[-97.64336,20.41201],[-97.64322,20.4104],[-97.64328,20.40994],[-97.64406,20.40917],[-97.64477,20.4089],[-97.6457,20.40892],[-97.64623,20.40876],[-97.64693,20.40894],[-97.64734,20.4087],[-97.64987,20.41107],[-97.65075,20.41177],[-97.65152,20.41222],[-97.6521,20.41201],[-97.65357,20.41114],[-97.65485,20.41114],[-97.65591,20.41101],[-97.65679,20.4113],[-97.6596,20.41137],[-97.66124,20.41079],[-97.66206,20.41107],[-97.66318,20.41041],[-97.66534,20.4102],[-97.66816,20.41014],[-97.67015,20.41034],[-97.67168,20.41075],[-97.67267,20.4112],[-97.67326,20.41165],[-97.67361,20.41235],[-97.67385,20.41421],[-97.67357,20.41706],[-97.67369,20.41912],[-97.67405,20.42023],[-97.67499,20.42097],[-97.67681,20.42208],[-97.67757,20.42274],[-97.6791,20.42434],[-97.67989,20.42447],[-97.6813,20.42431],[-97.68223,20.42445],[-97.68316,20.425],[-97.68361,20.42571],[-97.68551,20.42744],[-97.68802,20.4276],[-97.68926,20.42734],[-97.69035,20.4281],[-97.6912,20.42935],[-97.69234,20.43074],[-97.69384,20.43225],[-97.69551,20.43323],[-97.69707,20.43429],[-97.69775,20.43558],[-97.69829,20.43778],[-97.69873,20.44187],[-97.69922,20.44362],[-97.70019,20.44495],[-97.70111,20.4458],[-97.70296,20.44661],[-97.70418,20.447],[-97.70563,20.44761],[-97.70655,20.44853],[-97.70699,20.44974],[-97.70712,20.45193],[-97.70767,20.45404],[-97.7087,20.45501],[-97.71044,20.45558],[-97.71333,20.45476],[-97.71989,20.45434],[-97.72081,20.45497],[-97.72132,20.45618],[-97.72235,20.45711],[-97.72577,20.45857],[-97.72721,20.45722],[-97.7278,20.45703],[-97.72834,20.45672],[-97.72954,20.45584],[-97.73195,20.45337],[-97.73346,20.45204],[-97.73283,20.45159],[-97.73315,20.44643],[-97.73338,20.44481],[-97.73378,20.44373],[-97.73442,20.44323],[-97.73501,20.4431],[-97.73548,20.44264],[-97.73618,20.44239],[-97.73719,20.44155],[-97.73854,20.44113],[-97.73971,20.44105],[-97.74188,20.44046],[-97.74276,20.44],[-97.7434,20.4393],[-97.74375,20.43847],[-97.74404,20.43682],[-97.74386,20.43596],[-97.74309,20.43443],[-97.74297,20.4334],[-97.74366,20.43043],[-97.74401,20.42964],[-97.74553,20.42737],[-97.74611,20.42555],[-97.74704,20.42382],[-97.74786,20.42266],[-97.74862,20.42216],[-97.74922,20.42107],[-97.74939,20.42098],[-97.74958,20.42016],[-97.75006,20.41913],[-97.75007,20.41794],[-97.74984,20.41719],[-97.74984,20.41678],[-97.74997,20.41596],[-97.75039,20.41484],[-97.75163,20.41386],[-97.75204,20.41374],[-97.7534,20.41288],[-97.75447,20.41202],[-97.75476,20.41157],[-97.75431,20.40947],[-97.75421,20.40802],[-97.75446,20.40679],[-97.75529,20.40506],[-97.75571,20.4044],[-97.75696,20.40305],[-97.75702,20.40255],[-97.75662,20.40078],[-97.75669,20.4],[-97.75687,20.3995],[-97.75764,20.39856],[-97.75911,20.3982],[-97.76088,20.39792],[-97.76135,20.39763],[-97.76165,20.39706],[-97.76233,20.39265],[-97.76196,20.38844],[-97.76226,20.38762],[-97.76298,20.38655],[-97.76292,20.3858],[-97.76322,20.38519],[-97.76305,20.38465],[-97.76247,20.38411],[-97.76183,20.38328],[-97.76125,20.38287],[-97.76102,20.38282],[-97.75996,20.38278],[-97.75926,20.38265],[-97.75861,20.38273],[-97.7575,20.38264],[-97.75621,20.38217],[-97.75527,20.38217],[-97.75456,20.38229],[-97.75233,20.38306],[-97.75109,20.38317],[-97.75045,20.38292],[-97.74974,20.38292],[-97.74804,20.38315],[-97.74739,20.38348],[-97.74727,20.38397],[-97.7465,20.38446],[-97.74621,20.3838],[-97.7454,20.38301],[-97.74517,20.3826],[-97.74464,20.38276],[-97.74388,20.38259],[-97.74341,20.3823],[-97.74312,20.38172],[-97.74325,20.38036],[-97.74361,20.37991],[-97.74373,20.37958],[-97.74351,20.37822],[-97.74375,20.37743],[-97.74363,20.37723],[-97.74381,20.37673],[-97.74382,20.37616],[-97.74482,20.37567],[-97.74564,20.37571],[-97.74676,20.37609],[-97.74717,20.37601],[-97.74683,20.37432],[-97.74685,20.37193],[-97.74662,20.37143],[-97.74657,20.37106],[-97.74563,20.37031],[-97.74523,20.36985],[-97.74442,20.36857],[-97.74407,20.3684],[-97.74408,20.3668],[-97.74397,20.36576],[-97.74405,20.3644],[-97.74423,20.36387],[-97.74418,20.36292],[-97.74395,20.36259],[-97.74395,20.3623],[-97.7436,20.36172],[-97.74308,20.36114],[-97.74308,20.36073],[-97.74332,20.36044],[-97.74345,20.35953],[-97.74369,20.359],[-97.7444,20.3583],[-97.74593,20.35732],[-97.74629,20.35695],[-97.74629,20.3565],[-97.746,20.35608],[-97.74548,20.35563],[-97.74302,20.35454],[-97.74238,20.35433],[-97.74144,20.35436],[-97.7405,20.35411],[-97.73969,20.35316],[-97.73975,20.35312],[-97.73911,20.35187],[-97.739,20.35138],[-97.73889,20.35129],[-97.7389,20.34932],[-97.73828,20.34729],[-97.73799,20.34679],[-97.73794,20.34609],[-97.73776,20.34564],[-97.73747,20.34568],[-97.73706,20.34547],[-97.73659,20.34546],[-97.73537,20.34488],[-97.73449,20.34463],[-97.73396,20.34425],[-97.73332,20.34408],[-97.73233,20.343],[-97.73157,20.34234],[-97.73123,20.34168],[-97.7309,20.33966],[-97.73105,20.33843],[-97.7307,20.33814],[-97.72941,20.33807],[-97.72876,20.33782],[-97.72829,20.33729],[-97.72782,20.3372],[-97.727,20.33766],[-97.72618,20.33771],[-97.72501,20.33721],[-97.72407,20.33697],[-97.72196,20.33541],[-97.72178,20.33401],[-97.72154,20.33327],[-97.72125,20.33277],[-97.71057,20.32736],[-97.71039,20.32699],[-97.70963,20.32621],[-97.70552,20.32421],[-97.70563,20.32297],[-97.70615,20.32099],[-97.69665,20.3166],[-97.69168,20.31938],[-97.69022,20.32001],[-97.68828,20.31985],[-97.68717,20.31924],[-97.68641,20.31899],[-97.68482,20.31805],[-97.68406,20.31735],[-97.68382,20.31623],[-97.68382,20.315],[-97.68346,20.31372],[-97.68229,20.31315],[-97.68141,20.31315],[-97.67989,20.31386],[-97.67889,20.31402],[-97.67848,20.31361],[-97.6776,20.313],[-97.67801,20.31097],[-97.67764,20.30718],[-97.67717,20.30644],[-97.67897,20.30623],[-97.67932,20.30586],[-97.67939,20.3054],[-97.67957,20.30512],[-97.67998,20.30504],[-97.68079,20.30517],[-97.68103,20.305],[-97.68115,20.30426],[-97.68145,20.30356],[-97.68181,20.30303],[-97.68228,20.30266],[-97.68263,20.30254],[-97.6838,20.30263],[-97.68427,20.30284],[-97.68484,20.30359],[-97.68614,20.30285],[-97.68649,20.30269],[-97.68678,20.30269],[-97.68725,20.30311],[-97.68894,20.30395],[-97.6894,20.30407],[-97.68999,20.30404],[-97.69127,20.30417],[-97.69215,20.30405],[-97.69338,20.30414],[-97.69379,20.30402],[-97.69426,20.30366],[-97.69468,20.30308],[-97.69515,20.30271],[-97.69714,20.30223],[-97.69907,20.30237],[-97.70047,20.30259],[-97.70099,20.30288],[-97.70474,20.30249],[-97.70585,20.30325],[-97.70643,20.30317],[-97.70696,20.30284],[-97.70755,20.30272],[-97.70818,20.3028],[-97.71002,20.30042],[-97.71097,20.29989],[-97.71144,20.29981],[-97.71197,20.29956],[-97.71209,20.2987],[-97.71227,20.29816],[-97.71251,20.29783],[-97.7134,20.29669],[-97.71411,20.29607],[-97.71506,20.29542],[-97.71571,20.29501],[-97.71706,20.29456],[-97.71768,20.29482],[-97.7185,20.29454],[-97.71986,20.29368],[-97.72115,20.29303],[-97.72204,20.292],[-97.72292,20.2918],[-97.72368,20.29144],[-97.72404,20.29094],[-97.72445,20.29061],[-97.72521,20.29046],[-97.72656,20.28985],[-97.72786,20.28853],[-97.72974,20.28801],[-97.73125,20.28831],[-97.73295,20.28791],[-97.73395,20.2875],[-97.73543,20.28603],[-97.73614,20.28516],[-97.73749,20.28414],[-97.73843,20.28373],[-97.73984,20.28358],[-97.74258,20.28413],[-97.74399,20.2839],[-97.74499,20.28304],[-97.74575,20.28275],[-97.74786,20.28252],[-97.74956,20.28162],[-97.75021,20.28175],[-97.75102,20.28213],[-97.75161,20.28201],[-97.75303,20.27995],[-97.75368,20.27963],[-97.75402,20.27996],[-97.75425,20.28071],[-97.7546,20.28071],[-97.75478,20.28013],[-97.75519,20.27997],[-97.75554,20.28005],[-97.75612,20.2808],[-97.75653,20.28097],[-97.75764,20.28081],[-97.75817,20.28049],[-97.75828,20.28001],[-97.75787,20.27981],[-97.75752,20.27898],[-97.75676,20.27869],[-97.7563,20.27782],[-97.75623,20.27633],[-97.75605,20.27571],[-97.75605,20.27517],[-97.75587,20.27405],[-97.75558,20.27326],[-97.75529,20.27289],[-97.75441,20.27236],[-97.75359,20.27157],[-97.75336,20.27103],[-97.75318,20.26871],[-97.75323,20.26776],[-97.75299,20.26722],[-97.75299,20.26684],[-97.75264,20.26614],[-97.75229,20.26577],[-97.75025,20.26429],[-97.74908,20.26367],[-97.74834,20.26249],[-97.74853,20.26067],[-97.7483,20.26009],[-97.74772,20.25938],[-97.74685,20.25901],[-97.74632,20.25908],[-97.74592,20.25817],[-97.74557,20.25825],[-97.7451,20.25808],[-97.74493,20.25742],[-97.7447,20.25705],[-97.74273,20.25526],[-97.74123,20.25355],[-97.74058,20.25338],[-97.73971,20.2528],[-97.73884,20.25193],[-97.7385,20.25118],[-97.73833,20.25039],[-97.73834,20.24936],[-97.73823,20.24882],[-97.73777,20.24808],[-97.73767,20.24622],[-97.7368,20.24555],[-97.73658,20.24435],[-97.73595,20.24294],[-97.73578,20.24232],[-97.73596,20.24121],[-97.73568,20.23992],[-97.73574,20.23951],[-97.73563,20.23914],[-97.73528,20.2386],[-97.73523,20.2379],[-97.73536,20.23699],[-97.73536,20.23616],[-97.73479,20.235],[-97.7348,20.2345],[-97.73562,20.2336],[-97.73651,20.23299],[-97.7368,20.23233],[-97.73776,20.22982],[-97.73789,20.22907],[-97.73772,20.22825],[-97.73755,20.22767],[-97.73709,20.22704],[-97.73674,20.22671],[-97.73616,20.22654],[-97.73481,20.22715],[-97.73452,20.22694],[-97.73364,20.22698],[-97.73317,20.2271],[-97.73259,20.2266],[-97.73253,20.22631],[-97.73219,20.22577],[-97.73207,20.22531],[-97.73214,20.22498],[-97.73331,20.224],[-97.7339,20.22376],[-97.73467,20.22323],[-97.73485,20.22261],[-97.73468,20.22219],[-97.73364,20.22082],[-97.73365,20.21987],[-97.73454,20.21835],[-97.73448,20.21802],[-97.73413,20.21756],[-97.73262,20.21664],[-97.73087,20.21014],[-97.73105,20.2099],[-97.731,20.20882],[-97.73049,20.20679],[-97.7305,20.20576],[-97.73098,20.20477],[-97.73151,20.20428],[-97.73245,20.20416],[-97.73309,20.2038],[-97.73451,20.20244],[-97.73615,20.20225],[-97.73673,20.20209],[-97.73796,20.20214],[-97.73866,20.20194],[-97.73896,20.20173],[-97.73938,20.20066],[-97.73945,20.19942],[-97.73934,20.19884],[-97.73969,20.19794],[-97.74,20.19645],[-97.74071,20.19505],[-97.74149,20.1932],[-97.74167,20.19287],[-97.74199,20.19279],[-97.74188,20.19209],[-97.74152,20.19159],[-97.74024,20.19068],[-97.74001,20.18981],[-97.73942,20.18948],[-97.73832,20.18953],[-97.73721,20.18979],[-97.7364,20.18967],[-97.73616,20.18909],[-97.73541,20.1883],[-97.73464,20.1871],[-97.73424,20.18673],[-97.73394,20.18624],[-97.73383,20.18566],[-97.73376,20.18408],[-97.73393,20.1835],[-97.73434,20.18337],[-97.73422,20.18321],[-97.733,20.18226],[-97.73218,20.18139],[-97.7313,20.18065],[-97.73043,20.18082],[-97.72968,20.18111],[-97.72939,20.18099],[-97.72845,20.17979],[-97.7281,20.1795],[-97.7274,20.17947],[-97.72671,20.17964],[-97.72595,20.17997],[-97.7256,20.17998],[-97.72421,20.1809],[-97.72422,20.18247],[-97.72445,20.18297],[-97.72509,20.18338],[-97.72568,20.18412],[-97.72545,20.18496],[-97.72539,20.18558],[-97.72545,20.18612],[-97.7258,20.18682],[-97.72587,20.18798],[-97.72575,20.18873],[-97.72529,20.18902],[-97.72378,20.18841],[-97.72238,20.18921],[-97.72203,20.18912],[-97.7214,20.18942],[-97.72099,20.18934],[-97.71994,20.18864],[-97.71936,20.18839],[-97.7179,20.1884],[-97.71761,20.18832],[-97.7165,20.18733],[-97.71481,20.18501],[-97.71283,20.1844],[-97.71265,20.1842],[-97.71259,20.18357],[-97.71213,20.1832],[-97.71125,20.18321],[-97.71038,20.1835],[-97.70957,20.18342],[-97.7084,20.18285],[-97.70805,20.18277],[-97.70776,20.18252],[-97.70695,20.18236],[-97.70514,20.18241],[-97.70451,20.1827],[-97.7027,20.18263],[-97.7023,20.1828],[-97.7016,20.18285],[-97.70096,20.18277],[-97.70003,20.1831],[-97.69927,20.18253],[-97.69828,20.1812],[-97.69722,20.17859],[-97.6967,20.17802],[-97.69599,20.17632],[-97.69523,20.17553],[-97.69459,20.1745],[-97.69424,20.17429],[-97.69389,20.17334],[-97.69377,20.17272],[-97.69394,20.17135],[-97.69359,20.17044],[-97.69254,20.16932],[-97.69125,20.16817],[-97.69055,20.16784],[-97.68904,20.16669],[-97.68828,20.16644],[-97.68741,20.16628],[-97.68625,20.16633],[-97.68514,20.16604],[-97.68369,20.16655],[-97.68101,20.16598],[-97.67956,20.16628],[-97.67915,20.16682],[-97.67881,20.16699],[-97.67706,20.16741],[-97.67654,20.16771],[-97.67422,20.16834],[-97.67364,20.16826],[-97.67184,20.16914],[-97.67009,20.16928],[-97.66881,20.16891],[-97.66794,20.16879],[-97.66736,20.16854],[-97.66672,20.16846],[-97.66631,20.1688],[-97.66608,20.16913],[-97.66497,20.1691],[-97.66329,20.16969],[-97.66248,20.16956],[-97.6616,20.16899],[-97.66119,20.16858],[-97.65963,20.16912],[-97.65933,20.16871],[-97.65904,20.1685],[-97.65945,20.16775],[-97.65933,20.16746],[-97.65944,20.16692],[-97.65921,20.16672],[-97.65915,20.1663],[-97.65839,20.16506],[-97.65775,20.16357],[-97.65763,20.16262],[-97.65733,20.16179],[-97.65721,20.16071],[-97.65773,20.15942],[-97.65814,20.15896],[-97.65965,20.15813],[-97.66052,20.15796],[-97.66092,20.15775],[-97.66173,20.15695],[-97.66197,20.15633],[-97.6615,20.15542],[-97.66103,20.15414],[-97.66103,20.15372],[-97.66137,20.15301],[-97.66166,20.15268],[-97.66334,20.15163],[-97.66375,20.15113],[-97.66386,20.15076],[-97.66375,20.15022],[-97.66328,20.14985],[-97.66328,20.14968],[-97.6627,20.14898],[-97.66228,20.1479],[-97.66141,20.14617],[-97.66111,20.14584],[-97.66087,20.14351],[-97.66052,20.14227],[-97.66022,20.14028],[-97.66028,20.13928],[-97.66068,20.1382],[-97.66201,20.13707],[-97.66271,20.13578],[-97.66288,20.13529],[-97.66322,20.13304],[-97.66357,20.13192],[-97.66444,20.1315],[-97.66473,20.13175],[-97.66602,20.13469],[-97.66672,20.13514],[-97.66724,20.13514],[-97.66782,20.13505],[-97.66875,20.13393],[-97.66944,20.1321],[-97.67002,20.13122],[-97.67054,20.13093],[-97.67095,20.13093],[-97.67229,20.13225],[-97.67275,20.13283],[-97.67345,20.13311],[-97.67456,20.13315],[-97.67566,20.13397],[-97.67607,20.13443],[-97.67683,20.13563],[-97.67765,20.13762],[-97.67807,20.1389],[-97.67865,20.13948],[-97.67911,20.1396],[-97.67969,20.13931],[-97.68004,20.13856],[-97.68027,20.13768],[-97.67986,20.13669],[-97.68003,20.13603],[-97.68055,20.13528],[-97.68171,20.1344],[-97.68188,20.1334],[-97.68182,20.13311],[-97.68234,20.13157],[-97.68327,20.13128],[-97.68397,20.13161],[-97.6849,20.13247],[-97.68525,20.13347],[-97.68584,20.13421],[-97.68636,20.13437],[-97.68723,20.134],[-97.68798,20.13266],[-97.6892,20.13079],[-97.68954,20.13037],[-97.69053,20.1295],[-97.69146,20.12908],[-97.69198,20.12858],[-97.69285,20.12832],[-97.69349,20.12824],[-97.69448,20.12773],[-97.69511,20.12723],[-97.69523,20.1269],[-97.69563,20.12652],[-97.69645,20.12606],[-97.69801,20.12543],[-97.69883,20.12597],[-97.69906,20.12646],[-97.69941,20.12671],[-97.70098,20.12728],[-97.70145,20.12794],[-97.70029,20.12924],[-97.70007,20.13015],[-97.70024,20.13052],[-97.70164,20.13251],[-97.70182,20.13321],[-97.70153,20.1345],[-97.70119,20.13525],[-97.70131,20.13566],[-97.70108,20.13666],[-97.7012,20.13741],[-97.70109,20.13886],[-97.70068,20.13928],[-97.69859,20.14028],[-97.69807,20.14045],[-97.69749,20.14],[-97.69691,20.14013],[-97.69662,20.14054],[-97.69685,20.14116],[-97.69749,20.14145],[-97.69796,20.14195],[-97.69866,20.14248],[-97.6993,20.14331],[-97.69901,20.14377],[-97.69686,20.14448],[-97.69646,20.14474],[-97.69634,20.14523],[-97.69687,20.1459],[-97.69815,20.14693],[-97.69885,20.14734],[-97.6992,20.14783],[-97.69885,20.14825],[-97.69827,20.14859],[-97.69787,20.14913],[-97.69746,20.1493],[-97.69706,20.1498],[-97.69631,20.15163],[-97.69602,20.15287],[-97.69602,20.15345],[-97.69649,20.15407],[-97.69696,20.15432],[-97.6976,20.1544],[-97.69829,20.1541],[-97.6987,20.15373],[-97.69922,20.15344],[-97.69986,20.15318],[-97.70033,20.15318],[-97.70161,20.15384],[-97.70196,20.15392],[-97.70394,20.15536],[-97.70569,20.15647],[-97.7065,20.15759],[-97.70802,20.15932],[-97.70879,20.16123],[-97.70972,20.16222],[-97.71071,20.16296],[-97.71106,20.16304],[-97.71362,20.16265],[-97.71414,20.1634],[-97.71438,20.16418],[-97.71485,20.16509],[-97.71672,20.16749],[-97.71718,20.16778],[-97.718,20.16782],[-97.71957,20.16839],[-97.7212,20.16962],[-97.72237,20.1702],[-97.72347,20.17011],[-97.72487,20.16948],[-97.7248,20.16878],[-97.72521,20.16844],[-97.72503,20.16794],[-97.72527,20.16765],[-97.72532,20.16715],[-97.72555,20.16661],[-97.72549,20.16607],[-97.72555,20.16566],[-97.72572,20.16537],[-97.72589,20.16454],[-97.72694,20.16445],[-97.72857,20.16394],[-97.72961,20.16257],[-97.72966,20.16211],[-97.73013,20.16157],[-97.73012,20.16132],[-97.73047,20.16061],[-97.73041,20.16003],[-97.73058,20.15961],[-97.73064,20.15849],[-97.73034,20.15758],[-97.73034,20.15646],[-97.73016,20.15592],[-97.73051,20.15538],[-97.73091,20.15501],[-97.73381,20.15341],[-97.73463,20.15283],[-97.73486,20.15258],[-97.73543,20.15137],[-97.73648,20.15012],[-97.73711,20.1492],[-97.73775,20.14874],[-97.73879,20.14836],[-97.73909,20.14836],[-97.74019,20.14782],[-97.74164,20.14656],[-97.74222,20.14625],[-97.74274,20.14614],[-97.74303,20.14635],[-97.7446,20.14646],[-97.746,20.14687],[-97.74664,20.14691],[-97.74722,20.14711],[-97.74844,20.14806],[-97.74879,20.14818],[-97.75048,20.14776],[-97.75187,20.14675],[-97.75285,20.14571],[-97.75442,20.14495],[-97.75541,20.14503],[-97.75628,20.14544],[-97.75652,20.14569],[-97.75791,20.14647],[-97.75861,20.14676],[-97.75966,20.14741],[-97.76106,20.14782],[-97.7617,20.14782],[-97.76205,20.14769],[-97.76414,20.14751],[-97.76478,20.14776],[-97.76589,20.14879],[-97.76624,20.14953],[-97.76654,20.15053],[-97.76654,20.15202],[-97.76684,20.15484],[-97.76679,20.15538],[-97.76586,20.15697],[-97.76581,20.15734],[-97.76692,20.15995],[-97.76664,20.16119],[-97.76624,20.16236],[-97.76635,20.16298],[-97.76671,20.16372],[-97.76659,20.16456],[-97.76689,20.16493],[-97.76712,20.16497],[-97.76886,20.16388],[-97.77106,20.162],[-97.77164,20.16112],[-97.77192,20.15979],[-97.7721,20.15938],[-97.7725,20.15884],[-97.7743,20.15754],[-97.77517,20.15666],[-97.77551,20.15587],[-97.77557,20.1555],[-97.77626,20.15421],[-97.7769,20.15346],[-97.77811,20.15279],[-97.77846,20.15241],[-97.77962,20.15016],[-97.78014,20.14979],[-97.78083,20.14945],[-97.78124,20.14936],[-97.78182,20.14899],[-97.78263,20.14886],[-97.78368,20.14885],[-97.78432,20.14872],[-97.78606,20.14813],[-97.78681,20.14771],[-97.78699,20.14759],[-97.78698,20.14676],[-97.78692,20.14647],[-97.78634,20.14568],[-97.78646,20.14543],[-97.78733,20.14485],[-97.78947,20.14434],[-97.78994,20.14392],[-97.79069,20.14346],[-97.79174,20.14308],[-97.79255,20.14237],[-97.79284,20.14183],[-97.79277,20.14087],[-97.79299,20.13751],[-97.79311,20.13722],[-97.79397,20.13642],[-97.79542,20.1353],[-97.79571,20.13488],[-97.79594,20.13409],[-97.79681,20.13383],[-97.79815,20.13383],[-97.79856,20.1337],[-97.79954,20.13278],[-97.80122,20.13165],[-97.80186,20.13111],[-97.8022,20.13065],[-97.80325,20.12981],[-97.80406,20.12894],[-97.80602,20.12573],[-97.80648,20.12485],[-97.80659,20.12431],[-97.80676,20.12211],[-97.80641,20.121],[-97.80565,20.11992],[-97.80564,20.11967],[-97.80582,20.11934],[-97.80622,20.11909],[-97.80727,20.11875],[-97.80849,20.11862],[-97.80988,20.11815],[-97.81058,20.11765],[-97.81098,20.11698],[-97.81109,20.11653],[-97.81109,20.1157],[-97.81161,20.11453],[-97.81195,20.11312],[-97.8123,20.11245],[-97.81282,20.11174],[-97.81351,20.11108],[-97.81374,20.11062],[-97.81374,20.10946],[-97.81402,20.10808],[-97.81396,20.10767],[-97.81415,20.10701],[-97.81523,20.1055],[-97.81493,20.10434],[-97.81493,20.10397],[-97.81644,20.10425],[-97.81737,20.10416],[-97.81819,20.10391],[-97.81859,20.10357],[-97.8201,20.1029],[-97.82265,20.10218],[-97.82469,20.10213],[-97.82696,20.10236],[-97.83015,20.10193],[-97.83155,20.10208],[-97.83242,20.1027],[-97.83411,20.10369],[-97.83557,20.10414],[-97.83592,20.10409],[-97.8365,20.1038],[-97.83707,20.10338],[-97.83817,20.10213],[-97.83933,20.10063],[-97.83979,20.09975],[-97.84054,20.09904],[-97.84129,20.09742],[-97.84129,20.09696],[-97.84146,20.09638],[-97.84134,20.09514],[-97.84098,20.09402],[-97.84092,20.09261],[-97.84068,20.09223],[-97.84004,20.09162],[-97.8402,20.09075],[-97.84066,20.09054],[-97.84253,20.09037],[-97.84276,20.08987],[-97.84357,20.08892],[-97.84462,20.08804],[-97.84561,20.08762],[-97.84678,20.08757],[-97.84765,20.0874],[-97.84812,20.08703],[-97.84963,20.08615],[-97.8512,20.08482],[-97.85196,20.08461],[-97.85283,20.08456],[-97.85348,20.08464],[-97.85547,20.08542],[-97.85576,20.08542],[-97.85675,20.085],[-97.85716,20.08471],[-97.8578,20.0845],[-97.85885,20.08425],[-97.85996,20.0842],[-97.86084,20.08395],[-97.86142,20.08328],[-97.86229,20.08294],[-97.86282,20.0829],[-97.86393,20.08302],[-97.86539,20.08364],[-97.8668,20.084],[-97.86797,20.08445],[-97.86868,20.08511],[-97.8695,20.08561],[-97.87096,20.08572],[-97.87219,20.08555],[-97.87371,20.0855],[-97.87458,20.08567],[-97.876,20.08628],[-97.87735,20.08719],[-97.87882,20.0888],[-97.87988,20.08958],[-97.8807,20.08937],[-97.88145,20.08895],[-97.88308,20.08832],[-97.88396,20.08819],[-97.88495,20.08782],[-97.88577,20.08773],[-97.8866,20.08889],[-97.88712,20.08905],[-97.88782,20.08892],[-97.88951,20.08808],[-97.89051,20.08874],[-97.89192,20.09006],[-97.89259,20.09024],[-97.89305,20.09059],[-97.89376,20.09053],[-97.89449,20.09008],[-97.89504,20.08986],[-97.89614,20.08961],[-97.89671,20.08963],[-97.89788,20.08945],[-97.89817,20.08887],[-97.8984,20.08783],[-97.89839,20.08651],[-97.89867,20.0853],[-97.89901,20.08452],[-97.89995,20.08422],[-97.90065,20.08418],[-97.90158,20.0838],[-97.90245,20.0833],[-97.90268,20.08305],[-97.90332,20.08168],[-97.90384,20.08113],[-97.90424,20.08093],[-97.90535,20.07993],[-97.90569,20.07926],[-97.90566,20.0787],[-97.9065,20.07829],[-97.90738,20.07729],[-97.9082,20.07596],[-97.90831,20.07509],[-97.90878,20.0741],[-97.90937,20.07223],[-97.90925,20.07178],[-97.90942,20.07037],[-97.90966,20.06962],[-97.91042,20.06792],[-97.91048,20.06755],[-97.91048,20.06693],[-97.91024,20.06519],[-97.91024,20.06404],[-97.91071,20.06255],[-97.91083,20.06143],[-97.91065,20.0604],[-97.91071,20.05949],[-97.91106,20.05812],[-97.91088,20.05655],[-97.911,20.05618],[-97.91083,20.05486],[-97.91106,20.05485],[-97.91135,20.05448],[-97.91199,20.05394],[-97.91293,20.05356],[-97.91486,20.0523],[-97.91521,20.05155],[-97.91573,20.05077],[-97.91655,20.05022],[-97.91719,20.04989],[-97.91824,20.04967],[-97.92006,20.04949],[-97.92111,20.04919],[-97.92543,20.04862],[-97.92695,20.04807],[-97.92783,20.04736],[-97.92876,20.04686],[-97.92975,20.04661],[-97.93086,20.0466],[-97.93156,20.04672],[-97.93332,20.04666],[-97.93419,20.04678],[-97.937,20.04688],[-97.94278,20.04758],[-97.94681,20.04862],[-97.94775,20.04878],[-97.95003,20.0498],[-97.95137,20.05012],[-97.95529,20.05232],[-97.95698,20.05301],[-97.95891,20.05353],[-97.96043,20.05335],[-97.96265,20.05259],[-97.96411,20.05221],[-97.96487,20.05183],[-97.96744,20.0509],[-97.96901,20.05014],[-97.96972,20.04964],[-97.97053,20.04922],[-97.97129,20.04901],[-97.97199,20.04859],[-97.97328,20.04717],[-97.97421,20.04589],[-97.97515,20.04484],[-97.97667,20.04417],[-97.97748,20.04412],[-97.97859,20.04341],[-97.97912,20.04283],[-97.97947,20.04221],[-97.97959,20.04179],[-97.98034,20.04067],[-97.98087,20.04009],[-97.98134,20.03921],[-97.98274,20.03858],[-97.98303,20.03788],[-97.98309,20.0373],[-97.98373,20.03651],[-97.98431,20.03617],[-97.98712,20.03487],[-97.9877,20.03486],[-97.98858,20.03502],[-97.98957,20.03547],[-97.99027,20.03563],[-97.99086,20.0355],[-97.99132,20.03525],[-97.99156,20.03475],[-97.99144,20.0338],[-97.99173,20.0333],[-97.99214,20.03292],[-97.99278,20.03275],[-97.99448,20.03258],[-97.99518,20.03278],[-97.9967,20.03351],[-97.99757,20.03367],[-97.99822,20.03354],[-97.99915,20.03295],[-98.00026,20.03166],[-98.00102,20.03041],[-98.00125,20.02938],[-98.00166,20.02851],[-98.00219,20.0278],[-98.00259,20.02784],[-98.00359,20.02845],[-98.00733,20.02834],[-98.00762,20.0285],[-98.00774,20.02883],[-98.00733,20.0292],[-98.00686,20.02946],[-98.00622,20.02954],[-98.00552,20.02996],[-98.0054,20.0305],[-98.00482,20.03092],[-98.004,20.03122],[-98.00324,20.03209],[-98.00248,20.03334],[-98.00231,20.03383],[-98.00207,20.03574],[-98.00213,20.03636],[-98.00254,20.03755],[-98.00365,20.03982],[-98.00383,20.04044],[-98.00406,20.04201],[-98.00442,20.04262],[-98.00488,20.04324],[-98.00629,20.04426],[-98.0081,20.04491],[-98.00886,20.04561],[-98.00944,20.04676],[-98.00956,20.048],[-98.00956,20.0506],[-98.00892,20.05272],[-98.00869,20.05458],[-98.00869,20.05574],[-98.00904,20.05664],[-98.00863,20.05747],[-98.00811,20.05756],[-98.00764,20.05777],[-98.00735,20.05806],[-98.00735,20.05848],[-98.00758,20.05881],[-98.00793,20.05909],[-98.00945,20.06011],[-98.00969,20.06057],[-98.0136,20.06409],[-98.01384,20.06454],[-98.0136,20.06699],[-98.01366,20.06806],[-98.01402,20.06996],[-98.01513,20.07239],[-98.01519,20.0735],[-98.01495,20.07413],[-98.01466,20.07458],[-98.01408,20.07509],[-98.01373,20.07517],[-98.0132,20.07563],[-98.01233,20.07667],[-98.01192,20.07829],[-98.01198,20.08031],[-98.01139,20.08205],[-98.01134,20.08251],[-98.01169,20.08271],[-98.01245,20.08262],[-98.01262,20.08279],[-98.01391,20.08294],[-98.0149,20.08207],[-98.01525,20.08153],[-98.01554,20.08136],[-98.01642,20.08019],[-98.01683,20.0799],[-98.01846,20.07947],[-98.02022,20.07834],[-98.02156,20.07771],[-98.02436,20.07682],[-98.02512,20.07648],[-98.02653,20.0761],[-98.02834,20.07526],[-98.02915,20.07475],[-98.03137,20.07321],[-98.03196,20.07291],[-98.03383,20.07141],[-98.03534,20.07003],[-98.0368,20.06774],[-98.03762,20.06575],[-98.03814,20.06525],[-98.04136,20.06312],[-98.04182,20.06299],[-98.04229,20.06336],[-98.04223,20.06373],[-98.04182,20.06452],[-98.04177,20.06502],[-98.04212,20.06646],[-98.04206,20.06737],[-98.04194,20.0677],[-98.04119,20.06845],[-98.04078,20.0692],[-98.04095,20.07011],[-98.04148,20.07048],[-98.04189,20.07175],[-98.04195,20.07225],[-98.0416,20.07337],[-98.04189,20.07403],[-98.04283,20.07423],[-98.04429,20.0743],[-98.04592,20.07453],[-98.04703,20.07378],[-98.04791,20.07369],[-98.04937,20.07471],[-98.05048,20.07573],[-98.05088,20.07634],[-98.05124,20.07635],[-98.05189,20.07527],[-98.05264,20.07295],[-98.05288,20.07162],[-98.05317,20.07112],[-98.05363,20.07091],[-98.0548,20.07003],[-98.05503,20.06925],[-98.0555,20.06875],[-98.05585,20.06866],[-98.0562,20.06833],[-98.05644,20.06808],[-98.05661,20.06762],[-98.05692,20.0674],[-98.05738,20.06754],[-98.05817,20.06926],[-98.05845,20.07196],[-98.05897,20.07325],[-98.06008,20.07458],[-98.06007,20.07566],[-98.06099,20.07683],[-98.06241,20.07693],[-98.06492,20.07553],[-98.06521,20.07607],[-98.06562,20.07652],[-98.06661,20.07738],[-98.06691,20.07737],[-98.06714,20.07712],[-98.06731,20.07634],[-98.0677,20.07625],[-98.06803,20.07641],[-98.06832,20.07671],[-98.06876,20.07685],[-98.06941,20.0766],[-98.06992,20.07656],[-98.07235,20.07572],[-98.07327,20.07577],[-98.07462,20.07487],[-98.07503,20.07528],[-98.07532,20.0759],[-98.07544,20.07796],[-98.07556,20.07858],[-98.07638,20.08126],[-98.07632,20.08188],[-98.07568,20.08358],[-98.07562,20.08441],[-98.07591,20.0859],[-98.07656,20.0866],[-98.07895,20.08748],[-98.07954,20.08798],[-98.07948,20.08731],[-98.07965,20.0869],[-98.07954,20.08645],[-98.07954,20.08558],[-98.07971,20.08545],[-98.08006,20.08561],[-98.08071,20.08664],[-98.08141,20.08697],[-98.08211,20.08808],[-98.08217,20.08845],[-98.08252,20.08923],[-98.08404,20.09083],[-98.08469,20.09124],[-98.08545,20.09156],[-98.0865,20.09242],[-98.08755,20.09237],[-98.08849,20.09274],[-98.08901,20.09281],[-98.08971,20.0931],[-98.09059,20.09375],[-98.09118,20.09404],[-98.09147,20.09416],[-98.09205,20.09413],[-98.09235,20.09444],[-98.0934,20.09683],[-98.09457,20.0986],[-98.09481,20.09984],[-98.09604,20.10177],[-98.09668,20.10259],[-98.09773,20.10337],[-98.09896,20.10377],[-98.10101,20.10359],[-98.10206,20.10275],[-98.10369,20.10067],[-98.10959,20.09487],[-98.11105,20.093],[-98.11151,20.09258],[-98.11146,20.09382],[-98.11099,20.09643],[-98.11064,20.09916],[-98.11152,20.09936],[-98.11275,20.09898],[-98.11532,20.0985],[-98.11573,20.09879],[-98.1159,20.09969],[-98.11591,20.10069],[-98.11608,20.10164],[-98.11626,20.10201],[-98.1179,20.1029],[-98.11912,20.10335],[-98.11948,20.10371],[-98.12129,20.10448],[-98.12269,20.10526],[-98.12351,20.10529],[-98.12596,20.10481],[-98.12754,20.10435],[-98.12778,20.10467],[-98.1283,20.10579],[-98.12807,20.10724],[-98.12848,20.10727],[-98.12997,20.10683],[-98.1296,20.10794],[-98.12953,20.10864],[-98.12953,20.10918],[-98.13004,20.11047],[-98.13014,20.11292],[-98.12989,20.11445],[-98.12929,20.11607],[-98.1281,20.11778],[-98.12809,20.11844],[-98.12679,20.11985],[-98.12667,20.12056],[-98.1269,20.12126],[-98.12665,20.12263],[-98.12641,20.12317],[-98.12576,20.12355],[-98.12559,20.12355],[-98.12354,20.12289],[-98.12273,20.12243],[-98.12249,20.12239],[-98.12115,20.12165],[-98.1204,20.12099],[-98.12011,20.12007],[-98.11965,20.11982],[-98.11894,20.11991],[-98.11741,20.12053],[-98.11589,20.12087],[-98.11472,20.12087],[-98.1129,20.12067],[-98.11209,20.12046],[-98.11156,20.12079],[-98.1109,20.12212],[-98.11013,20.1227],[-98.11001,20.12295],[-98.1096,20.1232],[-98.10901,20.12383],[-98.10883,20.1242],[-98.10876,20.12499],[-98.10852,20.1257],[-98.10745,20.12727],[-98.10704,20.12769],[-98.10674,20.12823],[-98.10639,20.12844],[-98.10586,20.12852],[-98.10509,20.1291],[-98.10531,20.13043],[-98.10577,20.1313],[-98.10653,20.13209],[-98.10658,20.13251],[-98.10627,20.1345],[-98.10667,20.13558],[-98.10672,20.13686],[-98.1063,20.13798],[-98.10547,20.13873],[-98.10494,20.13902],[-98.10346,20.14064],[-98.10316,20.14127],[-98.10257,20.1421],[-98.10215,20.14247],[-98.10168,20.1433],[-98.10138,20.14347],[-98.10126,20.14376],[-98.10079,20.14434],[-98.10072,20.14497],[-98.10095,20.14608],[-98.10083,20.14697],[-98.1013,20.14693],[-98.10182,20.14668],[-98.10229,20.14635],[-98.10275,20.14585],[-98.1028,20.1444],[-98.10309,20.14411],[-98.10391,20.14423],[-98.10507,20.14328],[-98.10553,20.14311],[-98.10612,20.14307],[-98.10664,20.14331],[-98.10699,20.1436],[-98.10781,20.14372],[-98.10822,20.14392],[-98.1088,20.14396],[-98.10915,20.14383],[-98.1095,20.14396],[-98.11038,20.14395],[-98.11108,20.14494],[-98.11149,20.14526],[-98.11185,20.14547],[-98.11266,20.14567],[-98.11313,20.1455],[-98.11383,20.14546],[-98.11429,20.14533],[-98.11552,20.14533],[-98.11686,20.14577],[-98.11791,20.14585],[-98.1206,20.14654],[-98.12107,20.14658],[-98.12188,20.14628],[-98.12304,20.1452],[-98.12362,20.14512],[-98.12433,20.1454],[-98.12724,20.14534],[-98.12823,20.14505],[-98.13512,20.14543],[-98.13647,20.14723],[-98.13612,20.14773],[-98.13612,20.14831],[-98.13729,20.14834],[-98.13729,20.14863],[-98.13753,20.14892],[-98.13817,20.14925],[-98.13835,20.14999],[-98.13893,20.15031],[-98.13923,20.15035],[-98.13952,20.15064],[-98.13982,20.15147],[-98.13953,20.15204],[-98.13959,20.1525],[-98.13988,20.15295],[-98.14018,20.15311],[-98.14005,20.15452],[-98.13976,20.15515],[-98.13911,20.1556],[-98.13846,20.15556],[-98.13771,20.15469],[-98.13695,20.15411],[-98.13637,20.15403],[-98.1359,20.15416],[-98.13537,20.15453],[-98.13472,20.15545],[-98.13526,20.15582],[-98.13558,20.15677],[-98.13545,20.15827],[-98.1355,20.15872],[-98.13462,20.15935],[-98.13362,20.15947],[-98.13215,20.1606],[-98.13191,20.16089],[-98.13176,20.1613],[-98.13196,20.16172],[-98.13283,20.16255],[-98.13382,20.16379],[-98.13434,20.16416],[-98.13527,20.1652],[-98.13497,20.1657],[-98.13474,20.16574],[-98.13421,20.1657],[-98.13287,20.16516],[-98.13239,20.16562],[-98.13245,20.16599],[-98.13291,20.16661],[-98.13349,20.16711],[-98.13373,20.16719],[-98.13402,20.16753],[-98.13383,20.16848],[-98.13388,20.1691],[-98.1337,20.16964],[-98.13311,20.17064],[-98.13316,20.17134],[-98.13268,20.17247],[-98.13243,20.17442],[-98.1324,20.1751],[-98.13248,20.1755],[-98.13099,20.17737],[-98.13158,20.17832],[-98.1324,20.17922],[-98.13287,20.18025],[-98.13223,20.1803],[-98.13071,20.17981],[-98.1303,20.18002],[-98.13013,20.18068],[-98.12967,20.18097],[-98.12827,20.18156],[-98.12804,20.18201],[-98.1277,20.18321],[-98.12776,20.18433],[-98.12842,20.18713],[-98.12895,20.18742],[-98.12936,20.18808],[-98.1293,20.18857],[-98.12942,20.18919],[-98.13112,20.18964],[-98.13229,20.18975],[-98.13322,20.19024],[-98.13398,20.1909],[-98.13469,20.19131],[-98.1361,20.19287],[-98.13651,20.19436],[-98.13781,20.19716],[-98.13863,20.19744],[-98.13893,20.19847],[-98.13922,20.19859],[-98.13958,20.19905],[-98.13964,20.19954],[-98.13993,20.19979],[-98.1404,20.20053],[-98.14099,20.20073],[-98.14244,20.20076],[-98.14297,20.20088],[-98.14385,20.20175],[-98.14432,20.20191],[-98.14478,20.20186],[-98.14537,20.20207],[-98.14566,20.20231],[-98.1459,20.20293],[-98.14631,20.20359],[-98.14678,20.20375],[-98.14818,20.20395],[-98.14859,20.2042],[-98.14918,20.20523],[-98.15053,20.2067],[-98.15112,20.20819],[-98.152,20.2088],[-98.15306,20.20933],[-98.15358,20.20912],[-98.15405,20.20991],[-98.15429,20.21115],[-98.1555,20.21301],[-98.15561,20.21384],[-98.15584,20.21438],[-98.15631,20.21496],[-98.15659,20.2155],[-98.1567,20.21641],[-98.15652,20.21674],[-98.1552,20.21737],[-98.15528,20.21787],[-98.15369,20.21907],[-98.15292,20.21945],[-98.15263,20.21995],[-98.15221,20.22011],[-98.15116,20.2202],[-98.14981,20.22053],[-98.14881,20.22056],[-98.14741,20.22122],[-98.1473,20.222],[-98.14771,20.22258],[-98.14783,20.22316],[-98.14778,20.22398],[-98.14738,20.22556],[-98.14732,20.22622],[-98.14756,20.22737],[-98.15038,20.22963],[-98.1512,20.23061],[-98.15415,20.23551],[-98.15608,20.23748],[-98.15644,20.23855],[-98.1568,20.24033],[-98.15785,20.23971],[-98.15896,20.23941],[-98.15948,20.23879],[-98.15979,20.23931],[-98.16018,20.23973],[-98.16118,20.23964],[-98.16159,20.23939],[-98.17577,20.25256],[-98.17675,20.25381],[-98.17874,20.25451],[-98.18155,20.25529],[-98.1823,20.25579],[-98.18289,20.25603],[-98.18399,20.25711],[-98.18533,20.25802],[-98.18632,20.2591],[-98.18667,20.25926],[-98.18738,20.25869],[-98.18848,20.25814],[-98.18971,20.25818],[-98.1903,20.25875],[-98.191,20.25858],[-98.19146,20.258],[-98.19298,20.25799],[-98.1932,20.25721],[-98.19414,20.25691],[-98.19512,20.25497],[-98.19581,20.25438],[-98.19739,20.25425],[-98.19814,20.2535],[-98.19872,20.25255],[-98.19936,20.2518],[-98.19982,20.25147],[-98.20022,20.25039],[-98.20127,20.24981],[-98.20186,20.25005],[-98.20279,20.24996],[-98.20307,20.24909],[-98.20295,20.24781],[-98.20341,20.24699],[-98.20435,20.2471],[-98.20487,20.24669],[-98.2051,20.24607],[-98.2062,20.24569],[-98.20673,20.24577],[-98.2076,20.24543],[-98.20801,20.24506],[-98.20847,20.24448],[-98.20882,20.24377],[-98.20899,20.24315],[-98.2088,20.24162],[-98.20839,20.24006],[-98.20867,20.23935],[-98.20942,20.23786],[-98.21017,20.23687],[-98.21058,20.23686],[-98.2121,20.23615],[-98.21244,20.23549],[-98.21291,20.23499],[-98.21337,20.23487],[-98.21331,20.23511],[-98.21373,20.2355],[-98.2147,20.23571],[-98.21541,20.23614],[-98.21588,20.23625],[-98.2162,20.23738],[-98.21756,20.23704],[-98.21823,20.23644],[-98.21876,20.23612],[-98.21953,20.23589],[-98.221,20.23581],[-98.22248,20.23535],[-98.22301,20.23536],[-98.22333,20.23433],[-98.22354,20.23309],[-98.22401,20.23298],[-98.22442,20.2332],[-98.22552,20.23348],[-98.2261,20.23375],[-98.22662,20.2343],[-98.22694,20.23543],[-98.22756,20.23607],[-98.22797,20.23609],[-98.22899,20.23553],[-98.22959,20.23492],[-98.23125,20.23422],[-98.23209,20.23362],[-98.23234,20.233],[-98.23236,20.23234],[-98.23214,20.23196],[-98.23221,20.23134],[-98.23309,20.22945],[-98.23328,20.22875],[-98.23452,20.22646],[-98.23478,20.22531],[-98.23475,20.2246],[-98.23488,20.22386],[-98.2356,20.22342],[-98.23726,20.22268],[-98.24034,20.22168],[-98.24153,20.22097],[-98.24186,20.2199],[-98.24207,20.2187],[-98.24255,20.21805],[-98.24327,20.21744],[-98.24387,20.21705],[-98.24434,20.2171],[-98.24492,20.21745],[-98.24518,20.2174],[-98.24553,20.21827],[-98.24594,20.21877],[-98.24741,20.21954],[-98.24992,20.21982],[-98.25044,20.21977],[-98.25184,20.21885],[-98.25259,20.21798],[-98.25323,20.2174],[-98.25404,20.21703],[-98.25532,20.21681],[-98.25556,20.21648],[-98.25643,20.21602],[-98.25759,20.21585],[-98.25864,20.21526],[-98.25945,20.21501],[-98.26004,20.21497],[-98.26246,20.21589],[-98.26441,20.21756],[-98.26494,20.21789],[-98.26606,20.21817],[-98.26741,20.21869],[-98.26783,20.21964],[-98.26755,20.22159],[-98.26727,20.22266],[-98.26589,20.2252],[-98.26812,20.22597],[-98.2687,20.22522],[-98.26945,20.22463],[-98.27021,20.22413],[-98.27219,20.22365],[-98.27336,20.22289],[-98.27597,20.22076],[-98.27702,20.22079],[-98.27808,20.22103],[-98.27977,20.22097],[-98.28151,20.21929],[-98.28244,20.21871],[-98.28328,20.22081],[-98.28389,20.22291],[-98.28395,20.22349],[-98.28419,20.22411],[-98.28439,20.22671],[-98.2843,20.22961],[-98.28455,20.23081],[-98.28531,20.2308],[-98.28514,20.23151],[-98.28509,20.23229],[-98.28516,20.23291],[-98.28487,20.23383],[-98.28447,20.23445],[-98.28221,20.23671],[-98.28122,20.23738],[-98.28082,20.23805],[-98.28088,20.23871],[-98.28048,20.23954],[-98.28009,20.24157],[-98.28005,20.24318],[-98.27907,20.24493],[-98.27751,20.24619],[-98.27672,20.24741],[-98.27638,20.24902],[-98.2762,20.25113],[-98.27668,20.25318],[-98.27718,20.25415],[-98.27786,20.25504],[-98.27826,20.25551],[-98.28089,20.25696],[-98.28208,20.2571],[-98.28288,20.25812],[-98.28326,20.25921],[-98.28329,20.26017],[-98.28278,20.26181],[-98.28222,20.2628],[-98.28116,20.26513],[-98.2802,20.26602],[-98.27639,20.26795],[-98.27396,20.26884],[-98.27253,20.26967],[-98.26824,20.27188],[-98.26719,20.27258],[-98.2669,20.27312],[-98.26609,20.2739],[-98.26591,20.27477],[-98.26556,20.27556],[-98.26521,20.27606],[-98.26451,20.27664],[-98.26434,20.2773],[-98.26358,20.27821],[-98.26341,20.2795],[-98.26347,20.28045],[-98.26236,20.28194],[-98.26207,20.28298],[-98.26113,20.2843],[-98.2602,20.28596],[-98.25577,20.287],[-98.25618,20.28774],[-98.25665,20.28824],[-98.25659,20.28973],[-98.25642,20.29031],[-98.25653,20.2906],[-98.2563,20.29217],[-98.25636,20.29329],[-98.25723,20.29457],[-98.25735,20.29507],[-98.25735,20.29565],[-98.25752,20.29602],[-98.2584,20.29648],[-98.25816,20.29739],[-98.25712,20.29859],[-98.25502,20.30004],[-98.25467,20.301],[-98.25327,20.30108],[-98.25286,20.30158],[-98.2521,20.30195],[-98.25123,20.30187],[-98.25036,20.30166],[-98.24954,20.30162],[-98.24832,20.30108],[-98.24622,20.30125],[-98.24453,20.30212],[-98.24342,20.30286],[-98.2422,20.3034],[-98.24156,20.3039],[-98.24091,20.30423],[-98.24027,20.30398],[-98.23794,20.30477],[-98.23637,20.30452],[-98.23596,20.3041],[-98.23573,20.30348],[-98.23549,20.30319],[-98.23509,20.30303],[-98.23456,20.3022],[-98.23441,20.30068],[-98.23307,20.30032],[-98.23223,20.2966],[-98.23166,20.29594],[-98.23057,20.29506],[-98.22941,20.29449],[-98.22825,20.29421],[-98.22625,20.29419],[-98.22436,20.29456],[-98.2231,20.2934],[-98.22182,20.29324],[-98.22043,20.29258],[-98.21745,20.29196],[-98.21577,20.29117],[-98.21483,20.29126],[-98.21363,20.29202],[-98.21215,20.29248],[-98.20965,20.29399],[-98.20797,20.29531],[-98.20685,20.29553],[-98.20505,20.29461],[-98.20431,20.29388],[-98.20055,20.29191],[-98.19956,20.29155],[-98.19758,20.29104],[-98.19653,20.29089],[-98.19494,20.29084],[-98.19349,20.29047],[-98.19284,20.29066],[-98.19159,20.29125],[-98.19122,20.29165],[-98.19067,20.29239],[-98.19056,20.29269],[-98.19063,20.29338],[-98.19039,20.29425],[-98.19028,20.29447],[-98.18975,20.29466],[-98.18882,20.29375],[-98.18852,20.29387],[-98.18635,20.29421],[-98.18512,20.29409],[-98.18242,20.29459],[-98.18137,20.29443],[-98.1802,20.29397],[-98.17926,20.29389],[-98.17785,20.29456],[-98.17813,20.29601],[-98.17806,20.29659],[-98.17811,20.29775],[-98.17846,20.29809],[-98.17963,20.29875],[-98.17992,20.29904],[-98.18088,20.30256],[-98.18088,20.30298],[-98.1804,20.30397],[-98.17998,20.30447],[-98.17974,20.30501],[-98.17962,20.30539],[-98.17968,20.30597],[-98.1792,20.30696],[-98.17919,20.30788],[-98.17907,20.30829],[-98.17872,20.30846],[-98.17854,20.30888],[-98.17853,20.30929],[-98.17882,20.3102],[-98.17898,20.31116],[-98.17956,20.31257],[-98.17985,20.3129],[-98.17996,20.31331],[-98.18024,20.31526],[-98.18023,20.31655],[-98.17998,20.31717],[-98.17995,20.31773],[-98.18013,20.31823],[-98.18053,20.31856],[-98.18071,20.31893],[-98.18077,20.31951],[-98.18036,20.32046],[-98.17966,20.32133],[-98.17983,20.32369],[-98.17919,20.32477],[-98.17948,20.32726],[-98.17942,20.32767],[-98.17907,20.32813],[-98.17919,20.32887],[-98.17965,20.32945],[-98.17977,20.32978],[-98.17965,20.33098],[-98.17936,20.33136],[-98.17913,20.33194],[-98.17954,20.33326],[-98.18035,20.3343],[-98.18088,20.33529],[-98.1807,20.3372],[-98.17983,20.33811],[-98.17924,20.33997],[-98.17907,20.34188],[-98.17924,20.34254],[-98.17901,20.34295],[-98.17854,20.34304],[-98.17807,20.34295],[-98.17784,20.34303],[-98.17685,20.34279],[-98.17615,20.34291],[-98.17574,20.34283],[-98.17533,20.3437],[-98.17499,20.34382],[-98.17405,20.34361],[-98.1723,20.34279],[-98.17219,20.34221],[-98.17178,20.34212],[-98.17149,20.34171],[-98.17044,20.3415],[-98.17009,20.34129],[-98.16974,20.34092],[-98.16933,20.34088],[-98.16881,20.34067],[-98.16793,20.33976],[-98.16595,20.3386],[-98.16426,20.3386],[-98.1635,20.33839],[-98.16158,20.33972],[-98.16065,20.34021],[-98.15977,20.33901],[-98.15942,20.33785],[-98.15972,20.33669],[-98.16048,20.33508],[-98.16036,20.33466],[-98.15989,20.33408],[-98.15849,20.33297],[-98.1582,20.33259],[-98.15756,20.33297],[-98.15593,20.33247],[-98.155,20.33234],[-98.15418,20.33234],[-98.15325,20.33201],[-98.15197,20.33073],[-98.15039,20.33131],[-98.14969,20.33097],[-98.14754,20.3306],[-98.14672,20.33015],[-98.14486,20.33147],[-98.14451,20.33205],[-98.14451,20.3335],[-98.14532,20.33404],[-98.14538,20.33482],[-98.14491,20.33507],[-98.14359,20.33422],[-98.14318,20.3338],[-98.14148,20.33331],[-98.14101,20.33331],[-98.14037,20.33277],[-98.13873,20.33294],[-98.13661,20.33361],[-98.13602,20.33398],[-98.13314,20.33503],[-98.13249,20.33565],[-98.13143,20.33627],[-98.1309,20.33644],[-98.12867,20.33657],[-98.12761,20.33678],[-98.12602,20.33794],[-98.12542,20.33848],[-98.12471,20.3394],[-98.12418,20.3399],[-98.12434,20.3411],[-98.12463,20.34189],[-98.1252,20.34305],[-98.1259,20.34392],[-98.12642,20.34475],[-98.1267,20.34608],[-98.12481,20.34753],[-98.1238,20.34861],[-98.11962,20.35028],[-98.11798,20.3507],[-98.11733,20.35107],[-98.11709,20.35149],[-98.11662,20.35182],[-98.1165,20.35211],[-98.11583,20.35279],[-98.11709,20.35337],[-98.11704,20.35386],[-98.11669,20.35448],[-98.11645,20.35635],[-98.11622,20.3568],[-98.11558,20.35734],[-98.11394,20.35817],[-98.11318,20.35953],[-98.11307,20.36053],[-98.11307,20.36123],[-98.11545,20.36364],[-98.11283,20.36392],[-98.10822,20.36413],[-98.10688,20.36483],[-98.10659,20.36504],[-98.10642,20.36537],[-98.10612,20.36624],[-98.10589,20.36736],[-98.10554,20.36756],[-98.1067,20.36864],[-98.10729,20.3698],[-98.10793,20.37042],[-98.10816,20.37092],[-98.10851,20.37258],[-98.10897,20.37345],[-98.1095,20.37403],[-98.10996,20.37523],[-98.10839,20.37519],[-98.10693,20.37531],[-98.10594,20.37506],[-98.10466,20.3756],[-98.10302,20.37531],[-98.10209,20.37531],[-98.09573,20.38214],[-98.09357,20.38662],[-98.08992,20.39065],[-98.08975,20.39218],[-98.09006,20.39372],[-98.09014,20.39542],[-98.08979,20.39659],[-98.09009,20.39709],[-98.09021,20.39771],[-98.08928,20.3983],[-98.08834,20.39859],[-98.08694,20.39943],[-98.08161,20.40191],[-98.07948,20.40317],[-98.07677,20.404],[-98.07708,20.40561],[-98.07664,20.40727],[-98.077,20.4078],[-98.07913,20.40951],[-98.0746,20.4159],[-98.07555,20.41647],[-98.07626,20.41758],[-98.07663,20.41865],[-98.07735,20.41861],[-98.07719,20.42056],[-98.07696,20.4211],[-98.07667,20.42144],[-98.07561,20.42144],[-98.07509,20.42178],[-98.07422,20.42307],[-98.07381,20.42395],[-98.07348,20.42582],[-98.07249,20.42707],[-98.07179,20.42841],[-98.07157,20.42949],[-98.07104,20.43016],[-98.0704,20.43078],[-98.06871,20.43183],[-98.06626,20.43463],[-98.06551,20.43526],[-98.06404,20.4361],[-98.06363,20.43622],[-98.06304,20.43569],[-98.06239,20.43565],[-98.06081,20.4362],[-98.06052,20.4367],[-98.05901,20.43816],[-98.05801,20.43862],[-98.05731,20.43863],[-98.05619,20.43888],[-98.0542,20.43956],[-98.0535,20.43998],[-98.05286,20.44085],[-98.05205,20.44169],[-98.05096,20.4419],[-98.05037,20.44121],[-98.05025,20.44075],[-98.04941,20.43969],[-98.04905,20.43903],[-98.04823,20.43883],[-98.04746,20.43806],[-98.04739,20.43765],[-98.04669,20.43712],[-98.04586,20.43672],[-98.04464,20.43694],[-98.04412,20.43761],[-98.04349,20.43869],[-98.04281,20.44011],[-98.04206,20.44057],[-98.04059,20.43976],[-98.04012,20.43977],[-98.03966,20.44002],[-98.03868,20.44132],[-98.03799,20.44207],[-98.03771,20.44278],[-98.03714,20.44378],[-98.03651,20.44453],[-98.03517,20.44476],[-98.03436,20.44539],[-98.03368,20.44697],[-98.03333,20.44726],[-98.03269,20.44719],[-98.03013,20.44809],[-98.02966,20.44805],[-98.02925,20.44773],[-98.02707,20.44859],[-98.02666,20.44864],[-98.02525,20.4484],[-98.02472,20.44844],[-98.0239,20.44932],[-98.02243,20.44916],[-98.02138,20.44916],[-98.02026,20.44975],[-98.02009,20.45021],[-98.01992,20.45121],[-98.01963,20.45183],[-98.01835,20.45275],[-98.01772,20.45463],[-98.01748,20.45492],[-98.01684,20.45521],[-98.01602,20.45526],[-98.01425,20.45506],[-98.01285,20.45523],[-98.01261,20.45582],[-98.01268,20.45627],[-98.01292,20.45673],[-98.01374,20.45702],[-98.01409,20.4573],[-98.01398,20.45776],[-98.01399,20.45838],[-98.01529,20.45909],[-98.01266,20.46172],[-98.01243,20.46243],[-98.01262,20.46359],[-98.01387,20.46537],[-98.01429,20.46624],[-98.01282,20.46671],[-98.01247,20.46654],[-98.01235,20.46634],[-98.01146,20.46601],[-98.01123,20.46605],[-98.00999,20.46552],[-98.00928,20.46498],[-98.00881,20.46481],[-98.00805,20.4649],[-98.00647,20.46581],[-98.00584,20.46652],[-98.00556,20.46731],[-98.00496,20.47005],[-98.00427,20.47092],[-98.003,20.47226],[-98.00155,20.47286],[-98.00121,20.47357],[-98.00145,20.47427],[-98.00146,20.47493],[-98.00118,20.47589],[-98.00043,20.47656],[-97.99957,20.47752],[-97.99376,20.48467],[-97.99404,20.48509],[-97.99364,20.48609],[-97.99359,20.48717],[-97.99331,20.48908],[-97.99343,20.48975],[-97.99322,20.49191],[-97.99272,20.49264],[-97.99239,20.49343],[-97.99176,20.49438],[-97.99108,20.49517],[-97.98987,20.49584],[-97.98916,20.49639],[-97.99016,20.4984],[-97.9934,20.50055],[-97.99348,20.50167],[-97.99289,20.50532],[-97.99255,20.50607],[-97.99256,20.50677],[-97.99205,20.50839],[-97.99151,20.51129],[-97.99088,20.51237],[-97.98968,20.514],[-97.9887,20.51497],[-97.98829,20.51526],[-97.98759,20.51543],[-97.98677,20.51532],[-97.98607,20.51562],[-97.98509,20.51658],[-97.9851,20.517],[-97.98543,20.51734],[-97.98474,20.51793],[-97.98462,20.51876],[-97.9837,20.52117],[-97.9823,20.52208],[-97.98154,20.52275],[-97.98102,20.52387],[-97.98073,20.52528],[-97.98015,20.52603],[-97.9791,20.52579],[-97.9784,20.5255],[-97.97788,20.52571],[-97.9773,20.52666],[-97.97671,20.52667],[-97.97636,20.52687],[-97.97596,20.52758],[-97.97549,20.52804],[-97.97462,20.528],[-97.97386,20.5285],[-97.97363,20.52892],[-97.97305,20.52892],[-97.9724,20.52909],[-97.97171,20.53046],[-97.97042,20.5305],[-97.9699,20.53084],[-97.96932,20.53159],[-97.96903,20.5325],[-97.96892,20.53333],[-97.96962,20.53382],[-97.97178,20.53427],[-97.97289,20.5346],[-97.97394,20.53456],[-97.97516,20.5348],[-97.97639,20.53571],[-97.97767,20.53633],[-97.97867,20.53715],[-97.9789,20.53794],[-97.97879,20.53877],[-97.97826,20.53969],[-97.97745,20.54081],[-97.97699,20.54205],[-97.97653,20.5455],[-97.97659,20.54645],[-97.97648,20.54737],[-97.97625,20.54853],[-97.97579,20.54998],[-97.97485,20.55094],[-97.97346,20.55335],[-97.973,20.55385],[-97.97183,20.55481],[-97.97143,20.55535],[-97.97137,20.55622],[-97.97096,20.55726],[-97.97003,20.55755],[-97.96968,20.55784],[-97.96933,20.55834],[-97.96759,20.55976],[-97.96677,20.56063],[-97.96579,20.56229],[-97.96538,20.56263],[-97.96468,20.56292],[-97.96392,20.56309],[-97.96252,20.56384],[-97.96113,20.56442],[-97.96037,20.56443],[-97.96002,20.56401],[-97.96042,20.56347],[-97.9606,20.56285],[-97.95961,20.56251],[-97.95898,20.56211],[-97.95804,20.5623],[-97.95716,20.56219],[-97.95635,20.56204],[-97.95484,20.5615],[-97.95379,20.56134],[-97.95255,20.5616],[-97.95189,20.56195],[-97.94739,20.56586],[-97.94713,20.56656],[-97.94642,20.56691],[-97.94565,20.5671],[-97.94494,20.56749],[-97.94224,20.56733],[-97.94136,20.56751],[-97.94041,20.56811],[-97.93964,20.56838],[-97.93815,20.56913],[-97.93727,20.56918],[-97.93693,20.56884],[-97.93598,20.56902],[-97.93564,20.5688],[-97.93519,20.56804],[-97.93474,20.56757],[-97.93421,20.5676],[-97.93363,20.56746],[-97.93293,20.5671],[-97.9318,20.56765],[-97.93067,20.56837],[-97.92958,20.56942],[-97.92922,20.56999],[-97.92896,20.57069],[-97.92658,20.57391],[-97.92534,20.57616],[-97.92486,20.57673],[-97.9239,20.57749],[-97.92329,20.57818],[-97.92286,20.57888],[-97.92254,20.58008],[-97.92217,20.58069],[-97.92168,20.58126],[-97.92122,20.58108],[-97.91987,20.581],[-97.91875,20.58109],[-97.91597,20.58452],[-97.91477,20.58505],[-97.91392,20.58619],[-97.91303,20.58642],[-97.91227,20.58627],[-97.91081,20.58619],[-97.90969,20.58649],[-97.90921,20.58693],[-97.90929,20.58801],[-97.90971,20.58986],[-97.90966,20.59148],[-97.9094,20.59255],[-97.90788,20.59438],[-97.90761,20.59546],[-97.90712,20.59623],[-97.90633,20.59704],[-97.90607,20.59799],[-97.9059,20.59986],[-97.90519,20.604],[-97.90518,20.60458],[-97.90743,20.60582],[-97.90846,20.60668],[-97.90873,20.60744],[-97.90789,20.60804],[-97.90558,20.60872],[-97.9041,20.60951],[-97.90189,20.61273],[-97.90105,20.61354],[-97.89904,20.61606],[-97.8982,20.61682],[-97.89777,20.61735],[-97.89757,20.61814],[-97.89599,20.62021],[-97.89549,20.62116],[-97.89473,20.62317],[-97.89465,20.62375],[-97.8949,20.6253],[-97.89545,20.62653],[-97.89631,20.62722],[-97.89703,20.62874],[-97.89729,20.6297],[-97.89845,20.62982],[-97.89892,20.63044],[-97.89944,20.63173],[-97.89992,20.63554],[-97.90027,20.63691],[-97.90086,20.63815],[-97.90232,20.64047],[-97.90314,20.64097],[-97.90431,20.64188],[-97.90554,20.64258],[-97.90717,20.64378],[-97.90805,20.64477],[-97.90852,20.64568],[-97.90887,20.64663],[-97.909,20.64954],[-97.90947,20.65082],[-97.91052,20.6519],[-97.9114,20.65335],[-97.91134,20.65418],[-97.91082,20.65455],[-97.91,20.65542],[-97.90948,20.65717],[-97.9096,20.65825],[-97.9089,20.65908],[-97.90873,20.65967],[-97.90809,20.6607],[-97.90815,20.6619],[-97.90809,20.66286],[-97.90903,20.66576],[-97.91021,20.66799],[-97.91079,20.66936],[-97.91144,20.67044],[-97.91249,20.67143],[-97.91296,20.6723],[-97.91331,20.67329],[-97.91337,20.67462],[-97.91396,20.67607],[-97.91519,20.67756],[-97.91595,20.67884],[-97.91607,20.67992],[-97.9159,20.68104],[-97.91438,20.68237],[-97.91328,20.68362],[-97.91386,20.6854],[-97.91416,20.68685],[-97.913,20.68806],[-97.91148,20.68894],[-97.91014,20.68944],[-97.90599,20.68999],[-97.9053,20.69099],[-97.90541,20.69186],[-97.90437,20.69294],[-97.90361,20.6939],[-97.9032,20.6951],[-97.90286,20.69664],[-97.90081,20.69726],[-97.90064,20.69789],[-97.8986,20.69868],[-97.89983,20.69963],[-97.90275,20.70307],[-97.90386,20.70373],[-97.90626,20.70306],[-97.90766,20.70413],[-97.90877,20.70421],[-97.90959,20.70375],[-97.91058,20.70396],[-97.91525,20.70448],[-97.91607,20.70481],[-97.91718,20.70605],[-97.91783,20.71057],[-97.91854,20.71297],[-97.91942,20.7143],[-97.92661,20.71772],[-97.92784,20.71875],[-97.92913,20.72041],[-97.9303,20.72223],[-97.93054,20.72385],[-97.93007,20.72464],[-97.9289,20.72555],[-97.92523,20.72702],[-97.92366,20.72798],[-97.92301,20.72868],[-97.92162,20.73089],[-97.92045,20.73217],[-97.91859,20.73467],[-97.91649,20.73662],[-97.91498,20.73833],[-97.91434,20.73978],[-97.91225,20.74643],[-97.91593,20.7477],[-97.91442,20.75173],[-97.91466,20.75227],[-97.91595,20.75417],[-97.91666,20.7567],[-97.91666,20.7577],[-97.91648,20.7579],[-97.91602,20.75774],[-97.9156,20.75704],[-97.9149,20.75642],[-97.91327,20.75571],[-97.9128,20.75563],[-97.91164,20.75821],[-97.91123,20.75875],[-97.9107,20.75912],[-97.90913,20.759],[-97.90129,20.77956],[-97.89977,20.78284],[-97.89926,20.78591],[-97.89798,20.78865],[-97.8953,20.79525],[-97.8949,20.79774],[-97.89184,20.80613],[-97.88659,20.81997],[-97.8789,20.83392],[-97.87726,20.8337],[-97.87639,20.83388],[-97.87534,20.8336],[-97.87128,20.83168],[-97.8677,20.8336],[-97.8659,20.83425],[-97.86376,20.83524],[-97.86248,20.83567],[-97.85874,20.8349],[-97.85557,20.83404],[-97.85407,20.83497],[-97.85093,20.83544],[-97.84931,20.83641],[-97.8461,20.83936],[-97.84266,20.83996]]]}},{"type":"Feature","properties":{"id":2,"distrito_f":2,"nombre":"Distrito Federal 2","entidad":21},"geometry":{"type":"Polygon","coordinates":[[[-97.61462,20.18649],[-97.61404,20.18608],[-97.61351,20.1855],[-97.61293,20.18542],[-97.61229,20.18559],[-97.61183,20.18538],[-97.61136,20.18472],[-97.61014,20.18435],[-97.60961,20.18394],[-97.60985,20.18346],[-97.61008,20.18234],[-97.61007,20.18131],[-97.60989,20.18036],[-97.60894,20.17785],[-97.60882,20.17703],[-97.60882,20.17612],[-97.60899,20.17529],[-97.60975,20.17438],[-97.61126,20.17297],[-97.61167,20.17227],[-97.61201,20.17132],[-97.61219,20.17045],[-97.612,20.16789],[-97.61158,20.166],[-97.60668,20.15752],[-97.60966,20.15721],[-97.61042,20.15688],[-97.61171,20.15687],[-97.6134,20.15637],[-97.61463,20.15562],[-97.61462,20.15406],[-97.60834,20.15128],[-97.60645,20.1477],[-97.60632,20.14423],[-97.60378,20.14057],[-97.60279,20.14053],[-97.60191,20.14062],[-97.60179,20.13996],[-97.60243,20.13934],[-97.60272,20.13835],[-97.60318,20.13789],[-97.60324,20.13702],[-97.60347,20.13615],[-97.60405,20.13524],[-97.60416,20.13438],[-97.60468,20.13322],[-97.60526,20.13252],[-97.60544,20.13165],[-97.60514,20.13082],[-97.60507,20.12954],[-97.60484,20.12864],[-97.60401,20.1274],[-97.60413,20.12703],[-97.60336,20.12567],[-97.60364,20.12402],[-97.60343,20.12376],[-97.60332,20.12326],[-97.60308,20.12293],[-97.60279,20.12214],[-97.60232,20.11974],[-97.60191,20.11862],[-97.60103,20.1173],[-97.59946,20.11544],[-97.59911,20.11519],[-97.59731,20.11507],[-97.59707,20.11491],[-97.59672,20.11296],[-97.59627,20.11229],[-97.5959,20.11197],[-97.59549,20.11184],[-97.59514,20.11189],[-97.59404,20.11256],[-97.59305,20.1124],[-97.59271,20.11265],[-97.59242,20.11302],[-97.59166,20.11356],[-97.59079,20.11344],[-97.59038,20.11328],[-97.58951,20.11196],[-97.58916,20.11171],[-97.58829,20.1118],[-97.58811,20.11192],[-97.5873,20.1118],[-97.58672,20.11118],[-97.58607,20.11073],[-97.58502,20.10911],[-97.58456,20.1087],[-97.58374,20.10846],[-97.58206,20.10838],[-97.58153,20.10793],[-97.58118,20.1076],[-97.58124,20.1066],[-97.58106,20.10548],[-97.58059,20.1047],[-97.58001,20.10391],[-97.57937,20.10341],[-97.57861,20.10325],[-97.57823,20.10305],[-97.5782,20.10247],[-97.57855,20.1018],[-97.57948,20.1008],[-97.58,20.10084],[-97.58029,20.10013],[-97.58011,20.09885],[-97.5804,20.09698],[-97.57881,20.09644],[-97.57776,20.09649],[-97.57594,20.09579],[-97.57536,20.09538],[-97.57465,20.09469],[-97.57412,20.09324],[-97.57405,20.0918],[-97.57346,20.0904],[-97.57316,20.08929],[-97.5731,20.08805],[-97.56488,20.08478],[-97.56667,20.08411],[-97.56801,20.08325],[-97.56913,20.08268],[-97.57076,20.08211],[-97.57146,20.08207],[-97.5738,20.08254],[-97.57526,20.08317],[-97.57648,20.08379],[-97.57729,20.08463],[-97.57759,20.0843],[-97.57759,20.08372],[-97.57823,20.08298],[-97.57877,20.07991],[-97.57895,20.0795],[-97.57959,20.079],[-97.58187,20.07873],[-97.58274,20.07894],[-97.58554,20.07912],[-97.58654,20.07908],[-97.58776,20.07872],[-97.58905,20.07818],[-97.59162,20.07749],[-97.59238,20.07679],[-97.59332,20.07414],[-97.5935,20.0734],[-97.59345,20.07124],[-97.59334,20.0707],[-97.59299,20.06991],[-97.59235,20.06946],[-97.59159,20.06924],[-97.59112,20.06858],[-97.59072,20.06824],[-97.58903,20.06728],[-97.58745,20.06624],[-97.58716,20.06549],[-97.58699,20.0647],[-97.58723,20.06367],[-97.58793,20.06276],[-97.59179,20.0612],[-97.59226,20.06083],[-97.59255,20.06029],[-97.59273,20.05947],[-97.59285,20.0581],[-97.59274,20.0576],[-97.5928,20.05677],[-97.59251,20.05515],[-97.59228,20.05474],[-97.59222,20.05399],[-97.59257,20.05304],[-97.59322,20.0523],[-97.59345,20.05184],[-97.59375,20.05056],[-97.59327,20.05011],[-97.59298,20.04949],[-97.5928,20.04758],[-97.59303,20.0465],[-97.59302,20.04608],[-97.59267,20.04384],[-97.59191,20.04186],[-97.5915,20.04016],[-97.59115,20.03937],[-97.59074,20.039],[-97.59009,20.03784],[-97.5898,20.03672],[-97.58962,20.03585],[-97.58974,20.03477],[-97.58997,20.03377],[-97.59049,20.03253],[-97.59159,20.03161],[-97.59234,20.03136],[-97.59548,20.03101],[-97.59768,20.0305],[-97.59826,20.03],[-97.59936,20.02821],[-97.60011,20.028],[-97.60035,20.028],[-97.60151,20.02853],[-97.60512,20.03059],[-97.60628,20.03083],[-97.60849,20.03111],[-97.60977,20.03098],[-97.61134,20.03106],[-97.61261,20.02989],[-97.61307,20.02922],[-97.61376,20.02694],[-97.61382,20.02648],[-97.61439,20.02477],[-97.61467,20.02257],[-97.61397,20.02211],[-97.61357,20.02156],[-97.61328,20.02094],[-97.61159,20.01869],[-97.61136,20.0177],[-97.61154,20.01704],[-97.61218,20.01621],[-97.61294,20.01547],[-97.61335,20.01539],[-97.61429,20.01552],[-97.61627,20.0166],[-97.61691,20.01652],[-97.6175,20.01553],[-97.61756,20.01528],[-97.61704,20.01366],[-97.61658,20.01126],[-97.61652,20.01014],[-97.61658,20.00948],[-97.61699,20.00774],[-97.61694,20.00732],[-97.61613,20.00554],[-97.61608,20.00209],[-97.6179,19.99717],[-97.61849,19.99585],[-97.6189,19.99535],[-97.61937,19.99498],[-97.61855,19.99427],[-97.61791,19.9934],[-97.61762,19.99269],[-97.61704,19.9919],[-97.61593,19.99148],[-97.61529,19.9911],[-97.61495,19.99052],[-97.61407,19.99027],[-97.61366,19.98998],[-97.61343,19.98969],[-97.61337,19.9889],[-97.61215,19.98823],[-97.61117,19.98607],[-97.61024,19.98494],[-97.60863,19.98478],[-97.60831,19.98394],[-97.60773,19.98348],[-97.60732,19.98364],[-97.60703,19.98435],[-97.60673,19.98551],[-97.60627,19.98571],[-97.6058,19.98575],[-97.6051,19.98546],[-97.60458,19.98508],[-97.60399,19.98503],[-97.60358,19.98619],[-97.60352,19.98665],[-97.60363,19.98893],[-97.60357,19.98963],[-97.60345,19.98996],[-97.60234,19.99104],[-97.601,19.99149],[-97.59942,19.99131],[-97.59837,19.99147],[-97.59732,19.99184],[-97.59685,19.99213],[-97.59656,19.99246],[-97.59592,19.99283],[-97.59568,19.99283],[-97.59531,19.99213],[-97.59498,19.99214],[-97.59475,19.99104],[-97.59429,19.99087],[-97.59432,19.98966],[-97.59382,19.98935],[-97.59327,19.98879],[-97.59211,19.98799],[-97.59215,19.98697],[-97.59272,19.98593],[-97.59394,19.98427],[-97.59417,19.98327],[-97.5945,19.98025],[-97.59462,19.97991],[-97.59554,19.97896],[-97.59729,19.97823],[-97.59799,19.9782],[-97.59851,19.97842],[-97.59893,19.97845],[-97.59934,19.97824],[-97.60009,19.97646],[-97.60037,19.97618],[-97.60096,19.97625],[-97.60155,19.97666],[-97.60355,19.97761],[-97.60459,19.97769],[-97.605,19.97735],[-97.60493,19.9759],[-97.60579,19.97416],[-97.60585,19.97337],[-97.60514,19.97188],[-97.60478,19.97134],[-97.60454,19.96977],[-97.60459,19.96877],[-97.60544,19.96685],[-97.60574,19.96562],[-97.60667,19.96388],[-97.60754,19.96309],[-97.60917,19.96196],[-97.60969,19.9615],[-97.6098,19.96109],[-97.60968,19.96076],[-97.60875,19.96047],[-97.60851,19.95931],[-97.60892,19.95919],[-97.60967,19.95848],[-97.60971,19.95574],[-97.61029,19.95454],[-97.61087,19.95383],[-97.61075,19.9535],[-97.60987,19.95313],[-97.60917,19.95297],[-97.60753,19.95218],[-97.60752,19.95082],[-97.60798,19.95007],[-97.60804,19.94949],[-97.6078,19.94887],[-97.6078,19.94849],[-97.60809,19.94779],[-97.61059,19.94781],[-97.61095,19.94762],[-97.61106,19.94741],[-97.61178,19.94753],[-97.61258,19.94753],[-97.61251,19.94578],[-97.61216,19.94465],[-97.61167,19.94383],[-97.6113,19.94281],[-97.61131,19.94239],[-97.61092,19.94154],[-97.61196,19.94099],[-97.61307,19.93952],[-97.61328,19.9387],[-97.61298,19.93675],[-97.61397,19.93629],[-97.61432,19.93558],[-97.61426,19.93517],[-97.61385,19.93475],[-97.61344,19.93451],[-97.61279,19.93422],[-97.61092,19.93364],[-97.61063,19.93344],[-97.60992,19.93207],[-97.60904,19.9322],[-97.6084,19.93195],[-97.60804,19.93104],[-97.60756,19.9291],[-97.60697,19.92835],[-97.60656,19.92823],[-97.60621,19.92827],[-97.60546,19.92902],[-97.60523,19.92902],[-97.60482,19.92877],[-97.60499,19.92869],[-97.60522,19.92827],[-97.60504,19.92707],[-97.60521,19.92662],[-97.60521,19.9262],[-97.6055,19.92591],[-97.60556,19.92545],[-97.60579,19.92529],[-97.6104,19.92515],[-97.61151,19.92486],[-97.61314,19.92377],[-97.61354,19.92323],[-97.61441,19.92269],[-97.61675,19.92239],[-97.61727,19.92214],[-97.61739,19.92189],[-97.61714,19.92048],[-97.61679,19.92007],[-97.61544,19.91921],[-97.61485,19.9185],[-97.61368,19.91743],[-97.61374,19.91718],[-97.61356,19.91681],[-97.61402,19.91623],[-97.61437,19.91606],[-97.61536,19.91589],[-97.61609,19.91595],[-97.61607,19.91512],[-97.61661,19.91439],[-97.61667,19.91394],[-97.61656,19.91349],[-97.61668,19.91256],[-97.61657,19.91203],[-97.61716,19.91117],[-97.6174,19.9106],[-97.6177,19.91024],[-97.61771,19.90938],[-97.61702,19.908],[-97.61668,19.9071],[-97.61651,19.90584],[-97.61676,19.90458],[-97.617,19.90417],[-97.6173,19.90307],[-97.61778,19.90234],[-97.61808,19.90145],[-97.61837,19.9012],[-97.61902,19.9001],[-97.61891,19.89986],[-97.61827,19.89933],[-97.61822,19.89913],[-97.61816,19.89864],[-97.61835,19.89721],[-97.61819,19.89632],[-97.61702,19.89563],[-97.61622,19.89412],[-97.61664,19.89347],[-97.61792,19.8931],[-97.61927,19.89294],[-97.61962,19.89302],[-97.62114,19.89298],[-97.62202,19.89274],[-97.6226,19.89237],[-97.62402,19.89079],[-97.62437,19.89054],[-97.62538,19.88892],[-97.62614,19.88795],[-97.62662,19.88737],[-97.62739,19.88684],[-97.62757,19.88648],[-97.6271,19.88615],[-97.62682,19.88566],[-97.62624,19.88497],[-97.62583,19.88464],[-97.6255,19.8831],[-97.6251,19.88208],[-97.62464,19.88143],[-97.62353,19.88126],[-97.62312,19.88102],[-97.62301,19.88082],[-97.6226,19.88069],[-97.62133,19.87947],[-97.62035,19.87744],[-97.61989,19.87699],[-97.61966,19.87691],[-97.61897,19.87601],[-97.61862,19.87597],[-97.61792,19.87528],[-97.61746,19.8752],[-97.61728,19.87507],[-97.61747,19.87422],[-97.61788,19.87381],[-97.6183,19.87275],[-97.61913,19.87174],[-97.61919,19.8708],[-97.61868,19.86962],[-97.61747,19.86738],[-97.61725,19.86665],[-97.6165,19.86579],[-97.6153,19.86319],[-97.61512,19.86298],[-97.6149,19.86213],[-97.61461,19.8618],[-97.61422,19.8603],[-97.61546,19.85814],[-97.61571,19.85721],[-97.61676,19.85639],[-97.61694,19.85627],[-97.61776,19.85615],[-97.61811,19.85619],[-97.61875,19.85648],[-97.61922,19.85652],[-97.61945,19.85627],[-97.61952,19.85566],[-97.61935,19.85452],[-97.61937,19.85277],[-97.61926,19.85151],[-97.61934,19.84996],[-97.61923,19.84948],[-97.61918,19.84793],[-97.61925,19.84748],[-97.61908,19.84618],[-97.61915,19.84573],[-97.61903,19.84512],[-97.61904,19.8441],[-97.61877,19.84227],[-97.61879,19.84056],[-97.61892,19.8391],[-97.6191,19.83877],[-97.62021,19.83812],[-97.6207,19.83625],[-97.62105,19.83572],[-97.6217,19.83511],[-97.62218,19.83393],[-97.62238,19.83173],[-97.6225,19.83121],[-97.62274,19.83076],[-97.62328,19.82832],[-97.62448,19.82514],[-97.6246,19.82502],[-97.62485,19.82392],[-97.62526,19.82299],[-97.62569,19.82148],[-97.62563,19.82124],[-97.62605,19.82059],[-97.62576,19.81981],[-97.62618,19.81851],[-97.62613,19.81786],[-97.62625,19.81737],[-97.62667,19.81668],[-97.62673,19.81627],[-97.62756,19.81509],[-97.6278,19.81444],[-97.6285,19.81395],[-97.62904,19.81322],[-97.63015,19.81286],[-97.63126,19.81286],[-97.63167,19.81253],[-97.63144,19.81159],[-97.63151,19.81119],[-97.63146,19.81029],[-97.63059,19.80993],[-97.63012,19.80956],[-97.63048,19.80834],[-97.6309,19.80748],[-97.63125,19.80716],[-97.63231,19.80659],[-97.63324,19.80659],[-97.63377,19.80692],[-97.63493,19.8072],[-97.63563,19.80728],[-97.6375,19.8072],[-97.63814,19.80708],[-97.6399,19.80639],[-97.64078,19.80623],[-97.6423,19.80623],[-97.64318,19.80578],[-97.64283,19.80489],[-97.64268,19.8031],[-97.64239,19.80224],[-97.64234,19.8013],[-97.64212,19.80033],[-97.64197,19.79723],[-97.6421,19.79577],[-97.64177,19.79418],[-97.64184,19.79288],[-97.64138,19.79202],[-97.64116,19.79125],[-97.64133,19.79093],[-97.6411,19.79052],[-97.64088,19.7895],[-97.64094,19.78922],[-97.64072,19.78767],[-97.63997,19.78686],[-97.63846,19.78653],[-97.63731,19.78478],[-97.63522,19.78339],[-97.63517,19.78282],[-97.63435,19.78221],[-97.63436,19.78156],[-97.63355,19.7805],[-97.63233,19.78079],[-97.63139,19.78062],[-97.63092,19.78091],[-97.6304,19.78107],[-97.62975,19.78107],[-97.62842,19.78038],[-97.62813,19.78005],[-97.62762,19.77891],[-97.62833,19.77741],[-97.62916,19.77614],[-97.62887,19.77553],[-97.62737,19.77403],[-97.62738,19.77329],[-97.62687,19.77134],[-97.62527,19.76804],[-97.62545,19.76768],[-97.62388,19.76707],[-97.6222,19.76601],[-97.62232,19.76576],[-97.62226,19.7654],[-97.6215,19.76548],[-97.62185,19.76511],[-97.62268,19.7647],[-97.62407,19.76483],[-97.62525,19.7643],[-97.6273,19.76288],[-97.62666,19.76255],[-97.62533,19.76149],[-97.62475,19.76141],[-97.62429,19.76104],[-97.62323,19.76165],[-97.62265,19.76169],[-97.62288,19.76125],[-97.62307,19.76002],[-97.62348,19.75954],[-97.62377,19.75823],[-97.62834,19.75815],[-97.62946,19.75801],[-97.62962,19.75767],[-97.63359,19.75566],[-97.63448,19.75578],[-97.63555,19.75622],[-97.63533,19.75548],[-97.63454,19.75412],[-97.63304,19.75247],[-97.63176,19.75143],[-97.63079,19.75113],[-97.62989,19.75071],[-97.62758,19.74912],[-97.62713,19.74808],[-97.62664,19.74748],[-97.62589,19.74685],[-97.62507,19.74639],[-97.62572,19.74574],[-97.62585,19.74456],[-97.62499,19.74261],[-97.62435,19.74204],[-97.62384,19.74098],[-97.62355,19.74069],[-97.62279,19.74098],[-97.62191,19.74167],[-97.62144,19.74175],[-97.62137,19.74248],[-97.6209,19.7435],[-97.6199,19.74407],[-97.61879,19.74443],[-97.6182,19.74452],[-97.6178,19.74476],[-97.61277,19.74484],[-97.61255,19.74362],[-97.61268,19.74268],[-97.61286,19.74211],[-97.6121,19.74199],[-97.61134,19.74211],[-97.61047,19.74162],[-97.6096,19.74146],[-97.60686,19.7404],[-97.60489,19.73954],[-97.60025,19.73669],[-97.59949,19.73632],[-97.60051,19.72737],[-97.599,19.72716],[-97.597,19.72662],[-97.59821,19.72229],[-97.59691,19.72234],[-97.5968,19.72208],[-97.59388,19.72194],[-97.5938,19.72211],[-97.59328,19.72118],[-97.59276,19.72061],[-97.59212,19.7204],[-97.59137,19.71987],[-97.59027,19.71881],[-97.5901,19.71833],[-97.58941,19.71751],[-97.58889,19.71723],[-97.58801,19.71747],[-97.58661,19.71714],[-97.58556,19.7173],[-97.58399,19.7171],[-97.58293,19.71746],[-97.58264,19.71771],[-97.5817,19.71811],[-97.58036,19.71848],[-97.57978,19.71815],[-97.57919,19.71803],[-97.57831,19.71805],[-97.57598,19.71785],[-97.57662,19.71529],[-97.57761,19.71223],[-97.57813,19.70979],[-97.55479,19.70233],[-97.55402,19.7015],[-97.54492,19.69791],[-97.5601,19.69328],[-97.56075,19.69288],[-97.56338,19.69241],[-97.57658,19.69176],[-97.57869,19.69157],[-97.58056,19.69118],[-97.58939,19.69023],[-97.59518,19.68996],[-97.59951,19.68954],[-97.59925,19.67575],[-97.60126,19.67619],[-97.60286,19.67667],[-97.60996,19.67917],[-97.6111,19.67932],[-97.61363,19.67007],[-97.61825,19.66979],[-97.62292,19.6698],[-97.62435,19.6692],[-97.62556,19.66794],[-97.62576,19.66624],[-97.62528,19.66454],[-97.625,19.66131],[-97.62521,19.65981],[-97.62611,19.65831],[-97.62929,19.65712],[-97.63125,19.65607],[-97.6332,19.65452],[-97.634,19.65364],[-97.63473,19.65218],[-97.63584,19.64873],[-97.63566,19.64819],[-97.63461,19.6479],[-97.63364,19.64713],[-97.63332,19.64675],[-97.63377,19.64629],[-97.6354,19.64615],[-97.63696,19.64585],[-97.63811,19.64522],[-97.63978,19.64413],[-97.64121,19.64287],[-97.64156,19.64303],[-97.64243,19.64307],[-97.64306,19.64277],[-97.64386,19.64185],[-97.64542,19.64114],[-97.64698,19.64079],[-97.65046,19.64056],[-97.65468,19.63998],[-97.65782,19.64021],[-97.66304,19.64008],[-97.6653,19.64015],[-97.66681,19.64001],[-97.66682,19.64059],[-97.66747,19.64175],[-97.66852,19.64224],[-97.67015,19.64256],[-97.67252,19.64171],[-97.67616,19.6406],[-97.67692,19.64093],[-97.67739,19.64171],[-97.67822,19.64254],[-97.67846,19.64316],[-97.67891,19.64274],[-97.67838,19.64191],[-97.67789,19.63992],[-97.67753,19.6391],[-97.67763,19.6381],[-97.67761,19.63685],[-97.67829,19.63606],[-97.67944,19.6353],[-97.67996,19.63484],[-97.6805,19.63218],[-97.68096,19.63168],[-97.68166,19.63188],[-97.68272,19.63291],[-97.68335,19.63262],[-97.68346,19.63208],[-97.6834,19.63187],[-97.68351,19.63166],[-97.68385,19.63149],[-97.68451,19.63257],[-97.68503,19.6326],[-97.68508,19.63185],[-97.68472,19.63086],[-97.6851,19.62911],[-97.68554,19.62799],[-97.68611,19.62716],[-97.68673,19.62586],[-97.68807,19.62203],[-97.68863,19.62091],[-97.69011,19.61915],[-97.69155,19.61802],[-97.6964,19.61503],[-97.69513,19.61351],[-97.69478,19.61284],[-97.69701,19.61119],[-97.69783,19.6107],[-97.69782,19.60987],[-97.69739,19.60871],[-97.6976,19.60771],[-97.69857,19.60652],[-97.69951,19.60447],[-97.70034,19.6036],[-97.7028,19.6015],[-97.70321,19.60125],[-97.70803,19.59629],[-97.70955,19.59522],[-97.71073,19.59414],[-97.71307,19.59266],[-97.71372,19.59213],[-97.71428,19.59185],[-97.71438,19.59171],[-97.71546,19.59152],[-97.71329,19.59049],[-97.7118,19.58948],[-97.71055,19.58919],[-97.71035,19.58854],[-97.71046,19.58786],[-97.71036,19.5873],[-97.71001,19.58673],[-97.70922,19.58593],[-97.7097,19.58525],[-97.71028,19.58488],[-97.7119,19.58457],[-97.71539,19.5848],[-97.71576,19.58453],[-97.7166,19.58175],[-97.71666,19.58104],[-97.71615,19.57946],[-97.71622,19.57792],[-97.71699,19.57643],[-97.71735,19.57552],[-97.71741,19.57514],[-97.71848,19.5727],[-97.71891,19.57062],[-97.7198,19.56859],[-97.7208,19.56743],[-97.72203,19.56661],[-97.72332,19.5647],[-97.72503,19.56272],[-97.72643,19.56194],[-97.72789,19.5614],[-97.73064,19.55976],[-97.73146,19.55914],[-97.73194,19.55856],[-97.732,19.55827],[-97.73176,19.55802],[-97.73153,19.55798],[-97.73124,19.5581],[-97.73066,19.55809],[-97.7292,19.55829],[-97.72862,19.55829],[-97.72798,19.55816],[-97.72751,19.55799],[-97.72636,19.55691],[-97.72549,19.55632],[-97.72299,19.55531],[-97.72108,19.55475],[-97.71951,19.55445],[-97.71916,19.5542],[-97.71864,19.55358],[-97.71715,19.55074],[-97.71697,19.5507],[-97.71622,19.55011],[-97.71442,19.54939],[-97.71349,19.54914],[-97.71338,19.54901],[-97.71356,19.54839],[-97.71373,19.54814],[-97.71456,19.54719],[-97.7152,19.54665],[-97.71567,19.54595],[-97.71598,19.54471],[-97.7161,19.54379],[-97.71628,19.54346],[-97.71652,19.54255],[-97.71636,19.54038],[-97.7166,19.5398],[-97.71678,19.53956],[-97.71707,19.53952],[-97.71782,19.53989],[-97.71817,19.53994],[-97.7184,19.53986],[-97.72216,19.53664],[-97.72245,19.53606],[-97.72269,19.53506],[-97.7227,19.53377],[-97.72236,19.5331],[-97.72201,19.53269],[-97.72173,19.53206],[-97.72173,19.53152],[-97.72366,19.53091],[-97.72513,19.52946],[-97.72553,19.52959],[-97.72611,19.53017],[-97.7264,19.53026],[-97.72821,19.53035],[-97.72965,19.53132],[-97.72983,19.53132],[-97.73012,19.53111],[-97.73082,19.53087],[-97.73146,19.53124],[-97.73204,19.53208],[-97.73262,19.53229],[-97.73449,19.53143],[-97.73629,19.53123],[-97.73892,19.53054],[-97.7409,19.53018],[-97.74276,19.53056],[-97.74328,19.5309],[-97.74363,19.53144],[-97.74479,19.5319],[-97.74578,19.53199],[-97.74648,19.5322],[-97.74706,19.53208],[-97.7491,19.53209],[-97.75009,19.53214],[-97.75073,19.53231],[-97.75165,19.53307],[-97.75275,19.53453],[-97.75321,19.53461],[-97.75345,19.53453],[-97.75415,19.53399],[-97.75468,19.53342],[-97.75539,19.53209],[-97.75582,19.52935],[-97.75561,19.52664],[-97.75602,19.5254],[-97.7558,19.52469],[-97.75551,19.52427],[-97.75545,19.52402],[-97.75552,19.52336],[-97.75627,19.52366],[-97.75841,19.52525],[-97.75991,19.52679],[-97.7617,19.5293],[-97.76291,19.53138],[-97.76325,19.53218],[-97.76311,19.53294],[-97.76333,19.53406],[-97.76456,19.53503],[-97.76462,19.53543],[-97.76592,19.53631],[-97.76665,19.5371],[-97.76786,19.53769],[-97.77124,19.53792],[-97.77223,19.53771],[-97.77334,19.53722],[-97.7744,19.53652],[-97.77492,19.53636],[-97.77562,19.53586],[-97.77598,19.53528],[-97.77604,19.53483],[-97.77633,19.53429],[-97.77715,19.53383],[-97.77815,19.53359],[-97.7803,19.53331],[-97.78157,19.53473],[-97.7821,19.5349],[-97.7825,19.53494],[-97.78396,19.53454],[-97.78443,19.534],[-97.78532,19.53151],[-97.78585,19.53101],[-97.78702,19.53106],[-97.78743,19.53069],[-97.78767,19.52982],[-97.78845,19.52604],[-97.78869,19.52533],[-97.78943,19.52068],[-97.78943,19.52031],[-97.7888,19.51856],[-97.78881,19.51827],[-97.78893,19.51798],[-97.78987,19.51673],[-97.79028,19.51591],[-97.79046,19.51466],[-97.79106,19.51346],[-97.79049,19.51158],[-97.7902,19.51108],[-97.78869,19.51062],[-97.78846,19.51045],[-97.78817,19.51003],[-97.78835,19.5097],[-97.78893,19.50933],[-97.78901,19.50754],[-97.78959,19.50684],[-97.78989,19.50667],[-97.79118,19.5046],[-97.7923,19.50324],[-97.79324,19.50224],[-97.79594,19.50014],[-97.79962,19.49762],[-97.80044,19.49734],[-97.80353,19.49665],[-97.80395,19.49524],[-97.80389,19.49482],[-97.80396,19.49411],[-97.80525,19.49325],[-97.80624,19.49275],[-97.80677,19.49159],[-97.80672,19.49101],[-97.80731,19.49018],[-97.81064,19.48829],[-97.81135,19.48746],[-97.81135,19.48675],[-97.81095,19.48625],[-97.81037,19.48587],[-97.80979,19.485],[-97.81003,19.48438],[-97.81229,19.48258],[-97.81274,19.4811],[-97.81309,19.48056],[-97.81384,19.48044],[-97.81494,19.47966],[-97.81609,19.47806],[-97.81637,19.47727],[-97.81672,19.47743],[-97.81824,19.4771],[-97.81917,19.47703],[-97.82162,19.47658],[-97.8222,19.47613],[-97.82284,19.47592],[-97.82331,19.47563],[-97.82541,19.47502],[-97.82716,19.47482],[-97.82845,19.47416],[-97.82932,19.47392],[-97.83066,19.47376],[-97.83327,19.47278],[-97.83524,19.47245],[-97.8364,19.47158],[-97.83761,19.47121],[-97.83836,19.47113],[-97.83969,19.47063],[-97.84004,19.47039],[-97.8409,19.46924],[-97.84171,19.46763],[-97.84164,19.46673],[-97.84071,19.46534],[-97.84041,19.46464],[-97.84116,19.46398],[-97.84232,19.46406],[-97.84296,19.46451],[-97.84361,19.46607],[-97.84391,19.4673],[-97.84501,19.46861],[-97.84583,19.46911],[-97.84571,19.46931],[-97.84682,19.47058],[-97.84718,19.47132],[-97.84724,19.47186],[-97.84761,19.47306],[-97.84707,19.47343],[-97.84689,19.47393],[-97.847,19.47467],[-97.84723,19.47521],[-97.84763,19.47563],[-97.8475,19.47654],[-97.84846,19.4792],[-97.84839,19.47999],[-97.84849,19.48136],[-97.84867,19.48144],[-97.8486,19.48202],[-97.84952,19.48331],[-97.84963,19.48369],[-97.84992,19.48398],[-97.85043,19.48515],[-97.85106,19.4859],[-97.85129,19.48652],[-97.8517,19.48673],[-97.85198,19.48723],[-97.85251,19.48715],[-97.85315,19.48724],[-97.85396,19.48779],[-97.85527,19.49025],[-97.85568,19.49062],[-97.85661,19.49067],[-97.85719,19.4908],[-97.85777,19.4918],[-97.85853,19.4916],[-97.85917,19.49157],[-97.86034,19.49199],[-97.86086,19.49183],[-97.86192,19.49122],[-97.86328,19.49011],[-97.86452,19.48954],[-97.86669,19.48882],[-97.86804,19.48821],[-97.86898,19.48759],[-97.86957,19.48752],[-97.8695,19.48797],[-97.87002,19.48881],[-97.87066,19.48914],[-97.87083,19.48935],[-97.87099,19.49055],[-97.87122,19.49101],[-97.87193,19.48998],[-97.87264,19.48962],[-97.87533,19.48943],[-97.87562,19.48915],[-97.87639,19.48878],[-97.87844,19.48801],[-97.87885,19.48802],[-97.87943,19.48843],[-97.87966,19.48893],[-97.8797,19.49001],[-97.87958,19.49088],[-97.87986,19.49171],[-97.87979,19.49229],[-97.8799,19.49287],[-97.88048,19.49358],[-97.88053,19.49416],[-97.88006,19.49437],[-97.87964,19.49473],[-97.87916,19.49606],[-97.87915,19.49659],[-97.87949,19.4973],[-97.88066,19.49785],[-97.88152,19.49906],[-97.88237,19.5006],[-97.88336,19.50144],[-97.88423,19.50182],[-97.88586,19.50217],[-97.88656,19.50275],[-97.88655,19.50333],[-97.88631,19.50379],[-97.88543,19.50394],[-97.88397,19.50401],[-97.88338,19.50426],[-97.88326,19.5045],[-97.88255,19.5052],[-97.88395,19.51035],[-97.88429,19.51098],[-97.88498,19.51156],[-97.88544,19.51277],[-97.88548,19.51405],[-97.88506,19.515],[-97.88317,19.51652],[-97.88257,19.51718],[-97.88215,19.51804],[-97.88142,19.52027],[-97.881,19.52118],[-97.88053,19.52188],[-97.88017,19.52221],[-97.87982,19.52208],[-97.87971,19.52167],[-97.8792,19.52092],[-97.87873,19.52079],[-97.87774,19.52082],[-97.87738,19.5214],[-97.87749,19.52165],[-97.87742,19.52252],[-97.87682,19.52384],[-97.8764,19.52446],[-97.87569,19.52524],[-97.8728,19.5277],[-97.87232,19.52831],[-97.87003,19.52962],[-97.86654,19.5322],[-97.8666,19.53265],[-97.86805,19.53345],[-97.86863,19.53391],[-97.86902,19.53508],[-97.86907,19.53599],[-97.86894,19.53665],[-97.86804,19.53872],[-97.86691,19.54024],[-97.86673,19.54094],[-97.86689,19.5421],[-97.86676,19.54256],[-97.86792,19.54377],[-97.86872,19.5451],[-97.86902,19.54513],[-97.87018,19.54639],[-97.86911,19.54871],[-97.86864,19.55012],[-97.86851,19.55128],[-97.86854,19.55498],[-97.86859,19.55598],[-97.86882,19.55686],[-97.86945,19.5579],[-97.87025,19.55998],[-97.87066,19.56057],[-97.87199,19.56194],[-97.87309,19.56253],[-97.87443,19.56295],[-97.8753,19.56346],[-97.87599,19.56413],[-97.87732,19.56571],[-97.87824,19.56713],[-97.87887,19.56859],[-97.87927,19.56926],[-97.87991,19.57005],[-97.88136,19.57114],[-97.88385,19.57223],[-97.88525,19.57216],[-97.88607,19.57195],[-97.88799,19.5718],[-97.88886,19.57263],[-97.88979,19.57318],[-97.8906,19.57326],[-97.89299,19.57298],[-97.8941,19.57336],[-97.89462,19.57374],[-97.89572,19.57429],[-97.89636,19.57483],[-97.89751,19.57617],[-97.89832,19.57684],[-97.901,19.57785],[-97.90199,19.57798],[-97.90321,19.57798],[-97.90629,19.57875],[-97.90768,19.57975],[-97.90838,19.58038],[-97.90947,19.58164],[-97.91075,19.58247],[-97.91162,19.58364],[-97.91205,19.58817],[-97.91239,19.58975],[-97.91268,19.59029],[-97.91459,19.59172],[-97.91511,19.59226],[-97.91534,19.59272],[-97.91624,19.59256],[-97.91824,19.59179],[-97.91918,19.59122],[-97.91953,19.5908],[-97.92306,19.58959],[-97.92418,19.58882],[-97.92476,19.58882],[-97.92593,19.58929],[-97.92634,19.58929],[-97.92822,19.58852],[-97.92928,19.58782],[-97.9301,19.5875],[-97.93213,19.58889],[-97.93417,19.58907],[-97.93623,19.58822],[-97.93857,19.58815],[-97.93945,19.58787],[-97.94157,19.58673],[-97.94445,19.58576],[-97.94492,19.58568],[-97.94661,19.58619],[-97.94644,19.58541],[-97.94802,19.58571],[-97.94912,19.58634],[-97.94987,19.58697],[-97.95091,19.5881],[-97.95153,19.58976],[-97.95164,19.59042],[-97.95168,19.59191],[-97.95203,19.59221],[-97.9522,19.59217],[-97.95393,19.59425],[-97.95416,19.59504],[-97.95519,19.59688],[-97.95512,19.59787],[-97.95522,19.59895],[-97.95615,19.59966],[-97.95602,19.60028],[-97.95601,19.60098],[-97.95629,19.60136],[-97.95682,19.60144],[-97.95676,19.60169],[-97.95687,19.60227],[-97.95727,19.60269],[-97.95803,19.60294],[-97.95865,19.60585],[-97.95899,19.60677],[-97.95934,19.60723],[-97.96073,19.60794],[-97.96079,19.60856],[-97.96061,19.6096],[-97.96118,19.61044],[-97.96165,19.6109],[-97.96205,19.61127],[-97.96286,19.61177],[-97.96315,19.61265],[-97.96437,19.61286],[-97.96495,19.61311],[-97.9653,19.61349],[-97.96762,19.61516],[-97.96802,19.61566],[-97.96814,19.61608],[-97.969,19.61754],[-97.96975,19.61804],[-97.97016,19.61854],[-97.97085,19.61983],[-97.97241,19.62217],[-97.97254,19.62259],[-97.96932,19.62389],[-97.96604,19.62535],[-97.96422,19.62645],[-97.96374,19.62715],[-97.96391,19.6279],[-97.96494,19.62981],[-97.9658,19.63098],[-97.96655,19.63169],[-97.96729,19.63286],[-97.96825,19.63589],[-97.96945,19.63739],[-97.97606,19.64093],[-97.97819,19.64248],[-97.98051,19.64354],[-97.98273,19.64347],[-97.98465,19.64382],[-97.9854,19.6442],[-97.98597,19.64491],[-97.98719,19.64525],[-97.98999,19.64553],[-97.99056,19.64665],[-97.9916,19.64707],[-97.99288,19.64713],[-97.9937,19.64701],[-97.99581,19.64616],[-97.99726,19.64613],[-97.99837,19.64639],[-97.99912,19.64677],[-97.99964,19.64727],[-98.00022,19.64748],[-98.00075,19.64736],[-98.00133,19.64708],[-98.00262,19.64684],[-98.00337,19.64731],[-98.00396,19.64685],[-98.00514,19.64562],[-98.00613,19.64501],[-98.00678,19.64485],[-98.00822,19.64569],[-98.00892,19.64599],[-98.01109,19.64497],[-98.01201,19.64577],[-98.01491,19.64712],[-98.01683,19.64685],[-98.01934,19.64716],[-98.02183,19.64809],[-98.02299,19.64881],[-98.02339,19.6498],[-98.02388,19.65275],[-98.02398,19.65395],[-98.0239,19.65552],[-98.02394,19.65739],[-98.0293,19.66449],[-98.03062,19.66733],[-98.03183,19.66928],[-98.0331,19.67208],[-98.03344,19.67262],[-98.03522,19.67691],[-98.03568,19.67832],[-98.03643,19.67991],[-98.03683,19.6814],[-98.03682,19.68182],[-98.03664,19.68282],[-98.036,19.6836],[-98.03576,19.68435],[-98.03645,19.68602],[-98.03613,19.68717],[-98.03585,19.6876],[-98.03625,19.68822],[-98.03878,19.69094],[-98.03895,19.69144],[-98.03953,19.69687],[-98.04048,19.70081],[-98.04214,19.70339],[-98.04376,19.70485],[-98.04531,19.70669],[-98.04634,19.70811],[-98.04732,19.70985],[-98.04835,19.71127],[-98.0502,19.71303],[-98.05106,19.71349],[-98.05176,19.71374],[-98.05263,19.71466],[-98.0528,19.71504],[-98.053,19.71777],[-98.05293,19.71897],[-98.05344,19.72055],[-98.05452,19.72255],[-98.05497,19.72392],[-98.05502,19.72479],[-98.05547,19.72641],[-98.05621,19.72774],[-98.05685,19.72803],[-98.05877,19.72855],[-98.06174,19.72874],[-98.06414,19.72839],[-98.06495,19.72815],[-98.06554,19.72786],[-98.06671,19.72762],[-98.06724,19.72742],[-98.06766,19.72602],[-98.06755,19.72486],[-98.06757,19.72324],[-98.06718,19.72175],[-98.06725,19.72088],[-98.06826,19.7194],[-98.06932,19.71845],[-98.07003,19.71726],[-98.07045,19.71573],[-98.07053,19.71407],[-98.07078,19.71246],[-98.07137,19.71143],[-98.07243,19.71078],[-98.0725,19.71007],[-98.07759,19.70291],[-98.07859,19.70213],[-98.07952,19.70185],[-98.08273,19.70126],[-98.08345,19.70011],[-98.08393,19.69887],[-98.08335,19.69824],[-98.08295,19.69712],[-98.08325,19.69625],[-98.08437,19.69568],[-98.08484,19.69502],[-98.08491,19.69407],[-98.08591,19.69354],[-98.08789,19.6929],[-98.08966,19.69171],[-98.09131,19.68982],[-98.0925,19.6878],[-98.09286,19.6866],[-98.09337,19.68247],[-98.09269,19.6808],[-98.09194,19.67956],[-98.09096,19.67905],[-98.09102,19.67831],[-98.09328,19.67485],[-98.09475,19.67333],[-98.09715,19.67181],[-98.1005,19.66919],[-98.10067,19.67035],[-98.10065,19.67176],[-98.10218,19.676],[-98.10327,19.67758],[-98.10477,19.67921],[-98.10581,19.67984],[-98.10686,19.68014],[-98.10632,19.68125],[-98.10625,19.68245],[-98.10828,19.68367],[-98.11059,19.68551],[-98.11296,19.6871],[-98.11482,19.68807],[-98.11813,19.68901],[-98.12076,19.68816],[-98.12352,19.68657],[-98.12743,19.68553],[-98.13064,19.6851],[-98.13227,19.68507],[-98.13374,19.68421],[-98.13601,19.68393],[-98.13753,19.68393],[-98.13893,19.68369],[-98.1412,19.68361],[-98.1419,19.68349],[-98.14336,19.68312],[-98.14593,19.68139],[-98.14675,19.68144],[-98.14721,19.68123],[-98.14757,19.68069],[-98.1485,19.68099],[-98.14902,19.68037],[-98.14885,19.68024],[-98.14839,19.67909],[-98.14799,19.67867],[-98.14793,19.67789],[-98.14828,19.67727],[-98.1505,19.67604],[-98.15202,19.67563],[-98.1526,19.67583],[-98.15278,19.67579],[-98.15471,19.67427],[-98.15646,19.67345],[-98.15933,19.67151],[-98.16119,19.67086],[-98.16277,19.66958],[-98.16353,19.66917],[-98.16465,19.66826],[-98.16569,19.66814],[-98.16604,19.66823],[-98.16662,19.66872],[-98.16633,19.66997],[-98.16745,19.67099],[-98.16774,19.67083],[-98.16925,19.6715],[-98.16959,19.67237],[-98.17022,19.67317],[-98.17487,19.67432],[-98.17661,19.67574],[-98.17765,19.67621],[-98.17865,19.6756],[-98.18198,19.67438],[-98.18735,19.67964],[-98.19128,19.67698],[-98.19114,19.67404],[-98.19126,19.67338],[-98.19283,19.67269],[-98.20002,19.67563],[-98.20164,19.67554],[-98.20238,19.67505],[-98.20517,19.67451],[-98.20771,19.67513],[-98.2092,19.67504],[-98.20933,19.67699],[-98.21125,19.67703],[-98.21311,19.67732],[-98.21727,19.67636],[-98.21863,19.67558],[-98.21962,19.67475],[-98.22192,19.6738],[-98.22551,19.67408],[-98.22775,19.67441],[-98.23029,19.67449],[-98.23196,19.67441],[-98.23333,19.67478],[-98.23228,19.68078],[-98.23253,19.68082],[-98.23327,19.67983],[-98.23482,19.67846],[-98.23674,19.67718],[-98.23804,19.67685],[-98.2396,19.6773],[-98.24127,19.67676],[-98.2427,19.67655],[-98.24369,19.6766],[-98.24468,19.67647],[-98.24574,19.67614],[-98.24549,19.67771],[-98.24549,19.67924],[-98.24593,19.68019],[-98.2468,19.6811],[-98.24735,19.68189],[-98.24742,19.68242],[-98.24779,19.68304],[-98.24792,19.68375],[-98.24835,19.68449],[-98.24916,19.68503],[-98.25003,19.68523],[-98.25102,19.68581],[-98.25257,19.6873],[-98.25326,19.68809],[-98.25406,19.68937],[-98.25524,19.69069],[-98.25636,19.69102],[-98.25366,19.6947],[-98.25324,19.69648],[-98.25329,19.69912],[-98.25317,19.69962],[-98.25317,19.7004],[-98.25328,19.70102],[-98.25327,19.70304],[-98.25315,19.70362],[-98.25326,19.70569],[-98.25349,19.70626],[-98.25522,19.70908],[-98.25522,19.71027],[-98.2548,19.7118],[-98.25492,19.71234],[-98.25462,19.71283],[-98.2542,19.71506],[-98.25437,19.71638],[-98.2546,19.717],[-98.25536,19.71766],[-98.25623,19.71816],[-98.25524,19.71816],[-98.2525,19.7184],[-98.25133,19.71836],[-98.25069,19.71815],[-98.2497,19.71811],[-98.24889,19.71835],[-98.24824,19.71877],[-98.24766,19.71934],[-98.24655,19.71988],[-98.2459,19.72041],[-98.24427,19.72111],[-98.24223,19.72136],[-98.24176,19.72127],[-98.24083,19.72131],[-98.23955,19.72152],[-98.23908,19.72151],[-98.23809,19.72176],[-98.23639,19.72349],[-98.2358,19.72382],[-98.23457,19.72601],[-98.23369,19.72704],[-98.23071,19.72938],[-98.23018,19.72959],[-98.22924,19.73058],[-98.22843,19.73091],[-98.22773,19.73099],[-98.22673,19.73152],[-98.22644,19.73194],[-98.2255,19.73268],[-98.2241,19.73309],[-98.22311,19.73424],[-98.22205,19.73474],[-98.22164,19.73527],[-98.22065,19.73614],[-98.21913,19.73696],[-98.21784,19.73894],[-98.2169,19.74005],[-98.21579,19.74017],[-98.21497,19.74005],[-98.21457,19.73976],[-98.21358,19.73967],[-98.21294,19.73938],[-98.21178,19.73855],[-98.21131,19.73785],[-98.21079,19.73802],[-98.20968,19.7381],[-98.20892,19.73838],[-98.20805,19.73818],[-98.20694,19.73834],[-98.20531,19.73792],[-98.20438,19.7378],[-98.20379,19.73784],[-98.20269,19.73821],[-98.2021,19.7382],[-98.20111,19.73853],[-98.20041,19.73861],[-98.19953,19.73933],[-98.19895,19.73989],[-98.19895,19.74001],[-98.19801,19.74047],[-98.19754,19.74055],[-98.19696,19.74108],[-98.19724,19.74228],[-98.1973,19.74282],[-98.19724,19.74319],[-98.19752,19.74443],[-98.19758,19.74534],[-98.19746,19.74559],[-98.19816,19.74633],[-98.19821,19.74666],[-98.19856,19.74691],[-98.19797,19.74839],[-98.1975,19.74909],[-98.19715,19.74938],[-98.19627,19.75054],[-98.19556,19.75161],[-98.19608,19.75239],[-98.1962,19.75277],[-98.19661,19.75306],[-98.19713,19.75413],[-98.19747,19.75459],[-98.19788,19.75488],[-98.19828,19.75541],[-98.19869,19.75562],[-98.19921,19.75624],[-98.19944,19.75682],[-98.19868,19.75884],[-98.1982,19.7609],[-98.19714,19.76169],[-98.1965,19.76255],[-98.19667,19.76301],[-98.19626,19.76346],[-98.19544,19.76391],[-98.19538,19.76441],[-98.19503,19.76503],[-98.19619,19.76561],[-98.19672,19.76565],[-98.19916,19.76673],[-98.19986,19.76677],[-98.20108,19.76805],[-98.20131,19.76814],[-98.20178,19.76818],[-98.20236,19.76781],[-98.20504,19.76773],[-98.20621,19.76753],[-98.20714,19.76761],[-98.20801,19.76798],[-98.20813,19.76852],[-98.20807,19.76856],[-98.20836,19.76889],[-98.20859,19.7698],[-98.20893,19.77051],[-98.20922,19.77088],[-98.20951,19.7722],[-98.20986,19.77249],[-98.21061,19.77373],[-98.21189,19.77427],[-98.21241,19.77431],[-98.213,19.77452],[-98.21515,19.77452],[-98.21731,19.77362],[-98.21778,19.77403],[-98.21713,19.77498],[-98.2166,19.77597],[-98.21613,19.77626],[-98.2159,19.777],[-98.21613,19.77725],[-98.21683,19.77733],[-98.21934,19.77672],[-98.21945,19.77684],[-98.22021,19.77684],[-98.22254,19.77768],[-98.22405,19.77867],[-98.22405,19.7785],[-98.22469,19.77834],[-98.22487,19.77805],[-98.22528,19.77694],[-98.2254,19.77615],[-98.22693,19.77508],[-98.2271,19.77463],[-98.22775,19.77405],[-98.22903,19.77335],[-98.22973,19.77311],[-98.23055,19.77319],[-98.23486,19.77481],[-98.23613,19.77572],[-98.23607,19.77642],[-98.23624,19.777],[-98.23751,19.77973],[-98.23862,19.78043],[-98.23966,19.78147],[-98.24059,19.78312],[-98.24129,19.78345],[-98.24314,19.78515],[-98.24366,19.78688],[-98.24441,19.78754],[-98.2447,19.78874],[-98.24551,19.79048],[-98.24615,19.79101],[-98.24696,19.79151],[-98.24742,19.79197],[-98.2508,19.79424],[-98.25108,19.79495],[-98.25067,19.79532],[-98.25014,19.79701],[-98.25008,19.79788],[-98.24984,19.79837],[-98.2499,19.79953],[-98.24978,19.79982],[-98.25076,19.80097],[-98.25117,19.80159],[-98.25198,19.80341],[-98.25331,19.80535],[-98.25307,19.80564],[-98.25307,19.80663],[-98.25318,19.80705],[-98.25289,19.80767],[-98.25329,19.80824],[-98.25306,19.8089],[-98.25299,19.80994],[-98.25334,19.81043],[-98.25386,19.81147],[-98.25374,19.81225],[-98.25397,19.81266],[-98.2542,19.81361],[-98.2542,19.8146],[-98.25443,19.81555],[-98.2539,19.81593],[-98.25372,19.8165],[-98.25395,19.817],[-98.25401,19.81741],[-98.25436,19.81807],[-98.25435,19.81857],[-98.25452,19.81944],[-98.25446,19.81977],[-98.25527,19.82179],[-98.25544,19.82365],[-98.25572,19.82538],[-98.25601,19.82604],[-98.25612,19.82658],[-98.25653,19.8272],[-98.25699,19.82832],[-98.25739,19.8289],[-98.25757,19.82964],[-98.2582,19.83113],[-98.25866,19.83294],[-98.25871,19.8336],[-98.259,19.83439],[-98.259,19.8348],[-98.25935,19.83546],[-98.26027,19.83807],[-98.26032,19.83914],[-98.26061,19.84005],[-98.26124,19.84108],[-98.2613,19.84158],[-98.26193,19.84327],[-98.26735,19.86219],[-98.26787,19.8621],[-98.26874,19.86157],[-98.26909,19.86111],[-98.26968,19.86057],[-98.27055,19.86004],[-98.27206,19.85958],[-98.27276,19.85921],[-98.27387,19.85834],[-98.27474,19.85735],[-98.27954,19.86606],[-98.28719,19.8717],[-98.2873,19.87372],[-98.28938,19.87509],[-98.28991,19.87575],[-98.29008,19.87649],[-98.2899,19.87724],[-98.28913,19.87893],[-98.2893,19.87967],[-98.28929,19.88112],[-98.28888,19.88173],[-98.28835,19.88297],[-98.28823,19.88392],[-98.28857,19.88504],[-98.28571,19.88771],[-98.28489,19.88883],[-98.28395,19.88928],[-98.28244,19.88956],[-98.28162,19.89018],[-98.27888,19.89141],[-98.27782,19.89286],[-98.27683,19.89306],[-98.27578,19.89306],[-98.27433,19.89289],[-98.27357,19.89318],[-98.27205,19.89433],[-98.27047,19.89503],[-98.26931,19.89523],[-98.2679,19.89614],[-98.26831,19.8975],[-98.26848,19.89853],[-98.2683,19.89931],[-98.26789,19.90002],[-98.26689,19.90047],[-98.26642,19.90125],[-98.26549,19.90179],[-98.26717,19.90295],[-98.26758,19.90336],[-98.2681,19.90398],[-98.26838,19.90472],[-98.26808,19.90638],[-98.26779,19.9072],[-98.26806,19.90972],[-98.26846,19.91113],[-98.26887,19.9117],[-98.26892,19.9134],[-98.2688,19.9141],[-98.26762,19.91695],[-98.26738,19.91806],[-98.26706,19.91822],[-98.26625,19.91805],[-98.26578,19.91805],[-98.26427,19.91763],[-98.26275,19.91681],[-98.26194,19.91623],[-98.26159,19.91614],[-98.26077,19.91569],[-98.25902,19.91548],[-98.25809,19.91552],[-98.25739,19.91535],[-98.25686,19.91552],[-98.25512,19.91535],[-98.25418,19.91563],[-98.25377,19.91646],[-98.25323,19.91827],[-98.25178,19.91736],[-98.25096,19.91703],[-98.25027,19.91654],[-98.24957,19.91653],[-98.24939,19.91645],[-98.24863,19.91661],[-98.24881,19.91785],[-98.24926,19.91917],[-98.24926,19.91962],[-98.24903,19.92012],[-98.24856,19.92053],[-98.24733,19.92081],[-98.24709,19.92193],[-98.24668,19.92259],[-98.24616,19.923],[-98.24615,19.92362],[-98.24638,19.92424],[-98.24667,19.92449],[-98.24743,19.92461],[-98.24795,19.92482],[-98.24835,19.92557],[-98.2487,19.92594],[-98.24922,19.92623],[-98.24986,19.92623],[-98.25051,19.92586],[-98.25284,19.92512],[-98.25435,19.92496],[-98.25494,19.92525],[-98.25516,19.92579],[-98.25534,19.92649],[-98.2551,19.92781],[-98.25428,19.92827],[-98.25346,19.92826],[-98.25276,19.92884],[-98.252,19.92975],[-98.25106,19.9314],[-98.251,19.93197],[-98.25111,19.93317],[-98.25093,19.93396],[-98.25034,19.93441],[-98.24935,19.9349],[-98.2487,19.93552],[-98.24795,19.93556],[-98.24696,19.93576],[-98.24631,19.93601],[-98.2459,19.93658],[-98.2459,19.93725],[-98.2456,19.93807],[-98.24531,19.93848],[-98.24461,19.93885],[-98.24397,19.93906],[-98.24367,19.94038],[-98.24314,19.94071],[-98.24256,19.94033],[-98.2421,19.94062],[-98.24215,19.94132],[-98.2425,19.94207],[-98.24523,19.94265],[-98.24651,19.94319],[-98.24959,19.94357],[-98.25052,19.94382],[-98.25284,19.94499],[-98.25341,19.94555],[-98.25202,19.94664],[-98.25161,19.94709],[-98.2509,19.94849],[-98.25038,19.94878],[-98.24909,19.94902],[-98.24828,19.94877],[-98.24682,19.94914],[-98.24548,19.94905],[-98.24496,19.94889],[-98.2442,19.94897],[-98.24339,19.94888],[-98.2428,19.94892],[-98.24094,19.94933],[-98.24001,19.9492],[-98.23914,19.94879],[-98.23844,19.94792],[-98.23785,19.94945],[-98.23378,19.94828],[-98.23052,19.94918],[-98.22162,19.94812],[-98.2248,19.95069],[-98.22619,19.95214],[-98.22711,19.95359],[-98.22717,19.95416],[-98.22675,19.95615],[-98.22447,19.95841],[-98.22353,19.9589],[-98.22272,19.95861],[-98.22098,19.95671],[-98.22069,19.95613],[-98.21843,19.9548],[-98.21797,19.95443],[-98.21739,19.95434],[-98.21705,19.95285],[-98.21664,19.95223],[-98.21414,19.95119],[-98.21386,19.95033],[-98.21282,19.94892],[-98.21201,19.94764],[-98.21167,19.94689],[-98.21074,19.9459],[-98.2084,19.94701],[-98.207,19.94808],[-98.20665,19.94853],[-98.20437,19.9498],[-98.20371,19.94968],[-98.20248,19.94976],[-98.20172,19.95013],[-98.20137,19.95009],[-98.20044,19.95029],[-98.19927,19.95083],[-98.19833,19.95107],[-98.19663,19.95202],[-98.19634,19.95193],[-98.19605,19.95206],[-98.19547,19.95177],[-98.19471,19.95164],[-98.19343,19.95061],[-98.19169,19.94854],[-98.19134,19.94833],[-98.19047,19.94742],[-98.18966,19.9461],[-98.1892,19.94564],[-98.1885,19.94535],[-98.18757,19.94477],[-98.18611,19.94332],[-98.18511,19.94506],[-98.18459,19.94539],[-98.18423,19.94584],[-98.18429,19.94584],[-98.18359,19.9465],[-98.18353,19.94675],[-98.18318,19.94712],[-98.17954,19.94971],[-98.17919,19.95037],[-98.17884,19.95062],[-98.17831,19.95152],[-98.17807,19.95247],[-98.17807,19.95297],[-98.17853,19.95384],[-98.17829,19.95421],[-98.17934,19.9552],[-98.17963,19.95532],[-98.17975,19.95553],[-98.18079,19.95611],[-98.18114,19.95661],[-98.1819,19.95706],[-98.1823,19.9576],[-98.18265,19.95843],[-98.18259,19.95901],[-98.1827,19.96],[-98.18252,19.96161],[-98.18246,19.96189],[-98.18222,19.96218],[-98.18198,19.9628],[-98.18157,19.96445],[-98.18098,19.96528],[-98.17922,19.96626],[-98.17893,19.96647],[-98.17881,19.9668],[-98.17868,19.9687],[-98.17897,19.96973],[-98.17897,19.97047],[-98.17879,19.9713],[-98.17826,19.97217],[-98.1779,19.97332],[-98.1779,19.97394],[-98.17836,19.97572],[-98.17829,19.97704],[-98.17799,19.97782],[-98.17781,19.97869],[-98.17734,19.97976],[-98.17769,19.98104],[-98.17757,19.98129],[-98.1775,19.98236],[-98.17709,19.98331],[-98.17668,19.98397],[-98.1765,19.98467],[-98.17661,19.98608],[-98.1769,19.98661],[-98.17707,19.98719],[-98.17707,19.98773],[-98.17689,19.98789],[-98.17677,19.98851],[-98.17642,19.9888],[-98.1755,19.98992],[-98.17521,19.9912],[-98.17423,19.99341],[-98.17283,19.99755],[-98.17172,19.99959],[-98.17143,20.00034],[-98.17103,20.00203],[-98.17126,20.00406],[-98.17156,20.00542],[-98.17162,20.00616],[-98.17185,20.00699],[-98.1718,20.00902],[-98.17162,20.00972],[-98.17087,20.01113],[-98.16988,20.01255],[-98.16813,20.01459],[-98.16743,20.01555],[-98.16632,20.01671],[-98.16551,20.01829],[-98.16533,20.01912],[-98.16656,20.02097],[-98.16744,20.02204],[-98.16931,20.0238],[-98.16996,20.02512],[-98.17101,20.02635],[-98.17212,20.02845],[-98.17248,20.0289],[-98.17306,20.03104],[-98.1733,20.03269],[-98.17336,20.03327],[-98.17313,20.0339],[-98.17596,20.03362],[-98.17654,20.0342],[-98.17723,20.03462],[-98.17811,20.03479],[-98.1788,20.03508],[-98.1788,20.03533],[-98.18019,20.0362],[-98.1806,20.0369],[-98.18094,20.03773],[-98.18123,20.03806],[-98.18175,20.03835],[-98.18222,20.03843],[-98.18304,20.03827],[-98.18496,20.0377],[-98.18719,20.04367],[-98.18644,20.04427],[-98.18468,20.04509],[-98.18178,20.04688],[-98.17907,20.04904],[-98.17784,20.05015],[-98.17642,20.05303],[-98.17566,20.05357],[-98.1739,20.05447],[-98.1732,20.05496],[-98.17273,20.05546],[-98.17139,20.05632],[-98.17136,20.05777],[-98.17089,20.05885],[-98.17078,20.06026],[-98.17043,20.06146],[-98.16938,20.06287],[-98.16815,20.06425],[-98.16618,20.06931],[-98.16548,20.07072],[-98.16431,20.07268],[-98.16303,20.07591],[-98.16157,20.07816],[-98.16047,20.07933],[-98.16012,20.07983],[-98.15994,20.08028],[-98.15912,20.08157],[-98.15886,20.08213],[-98.15821,20.08462],[-98.1575,20.08566],[-98.15745,20.08719],[-98.15827,20.08805],[-98.15944,20.08866],[-98.15943,20.0898],[-98.15908,20.0905],[-98.15879,20.09171],[-98.15879,20.09266],[-98.15838,20.09357],[-98.15593,20.09446],[-98.15365,20.0951],[-98.15184,20.0959],[-98.15021,20.09679],[-98.1481,20.09718],[-98.14758,20.0971],[-98.14693,20.09686],[-98.14629,20.09682],[-98.14442,20.09833],[-98.14291,20.09912],[-98.14168,20.10009],[-98.14133,20.1005],[-98.14104,20.10108],[-98.14092,20.10171],[-98.14098,20.10228],[-98.14075,20.10291],[-98.13993,20.10374],[-98.13917,20.10428],[-98.13765,20.10463],[-98.13508,20.10424],[-98.13426,20.10425],[-98.13333,20.10529],[-98.13286,20.10562],[-98.12997,20.10683],[-98.12848,20.10727],[-98.12807,20.10724],[-98.1283,20.10579],[-98.12778,20.10467],[-98.12754,20.10435],[-98.12596,20.10481],[-98.12351,20.10529],[-98.12269,20.10526],[-98.12129,20.10448],[-98.11948,20.10371],[-98.11912,20.10335],[-98.1179,20.1029],[-98.11626,20.10201],[-98.11608,20.10164],[-98.11591,20.10069],[-98.1159,20.09969],[-98.11573,20.09879],[-98.11532,20.0985],[-98.11275,20.09898],[-98.11152,20.09936],[-98.11064,20.09916],[-98.11099,20.09643],[-98.11146,20.09382],[-98.11151,20.09258],[-98.11105,20.093],[-98.10959,20.09487],[-98.10369,20.10067],[-98.10206,20.10275],[-98.10101,20.10359],[-98.09896,20.10377],[-98.09832,20.10361],[-98.09732,20.10312],[-98.09668,20.10259],[-98.09604,20.10177],[-98.09481,20.09984],[-98.09457,20.0986],[-98.0934,20.09683],[-98.09235,20.09444],[-98.09205,20.09413],[-98.09147,20.09416],[-98.09118,20.09404],[-98.09059,20.09375],[-98.08971,20.0931],[-98.08901,20.09281],[-98.08849,20.09274],[-98.08755,20.09237],[-98.0865,20.09242],[-98.08545,20.09156],[-98.08469,20.09124],[-98.08404,20.09083],[-98.08252,20.08923],[-98.08217,20.08845],[-98.08211,20.08808],[-98.08141,20.08697],[-98.08071,20.08664],[-98.08006,20.08561],[-98.07971,20.08545],[-98.07954,20.08558],[-98.07954,20.08645],[-98.07965,20.0869],[-98.07948,20.08731],[-98.07954,20.08798],[-98.07895,20.08748],[-98.07656,20.0866],[-98.07591,20.0859],[-98.07562,20.08441],[-98.07568,20.08358],[-98.07632,20.08188],[-98.07638,20.08126],[-98.07556,20.07858],[-98.07544,20.07796],[-98.07532,20.0759],[-98.07503,20.07528],[-98.07462,20.07487],[-98.07327,20.07577],[-98.07235,20.07572],[-98.06992,20.07656],[-98.06941,20.0766],[-98.06876,20.07685],[-98.06832,20.07671],[-98.06803,20.07641],[-98.0677,20.07625],[-98.06731,20.07634],[-98.06714,20.07712],[-98.06691,20.07737],[-98.06661,20.07738],[-98.06562,20.07652],[-98.06521,20.07607],[-98.06492,20.07553],[-98.06241,20.07693],[-98.06099,20.07683],[-98.06007,20.07566],[-98.06008,20.07458],[-98.05897,20.07325],[-98.05845,20.07196],[-98.05817,20.06926],[-98.05738,20.06754],[-98.05692,20.0674],[-98.05661,20.06762],[-98.05644,20.06808],[-98.0562,20.06833],[-98.05585,20.06866],[-98.0555,20.06875],[-98.05503,20.06925],[-98.0548,20.07003],[-98.05363,20.07091],[-98.05317,20.07112],[-98.05288,20.07162],[-98.05264,20.07295],[-98.05189,20.07527],[-98.05124,20.07635],[-98.05088,20.07634],[-98.05048,20.07573],[-98.04937,20.07471],[-98.04791,20.07369],[-98.04703,20.07378],[-98.04592,20.07453],[-98.04429,20.0743],[-98.04283,20.07423],[-98.04189,20.07403],[-98.0416,20.07337],[-98.04195,20.07225],[-98.04189,20.07175],[-98.04148,20.07048],[-98.04095,20.07011],[-98.04078,20.0692],[-98.04119,20.06845],[-98.04194,20.0677],[-98.04206,20.06737],[-98.04212,20.06646],[-98.04177,20.06502],[-98.04182,20.06452],[-98.04223,20.06373],[-98.04229,20.06336],[-98.04182,20.06299],[-98.04136,20.06312],[-98.03972,20.06416],[-98.03814,20.06525],[-98.03762,20.06575],[-98.0368,20.06774],[-98.03534,20.07003],[-98.03283,20.07224],[-98.03056,20.07383],[-98.02834,20.07526],[-98.02693,20.07593],[-98.02156,20.07771],[-98.02022,20.07834],[-98.01846,20.07947],[-98.01683,20.0799],[-98.01642,20.08019],[-98.01554,20.08136],[-98.01525,20.08153],[-98.0149,20.08207],[-98.01391,20.08294],[-98.01262,20.08279],[-98.01245,20.08262],[-98.01169,20.08271],[-98.01134,20.08251],[-98.01139,20.08205],[-98.01198,20.08031],[-98.01192,20.07829],[-98.01233,20.07667],[-98.0132,20.07563],[-98.01373,20.07517],[-98.01408,20.07509],[-98.01466,20.07458],[-98.01495,20.07413],[-98.01519,20.0735],[-98.01513,20.07239],[-98.01402,20.06996],[-98.01366,20.06806],[-98.0136,20.06699],[-98.01384,20.06454],[-98.0136,20.06409],[-98.00969,20.06057],[-98.00945,20.06011],[-98.00793,20.05909],[-98.00758,20.05881],[-98.00735,20.05848],[-98.00735,20.05806],[-98.00764,20.05777],[-98.00811,20.05756],[-98.00863,20.05747],[-98.00904,20.05664],[-98.00869,20.05574],[-98.00869,20.05458],[-98.00892,20.05272],[-98.00956,20.0506],[-98.00956,20.048],[-98.00944,20.04676],[-98.00886,20.04561],[-98.0081,20.04491],[-98.00629,20.04426],[-98.00488,20.04324],[-98.00442,20.04262],[-98.00406,20.04201],[-98.00383,20.04044],[-98.00365,20.03982],[-98.00254,20.03755],[-98.00213,20.03636],[-98.00207,20.03574],[-98.00231,20.03383],[-98.00248,20.03334],[-98.00359,20.03163],[-98.004,20.03122],[-98.00482,20.03092],[-98.0054,20.0305],[-98.00552,20.02996],[-98.00622,20.02954],[-98.00686,20.02946],[-98.00733,20.0292],[-98.00774,20.02883],[-98.00762,20.0285],[-98.00733,20.02834],[-98.00359,20.02845],[-98.00259,20.02784],[-98.00219,20.0278],[-98.00166,20.02851],[-98.00125,20.02938],[-98.00102,20.03041],[-98.00084,20.03075],[-97.99991,20.03212],[-97.9988,20.03324],[-97.99822,20.03354],[-97.99757,20.03367],[-97.9967,20.03351],[-97.99518,20.03278],[-97.99448,20.03258],[-97.99278,20.03275],[-97.99214,20.03292],[-97.99173,20.0333],[-97.99144,20.0338],[-97.99156,20.03475],[-97.99132,20.03525],[-97.99086,20.0355],[-97.99027,20.03563],[-97.98957,20.03547],[-97.98858,20.03502],[-97.9877,20.03486],[-97.98712,20.03487],[-97.98431,20.03617],[-97.98373,20.03651],[-97.98309,20.0373],[-97.98303,20.03788],[-97.98274,20.03858],[-97.98134,20.03921],[-97.98087,20.04009],[-97.98034,20.04067],[-97.97959,20.04179],[-97.97947,20.04221],[-97.97912,20.04283],[-97.97859,20.04341],[-97.97748,20.04412],[-97.97667,20.04417],[-97.97515,20.04484],[-97.97421,20.04589],[-97.97328,20.04717],[-97.97199,20.04859],[-97.97129,20.04901],[-97.97053,20.04922],[-97.96972,20.04964],[-97.96901,20.05014],[-97.96744,20.0509],[-97.96487,20.05183],[-97.96411,20.05221],[-97.96265,20.05259],[-97.96043,20.05335],[-97.95891,20.05353],[-97.95698,20.05301],[-97.95529,20.05232],[-97.95137,20.05012],[-97.95003,20.0498],[-97.94775,20.04878],[-97.94681,20.04862],[-97.94278,20.04758],[-97.937,20.04688],[-97.93419,20.04678],[-97.93332,20.04666],[-97.93156,20.04672],[-97.93086,20.0466],[-97.92975,20.04661],[-97.92876,20.04686],[-97.92783,20.04736],[-97.92695,20.04807],[-97.92543,20.04862],[-97.92111,20.04919],[-97.92006,20.04949],[-97.91824,20.04967],[-97.91719,20.04989],[-97.91655,20.05022],[-97.91573,20.05077],[-97.91521,20.05155],[-97.91486,20.0523],[-97.91293,20.05356],[-97.91199,20.05394],[-97.91135,20.05448],[-97.91106,20.05485],[-97.91083,20.05486],[-97.911,20.05618],[-97.91088,20.05655],[-97.91106,20.05812],[-97.91071,20.05949],[-97.91065,20.0604],[-97.91083,20.06143],[-97.91071,20.06255],[-97.91024,20.06404],[-97.91024,20.06519],[-97.91048,20.06693],[-97.91048,20.06755],[-97.91042,20.06792],[-97.90966,20.06962],[-97.90942,20.07037],[-97.90925,20.07178],[-97.90937,20.07223],[-97.90878,20.0741],[-97.90831,20.07509],[-97.9082,20.07596],[-97.90738,20.07729],[-97.9065,20.07829],[-97.90566,20.0787],[-97.90569,20.07926],[-97.90535,20.07993],[-97.90424,20.08093],[-97.90384,20.08113],[-97.90332,20.08168],[-97.90268,20.08305],[-97.90245,20.0833],[-97.90158,20.0838],[-97.90065,20.08418],[-97.89995,20.08422],[-97.89901,20.08452],[-97.89867,20.0853],[-97.89839,20.08651],[-97.8984,20.08783],[-97.89817,20.08887],[-97.89788,20.08945],[-97.89671,20.08963],[-97.89614,20.08961],[-97.89504,20.08986],[-97.89449,20.09008],[-97.89376,20.09053],[-97.89305,20.09059],[-97.89259,20.09024],[-97.89192,20.09006],[-97.89051,20.08874],[-97.88951,20.08808],[-97.88782,20.08892],[-97.88712,20.08905],[-97.8866,20.08889],[-97.88577,20.08773],[-97.88495,20.08782],[-97.88396,20.08819],[-97.88308,20.08832],[-97.88145,20.08895],[-97.8807,20.08937],[-97.87988,20.08958],[-97.87882,20.0888],[-97.87735,20.08719],[-97.876,20.08628],[-97.87458,20.08567],[-97.87371,20.0855],[-97.87219,20.08555],[-97.87096,20.08572],[-97.8695,20.08561],[-97.86868,20.08511],[-97.86797,20.08445],[-97.8668,20.084],[-97.86539,20.08364],[-97.86393,20.08302],[-97.86282,20.0829],[-97.86229,20.08294],[-97.86142,20.08328],[-97.86084,20.08395],[-97.85996,20.0842],[-97.85885,20.08425],[-97.8578,20.0845],[-97.85716,20.08471],[-97.85675,20.085],[-97.85576,20.08542],[-97.85547,20.08542],[-97.85348,20.08464],[-97.85283,20.08456],[-97.85196,20.08461],[-97.8512,20.08482],[-97.84963,20.08615],[-97.84812,20.08703],[-97.84765,20.0874],[-97.84678,20.08757],[-97.84561,20.08762],[-97.84462,20.08804],[-97.84357,20.08892],[-97.84276,20.08987],[-97.84253,20.09037],[-97.84066,20.09054],[-97.8402,20.09075],[-97.84004,20.09162],[-97.84068,20.09223],[-97.84092,20.09261],[-97.84098,20.09402],[-97.84134,20.09514],[-97.84146,20.09638],[-97.84129,20.09696],[-97.84129,20.09742],[-97.84054,20.09904],[-97.83979,20.09975],[-97.83933,20.10063],[-97.83817,20.10213],[-97.83707,20.10338],[-97.8365,20.1038],[-97.83592,20.10409],[-97.83557,20.10414],[-97.83411,20.10369],[-97.83242,20.1027],[-97.83155,20.10208],[-97.83015,20.10193],[-97.82696,20.10236],[-97.82469,20.10213],[-97.82265,20.10218],[-97.8201,20.1029],[-97.81859,20.10357],[-97.81819,20.10391],[-97.81737,20.10416],[-97.81644,20.10425],[-97.81493,20.10397],[-97.81493,20.10434],[-97.81523,20.1055],[-97.81415,20.10701],[-97.81396,20.10767],[-97.81402,20.10808],[-97.81374,20.10946],[-97.81374,20.11062],[-97.81351,20.11108],[-97.81282,20.11174],[-97.8123,20.11245],[-97.81195,20.11312],[-97.81161,20.11453],[-97.81109,20.1157],[-97.81109,20.11653],[-97.81098,20.11698],[-97.81058,20.11765],[-97.80988,20.11815],[-97.80849,20.11862],[-97.80727,20.11875],[-97.80622,20.11909],[-97.80582,20.11934],[-97.80564,20.11967],[-97.80565,20.11992],[-97.80641,20.121],[-97.80676,20.12211],[-97.80659,20.12431],[-97.80648,20.12485],[-97.80602,20.12573],[-97.80406,20.12894],[-97.80325,20.12981],[-97.8022,20.13065],[-97.80186,20.13111],[-97.80122,20.13165],[-97.79954,20.13278],[-97.79856,20.1337],[-97.79815,20.13383],[-97.79681,20.13383],[-97.79594,20.13409],[-97.79571,20.13488],[-97.79542,20.1353],[-97.79397,20.13642],[-97.79311,20.13722],[-97.79299,20.13751],[-97.79277,20.14087],[-97.79284,20.14183],[-97.79255,20.14237],[-97.79174,20.14308],[-97.79069,20.14346],[-97.78994,20.14392],[-97.78947,20.14434],[-97.78733,20.14485],[-97.78646,20.14543],[-97.78634,20.14568],[-97.78692,20.14647],[-97.78698,20.14676],[-97.78699,20.14759],[-97.78681,20.14771],[-97.78606,20.14813],[-97.78432,20.14872],[-97.78368,20.14885],[-97.78263,20.14886],[-97.78182,20.14899],[-97.78124,20.14936],[-97.78083,20.14945],[-97.78014,20.14979],[-97.77962,20.15016],[-97.77846,20.15241],[-97.77811,20.15279],[-97.7769,20.15346],[-97.77626,20.15421],[-97.77557,20.1555],[-97.77551,20.15587],[-97.77517,20.15666],[-97.7743,20.15754],[-97.7725,20.15884],[-97.7721,20.15938],[-97.77192,20.15979],[-97.77164,20.16112],[-97.77106,20.162],[-97.76886,20.16388],[-97.76712,20.16497],[-97.76689,20.16493],[-97.76659,20.16456],[-97.76671,20.16372],[-97.76635,20.16298],[-97.76624,20.16236],[-97.76664,20.16119],[-97.76692,20.15995],[-97.76581,20.15734],[-97.76586,20.15697],[-97.76679,20.15538],[-97.76684,20.15484],[-97.76654,20.15202],[-97.76654,20.15053],[-97.76624,20.14953],[-97.76589,20.14879],[-97.76478,20.14776],[-97.76414,20.14751],[-97.76205,20.14769],[-97.7617,20.14782],[-97.76106,20.14782],[-97.75966,20.14741],[-97.75861,20.14676],[-97.75791,20.14647],[-97.75652,20.14569],[-97.75628,20.14544],[-97.75541,20.14503],[-97.75442,20.14495],[-97.75285,20.14571],[-97.75187,20.14675],[-97.75048,20.14776],[-97.74879,20.14818],[-97.74844,20.14806],[-97.74722,20.14711],[-97.74664,20.14691],[-97.746,20.14687],[-97.7446,20.14646],[-97.74303,20.14635],[-97.74274,20.14614],[-97.74222,20.14625],[-97.74164,20.14656],[-97.74019,20.14782],[-97.73909,20.14836],[-97.73879,20.14836],[-97.73775,20.14874],[-97.73711,20.1492],[-97.73648,20.15012],[-97.73543,20.15137],[-97.73486,20.15258],[-97.73463,20.15283],[-97.73381,20.15341],[-97.73091,20.15501],[-97.73051,20.15538],[-97.73016,20.15592],[-97.73034,20.15646],[-97.73034,20.15758],[-97.73064,20.15849],[-97.73058,20.15961],[-97.73041,20.16003],[-97.73047,20.16061],[-97.73012,20.16132],[-97.73013,20.16157],[-97.72966,20.16211],[-97.72961,20.16257],[-97.72857,20.16394],[-97.72694,20.16445],[-97.72589,20.16454],[-97.72572,20.16537],[-97.72555,20.16566],[-97.72549,20.16607],[-97.72555,20.16661],[-97.72532,20.16715],[-97.72527,20.16765],[-97.72503,20.16794],[-97.72521,20.16844],[-97.7248,20.16878],[-97.72487,20.16948],[-97.72347,20.17011],[-97.72237,20.1702],[-97.7212,20.16962],[-97.71957,20.16839],[-97.7187,20.16802],[-97.718,20.16782],[-97.71718,20.16778],[-97.71689,20.16762],[-97.71607,20.16675],[-97.71572,20.16617],[-97.71485,20.16509],[-97.71438,20.16418],[-97.71414,20.1634],[-97.71362,20.16265],[-97.71106,20.16304],[-97.71071,20.16296],[-97.70972,20.16222],[-97.70879,20.16123],[-97.70802,20.15932],[-97.7065,20.15759],[-97.70569,20.15647],[-97.70394,20.15536],[-97.70283,20.1545],[-97.70196,20.15392],[-97.70161,20.15384],[-97.70033,20.15318],[-97.69986,20.15318],[-97.6994,20.15335],[-97.6987,20.15373],[-97.69829,20.1541],[-97.6976,20.1544],[-97.69696,20.15432],[-97.69649,20.15407],[-97.69602,20.15345],[-97.69602,20.15287],[-97.69631,20.15163],[-97.69706,20.1498],[-97.69746,20.1493],[-97.69787,20.14913],[-97.69827,20.14859],[-97.69885,20.14825],[-97.6992,20.14783],[-97.69885,20.14734],[-97.69815,20.14693],[-97.69687,20.1459],[-97.69634,20.14523],[-97.69646,20.14474],[-97.69686,20.14448],[-97.69901,20.14377],[-97.6993,20.14331],[-97.69866,20.14248],[-97.69796,20.14195],[-97.69749,20.14145],[-97.69685,20.14116],[-97.69662,20.14054],[-97.69691,20.14013],[-97.69749,20.14],[-97.69807,20.14045],[-97.69859,20.14028],[-97.70068,20.13928],[-97.70109,20.13886],[-97.7012,20.13741],[-97.70108,20.13666],[-97.70131,20.13566],[-97.70119,20.13525],[-97.70153,20.1345],[-97.70182,20.13321],[-97.70164,20.13251],[-97.70024,20.13052],[-97.70007,20.13015],[-97.70029,20.12924],[-97.70145,20.12794],[-97.70098,20.12728],[-97.69941,20.12671],[-97.69906,20.12646],[-97.69883,20.12597],[-97.69801,20.12543],[-97.69645,20.12606],[-97.69563,20.12652],[-97.69523,20.1269],[-97.69511,20.12723],[-97.69448,20.12773],[-97.69349,20.12824],[-97.69285,20.12832],[-97.69198,20.12858],[-97.69146,20.12908],[-97.69053,20.1295],[-97.68954,20.13037],[-97.6892,20.13079],[-97.68798,20.13266],[-97.68746,20.1337],[-97.68723,20.134],[-97.68683,20.13421],[-97.68636,20.13437],[-97.68584,20.13421],[-97.68525,20.13347],[-97.6849,20.13247],[-97.68397,20.13161],[-97.68327,20.13128],[-97.68234,20.13157],[-97.68182,20.13311],[-97.68188,20.1334],[-97.68171,20.1344],[-97.68055,20.13528],[-97.68003,20.13603],[-97.67986,20.13669],[-97.68027,20.13768],[-97.68004,20.13856],[-97.67969,20.13931],[-97.67911,20.1396],[-97.67865,20.13948],[-97.67807,20.1389],[-97.67765,20.13762],[-97.67683,20.13563],[-97.67607,20.13443],[-97.67566,20.13397],[-97.67456,20.13315],[-97.67345,20.13311],[-97.67275,20.13283],[-97.67229,20.13225],[-97.67095,20.13093],[-97.67054,20.13093],[-97.67002,20.13122],[-97.66944,20.1321],[-97.66875,20.13393],[-97.66782,20.13505],[-97.66724,20.13514],[-97.66672,20.13514],[-97.66602,20.13469],[-97.66473,20.13175],[-97.66444,20.1315],[-97.66357,20.13192],[-97.66322,20.13304],[-97.66288,20.13529],[-97.66271,20.13578],[-97.66201,20.13707],[-97.66068,20.1382],[-97.66028,20.13928],[-97.66022,20.14028],[-97.66052,20.14227],[-97.66087,20.14351],[-97.66111,20.14584],[-97.66141,20.14617],[-97.66228,20.1479],[-97.6627,20.14898],[-97.66328,20.14968],[-97.66328,20.14985],[-97.66375,20.15022],[-97.66386,20.15076],[-97.66375,20.15113],[-97.66334,20.15163],[-97.66166,20.15268],[-97.66137,20.15301],[-97.66103,20.15372],[-97.66103,20.15414],[-97.6615,20.15542],[-97.66197,20.15633],[-97.66173,20.15695],[-97.66092,20.15775],[-97.66052,20.15796],[-97.65965,20.15813],[-97.65814,20.15896],[-97.65773,20.15942],[-97.65721,20.16071],[-97.65733,20.16179],[-97.65763,20.16262],[-97.65775,20.16357],[-97.65839,20.16506],[-97.65915,20.1663],[-97.65921,20.16672],[-97.65944,20.16692],[-97.65933,20.16746],[-97.65945,20.16775],[-97.65904,20.1685],[-97.65817,20.16884],[-97.65736,20.16876],[-97.65666,20.16839],[-97.65596,20.16736],[-97.65595,20.16665],[-97.65525,20.1652],[-97.65449,20.16413],[-97.65339,20.16359],[-97.65275,20.16368],[-97.65217,20.16389],[-97.65164,20.16431],[-97.65072,20.16572],[-97.65049,20.16593],[-97.64683,20.16753],[-97.64631,20.16795],[-97.64584,20.16816],[-97.64503,20.16903],[-97.64492,20.16965],[-97.64486,20.17007],[-97.64533,20.17098],[-97.64522,20.17235],[-97.64528,20.17326],[-97.645,20.17546],[-97.64471,20.17683],[-97.64436,20.17792],[-97.64355,20.17825],[-97.64268,20.17838],[-97.64227,20.17822],[-97.6418,20.17776],[-97.63994,20.17694],[-97.63895,20.17661],[-97.63814,20.17699],[-97.63779,20.17766],[-97.63768,20.17878],[-97.63786,20.17986],[-97.63833,20.1816],[-97.63856,20.18214],[-97.63845,20.18284],[-97.63816,20.1833],[-97.63717,20.18314],[-97.63583,20.18235],[-97.63511,20.18225],[-97.63458,20.18253],[-97.63352,20.18277],[-97.63089,20.18267],[-97.62996,20.18254],[-97.62904,20.18125],[-97.62853,20.17889],[-97.62768,20.17719],[-97.62681,20.17611],[-97.62605,20.17557],[-97.62478,20.1744],[-97.62373,20.17398],[-97.62245,20.17405],[-97.6218,20.17421],[-97.62075,20.17513],[-97.62011,20.17621],[-97.61884,20.1775],[-97.61866,20.178],[-97.61884,20.17891],[-97.61913,20.17949],[-97.61937,20.17962],[-97.6196,20.17991],[-97.61972,20.18053],[-97.6196,20.18094],[-97.61833,20.18161],[-97.6178,20.18211],[-97.6178,20.18228],[-97.61688,20.18403],[-97.61665,20.18469],[-97.61578,20.18603],[-97.61532,20.18632],[-97.61462,20.18649]]]}},{"type":"Feature","properties":{"id":3,"distrito_f":3,"nombre":"Distrito Federal 3","entidad":21},"geometry":{"type":"Polygon","coordinates":[[[-97.3902,20.25399],[-97.38839,20.25359],[-97.38763,20.25351],[-97.38675,20.25348],[-97.38558,20.25374],[-97.38429,20.25375],[-97.38324,20.25359],[-97.38242,20.2536],[-97.38066,20.25329],[-97.3799,20.25329],[-97.37903,20.25314],[-97.37832,20.25273],[-97.37756,20.25244],[-97.37662,20.25233],[-97.37621,20.25217],[-97.3757,20.2513],[-97.37655,20.251],[-97.37771,20.25004],[-97.37841,20.24962],[-97.37853,20.24937],[-97.37806,20.24888],[-97.37776,20.24817],[-97.37727,20.24569],[-97.37662,20.24466],[-97.37562,20.24405],[-97.37497,20.24323],[-97.37497,20.24252],[-97.37549,20.24148],[-97.37601,20.24115],[-97.37659,20.24106],[-97.37694,20.24064],[-97.37699,20.23985],[-97.37669,20.23807],[-97.37645,20.23762],[-97.37498,20.2361],[-97.37415,20.23548],[-97.37432,20.23482],[-97.37467,20.23411],[-97.37495,20.23283],[-97.3753,20.23228],[-97.37716,20.2304],[-97.37739,20.22978],[-97.37662,20.22871],[-97.37608,20.2273],[-97.37595,20.22561],[-97.37547,20.22449],[-97.37477,20.22371],[-97.37453,20.22309],[-97.37386,20.22053],[-97.37309,20.21875],[-97.37279,20.21718],[-97.37155,20.2157],[-97.37078,20.21504],[-97.37013,20.21422],[-97.36931,20.21348],[-97.36837,20.21295],[-97.36608,20.21136],[-97.36531,20.21099],[-97.36455,20.21083],[-97.36385,20.21038],[-97.36279,20.21006],[-97.36097,20.2097],[-97.35945,20.20955],[-97.35822,20.20923],[-97.35804,20.20857],[-97.35751,20.20791],[-97.35692,20.20738],[-97.35563,20.20657],[-97.35504,20.20607],[-97.35392,20.20475],[-97.35339,20.20389],[-97.35327,20.20339],[-97.35297,20.20281],[-97.35268,20.20286],[-97.35233,20.20315],[-97.35169,20.2032],[-97.34898,20.2024],[-97.34782,20.20216],[-97.34718,20.20216],[-97.34542,20.20168],[-97.3446,20.20131],[-97.34313,20.19864],[-97.34346,20.19842],[-97.34317,20.19822],[-97.34276,20.19814],[-97.34252,20.19773],[-97.34297,20.19486],[-97.34254,20.19271],[-97.3419,20.19235],[-97.34178,20.19193],[-97.3423,20.19093],[-97.34329,20.19026],[-97.34358,20.18993],[-97.34351,20.18935],[-97.34363,20.1886],[-97.34333,20.18827],[-97.34169,20.18796],[-97.34093,20.18759],[-97.34092,20.18697],[-97.34104,20.18676],[-97.34127,20.18676],[-97.34133,20.18601],[-97.34196,20.18526],[-97.34137,20.18406],[-97.34107,20.18311],[-97.34048,20.18204],[-97.34012,20.18092],[-97.34006,20.1803],[-97.33934,20.17853],[-97.33916,20.17783],[-97.33792,20.17568],[-97.3365,20.17395],[-97.33609,20.17379],[-97.33556,20.17322],[-97.33521,20.17301],[-97.33427,20.17215],[-97.3328,20.17162],[-97.3321,20.17175],[-97.33193,20.17213],[-97.33134,20.17238],[-97.33064,20.17264],[-97.33012,20.17268],[-97.32924,20.17257],[-97.32842,20.17216],[-97.32742,20.17126],[-97.32707,20.17105],[-97.32654,20.17106],[-97.32561,20.17136],[-97.32409,20.17141],[-97.32303,20.17109],[-97.32239,20.1711],[-97.32209,20.17095],[-97.32216,20.17321],[-97.32209,20.1735],[-97.32214,20.17395],[-97.32201,20.17436],[-97.32212,20.17477],[-97.32211,20.17531],[-97.32222,20.17556],[-97.32225,20.17675],[-97.32224,20.17721],[-97.32199,20.17807],[-97.32207,20.17955],[-97.32169,20.18098],[-97.32144,20.18135],[-97.32125,20.18221],[-97.32052,20.18364],[-97.3205,20.18438],[-97.31994,20.18565],[-97.31968,20.18708],[-97.31966,20.18766],[-97.31977,20.18824],[-97.31957,20.18939],[-97.31952,20.1912],[-97.31916,20.19193],[-97.31908,20.19255],[-97.31858,20.1941],[-97.31822,20.19455],[-97.2794,20.19561],[-97.28005,20.19525],[-97.28059,20.19465],[-97.28089,20.19449],[-97.28254,20.19402],[-97.28372,20.19355],[-97.28638,20.19192],[-97.28768,20.19132],[-97.28856,20.19109],[-97.28892,20.19085],[-97.28921,20.19082],[-97.29022,20.19026],[-97.29064,20.18965],[-97.29108,20.18859],[-97.29122,20.18748],[-97.291,20.18694],[-97.2906,20.18648],[-97.28928,20.18538],[-97.289,20.18472],[-97.28919,20.18419],[-97.28909,20.18344],[-97.28911,20.18266],[-97.28859,20.17985],[-97.2886,20.1794],[-97.28843,20.17915],[-97.28833,20.17869],[-97.28781,20.17835],[-97.28711,20.17826],[-97.28392,20.17729],[-97.28279,20.17826],[-97.28089,20.17958],[-97.27979,20.18141],[-97.27923,20.18296],[-97.27893,20.18345],[-97.27851,20.18381],[-97.27798,20.18401],[-97.27681,20.18411],[-97.27652,20.18402],[-97.2763,20.18357],[-97.27595,20.18352],[-97.27517,20.18408],[-97.27387,20.18471],[-97.27271,20.18465],[-97.27254,20.18444],[-97.27224,20.18452],[-97.27161,20.18426],[-97.27114,20.18421],[-97.26991,20.18431],[-97.26945,20.18389],[-97.26924,20.18314],[-97.26786,20.18208],[-97.26768,20.18208],[-97.2656,20.18117],[-97.26457,20.18029],[-97.26343,20.17895],[-97.26238,20.17889],[-97.26221,20.1788],[-97.26133,20.17883],[-97.25988,20.17871],[-97.25911,20.17895],[-97.25847,20.17873],[-97.25785,20.17814],[-97.25669,20.17738],[-97.2564,20.17729],[-97.25405,20.1779],[-97.25312,20.17788],[-97.2513,20.17846],[-97.2507,20.17886],[-97.25034,20.17927],[-97.24915,20.18007],[-97.24833,20.18034],[-97.24673,20.18134],[-97.24632,20.1815],[-97.24585,20.18145],[-97.24532,20.18164],[-97.24514,20.1818],[-97.24382,20.1794],[-97.24308,20.17705],[-97.24297,20.17621],[-97.24333,20.17525],[-97.2438,20.17475],[-97.2309,20.17086],[-97.22875,20.1706],[-97.22329,20.16856],[-97.22033,20.1677],[-97.21586,20.16584],[-97.21371,20.16482],[-97.21139,20.16422],[-97.21005,20.16408],[-97.2079,20.16302],[-97.20604,20.16259],[-97.205,20.16221],[-97.20355,20.16195],[-97.20105,20.16064],[-97.19872,20.16054],[-97.19681,20.1594],[-97.196,20.15914],[-97.1942,20.1588],[-97.19344,20.15816],[-97.18537,20.1556],[-97.18241,20.15441],[-97.15736,20.14932],[-97.1576,20.14808],[-97.15527,20.14704],[-97.15399,20.14589],[-97.153,20.14411],[-97.15277,20.14291],[-97.15149,20.14204],[-97.15091,20.14072],[-97.15027,20.13861],[-97.14917,20.13733],[-97.14794,20.13704],[-97.1473,20.1365],[-97.14643,20.13625],[-97.14485,20.13609],[-97.14327,20.13675],[-97.14163,20.1377],[-97.14046,20.13877],[-97.13911,20.13918],[-97.13689,20.13955],[-97.13508,20.13968],[-97.13046,20.13955],[-97.12941,20.13905],[-97.12837,20.1381],[-97.12673,20.13777],[-97.12375,20.13831],[-97.12276,20.13769],[-97.1227,20.1369],[-97.12412,20.13442],[-97.12535,20.13335],[-97.12658,20.13265],[-97.12816,20.13194],[-97.12904,20.13079],[-97.1298,20.12955],[-97.13244,20.12732],[-97.1341,20.12469],[-97.13533,20.12389],[-97.13937,20.12288],[-97.14089,20.12285],[-97.14074,20.1217],[-97.14063,20.12153],[-97.14069,20.12149],[-97.14014,20.12012],[-97.14,20.11913],[-97.1436,20.11775],[-97.14458,20.11757],[-97.14534,20.11727],[-97.14962,20.11521],[-97.15267,20.11305],[-97.15511,20.11218],[-97.15677,20.11042],[-97.15744,20.1093],[-97.15892,20.10725],[-97.15948,20.10588],[-97.16102,20.10416],[-97.16165,20.10365],[-97.16233,20.1024],[-97.16382,20.10118],[-97.16473,20.10009],[-97.16731,20.09782],[-97.16775,20.09645],[-97.16836,20.095],[-97.16923,20.09465],[-97.17056,20.09388],[-97.17281,20.09232],[-97.17391,20.09188],[-97.17454,20.09134],[-97.17544,20.08942],[-97.17571,20.08847],[-97.1761,20.08776],[-97.17668,20.0873],[-97.17737,20.08712],[-97.17778,20.08678],[-97.17853,20.08661],[-97.1794,20.08609],[-97.18161,20.08296],[-97.18267,20.08214],[-97.18176,20.08138],[-97.18143,20.08055],[-97.18092,20.07972],[-97.18023,20.07909],[-97.17804,20.07554],[-97.17829,20.07509],[-97.17905,20.07474],[-97.17948,20.07405],[-97.18065,20.07378],[-97.18095,20.07346],[-97.18156,20.07236],[-97.1817,20.07166],[-97.18177,20.07092],[-97.18155,20.07046],[-97.1814,20.06939],[-97.18248,20.0683],[-97.18291,20.06728],[-97.18345,20.06647],[-97.18375,20.06618],[-97.18405,20.06607],[-97.18423,20.06582],[-97.18442,20.06492],[-97.18508,20.06415],[-97.18465,20.06365],[-97.18476,20.0634],[-97.18562,20.06235],[-97.18579,20.06222],[-97.18649,20.06217],[-97.18707,20.0622],[-97.18796,20.06256],[-97.18825,20.06243],[-97.18864,20.0618],[-97.18868,20.06069],[-97.18955,20.06026],[-97.18979,20.06063],[-97.1902,20.06074],[-97.19043,20.0607],[-97.19101,20.0604],[-97.19146,20.05985],[-97.19216,20.05935],[-97.19326,20.05887],[-97.19521,20.05715],[-97.19561,20.05673],[-97.19588,20.05602],[-97.19708,20.0548],[-97.19726,20.05472],[-97.19827,20.05544],[-97.19874,20.05593],[-97.19927,20.05592],[-97.20009,20.05627],[-97.20044,20.05631],[-97.20068,20.05622],[-97.20085,20.05634],[-97.20105,20.05712],[-97.20164,20.05736],[-97.20227,20.05702],[-97.20248,20.05598],[-97.20228,20.05491],[-97.20245,20.05454],[-97.2028,20.05449],[-97.20333,20.05461],[-97.20432,20.05463],[-97.20504,20.05523],[-97.2058,20.05539],[-97.20615,20.05521],[-97.20621,20.05465],[-97.20683,20.05289],[-97.20692,20.05149],[-97.20719,20.05022],[-97.20713,20.04997],[-97.20738,20.04936],[-97.20766,20.04722],[-97.20779,20.04685],[-97.20891,20.04622],[-97.20994,20.04471],[-97.21045,20.04287],[-97.21073,20.04119],[-97.21064,20.04003],[-97.21014,20.03895],[-97.20813,20.03726],[-97.20745,20.03638],[-97.20708,20.03473],[-97.20704,20.03419],[-97.2066,20.03307],[-97.20648,20.03299],[-97.20683,20.03239],[-97.20635,20.03158],[-97.20539,20.03032],[-97.2049,20.02925],[-97.20466,20.02901],[-97.20387,20.02762],[-97.20374,20.02701],[-97.20399,20.02523],[-97.20437,20.02386],[-97.20512,20.02306],[-97.20535,20.0231],[-97.20522,20.02253],[-97.20527,20.02207],[-97.2055,20.02178],[-97.20572,20.02111],[-97.20575,20.01988],[-97.20617,20.01781],[-97.20672,20.01602],[-97.2075,20.01436],[-97.20802,20.01414],[-97.20855,20.01405],[-97.20941,20.01366],[-97.21249,20.01282],[-97.21324,20.01228],[-97.21449,20.01089],[-97.2156,20.01062],[-97.21642,20.01094],[-97.2184,20.01032],[-97.22102,20.00995],[-97.22165,20.00973],[-97.22253,20.00975],[-97.22299,20.00962],[-97.2249,20.00868],[-97.22484,20.00839],[-97.22418,20.00783],[-97.22399,20.00705],[-97.22404,20.00651],[-97.22421,20.0063],[-97.22464,20.00481],[-97.22531,20.00319],[-97.22563,20.00165],[-97.22591,20.0012],[-97.22742,20.00092],[-97.22952,20.00084],[-97.23078,19.99975],[-97.23274,19.99851],[-97.23371,19.99746],[-97.23422,19.99663],[-97.23433,19.99626],[-97.23504,19.99603],[-97.23537,19.99538],[-97.23551,19.9944],[-97.23601,19.99321],[-97.23596,19.99272],[-97.23615,19.99198],[-97.23687,19.99125],[-97.2376,19.99003],[-97.2385,19.9891],[-97.23957,19.9883],[-97.23975,19.98781],[-97.24064,19.98708],[-97.24147,19.98665],[-97.242,19.98657],[-97.24339,19.98697],[-97.24496,19.98729],[-97.24531,19.98726],[-97.24572,19.98706],[-97.24661,19.98638],[-97.24773,19.98586],[-97.25039,19.98431],[-97.25186,19.98405],[-97.25374,19.98347],[-97.25445,19.98299],[-97.25469,19.98254],[-97.25541,19.98202],[-97.25602,19.98088],[-97.25637,19.98055],[-97.25696,19.98028],[-97.25905,19.97847],[-97.25982,19.97799],[-97.26096,19.97669],[-97.26144,19.97579],[-97.26122,19.97554],[-97.26084,19.97434],[-97.26037,19.9742],[-97.26031,19.974],[-97.26064,19.97342],[-97.26099,19.97312],[-97.26206,19.97137],[-97.2628,19.97078],[-97.26338,19.97052],[-97.26384,19.97014],[-97.26382,19.96894],[-97.26357,19.96854],[-97.26362,19.96812],[-97.2635,19.96763],[-97.26559,19.9645],[-97.26604,19.96362],[-97.26631,19.96283],[-97.26652,19.96176],[-97.2668,19.96126],[-97.26812,19.95987],[-97.26815,19.95884],[-97.26795,19.95748],[-97.26798,19.95629],[-97.26786,19.95612],[-97.26784,19.95513],[-97.26828,19.9541],[-97.26833,19.95372],[-97.26792,19.95332],[-97.2679,19.95274],[-97.268,19.95196],[-97.26866,19.95122],[-97.26885,19.95065],[-97.2688,19.95016],[-97.26888,19.94954],[-97.26883,19.94917],[-97.26895,19.94868],[-97.26891,19.9481],[-97.26903,19.94781],[-97.26917,19.94674],[-97.26843,19.94607],[-97.26832,19.9457],[-97.2681,19.94541],[-97.26623,19.94529],[-97.26531,19.94502],[-97.26519,19.94486],[-97.26485,19.94472],[-97.26422,19.94405],[-97.26383,19.94314],[-97.26327,19.94235],[-97.26289,19.94106],[-97.26256,19.9404],[-97.26234,19.93957],[-97.2619,19.93853],[-97.2613,19.9365],[-97.26002,19.93388],[-97.25974,19.93359],[-97.25915,19.93362],[-97.25852,19.93328],[-97.25807,19.93265],[-97.25655,19.93262],[-97.25626,19.93242],[-97.25792,19.93076],[-97.26,19.92797],[-97.26024,19.92744],[-97.26001,19.92694],[-97.25949,19.92652],[-97.25886,19.92622],[-97.25798,19.92605],[-97.25677,19.92546],[-97.25595,19.92558],[-97.25519,19.92594],[-97.25508,19.92569],[-97.2552,19.92503],[-97.25579,19.92467],[-97.25673,19.92364],[-97.25738,19.92349],[-97.25779,19.92312],[-97.25797,19.92275],[-97.25932,19.92194],[-97.26109,19.92059],[-97.26138,19.92006],[-97.26139,19.91928],[-97.26157,19.91899],[-97.26204,19.91924],[-97.26238,19.91966],[-97.26266,19.92024],[-97.26289,19.92041],[-97.26329,19.92099],[-97.26334,19.92157],[-97.26316,19.92198],[-97.26328,19.92223],[-97.26357,19.92239],[-97.26592,19.92056],[-97.26662,19.9204],[-97.2675,19.92045],[-97.26836,19.92112],[-97.26901,19.92063],[-97.26977,19.92031],[-97.27047,19.92053],[-97.27094,19.92012],[-97.27189,19.91844],[-97.27195,19.91806],[-97.27156,19.91682],[-97.27163,19.9162],[-97.27175,19.91612],[-97.2721,19.91617],[-97.27301,19.91733],[-97.27325,19.91729],[-97.27366,19.91688],[-97.27426,19.91569],[-97.27455,19.91537],[-97.27519,19.91537],[-97.27548,19.91546],[-97.27576,19.91645],[-97.277,19.91568],[-97.27829,19.91462],[-97.27924,19.91352],[-97.28041,19.91266],[-97.28112,19.91226],[-97.28177,19.91152],[-97.28168,19.90908],[-97.28217,19.90744],[-97.28305,19.90674],[-97.28323,19.90671],[-97.28387,19.90696],[-97.2841,19.90696],[-97.28517,19.90532],[-97.28564,19.90504],[-97.28634,19.90505],[-97.28675,19.90488],[-97.2871,19.90456],[-97.28711,19.90419],[-97.28665,19.90352],[-97.28659,19.90315],[-97.2869,19.90241],[-97.28789,19.90188],[-97.28876,19.90247],[-97.2891,19.90317],[-97.28975,19.90207],[-97.29058,19.90108],[-97.29065,19.90038],[-97.29089,19.89985],[-97.29112,19.89973],[-97.29158,19.90052],[-97.29234,19.90048],[-97.29263,19.90011],[-97.29246,19.89974],[-97.29183,19.89916],[-97.29166,19.8985],[-97.29232,19.89763],[-97.29274,19.89657],[-97.29303,19.89649],[-97.29361,19.89653],[-97.29397,19.896],[-97.29415,19.89551],[-97.2945,19.89514],[-97.29442,19.89402],[-97.29506,19.89375],[-97.29502,19.89313],[-97.29521,19.89239],[-97.29546,19.89186],[-97.29612,19.89097],[-97.29613,19.89039],[-97.29575,19.88915],[-97.2953,19.88844],[-97.29444,19.88793],[-97.29369,19.88771],[-97.29305,19.88728],[-97.292,19.88739],[-97.29191,19.88834],[-97.29145,19.8883],[-97.29122,19.88788],[-97.29135,19.88706],[-97.29164,19.88661],[-97.29211,19.88616],[-97.29317,19.88547],[-97.29453,19.88424],[-97.29576,19.88359],[-97.29939,19.88227],[-97.30003,19.88174],[-97.30033,19.88121],[-97.30086,19.8808],[-97.30134,19.87969],[-97.30141,19.87857],[-97.30189,19.87755],[-97.30135,19.87649],[-97.3015,19.87606],[-97.30152,19.87543],[-97.30136,19.87505],[-97.30127,19.87413],[-97.30188,19.87191],[-97.30287,19.87057],[-97.30325,19.86983],[-97.30362,19.86935],[-97.30341,19.86863],[-97.30355,19.86789],[-97.30353,19.86693],[-97.30396,19.86641],[-97.30434,19.86559],[-97.3039,19.86458],[-97.30415,19.86413],[-97.30429,19.86355],[-97.30575,19.86206],[-97.30762,19.86205],[-97.30959,19.86077],[-97.31,19.86011],[-97.31017,19.85919],[-97.31075,19.85882],[-97.31139,19.85866],[-97.31173,19.85837],[-97.31197,19.85829],[-97.31231,19.85792],[-97.31236,19.85614],[-97.31294,19.85498],[-97.31288,19.85444],[-97.3127,19.85398],[-97.31281,19.85261],[-97.31304,19.85228],[-97.31333,19.85129],[-97.31351,19.85108],[-97.3135,19.85092],[-97.31362,19.85092],[-97.31391,19.85059],[-97.31385,19.85017],[-97.31466,19.84955],[-97.31536,19.84864],[-97.31599,19.84753],[-97.31716,19.84736],[-97.31791,19.84712],[-97.31808,19.84679],[-97.31779,19.84637],[-97.31779,19.84608],[-97.31913,19.84526],[-97.32057,19.84348],[-97.32016,19.84311],[-97.32005,19.84315],[-97.31999,19.84244],[-97.31928,19.84203],[-97.31917,19.84171],[-97.31873,19.8411],[-97.31791,19.84024],[-97.31799,19.83941],[-97.31834,19.8392],[-97.31881,19.83933],[-97.31904,19.83896],[-97.31803,19.83605],[-97.31791,19.83427],[-97.31837,19.83373],[-97.31813,19.83257],[-97.31825,19.83216],[-97.31883,19.83121],[-97.31946,19.83067],[-97.32028,19.8303],[-97.32045,19.83009],[-97.3205,19.82885],[-97.32091,19.82819],[-97.3212,19.8272],[-97.322,19.82604],[-97.322,19.82542],[-97.32164,19.8238],[-97.3217,19.82318],[-97.32199,19.8231],[-97.32211,19.82297],[-97.32204,19.82194],[-97.32291,19.8202],[-97.32383,19.81788],[-97.32447,19.81747],[-97.32493,19.81734],[-97.32528,19.81676],[-97.32528,19.81631],[-97.32539,19.81614],[-97.32597,19.81586],[-97.32713,19.81491],[-97.32742,19.81474],[-97.32818,19.81462],[-97.32888,19.81466],[-97.32963,19.81442],[-97.33056,19.81371],[-97.33126,19.81297],[-97.33178,19.81293],[-97.33253,19.8121],[-97.33352,19.81149],[-97.33433,19.8107],[-97.33508,19.81021],[-97.33589,19.80913],[-97.33688,19.80756],[-97.33733,19.80582],[-97.33791,19.80495],[-97.33826,19.80474],[-97.33907,19.80466],[-97.33977,19.80496],[-97.34012,19.80533],[-97.34111,19.80542],[-97.3421,19.805],[-97.34251,19.80455],[-97.34436,19.80348],[-97.345,19.80298],[-97.34581,19.80186],[-97.34612,19.79993],[-97.34657,19.79882],[-97.34676,19.79713],[-97.34668,19.79662],[-97.3472,19.7946],[-97.34855,19.79217],[-97.35094,19.78889],[-97.3517,19.79045],[-97.35297,19.78933],[-97.35518,19.78705],[-97.3561,19.78568],[-97.35632,19.78559],[-97.35748,19.78454],[-97.35835,19.78408],[-97.35981,19.78359],[-97.3623,19.78223],[-97.36265,19.78173],[-97.36264,19.78032],[-97.36252,19.77929],[-97.36269,19.77821],[-97.36321,19.77776],[-97.36472,19.77701],[-97.36513,19.77714],[-97.36623,19.77677],[-97.36728,19.77657],[-97.36751,19.77669],[-97.36775,19.77789],[-97.36798,19.77806],[-97.36886,19.7779],[-97.36932,19.77761],[-97.37007,19.77686],[-97.3703,19.77674],[-97.37147,19.77666],[-97.37321,19.77679],[-97.37339,19.777],[-97.37328,19.77762],[-97.37339,19.77783],[-97.3734,19.77853],[-97.37363,19.77913],[-97.37469,19.78003],[-97.37533,19.78106],[-97.37562,19.78098],[-97.3762,19.78057],[-97.37649,19.78011],[-97.377,19.77829],[-97.37747,19.77767],[-97.37787,19.77746],[-97.37805,19.77717],[-97.37787,19.77647],[-97.3778,19.77523],[-97.37792,19.77469],[-97.37838,19.77357],[-97.37883,19.77154],[-97.37889,19.7708],[-97.37877,19.77013],[-97.37888,19.7693],[-97.37929,19.76906],[-97.38168,19.76985],[-97.38161,19.76919],[-97.3812,19.76757],[-97.38061,19.76637],[-97.38008,19.7657],[-97.38013,19.7633],[-97.38082,19.76139],[-97.38099,19.76123],[-97.38204,19.76073],[-97.38268,19.76074],[-97.38355,19.76094],[-97.38518,19.76157],[-97.38582,19.76161],[-97.38874,19.76266],[-97.3899,19.76241],[-97.39066,19.76241],[-97.39224,19.76308],[-97.39112,19.76462],[-97.39106,19.7651],[-97.39068,19.76543],[-97.39044,19.76627],[-97.39055,19.76754],[-97.39113,19.76912],[-97.39159,19.76962],[-97.39165,19.76999],[-97.39123,19.77093],[-97.39088,19.77142],[-97.3907,19.77229],[-97.39076,19.77278],[-97.39058,19.7734],[-97.39058,19.77389],[-97.38988,19.77634],[-97.38946,19.77723],[-97.3884,19.77821],[-97.38821,19.77871],[-97.38849,19.78009],[-97.38848,19.78079],[-97.38803,19.78081],[-97.38754,19.78181],[-97.38359,19.7881],[-97.38304,19.78834],[-97.38291,19.78826],[-97.38279,19.78834],[-97.38106,19.78999],[-97.38073,19.78969],[-97.37819,19.7922],[-97.37806,19.79305],[-97.37777,19.79357],[-97.37704,19.7964],[-97.37714,19.79642],[-97.37704,19.79813],[-97.37578,19.79858],[-97.37496,19.799],[-97.37397,19.79993],[-97.37387,19.80136],[-97.37438,19.80356],[-97.37446,19.80464],[-97.37586,19.80415],[-97.37803,19.80308],[-97.38009,19.80177],[-97.38047,19.80179],[-97.38032,19.80382],[-97.3798,19.8045],[-97.37975,19.80475],[-97.37914,19.80545],[-97.37928,19.80571],[-97.37891,19.81026],[-97.37773,19.81084],[-97.37716,19.8129],[-97.37732,19.81414],[-97.3773,19.81472],[-97.37712,19.81485],[-97.37696,19.8156],[-97.37608,19.81725],[-97.37533,19.81731],[-97.37514,19.81717],[-97.36984,19.81649],[-97.37001,19.81708],[-97.36999,19.81733],[-97.37028,19.8177],[-97.37025,19.81788],[-97.37054,19.81822],[-97.37176,19.81894],[-97.3744,19.82025],[-97.37465,19.82065],[-97.37436,19.82289],[-97.3742,19.82345],[-97.37436,19.82359],[-97.37398,19.82416],[-97.37415,19.82443],[-97.37352,19.82537],[-97.3729,19.8258],[-97.37221,19.82657],[-97.37129,19.82796],[-97.37087,19.82909],[-97.37232,19.83029],[-97.37185,19.83149],[-97.37019,19.8307],[-97.36989,19.83247],[-97.3693,19.83439],[-97.36929,19.83501],[-97.37022,19.83709],[-97.37121,19.83765],[-97.37156,19.8384],[-97.37155,19.83869],[-97.37173,19.83906],[-97.37184,19.83969],[-97.37131,19.84058],[-97.37108,19.84074],[-97.37008,19.84072],[-97.36979,19.84092],[-97.36978,19.84241],[-97.36966,19.84315],[-97.36989,19.84427],[-97.36955,19.84513],[-97.37658,19.84594],[-97.38159,19.84975],[-97.38485,19.85198],[-97.38778,19.85672],[-97.39105,19.85549],[-97.39129,19.85517],[-97.39193,19.85464],[-97.39269,19.8547],[-97.3931,19.85487],[-97.39621,19.85316],[-97.39626,19.85337],[-97.39615,19.85373],[-97.39562,19.85439],[-97.3955,19.85484],[-97.39579,19.85484],[-97.39626,19.85506],[-97.39748,19.85537],[-97.39895,19.85511],[-97.40023,19.85443],[-97.4024,19.85431],[-97.40421,19.85373],[-97.40491,19.8537],[-97.40585,19.85388],[-97.40511,19.86212],[-97.40493,19.86237],[-97.40458,19.86261],[-97.40353,19.86296],[-97.40317,19.86324],[-97.403,19.86352],[-97.40217,19.8659],[-97.40193,19.8661],[-97.40158,19.86622],[-97.40123,19.86727],[-97.40093,19.87087],[-97.40268,19.87111],[-97.4048,19.87028],[-97.40573,19.87043],[-97.40826,19.86874],[-97.40944,19.86773],[-97.41103,19.86578],[-97.41416,19.86323],[-97.41521,19.86267],[-97.41762,19.86231],[-97.41832,19.86244],[-97.41873,19.86241],[-97.41926,19.86139],[-97.41909,19.86043],[-97.41939,19.85953],[-97.41963,19.85937],[-97.42004,19.85835],[-97.42006,19.85682],[-97.41992,19.85528],[-97.42002,19.85298],[-97.41992,19.85188],[-97.41515,19.85331],[-97.41302,19.85466],[-97.41203,19.85327],[-97.41178,19.84855],[-97.41119,19.84883],[-97.41067,19.84886],[-97.41014,19.84868],[-97.40886,19.84866],[-97.39716,19.8382],[-97.39827,19.83805],[-97.39844,19.83793],[-97.3985,19.83773],[-97.39863,19.836],[-97.39846,19.83447],[-97.39847,19.83306],[-97.39923,19.83254],[-97.39976,19.83189],[-97.40029,19.83087],[-97.40082,19.83026],[-97.40246,19.82922],[-97.40258,19.82868],[-97.40253,19.82786],[-97.40271,19.82671],[-97.40401,19.82413],[-97.40477,19.82386],[-97.40594,19.82384],[-97.40717,19.82295],[-97.4074,19.82263],[-97.40776,19.8214],[-97.40777,19.81983],[-97.408,19.81946],[-97.40865,19.81873],[-97.40923,19.81837],[-97.40964,19.81826],[-97.41005,19.81797],[-97.41351,19.81635],[-97.41375,19.81578],[-97.41404,19.81549],[-97.41422,19.81512],[-97.41504,19.81531],[-97.41544,19.81523],[-97.41568,19.81507],[-97.41633,19.8136],[-97.4168,19.81295],[-97.41749,19.81135],[-97.4178,19.81111],[-97.41868,19.81088],[-97.41921,19.81089],[-97.41973,19.81061],[-97.42137,19.81093],[-97.42219,19.81094],[-97.42347,19.81056],[-97.42476,19.80992],[-97.42581,19.80982],[-97.42727,19.81005],[-97.42768,19.81047],[-97.42832,19.81061],[-97.42873,19.8109],[-97.42856,19.81008],[-97.4267,19.80707],[-97.42659,19.8062],[-97.42694,19.80551],[-97.42695,19.80513],[-97.42613,19.80442],[-97.42579,19.80301],[-97.42585,19.80206],[-97.42591,19.80177],[-97.4262,19.80136],[-97.42779,19.80032],[-97.42873,19.79906],[-97.42932,19.79767],[-97.42973,19.79702],[-97.42974,19.79611],[-97.42962,19.7959],[-97.42921,19.79569],[-97.4288,19.79568],[-97.4281,19.79599],[-97.42775,19.79632],[-97.42734,19.79639],[-97.42705,19.7963],[-97.42629,19.79559],[-97.42618,19.79472],[-97.42642,19.79349],[-97.42836,19.79101],[-97.42888,19.79056],[-97.43187,19.78901],[-97.43234,19.78848],[-97.43375,19.78731],[-97.43463,19.78642],[-97.43516,19.78606],[-97.43604,19.78509],[-97.4361,19.78467],[-97.43558,19.78384],[-97.43482,19.78329],[-97.43447,19.78291],[-97.43506,19.78259],[-97.43599,19.7824],[-97.43769,19.78169],[-97.43524,19.78136],[-97.43471,19.7811],[-97.4339,19.78046],[-97.43372,19.77996],[-97.43449,19.77771],[-97.43485,19.77739],[-97.43643,19.77671],[-97.43719,19.77619],[-97.43901,19.77466],[-97.43942,19.77442],[-97.44001,19.77344],[-97.43834,19.76676],[-97.43631,19.76495],[-97.43625,19.76454],[-97.43579,19.76362],[-97.43567,19.76279],[-97.43614,19.76202],[-97.43632,19.76181],[-97.43778,19.76139],[-97.43866,19.76087],[-97.43995,19.7597],[-97.44031,19.75929],[-97.44048,19.75888],[-97.44107,19.75856],[-97.44218,19.75772],[-97.44324,19.75712],[-97.44417,19.75685],[-97.4447,19.75653],[-97.44634,19.75614],[-97.44756,19.75613],[-97.44885,19.75594],[-97.44979,19.75567],[-97.45025,19.75543],[-97.45213,19.75498],[-97.45277,19.75466],[-97.45371,19.75381],[-97.45459,19.75197],[-97.45518,19.75165],[-97.45617,19.75192],[-97.45675,19.75197],[-97.45711,19.75189],[-97.45763,19.75157],[-97.45769,19.75137],[-97.45758,19.75108],[-97.45804,19.75096],[-97.45869,19.75097],[-97.45939,19.75111],[-97.46044,19.75109],[-97.46266,19.75059],[-97.46331,19.75015],[-97.46407,19.74885],[-97.46476,19.74809],[-97.46729,19.74643],[-97.46911,19.74609],[-97.46987,19.74607],[-97.4708,19.74621],[-97.4715,19.7461],[-97.47355,19.74605],[-97.47407,19.74569],[-97.47577,19.74519],[-97.49354,19.72951],[-97.49395,19.72828],[-97.49492,19.72615],[-97.49913,19.72215],[-97.502,19.71891],[-97.50305,19.71676],[-97.50409,19.71579],[-97.50521,19.71534],[-97.50563,19.71504],[-97.50592,19.71469],[-97.50629,19.71374],[-97.50654,19.71247],[-97.50636,19.71163],[-97.50661,19.71095],[-97.5073,19.70782],[-97.5076,19.70704],[-97.50796,19.70643],[-97.5082,19.70569],[-97.50878,19.70578],[-97.51042,19.70563],[-97.51072,19.70535],[-97.51074,19.70349],[-97.51146,19.70226],[-97.513,19.70063],[-97.51342,19.69985],[-97.51397,19.69792],[-97.51432,19.69735],[-97.51493,19.69559],[-97.51597,19.69173],[-97.51622,19.69115],[-97.51628,19.69062],[-97.51712,19.68881],[-97.51765,19.68836],[-97.51794,19.68849],[-97.51886,19.68949],[-97.52002,19.69028],[-97.52205,19.69133],[-97.52234,19.69179],[-97.5228,19.69225],[-97.52386,19.69189],[-97.52398,19.69135],[-97.52452,19.69029],[-97.52592,19.69026],[-97.52755,19.6909],[-97.52813,19.69123],[-97.52848,19.69119],[-97.53442,19.68767],[-97.53706,19.68638],[-97.53936,19.68512],[-97.54024,19.68435],[-97.54195,19.68354],[-97.54395,19.68241],[-97.54583,19.68148],[-97.54641,19.68124],[-97.547,19.68116],[-97.5491,19.68139],[-97.54963,19.68107],[-97.5504,19.68025],[-97.5511,19.68005],[-97.55181,19.67969],[-97.55187,19.67924],[-97.55258,19.67875],[-97.55504,19.67774],[-97.55587,19.67726],[-97.55787,19.67679],[-97.5594,19.67554],[-97.56238,19.67147],[-97.56364,19.67052],[-97.56508,19.6692],[-97.56747,19.66729],[-97.56874,19.66586],[-97.59148,19.64472],[-97.59854,19.63652],[-97.59951,19.68954],[-97.59518,19.68996],[-97.58939,19.69023],[-97.58056,19.69118],[-97.57869,19.69157],[-97.57658,19.69176],[-97.56338,19.69241],[-97.56075,19.69288],[-97.5601,19.69328],[-97.54492,19.69791],[-97.55402,19.7015],[-97.55479,19.70233],[-97.57813,19.70979],[-97.57761,19.71223],[-97.57662,19.71529],[-97.57598,19.71785],[-97.57831,19.71805],[-97.57919,19.71803],[-97.57978,19.71815],[-97.58036,19.71848],[-97.5817,19.71811],[-97.58264,19.71771],[-97.58293,19.71746],[-97.58399,19.7171],[-97.58556,19.7173],[-97.58661,19.71714],[-97.58801,19.71747],[-97.58889,19.71723],[-97.58941,19.71751],[-97.5901,19.71833],[-97.59027,19.71881],[-97.59137,19.71987],[-97.59212,19.7204],[-97.59276,19.72061],[-97.59328,19.72118],[-97.5938,19.72211],[-97.59388,19.72194],[-97.5968,19.72208],[-97.59691,19.72234],[-97.59821,19.72229],[-97.597,19.72662],[-97.599,19.72716],[-97.60051,19.72737],[-97.59949,19.73632],[-97.60025,19.73669],[-97.60489,19.73954],[-97.60686,19.7404],[-97.6096,19.74146],[-97.61047,19.74162],[-97.61134,19.74211],[-97.6121,19.74199],[-97.61286,19.74211],[-97.61268,19.74268],[-97.61255,19.74362],[-97.61277,19.74484],[-97.6178,19.74476],[-97.6182,19.74452],[-97.61879,19.74443],[-97.6199,19.74407],[-97.6209,19.7435],[-97.62137,19.74248],[-97.62144,19.74175],[-97.62191,19.74167],[-97.62279,19.74098],[-97.62355,19.74069],[-97.62384,19.74098],[-97.62435,19.74204],[-97.62499,19.74261],[-97.62585,19.74456],[-97.62572,19.74574],[-97.62507,19.74639],[-97.62589,19.74685],[-97.62664,19.74748],[-97.62713,19.74808],[-97.62758,19.74912],[-97.62989,19.75071],[-97.63079,19.75113],[-97.63176,19.75143],[-97.63304,19.75247],[-97.63454,19.75412],[-97.63533,19.75548],[-97.63555,19.75622],[-97.63448,19.75578],[-97.63359,19.75566],[-97.62962,19.75767],[-97.62946,19.75801],[-97.62834,19.75815],[-97.62377,19.75823],[-97.62348,19.75954],[-97.62307,19.76002],[-97.62288,19.76125],[-97.62265,19.76169],[-97.62323,19.76165],[-97.62429,19.76104],[-97.62475,19.76141],[-97.62533,19.76149],[-97.62666,19.76255],[-97.6273,19.76288],[-97.62525,19.7643],[-97.62407,19.76483],[-97.62268,19.7647],[-97.62185,19.76511],[-97.6215,19.76548],[-97.62226,19.7654],[-97.62232,19.76576],[-97.6222,19.76601],[-97.62388,19.76707],[-97.62545,19.76768],[-97.62527,19.76804],[-97.62687,19.77134],[-97.62738,19.77329],[-97.62737,19.77403],[-97.62887,19.77553],[-97.62916,19.77614],[-97.62833,19.77741],[-97.62762,19.77891],[-97.62813,19.78005],[-97.62842,19.78038],[-97.62975,19.78107],[-97.6304,19.78107],[-97.63092,19.78091],[-97.63139,19.78062],[-97.63233,19.78079],[-97.63355,19.7805],[-97.63436,19.78156],[-97.63435,19.78221],[-97.63517,19.78282],[-97.63522,19.78339],[-97.63731,19.78478],[-97.63846,19.78653],[-97.63997,19.78686],[-97.64072,19.78767],[-97.64094,19.78922],[-97.64088,19.7895],[-97.6411,19.79052],[-97.64133,19.79093],[-97.64116,19.79125],[-97.64138,19.79202],[-97.64184,19.79288],[-97.64177,19.79418],[-97.6421,19.79577],[-97.64197,19.79723],[-97.64212,19.80033],[-97.64234,19.8013],[-97.64239,19.80224],[-97.64268,19.8031],[-97.64283,19.80489],[-97.64318,19.80578],[-97.6423,19.80623],[-97.64078,19.80623],[-97.6399,19.80639],[-97.63814,19.80708],[-97.6375,19.8072],[-97.63633,19.80728],[-97.63493,19.8072],[-97.63377,19.80692],[-97.63324,19.80659],[-97.63231,19.80659],[-97.63125,19.80716],[-97.6309,19.80748],[-97.63048,19.80834],[-97.63012,19.80956],[-97.63059,19.80993],[-97.63146,19.81029],[-97.63151,19.81119],[-97.63144,19.81159],[-97.63167,19.81253],[-97.63126,19.81286],[-97.63015,19.81286],[-97.62904,19.81322],[-97.6285,19.81395],[-97.6278,19.81444],[-97.62756,19.81509],[-97.62673,19.81627],[-97.62667,19.81668],[-97.62625,19.81737],[-97.62613,19.81786],[-97.62618,19.81851],[-97.62576,19.81981],[-97.62605,19.82059],[-97.62563,19.82124],[-97.62569,19.82148],[-97.62526,19.82299],[-97.62485,19.82392],[-97.6246,19.82502],[-97.62448,19.82514],[-97.62328,19.82832],[-97.62274,19.83076],[-97.6225,19.83121],[-97.62238,19.83173],[-97.62218,19.83393],[-97.6217,19.83511],[-97.62105,19.83572],[-97.6207,19.83625],[-97.62021,19.83812],[-97.6191,19.83877],[-97.61892,19.8391],[-97.61879,19.84056],[-97.61877,19.84227],[-97.61904,19.8441],[-97.61903,19.84512],[-97.61915,19.84573],[-97.61908,19.84618],[-97.61925,19.84748],[-97.61918,19.84793],[-97.61923,19.84948],[-97.61934,19.84996],[-97.61926,19.85151],[-97.61937,19.85277],[-97.61935,19.85452],[-97.61952,19.85566],[-97.61945,19.85627],[-97.61922,19.85652],[-97.61875,19.85648],[-97.61811,19.85619],[-97.61776,19.85615],[-97.61694,19.85627],[-97.61676,19.85639],[-97.61571,19.85721],[-97.61546,19.85814],[-97.61422,19.8603],[-97.61461,19.8618],[-97.6149,19.86213],[-97.61512,19.86298],[-97.6153,19.86319],[-97.6165,19.86579],[-97.61725,19.86665],[-97.61747,19.86738],[-97.61868,19.86962],[-97.61919,19.8708],[-97.61913,19.87174],[-97.6183,19.87275],[-97.61788,19.87381],[-97.61747,19.87422],[-97.61728,19.87507],[-97.61746,19.8752],[-97.61792,19.87528],[-97.61862,19.87597],[-97.61897,19.87601],[-97.61966,19.87691],[-97.61989,19.87699],[-97.62035,19.87744],[-97.62133,19.87947],[-97.6226,19.88069],[-97.62301,19.88082],[-97.62312,19.88102],[-97.62353,19.88126],[-97.62464,19.88143],[-97.6251,19.88208],[-97.6255,19.8831],[-97.62583,19.88464],[-97.62624,19.88497],[-97.62682,19.88566],[-97.6271,19.88615],[-97.62757,19.88648],[-97.62739,19.88684],[-97.62662,19.88737],[-97.62614,19.88795],[-97.62538,19.88892],[-97.62437,19.89054],[-97.62402,19.89079],[-97.6226,19.89237],[-97.62202,19.89274],[-97.62114,19.89298],[-97.61962,19.89302],[-97.61927,19.89294],[-97.61792,19.8931],[-97.61664,19.89347],[-97.61622,19.89412],[-97.61702,19.89563],[-97.61819,19.89632],[-97.61835,19.89721],[-97.61816,19.89864],[-97.61822,19.89913],[-97.61827,19.89933],[-97.61891,19.89986],[-97.61902,19.9001],[-97.61837,19.9012],[-97.61808,19.90145],[-97.61778,19.90234],[-97.6173,19.90307],[-97.617,19.90417],[-97.61676,19.90458],[-97.61651,19.90584],[-97.61668,19.9071],[-97.61702,19.908],[-97.61771,19.90938],[-97.6177,19.91024],[-97.6174,19.9106],[-97.61716,19.91117],[-97.61657,19.91203],[-97.61668,19.91256],[-97.61656,19.91349],[-97.61667,19.91394],[-97.61661,19.91439],[-97.61607,19.91512],[-97.61609,19.91595],[-97.61536,19.91589],[-97.61437,19.91606],[-97.61402,19.91623],[-97.61356,19.91681],[-97.61374,19.91718],[-97.61368,19.91743],[-97.61485,19.9185],[-97.61544,19.91921],[-97.61679,19.92007],[-97.61714,19.92048],[-97.61739,19.92189],[-97.61727,19.92214],[-97.61675,19.92239],[-97.61441,19.92269],[-97.61354,19.92323],[-97.61314,19.92377],[-97.61151,19.92486],[-97.6104,19.92515],[-97.60579,19.92529],[-97.60556,19.92545],[-97.6055,19.92591],[-97.60521,19.9262],[-97.60521,19.92662],[-97.60504,19.92707],[-97.60522,19.92827],[-97.60499,19.92869],[-97.60482,19.92877],[-97.60523,19.92902],[-97.60546,19.92902],[-97.60621,19.92827],[-97.60656,19.92823],[-97.60697,19.92835],[-97.60756,19.9291],[-97.60804,19.93104],[-97.6084,19.93195],[-97.60904,19.9322],[-97.60992,19.93207],[-97.61063,19.93344],[-97.61092,19.93364],[-97.61279,19.93422],[-97.61344,19.93451],[-97.61385,19.93475],[-97.61426,19.93517],[-97.61432,19.93558],[-97.61397,19.93629],[-97.61298,19.93675],[-97.61328,19.9387],[-97.61307,19.93952],[-97.61196,19.94099],[-97.61092,19.94154],[-97.61131,19.94239],[-97.6113,19.94281],[-97.61167,19.94383],[-97.61216,19.94465],[-97.61251,19.94578],[-97.61258,19.94753],[-97.61178,19.94753],[-97.61106,19.94741],[-97.61095,19.94762],[-97.61059,19.94781],[-97.60809,19.94779],[-97.6078,19.94849],[-97.6078,19.94887],[-97.60804,19.94949],[-97.60798,19.95007],[-97.60752,19.95082],[-97.60753,19.95218],[-97.60917,19.95297],[-97.60987,19.95313],[-97.61075,19.9535],[-97.61087,19.95383],[-97.61029,19.95454],[-97.60971,19.95574],[-97.60967,19.95848],[-97.60892,19.95919],[-97.60851,19.95931],[-97.60875,19.96047],[-97.60968,19.96076],[-97.6098,19.96109],[-97.60969,19.9615],[-97.60917,19.96196],[-97.60754,19.96309],[-97.60667,19.96388],[-97.60574,19.96562],[-97.60544,19.96685],[-97.60459,19.96877],[-97.60454,19.96977],[-97.60478,19.97134],[-97.60514,19.97188],[-97.60585,19.97337],[-97.60579,19.97416],[-97.60493,19.9759],[-97.605,19.97735],[-97.60459,19.97769],[-97.60355,19.97761],[-97.60155,19.97666],[-97.60096,19.97625],[-97.60037,19.97618],[-97.60009,19.97646],[-97.59934,19.97824],[-97.59893,19.97845],[-97.59851,19.97842],[-97.59799,19.9782],[-97.59729,19.97823],[-97.59554,19.97896],[-97.59462,19.97991],[-97.5945,19.98025],[-97.59417,19.98327],[-97.59394,19.98427],[-97.59272,19.98593],[-97.59215,19.98697],[-97.59211,19.98799],[-97.59327,19.98879],[-97.59382,19.98935],[-97.59432,19.98966],[-97.59429,19.99087],[-97.59475,19.99104],[-97.59498,19.99214],[-97.59531,19.99213],[-97.59568,19.99283],[-97.59592,19.99283],[-97.59656,19.99246],[-97.59685,19.99213],[-97.59732,19.99184],[-97.59837,19.99147],[-97.59942,19.99131],[-97.601,19.99149],[-97.60234,19.99104],[-97.60345,19.98996],[-97.60357,19.98963],[-97.60363,19.98893],[-97.60352,19.98665],[-97.60358,19.98619],[-97.60399,19.98503],[-97.60458,19.98508],[-97.6051,19.98546],[-97.6058,19.98575],[-97.60627,19.98571],[-97.60673,19.98551],[-97.60703,19.98435],[-97.60732,19.98364],[-97.60773,19.98348],[-97.60831,19.98394],[-97.60863,19.98478],[-97.61024,19.98494],[-97.61117,19.98607],[-97.61215,19.98823],[-97.61337,19.9889],[-97.61343,19.98969],[-97.61366,19.98998],[-97.61407,19.99027],[-97.61495,19.99052],[-97.61529,19.9911],[-97.61593,19.99148],[-97.61704,19.9919],[-97.61762,19.99269],[-97.61791,19.9934],[-97.61855,19.99427],[-97.61937,19.99498],[-97.6189,19.99535],[-97.61849,19.99585],[-97.6179,19.99717],[-97.61608,20.00209],[-97.61613,20.00554],[-97.61694,20.00732],[-97.61699,20.00774],[-97.61658,20.00948],[-97.61652,20.01014],[-97.61658,20.01126],[-97.61704,20.01366],[-97.61756,20.01528],[-97.6175,20.01553],[-97.61691,20.01652],[-97.61627,20.0166],[-97.61429,20.01552],[-97.61335,20.01539],[-97.61294,20.01547],[-97.61218,20.01621],[-97.61154,20.01704],[-97.61136,20.0177],[-97.61159,20.01869],[-97.61328,20.02094],[-97.61357,20.02156],[-97.61397,20.02211],[-97.61467,20.02257],[-97.61439,20.02477],[-97.61382,20.02648],[-97.61376,20.02694],[-97.61307,20.02922],[-97.61261,20.02989],[-97.61134,20.03106],[-97.60977,20.03098],[-97.60849,20.03111],[-97.60628,20.03083],[-97.60512,20.03059],[-97.60151,20.02853],[-97.60035,20.028],[-97.60011,20.028],[-97.59936,20.02821],[-97.59826,20.03],[-97.59768,20.0305],[-97.59548,20.03101],[-97.59234,20.03136],[-97.59159,20.03161],[-97.59049,20.03253],[-97.58997,20.03377],[-97.58974,20.03477],[-97.58962,20.03585],[-97.59009,20.03784],[-97.59074,20.039],[-97.59115,20.03937],[-97.5915,20.04016],[-97.59191,20.04186],[-97.59267,20.04384],[-97.59302,20.04608],[-97.59303,20.0465],[-97.5928,20.04758],[-97.59298,20.04949],[-97.59327,20.05011],[-97.59375,20.05056],[-97.59345,20.05184],[-97.59322,20.0523],[-97.59257,20.05304],[-97.59222,20.05399],[-97.59228,20.05474],[-97.59251,20.05515],[-97.5928,20.05677],[-97.59274,20.0576],[-97.59285,20.0581],[-97.59273,20.05947],[-97.59255,20.06029],[-97.59226,20.06083],[-97.59179,20.0612],[-97.58793,20.06276],[-97.58723,20.06367],[-97.58699,20.0647],[-97.58716,20.06549],[-97.58745,20.06624],[-97.58903,20.06728],[-97.59072,20.06824],[-97.59112,20.06858],[-97.59159,20.06924],[-97.59264,20.06962],[-97.59299,20.06991],[-97.59334,20.0707],[-97.59351,20.07195],[-97.5935,20.0734],[-97.59338,20.07394],[-97.59238,20.07679],[-97.59162,20.07749],[-97.58905,20.07818],[-97.58776,20.07872],[-97.58654,20.07908],[-97.58554,20.07912],[-97.58274,20.07894],[-97.58187,20.07873],[-97.57959,20.079],[-97.57895,20.0795],[-97.57877,20.07991],[-97.57823,20.08298],[-97.57759,20.08372],[-97.57759,20.0843],[-97.57729,20.08463],[-97.57648,20.08379],[-97.57526,20.08317],[-97.5738,20.08254],[-97.57146,20.08207],[-97.57076,20.08211],[-97.56913,20.08268],[-97.56801,20.08325],[-97.56714,20.08387],[-97.56573,20.08448],[-97.56488,20.08478],[-97.56439,20.08464],[-97.56375,20.08468],[-97.56287,20.08521],[-97.56229,20.08558],[-97.5617,20.08616],[-97.56129,20.08682],[-97.56129,20.08719],[-97.56152,20.08757],[-97.56228,20.08819],[-97.56286,20.08886],[-97.56338,20.09027],[-97.56338,20.09089],[-97.56332,20.09118],[-97.56296,20.09184],[-97.56238,20.09221],[-97.56208,20.09317],[-97.56214,20.09453],[-97.5619,20.09636],[-97.56131,20.09722],[-97.55897,20.09912],[-97.55891,20.09945],[-97.55897,20.09982],[-97.55984,20.10144],[-97.55972,20.10252],[-97.56012,20.10406],[-97.55959,20.10542],[-97.55895,20.10612],[-97.55795,20.1067],[-97.55737,20.1067],[-97.55655,20.1064],[-97.55585,20.10532],[-97.55498,20.10424],[-97.55499,20.10303],[-97.5547,20.10212],[-97.55359,20.10095],[-97.55248,20.10012],[-97.55196,20.10003],[-97.55138,20.10011],[-97.54816,20.10088],[-97.54666,20.10157],[-97.54432,20.10323],[-97.5431,20.10452],[-97.54205,20.10584],[-97.54067,20.10911],[-97.54038,20.1113],[-97.53929,20.11526],[-97.53871,20.1158],[-97.53818,20.11583],[-97.53649,20.1164],[-97.53497,20.11672],[-97.5338,20.11676],[-97.5324,20.1165],[-97.5317,20.11625],[-97.53123,20.116],[-97.52978,20.11466],[-97.5296,20.11417],[-97.5292,20.114],[-97.52849,20.11399],[-97.52803,20.11424],[-97.52744,20.11473],[-97.52697,20.11544],[-97.52632,20.11808],[-97.52608,20.11833],[-97.52515,20.1187],[-97.52456,20.1194],[-97.52327,20.12055],[-97.52292,20.12097],[-97.52187,20.12133],[-97.52134,20.12141],[-97.52088,20.1217],[-97.51988,20.1231],[-97.51918,20.12351],[-97.51783,20.12347],[-97.51351,20.12423],[-97.51246,20.12459],[-97.51216,20.1248],[-97.51163,20.12542],[-97.51075,20.12682],[-97.51058,20.12732],[-97.51057,20.12782],[-97.50975,20.13038],[-97.50893,20.13067],[-97.50811,20.1307],[-97.50671,20.13108],[-97.50513,20.13125],[-97.50232,20.13176],[-97.5001,20.13247],[-97.49911,20.13297],[-97.49876,20.13408],[-97.49818,20.13474],[-97.49707,20.135],[-97.49462,20.13612],[-97.49421,20.13719],[-97.49492,20.13777],[-97.49503,20.13818],[-97.4965,20.13962],[-97.49797,20.14044],[-97.4992,20.14155],[-97.49968,20.1425],[-97.49868,20.14324],[-97.49523,20.1435],[-97.49465,20.14412],[-97.4946,20.14528],[-97.49502,20.14706],[-97.49566,20.14775],[-97.49718,20.14841],[-97.49941,20.14881],[-97.50333,20.14929],[-97.50386,20.14916],[-97.50403,20.14946],[-97.50405,20.15055],[-97.50424,20.15119],[-97.5036,20.1563],[-97.50255,20.15759],[-97.50039,20.15941],[-97.49905,20.16024],[-97.49613,20.16174],[-97.49519,20.16183],[-97.4942,20.1622],[-97.49338,20.16266],[-97.49105,20.16452],[-97.49018,20.16552],[-97.48942,20.16614],[-97.48878,20.16688],[-97.48843,20.16709],[-97.48811,20.16773],[-97.48761,20.1698],[-97.48721,20.17072],[-97.48692,20.17105],[-97.485,20.17236],[-97.48448,20.17286],[-97.48407,20.17303],[-97.48255,20.17329],[-97.48051,20.17398],[-97.47905,20.17374],[-97.47712,20.17442],[-97.47654,20.17443],[-97.47649,20.17534],[-97.47621,20.17667],[-97.47557,20.17751],[-97.47499,20.1778],[-97.47458,20.17814],[-97.47388,20.17823],[-97.47347,20.17807],[-97.47288,20.17807],[-97.4723,20.17791],[-97.4713,20.17792],[-97.46938,20.17823],[-97.46757,20.17899],[-97.46682,20.17954],[-97.46542,20.18084],[-97.46509,20.18246],[-97.46416,20.18383],[-97.46342,20.18616],[-97.46331,20.18695],[-97.46302,20.1877],[-97.46291,20.18853],[-97.46292,20.18932],[-97.46322,20.18998],[-97.46241,20.19143],[-97.46243,20.19438],[-97.46256,20.19516],[-97.46298,20.19661],[-97.46393,20.19859],[-97.464,20.19929],[-97.4643,20.20024],[-97.4646,20.20173],[-97.46496,20.20252],[-97.46579,20.20388],[-97.46579,20.20425],[-97.46533,20.205],[-97.46522,20.20575],[-97.46528,20.20645],[-97.46505,20.20703],[-97.46488,20.20799],[-97.46425,20.20886],[-97.46437,20.20982],[-97.46432,20.21081],[-97.46456,20.2116],[-97.46416,20.21225],[-97.46327,20.21312],[-97.46392,20.21514],[-97.46439,20.21621],[-97.4651,20.21732],[-97.46505,20.21819],[-97.46435,20.21918],[-97.46371,20.22029],[-97.46319,20.22145],[-97.46266,20.22224],[-97.46115,20.22571],[-97.46081,20.22707],[-97.46058,20.22889],[-97.46024,20.23054],[-97.45907,20.23158],[-97.45831,20.23257],[-97.45615,20.23439],[-97.45516,20.23535],[-97.45417,20.23651],[-97.45371,20.23779],[-97.4533,20.23956],[-97.45225,20.24019],[-97.45126,20.23998],[-97.44979,20.23908],[-97.44815,20.2383],[-97.44468,20.23642],[-97.44351,20.23613],[-97.44222,20.23642],[-97.44129,20.23688],[-97.44053,20.23746],[-97.44001,20.23821],[-97.44065,20.23816],[-97.441,20.23866],[-97.44013,20.23953],[-97.43867,20.24003],[-97.4375,20.24003],[-97.43703,20.23974],[-97.43609,20.23979],[-97.43543,20.24018],[-97.43485,20.24014],[-97.43415,20.24023],[-97.43368,20.24015],[-97.43275,20.24112],[-97.43228,20.24145],[-97.43158,20.24175],[-97.42867,20.24265],[-97.42791,20.2427],[-97.4272,20.24241],[-97.42673,20.24192],[-97.42432,20.24091],[-97.4235,20.24071],[-97.42157,20.24052],[-97.41999,20.23987],[-97.41817,20.23951],[-97.41659,20.23878],[-97.41629,20.23829],[-97.41582,20.23779],[-97.41564,20.23738],[-97.41493,20.2371],[-97.41446,20.23656],[-97.41411,20.2359],[-97.41346,20.23574],[-97.41334,20.23525],[-97.41304,20.23471],[-97.41245,20.2341],[-97.41105,20.23361],[-97.40917,20.23342],[-97.40783,20.23339],[-97.40724,20.23348],[-97.40608,20.23403],[-97.40392,20.23529],[-97.39991,20.23827],[-97.39922,20.23911],[-97.39695,20.24263],[-97.39627,20.2434],[-97.395,20.24561],[-97.39459,20.24661],[-97.3946,20.24732],[-97.39431,20.24786],[-97.39414,20.24877],[-97.39409,20.2496],[-97.39421,20.25014],[-97.39405,20.25204],[-97.39394,20.25263],[-97.39365,20.25317],[-97.39301,20.25355],[-97.3902,20.25399]]]}},{"type":"Feature","properties":{"id":4,"distrito_f":4,"nombre":"Distrito Federal 4","entidad":21},"geometry":{"type":"Polygon","coordinates":[[[-97.40268,19.87111],[-97.40093,19.87087],[-97.40123,19.86727],[-97.40158,19.86622],[-97.40193,19.8661],[-97.40217,19.8659],[-97.403,19.86352],[-97.40317,19.86324],[-97.40353,19.86296],[-97.40458,19.86261],[-97.40493,19.86237],[-97.40511,19.86212],[-97.40585,19.85388],[-97.40491,19.8537],[-97.40421,19.85373],[-97.4024,19.85431],[-97.40023,19.85443],[-97.39895,19.85511],[-97.39748,19.85537],[-97.39626,19.85506],[-97.39579,19.85484],[-97.3955,19.85484],[-97.39562,19.85439],[-97.39615,19.85373],[-97.39626,19.85337],[-97.39621,19.85316],[-97.3931,19.85487],[-97.39269,19.8547],[-97.39193,19.85464],[-97.39129,19.85517],[-97.39105,19.85549],[-97.38778,19.85672],[-97.38485,19.85198],[-97.38159,19.84975],[-97.37658,19.84594],[-97.36955,19.84513],[-97.36989,19.84427],[-97.36966,19.84315],[-97.36978,19.84241],[-97.36979,19.84092],[-97.37008,19.84072],[-97.37108,19.84074],[-97.37131,19.84058],[-97.37184,19.83969],[-97.37173,19.83906],[-97.37155,19.83869],[-97.37156,19.8384],[-97.37121,19.83765],[-97.37022,19.83709],[-97.36929,19.83501],[-97.3693,19.83439],[-97.36989,19.83247],[-97.37019,19.8307],[-97.37185,19.83149],[-97.37232,19.83029],[-97.37087,19.82909],[-97.37129,19.82796],[-97.37221,19.82657],[-97.3729,19.8258],[-97.37352,19.82537],[-97.37415,19.82443],[-97.37398,19.82416],[-97.37436,19.82359],[-97.3742,19.82345],[-97.37436,19.82289],[-97.37465,19.82065],[-97.3744,19.82025],[-97.37176,19.81894],[-97.37054,19.81822],[-97.37025,19.81788],[-97.37028,19.8177],[-97.36999,19.81733],[-97.37001,19.81708],[-97.36984,19.81649],[-97.37514,19.81717],[-97.37533,19.81731],[-97.37608,19.81725],[-97.37696,19.8156],[-97.37712,19.81485],[-97.3773,19.81472],[-97.37732,19.81414],[-97.37716,19.8129],[-97.37773,19.81084],[-97.37891,19.81026],[-97.37928,19.80571],[-97.37914,19.80545],[-97.37975,19.80475],[-97.3798,19.8045],[-97.38032,19.80382],[-97.38047,19.80179],[-97.38009,19.80177],[-97.37803,19.80308],[-97.37586,19.80415],[-97.37446,19.80464],[-97.37438,19.80356],[-97.37387,19.80136],[-97.37397,19.79993],[-97.37496,19.799],[-97.37578,19.79858],[-97.37704,19.79813],[-97.37714,19.79642],[-97.37704,19.7964],[-97.37777,19.79357],[-97.37806,19.79305],[-97.37819,19.7922],[-97.38073,19.78969],[-97.38106,19.78999],[-97.38279,19.78834],[-97.38291,19.78826],[-97.38304,19.78834],[-97.38359,19.7881],[-97.38754,19.78181],[-97.38803,19.78081],[-97.38848,19.78079],[-97.38849,19.78009],[-97.38821,19.77871],[-97.3884,19.77821],[-97.38946,19.77723],[-97.38988,19.77634],[-97.39058,19.77389],[-97.39058,19.7734],[-97.39076,19.77278],[-97.3907,19.77229],[-97.39088,19.77142],[-97.39123,19.77093],[-97.39165,19.76999],[-97.39159,19.76962],[-97.39113,19.76912],[-97.39055,19.76754],[-97.39044,19.76627],[-97.39068,19.76543],[-97.39106,19.7651],[-97.39112,19.76462],[-97.39224,19.76308],[-97.39066,19.76241],[-97.3899,19.76241],[-97.38874,19.76266],[-97.38582,19.76161],[-97.38518,19.76157],[-97.38355,19.76094],[-97.38268,19.76074],[-97.38204,19.76073],[-97.38082,19.76139],[-97.38013,19.7633],[-97.38008,19.7657],[-97.38061,19.76637],[-97.3812,19.76757],[-97.38161,19.76919],[-97.38168,19.76985],[-97.37929,19.76906],[-97.37888,19.7693],[-97.37877,19.77013],[-97.37889,19.7708],[-97.37883,19.77154],[-97.37838,19.77357],[-97.37792,19.77469],[-97.3778,19.77523],[-97.37787,19.77647],[-97.37805,19.77717],[-97.37787,19.77746],[-97.37747,19.77767],[-97.377,19.77829],[-97.37649,19.78011],[-97.3762,19.78057],[-97.37562,19.78098],[-97.37533,19.78106],[-97.37469,19.78003],[-97.37363,19.77913],[-97.3734,19.77853],[-97.37339,19.77783],[-97.37328,19.77762],[-97.37339,19.777],[-97.37321,19.77679],[-97.37147,19.77666],[-97.3703,19.77674],[-97.37007,19.77686],[-97.36932,19.77761],[-97.36886,19.7779],[-97.36798,19.77806],[-97.36775,19.77789],[-97.36751,19.77669],[-97.36705,19.77656],[-97.36675,19.77673],[-97.36565,19.77693],[-97.36536,19.7771],[-97.3653,19.77702],[-97.36513,19.77714],[-97.36472,19.77701],[-97.36292,19.77796],[-97.36269,19.77821],[-97.36252,19.77929],[-97.36264,19.78032],[-97.36265,19.78173],[-97.3623,19.78223],[-97.35981,19.78359],[-97.35835,19.78408],[-97.35748,19.78454],[-97.35632,19.78559],[-97.3561,19.78568],[-97.35518,19.78705],[-97.35297,19.78933],[-97.3517,19.79045],[-97.35094,19.78889],[-97.34855,19.79217],[-97.3472,19.7946],[-97.34668,19.79662],[-97.34676,19.79713],[-97.34657,19.79882],[-97.34612,19.79993],[-97.34581,19.80186],[-97.345,19.80298],[-97.34436,19.80348],[-97.34251,19.80455],[-97.3421,19.805],[-97.34111,19.80542],[-97.34012,19.80533],[-97.33977,19.80496],[-97.33907,19.80466],[-97.33826,19.80474],[-97.33791,19.80495],[-97.33733,19.80582],[-97.33688,19.80756],[-97.33589,19.80913],[-97.33508,19.81021],[-97.33433,19.8107],[-97.33352,19.81149],[-97.33253,19.8121],[-97.33178,19.81293],[-97.33126,19.81297],[-97.33056,19.81371],[-97.32963,19.81442],[-97.32888,19.81466],[-97.32818,19.81462],[-97.32742,19.81474],[-97.32713,19.81491],[-97.32597,19.81586],[-97.32539,19.81614],[-97.32528,19.81631],[-97.32528,19.81676],[-97.32493,19.81734],[-97.32447,19.81747],[-97.32383,19.81788],[-97.32291,19.8202],[-97.32204,19.82194],[-97.32211,19.82297],[-97.32199,19.8231],[-97.3217,19.82318],[-97.32164,19.8238],[-97.322,19.82542],[-97.322,19.82604],[-97.3212,19.8272],[-97.32091,19.82819],[-97.3205,19.82885],[-97.32045,19.83009],[-97.32028,19.8303],[-97.31946,19.83067],[-97.31883,19.83121],[-97.31825,19.83216],[-97.31813,19.83257],[-97.31837,19.83373],[-97.31791,19.83427],[-97.31803,19.83605],[-97.31904,19.83896],[-97.31881,19.83933],[-97.31834,19.8392],[-97.31799,19.83941],[-97.31791,19.84024],[-97.31873,19.8411],[-97.31917,19.84171],[-97.31928,19.84203],[-97.31999,19.84244],[-97.32005,19.84315],[-97.32016,19.84311],[-97.32057,19.84348],[-97.31913,19.84526],[-97.31779,19.84608],[-97.31779,19.84637],[-97.31808,19.84679],[-97.31791,19.84712],[-97.31716,19.84736],[-97.31599,19.84753],[-97.31536,19.84864],[-97.31466,19.84955],[-97.31385,19.85017],[-97.31391,19.85059],[-97.31362,19.85092],[-97.3135,19.85092],[-97.31351,19.85108],[-97.31333,19.85129],[-97.31304,19.85228],[-97.31281,19.85261],[-97.3127,19.85398],[-97.31288,19.85444],[-97.31294,19.85498],[-97.31236,19.85614],[-97.31231,19.85792],[-97.31197,19.85829],[-97.31173,19.85837],[-97.31139,19.85866],[-97.31075,19.85882],[-97.31017,19.85919],[-97.31,19.86011],[-97.30959,19.86077],[-97.30762,19.86205],[-97.30709,19.86209],[-97.30686,19.862],[-97.30667,19.86207],[-97.30703,19.86126],[-97.3072,19.8601],[-97.30755,19.85944],[-97.30842,19.85861],[-97.30905,19.85766],[-97.30923,19.85733],[-97.30934,19.85637],[-97.30933,19.85451],[-97.30915,19.85368],[-97.30897,19.85327],[-97.30868,19.85306],[-97.30815,19.85227],[-97.30827,19.85094],[-97.3089,19.84937],[-97.30895,19.84867],[-97.30872,19.84796],[-97.30831,19.84763],[-97.30813,19.84734],[-97.30795,19.84671],[-97.30795,19.8463],[-97.30824,19.84589],[-97.30836,19.84522],[-97.30818,19.84477],[-97.30824,19.84444],[-97.30979,19.84199],[-97.30996,19.84155],[-97.31014,19.84055],[-97.31014,19.8398],[-97.31002,19.83918],[-97.30984,19.83889],[-97.30972,19.83769],[-97.30901,19.83603],[-97.30883,19.8354],[-97.30895,19.83441],[-97.30993,19.83354],[-97.31103,19.83226],[-97.3126,19.83094],[-97.313,19.83036],[-97.31317,19.82949],[-97.3134,19.82916],[-97.31381,19.82871],[-97.31474,19.82796],[-97.31491,19.82771],[-97.31473,19.82643],[-97.31485,19.82622],[-97.31513,19.8244],[-97.31489,19.82345],[-97.31401,19.82166],[-97.31424,19.821],[-97.31493,19.82026],[-97.31466,19.81922],[-97.31467,19.81874],[-97.31503,19.81778],[-97.3149,19.81654],[-97.3159,19.81524],[-97.31584,19.81483],[-97.3159,19.81404],[-97.31653,19.81272],[-97.31646,19.81131],[-97.31623,19.81031],[-97.31622,19.80936],[-97.31639,19.80799],[-97.31656,19.80758],[-97.31656,19.80688],[-97.31603,19.80604],[-97.31497,19.80372],[-97.31433,19.8026],[-97.31484,19.79933],[-97.31472,19.79871],[-97.31431,19.79779],[-97.31366,19.79705],[-97.31349,19.79671],[-97.31342,19.79543],[-97.31353,19.79236],[-97.31341,19.79195],[-97.31334,19.79083],[-97.31375,19.78983],[-97.31455,19.78843],[-97.31558,19.78462],[-97.31785,19.78157],[-97.31845,19.78009],[-97.31777,19.77847],[-97.3182,19.77711],[-97.31849,19.77666],[-97.31844,19.77604],[-97.31991,19.77478],[-97.31971,19.77284],[-97.31984,19.77139],[-97.3202,19.77061],[-97.31988,19.76975],[-97.31924,19.76892],[-97.31859,19.76838],[-97.31824,19.76768],[-97.31823,19.76631],[-97.31835,19.7661],[-97.31847,19.76526],[-97.31863,19.76312],[-97.31791,19.76155],[-97.31756,19.76099],[-97.31728,19.75934],[-97.31746,19.75832],[-97.31841,19.75671],[-97.31875,19.75496],[-97.31858,19.7534],[-97.31866,19.75215],[-97.31851,19.75148],[-97.3182,19.75113],[-97.3177,19.75073],[-97.31671,19.75035],[-97.31629,19.74853],[-97.31622,19.74621],[-97.31574,19.74285],[-97.31573,19.74111],[-97.31538,19.74082],[-97.31299,19.7399],[-97.31143,19.73952],[-97.31118,19.73874],[-97.312,19.73334],[-97.31249,19.73148],[-97.31269,19.72954],[-97.31188,19.72875],[-97.31097,19.72746],[-97.31326,19.72604],[-97.31578,19.724],[-97.31703,19.72232],[-97.31791,19.72163],[-97.32119,19.72014],[-97.32271,19.71957],[-97.32488,19.71823],[-97.32569,19.7182],[-97.32662,19.71837],[-97.32696,19.71883],[-97.32754,19.71925],[-97.32784,19.7188],[-97.32826,19.7174],[-97.32937,19.71696],[-97.33118,19.71656],[-97.33288,19.71588],[-97.33271,19.71501],[-97.33131,19.715],[-97.32944,19.71184],[-97.3284,19.7108],[-97.32755,19.70938],[-97.32692,19.70806],[-97.32548,19.70693],[-97.32521,19.70544],[-97.32454,19.70362],[-97.3234,19.70166],[-97.32214,19.69992],[-97.32087,19.69929],[-97.31978,19.69812],[-97.31991,19.69692],[-97.31888,19.6953],[-97.31745,19.69384],[-97.31688,19.6926],[-97.31619,19.69168],[-97.31379,19.68881],[-97.31276,19.68694],[-97.31086,19.68598],[-97.30976,19.6853],[-97.30758,19.68305],[-97.30736,19.6814],[-97.30728,19.67892],[-97.30608,19.67718],[-97.30652,19.67458],[-97.31007,19.67453],[-97.31315,19.67494],[-97.31507,19.67487],[-97.31797,19.67515],[-97.32237,19.67713],[-97.32463,19.67782],[-97.32776,19.67822],[-97.33056,19.67796],[-97.33581,19.67685],[-97.33797,19.6765],[-97.34087,19.67666],[-97.34139,19.67749],[-97.34186,19.67663],[-97.34194,19.67535],[-97.3426,19.67321],[-97.34327,19.67131],[-97.34446,19.66856],[-97.34653,19.66602],[-97.35175,19.66227],[-97.35516,19.65996],[-97.35966,19.65765],[-97.36137,19.65605],[-97.36403,19.65253],[-97.3654,19.65007],[-97.36624,19.64813],[-97.36874,19.6432],[-97.37057,19.6407],[-97.37623,19.63461],[-97.37792,19.63409],[-97.37838,19.63459],[-97.37985,19.63378],[-97.38057,19.63434],[-97.38115,19.63451],[-97.38209,19.63509],[-97.38232,19.63509],[-97.38267,19.63484],[-97.38284,19.63355],[-97.38319,19.63227],[-97.38313,19.63139],[-97.38325,19.63073],[-97.38342,19.63031],[-97.38447,19.62865],[-97.3847,19.62795],[-97.38575,19.62712],[-97.38697,19.62658],[-97.38953,19.62637],[-97.39011,19.62654],[-97.39139,19.62654],[-97.39256,19.62592],[-97.39232,19.62475],[-97.39232,19.62417],[-97.39244,19.62384],[-97.39261,19.62359],[-97.39418,19.62239],[-97.39459,19.62135],[-97.39552,19.62085],[-97.39634,19.62015],[-97.39762,19.61994],[-97.39791,19.61973],[-97.39855,19.61882],[-97.39948,19.61857],[-97.40006,19.61828],[-97.40041,19.61766],[-97.40157,19.61633],[-97.40157,19.616],[-97.4018,19.61562],[-97.40227,19.61533],[-97.40279,19.61525],[-97.40303,19.61567],[-97.40297,19.61616],[-97.40349,19.61724],[-97.40437,19.61824],[-97.4046,19.61911],[-97.40512,19.61974],[-97.40541,19.61999],[-97.40576,19.62011],[-97.4064,19.62098],[-97.40693,19.62152],[-97.40873,19.6226],[-97.4106,19.62314],[-97.41124,19.62318],[-97.41258,19.62385],[-97.41293,19.62431],[-97.41456,19.62555],[-97.41549,19.6275],[-97.4163,19.62841],[-97.4167,19.62722],[-97.41718,19.62648],[-97.41971,19.62452],[-97.42002,19.62299],[-97.42045,19.62183],[-97.42087,19.62114],[-97.42258,19.61958],[-97.42329,19.61859],[-97.42359,19.61834],[-97.42482,19.61753],[-97.42541,19.61741],[-97.42711,19.61647],[-97.42747,19.6159],[-97.42733,19.61358],[-97.427,19.61233],[-97.42701,19.6115],[-97.42761,19.6101],[-97.42827,19.60907],[-97.42834,19.60845],[-97.42769,19.60513],[-97.42759,19.60372],[-97.42777,19.6031],[-97.42842,19.60286],[-97.42866,19.60253],[-97.42873,19.60141],[-97.42885,19.60112],[-97.42955,19.60104],[-97.43083,19.60122],[-97.43113,19.60069],[-97.43108,19.60019],[-97.43079,19.59965],[-97.43074,19.59911],[-97.43082,19.59807],[-97.43112,19.59704],[-97.43288,19.59275],[-97.43325,19.59085],[-97.4335,19.59015],[-97.43339,19.58932],[-97.43195,19.58847],[-97.43097,19.58751],[-97.43023,19.58659],[-97.42989,19.58572],[-97.42964,19.5831],[-97.42971,19.58257],[-97.42995,19.58182],[-97.43102,19.58051],[-97.43144,19.57977],[-97.43139,19.57906],[-97.43088,19.57806],[-97.43025,19.57723],[-97.43002,19.5771],[-97.42911,19.57585],[-97.42853,19.57463],[-97.4265,19.57097],[-97.4264,19.57022],[-97.42647,19.56923],[-97.42597,19.56355],[-97.42565,19.56156],[-97.42647,19.56132],[-97.42712,19.56091],[-97.42729,19.5607],[-97.4276,19.55946],[-97.42761,19.55905],[-97.42734,19.55772],[-97.42729,19.55291],[-97.42707,19.55233],[-97.42696,19.55154],[-97.42699,19.54951],[-97.42679,19.54727],[-97.4263,19.54487],[-97.42633,19.54304],[-97.4261,19.54263],[-97.41117,19.53684],[-97.4056,19.52762],[-97.40826,19.52529],[-97.40791,19.52512],[-97.4074,19.52428],[-97.40701,19.52312],[-97.40661,19.52245],[-97.40594,19.52083],[-97.40555,19.51942],[-97.40556,19.51904],[-97.40434,19.51497],[-97.40386,19.51182],[-97.40356,19.50821],[-97.40359,19.50639],[-97.40345,19.50377],[-97.40354,19.50208],[-97.40373,19.50075],[-97.40339,19.50046],[-97.40253,19.49916],[-97.40225,19.49895],[-97.40182,19.49646],[-97.39978,19.49644],[-97.40034,19.49425],[-97.39896,19.49283],[-97.37695,19.49368],[-97.37029,19.49535],[-97.35856,19.49004],[-97.35624,19.49155],[-97.35281,19.48839],[-97.35228,19.4869],[-97.35222,19.48594],[-97.35251,19.48411],[-97.35234,19.48395],[-97.35158,19.48378],[-97.35083,19.48407],[-97.35019,19.4842],[-97.34984,19.48415],[-97.34932,19.48353],[-97.34873,19.48353],[-97.3481,19.48386],[-97.34792,19.48166],[-97.34786,19.47855],[-97.34757,19.47543],[-97.34751,19.47377],[-97.34716,19.47066],[-97.34698,19.46717],[-97.34727,19.46094],[-97.34669,19.45588],[-97.34675,19.45501],[-97.34651,19.45198],[-97.34663,19.45007],[-97.34715,19.44857],[-97.35023,19.44455],[-97.35046,19.44367],[-97.35168,19.44131],[-97.35313,19.43882],[-97.35406,19.43633],[-97.35467,19.4358],[-97.35981,19.43391],[-97.36178,19.43472],[-97.36305,19.43502],[-97.36369,19.43503],[-97.36504,19.43471],[-97.36615,19.4339],[-97.36675,19.43282],[-97.3674,19.4325],[-97.36938,19.43219],[-97.37194,19.43205],[-97.37404,19.4317],[-97.37596,19.43168],[-97.37846,19.432],[-97.3806,19.43264],[-97.39008,19.42909],[-97.39352,19.40916],[-97.385,19.40761],[-97.37247,19.40395],[-97.36485,19.3867],[-97.35995,19.3747],[-97.35919,19.3747],[-97.35798,19.37621],[-97.35752,19.3765],[-97.35607,19.37671],[-97.35519,19.37667],[-97.35415,19.37621],[-97.3538,19.3765],[-97.35351,19.37696],[-97.3531,19.37692],[-97.35246,19.37654],[-97.352,19.3765],[-97.35095,19.37675],[-97.35002,19.37716],[-97.34944,19.37712],[-97.34927,19.37729],[-97.34933,19.37779],[-97.34962,19.37849],[-97.34979,19.37924],[-97.34944,19.37928],[-97.34729,19.37853],[-97.33341,19.39671],[-97.33242,19.39604],[-97.33242,19.39521],[-97.30592,19.39324],[-97.30368,19.39425],[-97.30229,19.39469],[-97.30171,19.39455],[-97.30055,19.39388],[-97.29951,19.39345],[-97.2984,19.3936],[-97.29776,19.39355],[-97.29585,19.39315],[-97.29296,19.39147],[-97.29261,19.39118],[-97.28995,19.3899],[-97.28832,19.38968],[-97.28577,19.38976],[-97.28397,19.38854],[-97.28242,19.3868],[-97.28196,19.38665],[-97.28193,19.38713],[-97.28169,19.38791],[-97.28147,19.38784],[-97.28106,19.38746],[-97.27943,19.38696],[-97.27821,19.38622],[-97.27752,19.38605],[-97.27606,19.38605],[-97.27478,19.38505],[-97.26931,19.38359],[-97.26888,19.38198],[-97.26803,19.3815],[-97.26658,19.38175],[-97.26641,19.38167],[-97.26623,19.38179],[-97.26606,19.38175],[-97.26614,19.38132],[-97.26533,19.38099],[-97.26417,19.38025],[-97.26359,19.38004],[-97.2612,19.38012],[-97.26091,19.38004],[-97.25992,19.38016],[-97.25812,19.38057],[-97.25719,19.3809],[-97.25608,19.3809],[-97.25446,19.38007],[-97.25318,19.37978],[-97.2512,19.379],[-97.25033,19.37883],[-97.24963,19.37883],[-97.24673,19.37681],[-97.24597,19.37648],[-97.244,19.37614],[-97.24313,19.37577],[-97.24121,19.37383],[-97.24052,19.37346],[-97.23959,19.37317],[-97.23813,19.37205],[-97.23732,19.37164],[-97.23546,19.37114],[-97.23343,19.37081],[-97.23261,19.3704],[-97.23198,19.37003],[-97.23105,19.36866],[-97.23082,19.36817],[-97.23053,19.36623],[-97.23036,19.36578],[-97.23036,19.36512],[-97.23078,19.36302],[-97.23136,19.36207],[-97.23148,19.36067],[-97.23295,19.35675],[-97.23318,19.35457],[-97.23255,19.35383],[-97.23203,19.35292],[-97.23197,19.35214],[-97.2325,19.35131],[-97.23273,19.35061],[-97.23256,19.35016],[-97.2325,19.34958],[-97.23256,19.34909],[-97.23198,19.34768],[-97.23193,19.34661],[-97.23205,19.34591],[-97.23222,19.34533],[-97.23269,19.3448],[-97.23403,19.34385],[-97.23444,19.34344],[-97.23473,19.34291],[-97.23479,19.34245],[-97.2338,19.34212],[-97.23223,19.34187],[-97.23026,19.34129],[-97.22956,19.34063],[-97.22887,19.33972],[-97.2269,19.33778],[-97.22702,19.33362],[-97.2265,19.33341],[-97.22348,19.33155],[-97.22215,19.33027],[-97.22129,19.3304],[-97.22051,19.33015],[-97.21898,19.32761],[-97.21896,19.32699],[-97.2174,19.3254],[-97.2156,19.32375],[-97.21311,19.3209],[-97.21245,19.3192],[-97.21074,19.31673],[-97.20976,19.31556],[-97.2093,19.31536],[-97.20848,19.31539],[-97.20738,19.31593],[-97.20651,19.31551],[-97.20524,19.31422],[-97.20316,19.31152],[-97.2023,19.30986],[-97.20126,19.30834],[-97.20104,19.30737],[-97.19876,19.30906],[-97.19765,19.31013],[-97.19636,19.31071],[-97.19572,19.31079],[-97.1952,19.31104],[-97.1949,19.31182],[-97.19368,19.31165],[-97.19298,19.31202],[-97.19093,19.31388],[-97.1901,19.31579],[-97.18991,19.31786],[-97.19008,19.31935],[-97.18943,19.3208],[-97.18867,19.32121],[-97.18604,19.32212],[-97.18493,19.32269],[-97.18195,19.32467],[-97.18184,19.32455],[-97.18085,19.32438],[-97.18015,19.32521],[-97.17898,19.32611],[-97.17868,19.3262],[-97.17804,19.32615],[-97.17694,19.3264],[-97.17577,19.32718],[-97.17361,19.32784],[-97.1714,19.32837],[-97.17099,19.32803],[-97.17006,19.32787],[-97.16739,19.32806],[-97.16605,19.32781],[-97.16419,19.32726],[-97.16117,19.32742],[-97.15822,19.32571],[-97.1574,19.32537],[-97.15578,19.32425],[-97.15422,19.32283],[-97.15278,19.32191],[-97.15046,19.32108],[-97.14883,19.32074],[-97.14848,19.32057],[-97.14808,19.32057],[-97.14779,19.32108],[-97.14681,19.32134],[-97.13787,19.32247],[-97.13519,19.32271],[-97.13392,19.32114],[-97.13363,19.31916],[-97.13276,19.31858],[-97.13253,19.31829],[-97.13213,19.31718],[-97.13207,19.31619],[-97.13184,19.31561],[-97.13127,19.31285],[-97.13122,19.31215],[-97.13087,19.31149],[-97.13018,19.31054],[-97.12815,19.30872],[-97.12745,19.30847],[-97.12524,19.30847],[-97.1235,19.3081],[-97.12246,19.30694],[-97.12141,19.30685],[-97.12042,19.30689],[-97.11961,19.3066],[-97.11897,19.30623],[-97.11787,19.30635],[-97.11694,19.30602],[-97.11651,19.30562],[-97.11444,19.30494],[-97.11403,19.30515],[-97.11345,19.30523],[-97.1124,19.30556],[-97.11078,19.30539],[-97.10967,19.30555],[-97.107,19.30538],[-97.10502,19.30604],[-97.10362,19.30612],[-97.10281,19.30603],[-97.10235,19.30562],[-97.10223,19.30517],[-97.10224,19.30418],[-97.10171,19.30393],[-97.09927,19.30417],[-97.09787,19.30446],[-97.09683,19.30483],[-97.09583,19.3061],[-97.09496,19.30692],[-97.09437,19.30734],[-97.09333,19.30787],[-97.09245,19.30981],[-97.09192,19.3103],[-97.09105,19.31059],[-97.09047,19.31096],[-97.08779,19.31186],[-97.08715,19.31185],[-97.08477,19.31082],[-97.08384,19.31065],[-97.08285,19.31077],[-97.08198,19.31135],[-97.08151,19.31296],[-97.08121,19.31337],[-97.07987,19.31378],[-97.07889,19.31394],[-97.07819,19.31431],[-97.07772,19.31488],[-97.07708,19.31517],[-97.07545,19.31653],[-97.07486,19.31686],[-97.07422,19.31694],[-97.07317,19.3178],[-97.07218,19.31945],[-97.07159,19.32011],[-97.07107,19.32093],[-97.07054,19.32138],[-97.06967,19.32142],[-97.06903,19.32121],[-97.0681,19.32134],[-97.06729,19.32113],[-97.06659,19.32038],[-97.06636,19.31976],[-97.06602,19.31939],[-97.06137,19.31922],[-97.05968,19.31893],[-97.05892,19.31913],[-97.05799,19.31954],[-97.0563,19.31978],[-97.05566,19.32007],[-97.05462,19.32032],[-97.0538,19.31998],[-97.05218,19.318],[-97.05114,19.31693],[-97.05097,19.31558],[-97.05005,19.31474],[-97.04883,19.31338],[-97.04732,19.31275],[-97.04523,19.3123],[-97.04245,19.31052],[-97.04175,19.30977],[-97.04158,19.30874],[-97.04159,19.30775],[-97.04188,19.30693],[-97.02379,19.29501],[-97.02263,19.29625],[-97.02164,19.29653],[-97.01954,19.29682],[-97.01727,19.29755],[-97.01571,19.29677],[-97.01484,19.29652],[-97.01402,19.29643],[-97.01292,19.29651],[-97.01204,19.2968],[-97.00978,19.29663],[-97.00804,19.29605],[-97.0067,19.29604],[-97.00588,19.29641],[-97.00489,19.29662],[-97.00251,19.29632],[-97.00234,19.29504],[-97.00159,19.29438],[-97.0013,19.2938],[-97.0009,19.29347],[-97.00014,19.29322],[-96.9998,19.29269],[-96.99946,19.29091],[-96.99899,19.29083],[-96.99783,19.29095],[-96.99638,19.29053],[-96.99597,19.29008],[-96.9958,19.28938],[-96.99534,19.28888],[-96.99476,19.28855],[-96.99406,19.2883],[-96.99302,19.28801],[-96.99232,19.28797],[-96.99145,19.28768],[-96.99058,19.28644],[-96.9845,19.28255],[-96.98519,19.28102],[-96.98507,19.27965],[-96.9853,19.27895],[-96.98616,19.27824],[-96.98709,19.27836],[-96.98762,19.27832],[-96.98854,19.27794],[-96.98929,19.27669],[-96.99004,19.27582],[-96.99085,19.27511],[-96.99079,19.27474],[-96.99089,19.27296],[-96.99239,19.27122],[-96.99256,19.2706],[-96.99377,19.26939],[-96.99435,19.26844],[-96.99457,19.2674],[-96.99503,19.26633],[-96.99514,19.26546],[-96.99485,19.26484],[-96.99467,19.26393],[-96.99507,19.26314],[-96.99686,19.26222],[-96.99755,19.26102],[-96.99807,19.26077],[-96.99836,19.25986],[-96.99882,19.25919],[-96.99899,19.25837],[-96.9995,19.25741],[-96.99985,19.25716],[-97.00008,19.25667],[-97.00025,19.25596],[-97.0003,19.25522],[-97.00018,19.25431],[-96.99923,19.2508],[-96.99876,19.24998],[-96.99846,19.24866],[-96.99857,19.24738],[-96.99886,19.24663],[-96.99891,19.24539],[-96.99971,19.24386],[-96.99999,19.242],[-97.00214,19.24198],[-97.00172,19.24127],[-97.0012,19.24082],[-97.00044,19.24049],[-97.0002,19.24008],[-97.0006,19.23929],[-97.00164,19.23891],[-97.00135,19.23816],[-97.0014,19.23771],[-97.00168,19.237],[-97.0022,19.23663],[-97.00302,19.23658],[-97.00382,19.23542],[-97.00428,19.23529],[-97.0051,19.23541],[-97.00539,19.23529],[-97.00595,19.23292],[-97.00623,19.2323],[-97.00675,19.23184],[-97.00756,19.23163],[-97.00797,19.23163],[-97.00844,19.23179],[-97.00954,19.23187],[-97.00983,19.23204],[-97.01018,19.23208],[-97.0107,19.23191],[-97.0114,19.23187],[-97.01263,19.23232],[-97.01326,19.23211],[-97.01396,19.23202],[-97.01431,19.23206],[-97.01454,19.23223],[-97.01604,19.23036],[-97.01633,19.23015],[-97.01842,19.23031],[-97.01876,19.22968],[-97.01852,19.22811],[-97.01857,19.22786],[-97.01932,19.2269],[-97.02029,19.22474],[-97.02102,19.22279],[-97.0223,19.22225],[-97.02264,19.222],[-97.02392,19.22195],[-97.02415,19.2217],[-97.0242,19.2212],[-97.02477,19.22008],[-97.02627,19.21871],[-97.02674,19.2185],[-97.02754,19.21767],[-97.02777,19.21762],[-97.02789,19.21775],[-97.02842,19.21787],[-97.02856,19.21685],[-97.02902,19.21702],[-97.02889,19.21801],[-97.02917,19.21851],[-97.02986,19.21872],[-97.03093,19.21745],[-97.03198,19.21684],[-97.03262,19.21668],[-97.03402,19.21607],[-97.03437,19.21566],[-97.03432,19.215],[-97.03404,19.21434],[-97.03404,19.21405],[-97.03452,19.21298],[-97.0354,19.21224],[-97.03809,19.21103],[-97.03999,19.21138],[-97.04045,19.21155],[-97.04081,19.21135],[-97.04098,19.21093],[-97.04157,19.21061],[-97.04198,19.21045],[-97.04267,19.21041],[-97.04331,19.21025],[-97.04384,19.20993],[-97.04408,19.20943],[-97.04414,19.20894],[-97.04438,19.20853],[-97.04467,19.20845],[-97.04606,19.2085],[-97.04641,19.20834],[-97.04665,19.20793],[-97.04665,19.2076],[-97.04689,19.20711],[-97.04735,19.20711],[-97.0481,19.20749],[-97.04892,19.20721],[-97.04933,19.20767],[-97.05051,19.20672],[-97.05079,19.20535],[-97.05096,19.20489],[-97.05125,19.20464],[-97.05147,19.2041],[-97.05147,19.20319],[-97.05126,19.20262],[-97.0518,19.2014],[-97.05243,19.20119],[-97.05319,19.20136],[-97.05342,19.20131],[-97.05376,19.20101],[-97.05441,19.20098],[-97.05464,19.20077],[-97.05476,19.20011],[-97.05584,19.1989],[-97.05647,19.1974],[-97.05634,19.19678],[-97.05517,19.19608],[-97.05494,19.19604],[-97.05534,19.19504],[-97.05533,19.19455],[-97.05521,19.1943],[-97.05463,19.19413],[-97.05451,19.19397],[-97.05416,19.19331],[-97.05391,19.19227],[-97.0538,19.19215],[-97.05287,19.19215],[-97.05181,19.19155],[-97.04999,19.18893],[-97.0497,19.18876],[-97.04853,19.18847],[-97.04572,19.18604],[-97.0428,19.18468],[-97.04221,19.18385],[-97.04203,19.18373],[-97.04203,19.18348],[-97.04179,19.18311],[-97.04167,19.18257],[-97.04184,19.18199],[-97.04125,19.18153],[-97.04057,19.17664],[-97.04231,19.16514],[-97.04154,19.16215],[-97.04063,19.16111],[-97.04006,19.16065],[-97.03955,19.15986],[-97.03932,19.15923],[-97.03939,19.15841],[-97.03905,19.15815],[-97.03882,19.15811],[-97.0387,19.15794],[-97.03888,19.15761],[-97.03911,19.15745],[-97.039,19.15716],[-97.03866,19.15687],[-97.03855,19.15649],[-97.03814,19.15637],[-97.03803,19.15595],[-97.03903,19.15542],[-97.04013,19.15514],[-97.04043,19.15478],[-97.04049,19.15432],[-97.04102,19.154],[-97.0416,19.15384],[-97.04183,19.15355],[-97.04149,19.1533],[-97.04144,19.1528],[-97.04151,19.15185],[-97.04169,19.15123],[-97.04105,19.15143],[-97.04076,19.15126],[-97.04048,19.15097],[-97.04026,19.15035],[-97.03986,19.14985],[-97.03893,19.14975],[-97.03847,19.14946],[-97.03766,19.14916],[-97.0352,19.1476],[-97.03239,19.14538],[-97.03158,19.14504],[-97.03112,19.14512],[-97.03037,19.14445],[-97.02957,19.14353],[-97.02901,19.14216],[-97.02919,19.14179],[-97.02944,19.14072],[-97.02922,19.13993],[-97.02853,19.13922],[-97.02796,19.13838],[-97.02786,19.13747],[-97.02788,19.13644],[-97.02748,19.13556],[-97.0272,19.13531],[-97.02738,19.1349],[-97.02709,19.13448],[-97.02698,19.13403],[-97.0271,19.13378],[-97.02699,19.13345],[-97.02619,19.13257],[-97.02579,19.13232],[-97.02498,19.13256],[-97.02447,19.13119],[-97.02344,19.13052],[-97.02246,19.13017],[-97.02165,19.12971],[-97.02154,19.1295],[-97.02144,19.1288],[-97.02213,19.1286],[-97.02266,19.12823],[-97.0229,19.12794],[-97.02308,19.12749],[-97.02309,19.12642],[-97.02264,19.12538],[-97.02253,19.12484],[-97.0226,19.12451],[-97.02277,19.12426],[-97.02312,19.1241],[-97.02342,19.12373],[-97.024,19.12353],[-97.02416,19.12324],[-97.02494,19.12445],[-97.02534,19.12419],[-97.02668,19.12294],[-97.02857,19.12222],[-97.02938,19.1222],[-97.02996,19.12243],[-97.03074,19.12298],[-97.03102,19.12277],[-97.03165,19.12262],[-97.03207,19.12311],[-97.0326,19.12342],[-97.03345,19.1229],[-97.03397,19.12271],[-97.0344,19.12349],[-97.03455,19.12439],[-97.03548,19.12445],[-97.03597,19.1253],[-97.0372,19.1258],[-97.03819,19.12593],[-97.03978,19.12671],[-97.04074,19.12767],[-97.04223,19.12887],[-97.04297,19.13013],[-97.04391,19.13064],[-97.04513,19.13056],[-97.04606,19.1309],[-97.04714,19.13194],[-97.04766,19.13337],[-97.04837,19.13377],[-97.04906,19.1337],[-97.04976,19.13393],[-97.05109,19.13389],[-97.05225,19.13559],[-97.05308,19.13618],[-97.05527,19.1374],[-97.05671,19.13901],[-97.05765,19.13939],[-97.05769,19.13885],[-97.05742,19.13774],[-97.05711,19.13713],[-97.05681,19.13607],[-97.05889,19.13683],[-97.0591,19.13769],[-97.05976,19.13837],[-97.0596,19.13871],[-97.05914,19.13893],[-97.0595,19.13917],[-97.0598,19.13957],[-97.05994,19.14023],[-97.0606,19.14091],[-97.06113,19.14106],[-97.06159,19.141],[-97.06247,19.14127],[-97.06271,19.14159],[-97.06323,19.14161],[-97.06353,19.14194],[-97.06387,19.14176],[-97.06464,19.14211],[-97.0651,19.14363],[-97.06593,19.14434],[-97.06603,19.14546],[-97.0663,19.14648],[-97.0672,19.14749],[-97.06781,19.14838],[-97.06804,19.14991],[-97.06746,19.15146],[-97.06696,19.15201],[-97.06666,19.15169],[-97.06595,19.15138],[-97.06543,19.15148],[-97.06583,19.15287],[-97.06647,19.15459],[-97.06713,19.15523],[-97.06753,19.15654],[-97.06776,19.15842],[-97.06799,19.15854],[-97.06962,19.15882],[-97.07014,19.15866],[-97.07061,19.15899],[-97.07184,19.15923],[-97.07294,19.1591],[-97.07375,19.15918],[-97.0744,19.15959],[-97.07533,19.15984],[-97.07568,19.15984],[-97.07655,19.1595],[-97.07707,19.15975],[-97.07765,19.1597],[-97.07876,19.16032],[-97.07911,19.1604],[-97.08132,19.16077],[-97.08283,19.16085],[-97.08336,19.16105],[-97.08388,19.16105],[-97.08452,19.16125],[-97.08545,19.16117],[-97.0879,19.16174],[-97.08871,19.16182],[-97.08918,19.16198],[-97.09088,19.16309],[-97.09123,19.16322],[-97.09169,19.16297],[-97.0921,19.16297],[-97.09256,19.16276],[-97.09349,19.16271],[-97.09378,19.16279],[-97.09425,19.16325],[-97.09501,19.16341],[-97.09542,19.16378],[-97.09653,19.16436],[-97.09705,19.1644],[-97.09822,19.16493],[-97.09996,19.16509],[-97.10102,19.16567],[-97.10405,19.16686],[-97.10405,19.16723],[-97.10464,19.16773],[-97.10487,19.16781],[-97.10557,19.16727],[-97.10626,19.16726],[-97.10696,19.16738],[-97.10766,19.16784],[-97.10784,19.16784],[-97.10849,19.16875],[-97.10901,19.1685],[-97.10935,19.16808],[-97.10981,19.16779],[-97.11063,19.1677],[-97.11109,19.16803],[-97.11209,19.16923],[-97.11245,19.16956],[-97.11268,19.1696],[-97.11297,19.16931],[-97.11377,19.1681],[-97.11423,19.16764],[-97.11539,19.16776],[-97.11609,19.16751],[-97.11667,19.16743],[-97.11701,19.16726],[-97.11883,19.16833],[-97.11918,19.16833],[-97.11941,19.16816],[-97.12004,19.16795],[-97.12103,19.16787],[-97.12213,19.16745],[-97.12254,19.16761],[-97.12278,19.16802],[-97.12319,19.16831],[-97.12435,19.16852],[-97.12557,19.16855],[-97.12767,19.16883],[-97.12877,19.16875],[-97.12929,19.1682],[-97.12998,19.16766],[-97.13085,19.16733],[-97.13113,19.16699],[-97.13137,19.16695],[-97.13217,19.16628],[-97.13246,19.1662],[-97.13373,19.1647],[-97.1343,19.16441],[-97.13459,19.16416],[-97.13465,19.16395],[-97.13511,19.16374],[-97.13607,19.16141],[-97.13665,19.16079],[-97.13711,19.16062],[-97.1374,19.16062],[-97.13805,19.16116],[-97.13899,19.16248],[-97.13928,19.16256],[-97.14027,19.16248],[-97.14091,19.1626],[-97.14214,19.16309],[-97.14231,19.16342],[-97.14272,19.16363],[-97.14354,19.16375],[-97.14447,19.1642],[-97.14529,19.16432],[-97.14564,19.16469],[-97.14605,19.16465],[-97.14634,19.16477],[-97.14709,19.1646],[-97.14738,19.16468],[-97.14809,19.16514],[-97.14826,19.16514],[-97.14855,19.16493],[-97.14913,19.16472],[-97.14948,19.16476],[-97.15005,19.16442],[-97.15087,19.16471],[-97.15127,19.16442],[-97.15265,19.163],[-97.15272,19.16244],[-97.15341,19.16225],[-97.15463,19.16254],[-97.15556,19.16421],[-97.15635,19.16518],[-97.15687,19.1652],[-97.15778,19.16484],[-97.15843,19.16503],[-97.15977,19.16523],[-97.16046,19.16508],[-97.16102,19.16469],[-97.16129,19.16419],[-97.16174,19.16388],[-97.16256,19.16394],[-97.16325,19.16384],[-97.16382,19.16353],[-97.16485,19.16321],[-97.1676,19.16399],[-97.16915,19.16377],[-97.17031,19.16373],[-97.17096,19.16413],[-97.17277,19.16465],[-97.17349,19.16516],[-97.17421,19.16588],[-97.17467,19.16599],[-97.17524,19.16573],[-97.17565,19.16575],[-97.17641,19.16598],[-97.17845,19.16802],[-97.17906,19.16875],[-97.17947,19.16903],[-97.18017,19.169],[-97.18188,19.16837],[-97.18249,19.16769],[-97.18308,19.16638],[-97.18323,19.16559],[-97.18386,19.164],[-97.1837,19.16276],[-97.1841,19.16258],[-97.18491,19.16264],[-97.18672,19.163],[-97.18885,19.16425],[-97.19025,19.16437],[-97.19237,19.1655],[-97.19279,19.16586],[-97.19364,19.16691],[-97.19521,19.1697],[-97.19689,19.16687],[-97.19718,19.16619],[-97.19759,19.16591],[-97.19806,19.16533],[-97.19864,19.16491],[-97.19899,19.16438],[-97.20057,19.16343],[-97.20214,19.16281],[-97.2033,19.1619],[-97.20429,19.16145],[-97.20494,19.16062],[-97.20546,19.16025],[-97.20925,19.15806],[-97.20776,19.15537],[-97.2058,19.15458],[-97.2051,19.1545],[-97.20453,19.15351],[-97.20436,19.15288],[-97.20368,19.15197],[-97.20224,19.15081],[-97.20011,19.14828],[-97.19942,19.1477],[-97.19902,19.14721],[-97.19793,19.14662],[-97.19875,19.14547],[-97.19933,19.14485],[-97.20003,19.14439],[-97.2005,19.14369],[-97.20196,19.14241],[-97.20319,19.1415],[-97.20431,19.14111],[-97.20587,19.14023],[-97.20689,19.13987],[-97.20893,19.14005],[-97.20991,19.13989],[-97.21049,19.14012],[-97.2114,19.13951],[-97.21426,19.13872],[-97.21506,19.13836],[-97.21556,19.13789],[-97.21594,19.13726],[-97.21672,19.13636],[-97.21775,19.136],[-97.21823,19.13635],[-97.21874,19.13625],[-97.21914,19.13587],[-97.21949,19.13594],[-97.21929,19.13524],[-97.21892,19.13472],[-97.21854,19.13394],[-97.2179,19.13227],[-97.21928,19.13028],[-97.21961,19.12993],[-97.22018,19.12954],[-97.22062,19.12903],[-97.22147,19.12834],[-97.22208,19.1277],[-97.22223,19.12703],[-97.22219,19.126],[-97.22157,19.1249],[-97.22202,19.12439],[-97.22272,19.12309],[-97.2234,19.12257],[-97.22459,19.12203],[-97.22557,19.12192],[-97.2265,19.12197],[-97.22736,19.12165],[-97.22907,19.1194],[-97.22945,19.11877],[-97.2304,19.11791],[-97.2309,19.11715],[-97.23157,19.11651],[-97.23224,19.11607],[-97.23274,19.11543],[-97.23362,19.114],[-97.23363,19.11288],[-97.23406,19.112],[-97.23687,19.10967],[-97.23828,19.10863],[-97.23902,19.10827],[-97.23911,19.10753],[-97.24015,19.10596],[-97.2405,19.1045],[-97.24075,19.10189],[-97.2407,19.10052],[-97.24096,19.09968],[-97.24268,19.09594],[-97.24355,19.09463],[-97.24391,19.0933],[-97.2446,19.09315],[-97.24538,19.09221],[-97.24707,19.08955],[-97.2475,19.08863],[-97.24789,19.08816],[-97.24821,19.0874],[-97.24894,19.08684],[-97.25011,19.0856],[-97.25088,19.08442],[-97.25143,19.08378],[-97.25206,19.08363],[-97.25308,19.08298],[-97.25344,19.08185],[-97.25399,19.08096],[-97.25402,19.08034],[-97.25515,19.07957],[-97.25533,19.07857],[-97.25574,19.07812],[-97.25621,19.07692],[-97.2563,19.07328],[-97.25613,19.07291],[-97.25586,19.07108],[-97.25604,19.07001],[-97.25634,19.06898],[-97.25687,19.06798],[-97.25804,19.06641],[-97.25885,19.06588],[-97.25932,19.06509],[-97.25945,19.06406],[-97.25939,19.06331],[-97.25952,19.06261],[-97.25975,19.06186],[-97.26064,19.05984],[-97.26129,19.05789],[-97.26177,19.05545],[-97.26248,19.0538],[-97.26355,19.05028],[-97.2638,19.04867],[-97.26546,19.04408],[-97.26558,19.04321],[-97.26566,19.04069],[-97.26584,19.04002],[-97.26655,19.03825],[-97.2669,19.03787],[-97.26731,19.0368],[-97.26766,19.03643],[-97.26796,19.03498],[-97.26826,19.03444],[-97.26838,19.03324],[-97.26891,19.03233],[-97.26927,19.03043],[-97.26852,19.02951],[-97.27269,19.0299],[-97.27385,19.02994],[-97.27658,19.02974],[-97.27843,19.02986],[-97.2797,19.0302],[-97.28253,19.03053],[-97.28561,19.03],[-97.28775,19.02975],[-97.28879,19.02992],[-97.29018,19.03071],[-97.2907,19.03079],[-97.29417,19.03071],[-97.29621,19.03013],[-97.29748,19.02956],[-97.29911,19.02914],[-97.29969,19.02931],[-97.30218,19.02956],[-97.30392,19.02932],[-97.30565,19.02924],[-97.30762,19.03019],[-97.30877,19.03056],[-97.30969,19.03106],[-97.31056,19.03189],[-97.31234,19.03288],[-97.31385,19.0328],[-97.31472,19.0326],[-97.31588,19.03297],[-97.3197,19.03331],[-97.32097,19.03385],[-97.32235,19.03405],[-97.32403,19.03472],[-97.32524,19.03493],[-97.32849,19.03406],[-97.32884,19.03423],[-97.33011,19.03435],[-97.33138,19.03506],[-97.3349,19.03759],[-97.33541,19.03858],[-97.33633,19.03928],[-97.33788,19.04073],[-97.33916,19.04094],[-97.34124,19.04099],[-97.34454,19.04169],[-97.34564,19.04202],[-97.34731,19.04219],[-97.34841,19.04256],[-97.34887,19.0431],[-97.35002,19.04381],[-97.35285,19.04497],[-97.35319,19.04617],[-97.3544,19.04675],[-97.35591,19.04708],[-97.35769,19.0487],[-97.3596,19.04891],[-97.36053,19.04932],[-97.36221,19.04903],[-97.36835,19.04862],[-97.36939,19.04838],[-97.37062,19.0478],[-97.37137,19.04701],[-97.37236,19.04652],[-97.37451,19.04611],[-97.37573,19.04569],[-97.37643,19.04516],[-97.37747,19.04503],[-97.38008,19.04524],[-97.38198,19.04607],[-97.38435,19.04744],[-97.38526,19.04885],[-97.38642,19.04943],[-97.38699,19.05009],[-97.3882,19.05075],[-97.38895,19.05112],[-97.39104,19.05142],[-97.3915,19.05175],[-97.39306,19.05204],[-97.3945,19.05262],[-97.39583,19.0534],[-97.3989,19.0537],[-97.40121,19.05465],[-97.40277,19.05478],[-97.40364,19.05461],[-97.40602,19.05469],[-97.40781,19.05515],[-97.41006,19.05548],[-97.41215,19.05561],[-97.41365,19.05586],[-97.41719,19.05607],[-97.42089,19.05652],[-97.42303,19.0569],[-97.42419,19.05731],[-97.42662,19.05781],[-97.42812,19.05835],[-97.43183,19.0579],[-97.43287,19.05831],[-97.43344,19.05885],[-97.43541,19.05935],[-97.43575,19.06017],[-97.43552,19.06092],[-97.43939,19.06204],[-97.4405,19.0682],[-97.44027,19.06862],[-97.43986,19.06895],[-97.44026,19.07044],[-97.44117,19.07218],[-97.44203,19.07421],[-97.44334,19.07652],[-97.44432,19.07777],[-97.44524,19.07839],[-97.44686,19.07893],[-97.44795,19.07988],[-97.45003,19.08104],[-97.45136,19.08162],[-97.45211,19.0822],[-97.45373,19.08302],[-97.45609,19.08521],[-97.45496,19.08556],[-97.45415,19.08648],[-97.45358,19.08698],[-97.4526,19.08815],[-97.45174,19.08886],[-97.45145,19.08936],[-97.45158,19.09039],[-97.45077,19.0909],[-97.45037,19.09161],[-97.45014,19.09177],[-97.44985,19.09231],[-97.44986,19.09256],[-97.45223,19.09261],[-97.45287,19.09272],[-97.45339,19.09296],[-97.45519,19.09306],[-97.45705,19.0937],[-97.45914,19.09466],[-97.46181,19.09528],[-97.46414,19.09611],[-97.46756,19.09672],[-97.4689,19.0972],[-97.47035,19.09792],[-97.47175,19.0984],[-97.47221,19.09822],[-97.47238,19.09797],[-97.47261,19.09785],[-97.47336,19.09763],[-97.47423,19.09762],[-97.4751,19.09781],[-97.47714,19.09861],[-97.48028,19.1003],[-97.48092,19.10049],[-97.48337,19.10238],[-97.48413,19.10366],[-97.48726,19.10644],[-97.48935,19.10901],[-97.49086,19.1105],[-97.49161,19.11146],[-97.49376,19.11378],[-97.49527,19.11606],[-97.53276,19.12922],[-97.5334,19.13021],[-97.53409,19.131],[-97.53479,19.13138],[-97.5363,19.13159],[-97.5406,19.13256],[-97.54206,19.13265],[-97.54322,19.13253],[-97.54398,19.13257],[-97.54333,19.13455],[-97.54322,19.13533],[-97.54275,19.13678],[-97.54198,19.1414],[-97.54152,19.14255],[-97.54145,19.1442],[-97.54087,19.14602],[-97.54069,19.14783],[-97.54098,19.1487],[-97.54179,19.1499],[-97.5421,19.15056],[-97.54388,19.15214],[-97.54446,19.15251],[-97.5451,19.15276],[-97.54526,19.15372],[-97.5451,19.15425],[-97.54434,19.15506],[-97.54417,19.15602],[-97.54422,19.15652],[-97.54463,19.15685],[-97.54475,19.15714],[-97.54399,19.15756],[-97.54364,19.15813],[-97.54393,19.15899],[-97.54433,19.15933],[-97.54493,19.1595],[-97.54654,19.15815],[-97.54718,19.15808],[-97.54829,19.15748],[-97.54917,19.15732],[-97.55231,19.15738],[-97.5534,19.15707],[-97.55307,19.15371],[-97.55307,19.15288],[-97.55319,19.15255],[-97.55389,19.15164],[-97.5553,19.14632],[-97.55617,19.14484],[-97.55716,19.14369],[-97.55856,19.14291],[-97.5592,19.14291],[-97.56007,19.1423],[-97.56054,19.14135],[-97.56112,19.14065],[-97.56211,19.14004],[-97.56287,19.1393],[-97.56369,19.13777],[-97.56451,19.13699],[-97.56538,19.1365],[-97.5673,19.13692],[-97.568,19.13696],[-97.56817,19.1368],[-97.56823,19.13614],[-97.56782,19.13572],[-97.56794,19.13477],[-97.5687,19.13395],[-97.56981,19.13247],[-97.57091,19.13152],[-97.57231,19.13066],[-97.5747,19.1282],[-97.57459,19.1265],[-97.57471,19.12588],[-97.57506,19.12494],[-97.57541,19.12432],[-97.57587,19.12378],[-97.57599,19.12337],[-97.5757,19.12296],[-97.57285,19.12146],[-97.57233,19.12051],[-97.57245,19.11906],[-97.57216,19.11774],[-97.57013,19.11464],[-97.56984,19.11389],[-97.56938,19.11207],[-97.56919,19.11068],[-97.57107,19.11113],[-97.57194,19.11159],[-97.57313,19.11254],[-97.57351,19.11201],[-97.57415,19.10928],[-97.57433,19.10792],[-97.57462,19.10713],[-97.57561,19.1057],[-97.57643,19.10496],[-97.57742,19.1031],[-97.5776,19.1022],[-97.57806,19.10137],[-97.57917,19.09964],[-97.57987,19.09878],[-97.58022,19.09791],[-97.58046,19.09622],[-97.58068,19.09579],[-97.58226,19.09359],[-97.58291,19.09173],[-97.58302,19.09165],[-97.58407,19.09178],[-97.585,19.09223],[-97.58593,19.09323],[-97.58657,19.09369],[-97.58721,19.09261],[-97.58715,19.09142],[-97.58686,19.09059],[-97.58599,19.08931],[-97.58565,19.08844],[-97.58553,19.0872],[-97.5853,19.08608],[-97.58536,19.08493],[-97.58525,19.08332],[-97.58513,19.08257],[-97.58473,19.08121],[-97.58467,19.07985],[-97.5845,19.07886],[-97.58456,19.07716],[-97.58421,19.07551],[-97.58381,19.072],[-97.58393,19.07097],[-97.58388,19.06932],[-97.58406,19.06519],[-97.58388,19.06407],[-97.58383,19.06221],[-97.58371,19.06197],[-97.58354,19.06027],[-97.58325,19.05916],[-97.5847,19.06053],[-97.58698,19.05822],[-97.5896,19.05386],[-97.59065,19.05188],[-97.59647,19.04633],[-97.59816,19.04687],[-97.59938,19.04359],[-97.60014,19.04201],[-97.60177,19.04065],[-97.60294,19.03946],[-97.60317,19.03909],[-97.60387,19.03698],[-97.6041,19.03669],[-97.6044,19.03641],[-97.60498,19.03624],[-97.6073,19.03592],[-97.60777,19.03597],[-97.6098,19.03655],[-97.61056,19.03631],[-97.61213,19.03619],[-97.61288,19.03631],[-97.61335,19.03756],[-97.6141,19.04012],[-97.6141,19.04123],[-97.61433,19.04231],[-97.61593,19.04424],[-97.61723,19.04607],[-97.61734,19.04727],[-97.61729,19.04839],[-97.61612,19.05264],[-97.61594,19.05371],[-97.62349,19.05725],[-97.62564,19.05866],[-97.6264,19.05482],[-97.62757,19.05392],[-97.63007,19.05322],[-97.63205,19.0529],[-97.63455,19.052],[-97.63647,19.05089],[-97.63909,19.04954],[-97.64107,19.04893],[-97.6424,19.04939],[-97.64635,19.05221],[-97.64752,19.05271],[-97.64873,19.05383],[-97.64978,19.05453],[-97.651,19.05516],[-97.65309,19.05607],[-97.65495,19.05666],[-97.65565,19.0567],[-97.65827,19.05737],[-97.65827,19.05791],[-97.65768,19.05861],[-97.65687,19.05902],[-97.65565,19.05959],[-97.65477,19.05975],[-97.65413,19.06004],[-97.65251,19.0602],[-97.65175,19.06044],[-97.65175,19.06053],[-97.6532,19.06276],[-97.65413,19.06376],[-97.65733,19.06455],[-97.65866,19.06563],[-97.65942,19.06695],[-97.66,19.06766],[-97.66011,19.06902],[-97.6604,19.0703],[-97.66052,19.07187],[-97.6604,19.07484],[-97.66069,19.07616],[-97.66121,19.07778],[-97.66138,19.07955],[-97.66136,19.0803],[-97.66487,19.08049],[-97.66725,19.08081],[-97.67289,19.08131],[-97.67561,19.08291],[-97.68,19.0849],[-97.68083,19.08391],[-97.68159,19.08346],[-97.68177,19.08255],[-97.68237,19.08111],[-97.68371,19.08083],[-97.68465,19.08051],[-97.68541,19.07977],[-97.68646,19.07899],[-97.68711,19.078],[-97.68823,19.07701],[-97.68899,19.07652],[-97.6899,19.0784],[-97.69135,19.07882],[-97.69199,19.07875],[-97.69252,19.07855],[-97.6931,19.07851],[-97.69362,19.0788],[-97.69517,19.0801],[-97.69604,19.08048],[-97.69935,19.08105],[-97.70231,19.08182],[-97.70243,19.0812],[-97.70148,19.07796],[-97.70154,19.07722],[-97.70172,19.07672],[-97.70243,19.0759],[-97.70454,19.07434],[-97.70524,19.07389],[-97.70659,19.07328],[-97.70753,19.07242],[-97.70835,19.07201],[-97.70969,19.07103],[-97.71391,19.08015],[-97.72475,19.07873],[-97.73163,19.06856],[-97.73765,19.06103],[-97.73818,19.06079],[-97.739,19.06059],[-97.74103,19.06053],[-97.74395,19.05981],[-97.74533,19.06052],[-97.74614,19.06123],[-97.74903,19.06296],[-97.75094,19.06389],[-97.75285,19.06452],[-97.75604,19.06509],[-97.75778,19.06552],[-97.75993,19.0657],[-97.7622,19.0656],[-97.76312,19.06693],[-97.76392,19.06847],[-97.76564,19.07089],[-97.7688,19.07407],[-97.7738,19.07954],[-97.77444,19.08012],[-97.77807,19.08252],[-97.77865,19.08302],[-97.77911,19.0836],[-97.7805,19.08465],[-97.78177,19.08516],[-97.78455,19.08605],[-97.78513,19.08647],[-97.78559,19.08726],[-97.78626,19.08934],[-97.78672,19.08997],[-97.7873,19.09043],[-97.78867,19.09226],[-97.78902,19.09289],[-97.78952,19.09472],[-97.78981,19.09538],[-97.79113,19.09688],[-97.79164,19.0978],[-97.79151,19.09883],[-97.79168,19.0995],[-97.79266,19.10038],[-97.79312,19.10059],[-97.79364,19.10117],[-97.79363,19.10209],[-97.79401,19.10478],[-97.79424,19.10545],[-97.79567,19.10737],[-97.7959,19.10791],[-97.79722,19.10916],[-97.79914,19.10947],[-97.80112,19.10944],[-97.80205,19.10974],[-97.80303,19.11062],[-97.80331,19.11103],[-97.80423,19.11191],[-97.80452,19.11212],[-97.80521,19.11239],[-97.80543,19.11116],[-97.80542,19.11033],[-97.80434,19.10765],[-97.80428,19.10666],[-97.80426,19.10509],[-97.80437,19.10426],[-97.80477,19.10364],[-97.80563,19.10297],[-97.80679,19.1025],[-97.80784,19.10237],[-97.80883,19.10244],[-97.81051,19.1021],[-97.81138,19.10151],[-97.81183,19.10076],[-97.81298,19.09955],[-97.81431,19.09846],[-97.81472,19.0983],[-97.81595,19.0994],[-97.81766,19.10145],[-97.81901,19.10284],[-97.81954,19.10371],[-97.81961,19.10424],[-97.82162,19.1077],[-97.82212,19.11137],[-97.82227,19.11381],[-97.82292,19.11504],[-97.82374,19.1157],[-97.8252,19.11647],[-97.8262,19.11757],[-97.82662,19.11823],[-97.82767,19.11905],[-97.82838,19.11995],[-97.82914,19.12069],[-97.83032,19.12163],[-97.83145,19.12451],[-97.83216,19.12566],[-97.833,19.12755],[-97.83364,19.12796],[-97.83547,19.12513],[-97.83613,19.12145],[-97.83759,19.12164],[-97.8394,19.1222],[-97.8435,19.12543],[-97.84592,19.1283],[-97.84638,19.12809],[-97.84783,19.12778],[-97.84934,19.12731],[-97.85126,19.12709],[-97.85358,19.12719],[-97.85586,19.1275],[-97.8558,19.12783],[-97.85449,19.13061],[-97.8541,19.13165],[-97.85313,19.13323],[-97.85244,19.13477],[-97.85188,19.13647],[-97.8509,19.13772],[-97.8508,19.13871],[-97.85445,19.13772],[-97.85746,19.13563],[-97.85931,19.13486],[-97.86093,19.13452],[-97.86268,19.1345],[-97.86407,19.13407],[-97.86516,19.13286],[-97.86788,19.13156],[-97.86946,19.13187],[-97.87039,19.13232],[-97.87196,19.13197],[-97.87718,19.13047],[-97.87811,19.13046],[-97.87892,19.13033],[-97.88031,19.12937],[-97.88123,19.12824],[-97.88173,19.12638],[-97.88258,19.12418],[-97.88367,19.12272],[-97.88563,19.12097],[-97.88823,19.11945],[-97.88875,19.11974],[-97.88899,19.11969],[-97.88962,19.11902],[-97.89008,19.11894],[-97.89481,19.12025],[-97.89598,19.12115],[-97.89593,19.12186],[-97.89612,19.1226],[-97.89687,19.12292],[-97.89846,19.12381],[-97.89911,19.1248],[-97.89992,19.12475],[-97.90148,19.12412],[-97.90461,19.12264],[-97.90583,19.12234],[-97.90704,19.12154],[-97.90925,19.12123],[-97.91075,19.12067],[-97.91313,19.12011],[-97.91453,19.12018],[-97.91638,19.1195],[-97.91962,19.11756],[-97.92079,19.11646],[-97.92121,19.11755],[-97.92079,19.12069],[-97.92,19.12033],[-97.91976,19.12043],[-97.919,19.12],[-97.91913,19.12235],[-97.9196,19.12346],[-97.92147,19.12513],[-97.9222,19.12568],[-97.92415,19.12672],[-97.92458,19.12765],[-97.9265,19.13293],[-97.92697,19.13295],[-97.92737,19.13313],[-97.9277,19.13303],[-97.92761,19.13493],[-97.92733,19.13651],[-97.92799,19.13786],[-97.9287,19.13901],[-97.92901,19.1412],[-97.92885,19.14178],[-97.92922,19.14451],[-97.92988,19.14591],[-97.93053,19.14681],[-97.93183,19.1482],[-97.93207,19.14907],[-97.93219,19.15006],[-97.93358,19.15443],[-97.93257,19.15745],[-97.93211,19.15795],[-97.93171,19.15874],[-97.93149,19.16036],[-97.93086,19.1609],[-97.93028,19.16078],[-97.92935,19.16088],[-97.92885,19.16282],[-97.92875,19.16436],[-97.92888,19.16564],[-97.92183,19.17054],[-97.90874,19.17584],[-97.90758,19.17606],[-97.90556,19.1774],[-97.90464,19.17828],[-97.90053,19.18601],[-97.89985,19.188],[-97.89817,19.19368],[-97.89749,19.19526],[-97.89677,19.19638],[-97.89566,19.19695],[-97.89525,19.19814],[-97.89475,19.19889],[-97.89291,19.20053],[-97.89031,19.20218],[-97.88742,19.20325],[-97.885,19.20428],[-97.88171,19.20593],[-97.8674,19.21178],[-97.86613,19.21216],[-97.86503,19.21269],[-97.86428,19.21323],[-97.86197,19.21446],[-97.86157,19.21483],[-97.86076,19.21529],[-97.85304,19.22146],[-97.8516,19.22245],[-97.84212,19.20948],[-97.83951,19.21182],[-97.83701,19.21283],[-97.82794,19.21516],[-97.82796,19.21751],[-97.82825,19.2178],[-97.8278,19.21895],[-97.82676,19.21936],[-97.84058,19.23434],[-97.84112,19.24653],[-97.85223,19.25565],[-97.85329,19.25668],[-97.87088,19.27109],[-97.8698,19.2731],[-97.86865,19.27482],[-97.86589,19.27848],[-97.86503,19.28025],[-97.86355,19.2844],[-97.86304,19.2853],[-97.86206,19.28617],[-97.86096,19.28687],[-97.85975,19.28736],[-97.83972,19.28784],[-97.83978,19.28817],[-97.84072,19.28981],[-97.84067,19.29096],[-97.84079,19.29203],[-97.84068,19.29265],[-97.83999,19.29421],[-97.83919,19.2968],[-97.83944,19.29852],[-97.83991,19.29983],[-97.84026,19.30041],[-97.84044,19.30143],[-97.82228,19.30487],[-97.81347,19.3034],[-97.80124,19.30157],[-97.78819,19.2903],[-97.78713,19.2896],[-97.78491,19.28824],[-97.78322,19.28748],[-97.77956,19.28656],[-97.7759,19.28595],[-97.7824,19.27664],[-97.78227,19.27565],[-97.78318,19.27336],[-97.78426,19.27116],[-97.78596,19.26908],[-97.77177,19.26857],[-97.75991,19.274],[-97.7643,19.28763],[-97.75682,19.29952],[-97.75444,19.2987],[-97.75156,19.30129],[-97.74496,19.30602],[-97.74472,19.30603],[-97.74443,19.3059],[-97.74256,19.30452],[-97.74179,19.30386],[-97.74033,19.30234],[-97.73861,19.29913],[-97.73831,19.29839],[-97.73765,19.29624],[-97.7374,19.29484],[-97.73748,19.29177],[-97.73838,19.28882],[-97.73884,19.2877],[-97.73044,19.29285],[-97.72381,19.29978],[-97.72066,19.30448],[-97.71902,19.30111],[-97.71826,19.30053],[-97.71716,19.29934],[-97.71529,19.29778],[-97.715,19.29676],[-97.71401,19.29557],[-97.71262,19.29495],[-97.71175,19.29475],[-97.71019,19.29516],[-97.70839,19.29578],[-97.70724,19.2959],[-97.70683,19.29607],[-97.70556,19.29578],[-97.70521,19.29561],[-97.70463,19.29504],[-97.70411,19.29492],[-97.70295,19.29443],[-97.70196,19.29426],[-97.70161,19.29389],[-97.7008,19.29381],[-97.69998,19.29163],[-97.6994,19.29135],[-97.69801,19.2909],[-97.69603,19.28983],[-97.69545,19.28942],[-97.69296,19.28819],[-97.69104,19.28655],[-97.67949,19.29284],[-97.67712,19.29337],[-97.67573,19.29329],[-97.67196,19.29268],[-97.67127,19.29268],[-97.67011,19.29301],[-97.66936,19.29342],[-97.66688,19.29551],[-97.66602,19.29674],[-97.66321,19.30175],[-97.65895,19.31102],[-97.65637,19.31018],[-97.64624,19.30632],[-97.64251,19.31146],[-97.64129,19.3139],[-97.64027,19.31652],[-97.63771,19.31825],[-97.63276,19.31582],[-97.63241,19.31626],[-97.6322,19.31677],[-97.63215,19.31743],[-97.63238,19.31871],[-97.63245,19.31977],[-97.63212,19.32068],[-97.63179,19.32092],[-97.63171,19.32116],[-97.63125,19.32166],[-97.63097,19.32178],[-97.63076,19.32206],[-97.63021,19.32248],[-97.62943,19.32296],[-97.62765,19.32356],[-97.62741,19.32376],[-97.62755,19.32501],[-97.63107,19.3344],[-97.63095,19.33494],[-97.63099,19.33643],[-97.6383,19.33767],[-97.63893,19.33788],[-97.63832,19.33933],[-97.63563,19.34242],[-97.63522,19.34307],[-97.63446,19.34507],[-97.63422,19.34598],[-97.63381,19.34881],[-97.63099,19.35575],[-97.63932,19.36223],[-97.65448,19.35461],[-97.6674,19.36236],[-97.67162,19.36562],[-97.67279,19.36612],[-97.67389,19.36674],[-97.67661,19.36862],[-97.67706,19.36999],[-97.67785,19.37163],[-97.67808,19.37282],[-97.67804,19.37564],[-97.67831,19.37705],[-97.6784,19.37909],[-97.67959,19.38208],[-97.68014,19.38432],[-97.68083,19.38528],[-97.6818,19.38703],[-97.68349,19.38795],[-97.68378,19.38795],[-97.68519,19.38766],[-97.68595,19.38734],[-97.68684,19.38651],[-97.68819,19.38602],[-97.69266,19.38836],[-97.6947,19.38911],[-97.69644,19.39012],[-97.69749,19.39062],[-97.69812,19.39133],[-97.69879,19.39378],[-97.69925,19.39448],[-97.69948,19.39453],[-97.70119,19.39391],[-97.70349,19.39197],[-97.70448,19.39183],[-97.70494,19.392],[-97.70564,19.3929],[-97.7064,19.39368],[-97.70664,19.39425],[-97.70745,19.39557],[-97.70787,19.39709],[-97.70793,19.39832],[-97.70794,19.40033],[-97.70679,19.4023],[-97.70743,19.40312],[-97.70825,19.40382],[-97.7086,19.4039],[-97.70993,19.40461],[-97.71262,19.40524],[-97.71406,19.40662],[-97.7159,19.40945],[-97.7217,19.41715],[-97.72204,19.4181],[-97.72204,19.41839],[-97.72166,19.42047],[-97.72136,19.42121],[-97.72199,19.42225],[-97.72274,19.42304],[-97.72371,19.42429],[-97.72433,19.42598],[-97.72446,19.42943],[-97.72463,19.4304],[-97.72486,19.43023],[-97.72611,19.42858],[-97.7267,19.42825],[-97.74887,19.43289],[-97.74838,19.43464],[-97.74785,19.43549],[-97.74567,19.44081],[-97.74541,19.44276],[-97.74627,19.44421],[-97.74655,19.44513],[-97.74733,19.44795],[-97.74742,19.44958],[-97.74801,19.45024],[-97.74824,19.45073],[-97.74929,19.45135],[-97.74964,19.45143],[-97.75091,19.45139],[-97.75293,19.45011],[-97.75351,19.44991],[-97.75397,19.44995],[-97.75525,19.4504],[-97.7563,19.4513],[-97.75665,19.45171],[-97.75689,19.45245],[-97.75695,19.45372],[-97.75655,19.45422],[-97.77254,19.45424],[-97.78255,19.4716],[-97.78475,19.47049],[-97.787,19.46983],[-97.78888,19.47034],[-97.78952,19.47064],[-97.79016,19.47072],[-97.79151,19.47044],[-97.79524,19.47132],[-97.79676,19.47191],[-97.79781,19.47199],[-97.79851,19.4722],[-97.79777,19.48386],[-97.81038,19.48405],[-97.81003,19.48438],[-97.80979,19.485],[-97.81037,19.48587],[-97.81095,19.48625],[-97.81135,19.48675],[-97.81135,19.48746],[-97.81064,19.48829],[-97.80731,19.49018],[-97.80672,19.49101],[-97.80677,19.49159],[-97.80624,19.49275],[-97.80525,19.49325],[-97.80396,19.49411],[-97.80389,19.49482],[-97.80395,19.49524],[-97.80353,19.49665],[-97.80044,19.49734],[-97.79962,19.49762],[-97.7967,19.49956],[-97.79324,19.50224],[-97.79118,19.5046],[-97.78989,19.50667],[-97.78959,19.50684],[-97.78901,19.50754],[-97.78893,19.50933],[-97.78835,19.5097],[-97.78817,19.51003],[-97.78846,19.51045],[-97.78869,19.51062],[-97.7902,19.51108],[-97.79049,19.51158],[-97.79106,19.51346],[-97.79046,19.51466],[-97.79028,19.51591],[-97.78987,19.51673],[-97.78893,19.51798],[-97.78881,19.51827],[-97.7888,19.51856],[-97.78943,19.52031],[-97.78937,19.52122],[-97.78869,19.52533],[-97.78845,19.52604],[-97.78791,19.52882],[-97.78743,19.53069],[-97.78702,19.53106],[-97.78585,19.53101],[-97.78532,19.53151],[-97.78443,19.534],[-97.78396,19.53454],[-97.7825,19.53494],[-97.7821,19.5349],[-97.78157,19.53473],[-97.7803,19.53331],[-97.77815,19.53359],[-97.77715,19.53383],[-97.77633,19.53429],[-97.77604,19.53483],[-97.77598,19.53528],[-97.77562,19.53586],[-97.77492,19.53636],[-97.7744,19.53652],[-97.77334,19.53722],[-97.77223,19.53771],[-97.77124,19.53792],[-97.76786,19.53769],[-97.76665,19.5371],[-97.76592,19.53631],[-97.76462,19.53543],[-97.76456,19.53503],[-97.76333,19.53406],[-97.76311,19.53294],[-97.76325,19.53218],[-97.76291,19.53138],[-97.7617,19.5293],[-97.75991,19.52679],[-97.75841,19.52525],[-97.75627,19.52366],[-97.75552,19.52336],[-97.75545,19.52402],[-97.75551,19.52427],[-97.7558,19.52469],[-97.75602,19.5254],[-97.75561,19.52664],[-97.75582,19.52935],[-97.75539,19.53209],[-97.75468,19.53342],[-97.75415,19.53399],[-97.75345,19.53453],[-97.75321,19.53461],[-97.75275,19.53453],[-97.75165,19.53307],[-97.75073,19.53231],[-97.75009,19.53214],[-97.7491,19.53209],[-97.74706,19.53208],[-97.74648,19.5322],[-97.74578,19.53199],[-97.74479,19.5319],[-97.74363,19.53144],[-97.74328,19.5309],[-97.74276,19.53056],[-97.7409,19.53018],[-97.73892,19.53054],[-97.73629,19.53123],[-97.73449,19.53143],[-97.73262,19.53229],[-97.73204,19.53208],[-97.73146,19.53124],[-97.73082,19.53087],[-97.73012,19.53111],[-97.72983,19.53132],[-97.72965,19.53132],[-97.72821,19.53035],[-97.7264,19.53026],[-97.72611,19.53017],[-97.72553,19.52959],[-97.72513,19.52946],[-97.72366,19.53091],[-97.72173,19.53152],[-97.72173,19.53206],[-97.72201,19.53269],[-97.72236,19.5331],[-97.7227,19.53377],[-97.72269,19.53506],[-97.72245,19.53606],[-97.72216,19.53664],[-97.7184,19.53986],[-97.71817,19.53994],[-97.71782,19.53989],[-97.71707,19.53952],[-97.71678,19.53956],[-97.7166,19.5398],[-97.71636,19.54038],[-97.71652,19.54255],[-97.71628,19.54346],[-97.7161,19.54379],[-97.71598,19.54471],[-97.71567,19.54595],[-97.7152,19.54665],[-97.71456,19.54719],[-97.71373,19.54814],[-97.71356,19.54839],[-97.71338,19.54901],[-97.71349,19.54914],[-97.71442,19.54939],[-97.71622,19.55011],[-97.71697,19.5507],[-97.71715,19.55074],[-97.71864,19.55358],[-97.71916,19.5542],[-97.71951,19.55445],[-97.72108,19.55475],[-97.72299,19.55531],[-97.72549,19.55632],[-97.72636,19.55691],[-97.72751,19.55799],[-97.72798,19.55816],[-97.72862,19.55829],[-97.7292,19.55829],[-97.73066,19.55809],[-97.73124,19.5581],[-97.73153,19.55798],[-97.73176,19.55802],[-97.732,19.55827],[-97.73194,19.55856],[-97.73146,19.55914],[-97.73064,19.55976],[-97.72789,19.5614],[-97.72643,19.56194],[-97.72503,19.56272],[-97.72332,19.5647],[-97.72203,19.56661],[-97.7208,19.56743],[-97.7198,19.56859],[-97.71891,19.57062],[-97.71848,19.5727],[-97.71741,19.57514],[-97.71735,19.57552],[-97.71699,19.57643],[-97.71622,19.57792],[-97.71615,19.57946],[-97.71666,19.58104],[-97.7166,19.58175],[-97.71576,19.58453],[-97.71539,19.5848],[-97.7119,19.58457],[-97.71028,19.58488],[-97.7097,19.58525],[-97.70922,19.58593],[-97.71001,19.58673],[-97.71036,19.5873],[-97.71046,19.58786],[-97.71035,19.58854],[-97.71055,19.58919],[-97.7118,19.58948],[-97.71329,19.59049],[-97.71546,19.59152],[-97.71438,19.59171],[-97.71428,19.59185],[-97.71372,19.59213],[-97.71307,19.59266],[-97.71073,19.59414],[-97.70955,19.59522],[-97.70803,19.59629],[-97.70321,19.60125],[-97.7028,19.6015],[-97.70034,19.6036],[-97.69951,19.60447],[-97.69857,19.60652],[-97.6976,19.60771],[-97.69739,19.60871],[-97.69782,19.60987],[-97.69783,19.6107],[-97.69701,19.61119],[-97.69478,19.61284],[-97.69513,19.61351],[-97.6964,19.61503],[-97.69155,19.61802],[-97.69011,19.61915],[-97.68863,19.62091],[-97.68807,19.62203],[-97.68673,19.62586],[-97.68611,19.62716],[-97.68554,19.62799],[-97.6851,19.62911],[-97.68472,19.63086],[-97.68508,19.63185],[-97.68503,19.6326],[-97.68451,19.63257],[-97.68385,19.63149],[-97.68351,19.63166],[-97.6834,19.63187],[-97.68346,19.63208],[-97.68335,19.63262],[-97.68272,19.63291],[-97.68166,19.63188],[-97.68096,19.63168],[-97.6805,19.63218],[-97.67996,19.63484],[-97.67944,19.6353],[-97.67829,19.63606],[-97.67761,19.63685],[-97.67763,19.6381],[-97.67753,19.6391],[-97.67789,19.63992],[-97.67838,19.64191],[-97.67891,19.64274],[-97.67846,19.64316],[-97.67822,19.64254],[-97.67739,19.64171],[-97.67692,19.64093],[-97.67616,19.6406],[-97.67252,19.64171],[-97.67015,19.64256],[-97.66852,19.64224],[-97.66747,19.64175],[-97.66682,19.64059],[-97.66681,19.64001],[-97.6653,19.64015],[-97.66304,19.64008],[-97.65782,19.64021],[-97.65468,19.63998],[-97.65046,19.64056],[-97.64698,19.64079],[-97.64542,19.64114],[-97.64386,19.64185],[-97.64306,19.64277],[-97.64243,19.64307],[-97.64156,19.64303],[-97.64121,19.64287],[-97.63978,19.64413],[-97.63811,19.64522],[-97.63696,19.64585],[-97.6354,19.64615],[-97.63377,19.64629],[-97.63332,19.64675],[-97.63364,19.64713],[-97.63461,19.6479],[-97.63566,19.64819],[-97.63584,19.64873],[-97.63473,19.65218],[-97.634,19.65364],[-97.6332,19.65452],[-97.63125,19.65607],[-97.62929,19.65712],[-97.62611,19.65831],[-97.62521,19.65981],[-97.625,19.66131],[-97.62528,19.66454],[-97.62576,19.66624],[-97.62556,19.66794],[-97.62435,19.6692],[-97.62292,19.6698],[-97.61825,19.66979],[-97.61363,19.67007],[-97.6111,19.67932],[-97.60996,19.67917],[-97.60286,19.67667],[-97.60126,19.67619],[-97.59925,19.67575],[-97.59854,19.63652],[-97.59148,19.64472],[-97.56874,19.66586],[-97.56747,19.66729],[-97.56508,19.6692],[-97.56364,19.67052],[-97.56238,19.67147],[-97.5594,19.67554],[-97.55787,19.67679],[-97.55587,19.67726],[-97.55504,19.67774],[-97.55258,19.67875],[-97.55187,19.67924],[-97.55181,19.67969],[-97.5511,19.68005],[-97.5504,19.68025],[-97.54963,19.68107],[-97.5491,19.68139],[-97.547,19.68116],[-97.54641,19.68124],[-97.54583,19.68148],[-97.54395,19.68241],[-97.54195,19.68354],[-97.54024,19.68435],[-97.53936,19.68512],[-97.53706,19.68638],[-97.53442,19.68767],[-97.52848,19.69119],[-97.52813,19.69123],[-97.52755,19.6909],[-97.52592,19.69026],[-97.52452,19.69029],[-97.52398,19.69135],[-97.52386,19.69189],[-97.5228,19.69225],[-97.52234,19.69179],[-97.52205,19.69133],[-97.52002,19.69028],[-97.51886,19.68949],[-97.51794,19.68849],[-97.51765,19.68836],[-97.51712,19.68881],[-97.51628,19.69062],[-97.51622,19.69115],[-97.51597,19.69173],[-97.51493,19.69559],[-97.51432,19.69735],[-97.51397,19.69792],[-97.51342,19.69985],[-97.513,19.70063],[-97.51146,19.70226],[-97.51074,19.70349],[-97.51072,19.70535],[-97.51042,19.70563],[-97.50878,19.70578],[-97.5082,19.70569],[-97.50796,19.70643],[-97.5076,19.70704],[-97.5073,19.70782],[-97.50661,19.71095],[-97.50636,19.71163],[-97.50654,19.71247],[-97.50629,19.71374],[-97.50592,19.71469],[-97.50563,19.71504],[-97.50521,19.71534],[-97.50409,19.71579],[-97.50305,19.71676],[-97.502,19.71891],[-97.49913,19.72215],[-97.49492,19.72615],[-97.49395,19.72828],[-97.49354,19.72951],[-97.47577,19.74519],[-97.47407,19.74569],[-97.47355,19.74605],[-97.4715,19.7461],[-97.4708,19.74621],[-97.46987,19.74607],[-97.46911,19.74609],[-97.46729,19.74643],[-97.46476,19.74809],[-97.46407,19.74885],[-97.46331,19.75015],[-97.46266,19.75059],[-97.46044,19.75109],[-97.45939,19.75111],[-97.45869,19.75097],[-97.45804,19.75096],[-97.45758,19.75108],[-97.45769,19.75137],[-97.45763,19.75157],[-97.45711,19.75189],[-97.45675,19.75197],[-97.45617,19.75192],[-97.45518,19.75165],[-97.45459,19.75197],[-97.45371,19.75381],[-97.45277,19.75466],[-97.45213,19.75498],[-97.45025,19.75543],[-97.44979,19.75567],[-97.44885,19.75594],[-97.44756,19.75613],[-97.44634,19.75614],[-97.4447,19.75653],[-97.44417,19.75685],[-97.44324,19.75712],[-97.44218,19.75772],[-97.44107,19.75856],[-97.44048,19.75888],[-97.44031,19.75929],[-97.43995,19.7597],[-97.43866,19.76087],[-97.43778,19.76139],[-97.43632,19.76181],[-97.43567,19.76279],[-97.43579,19.76362],[-97.43625,19.76454],[-97.43631,19.76495],[-97.43834,19.76676],[-97.44001,19.77344],[-97.43942,19.77442],[-97.43901,19.77466],[-97.43719,19.77619],[-97.43643,19.77671],[-97.43485,19.77739],[-97.43449,19.77771],[-97.43372,19.77996],[-97.4339,19.78046],[-97.43471,19.7811],[-97.43524,19.78136],[-97.43769,19.78169],[-97.43599,19.7824],[-97.43506,19.78259],[-97.43447,19.78291],[-97.43482,19.78329],[-97.43558,19.78384],[-97.4361,19.78467],[-97.43604,19.78509],[-97.43516,19.78606],[-97.43463,19.78642],[-97.43375,19.78731],[-97.43234,19.78848],[-97.43187,19.78901],[-97.42888,19.79056],[-97.42836,19.79101],[-97.42642,19.79349],[-97.42618,19.79472],[-97.42629,19.79559],[-97.42705,19.7963],[-97.42734,19.79639],[-97.42775,19.79632],[-97.4281,19.79599],[-97.4288,19.79568],[-97.42921,19.79569],[-97.42962,19.7959],[-97.42974,19.79611],[-97.42973,19.79702],[-97.42932,19.79767],[-97.42873,19.79906],[-97.42779,19.80032],[-97.4262,19.80136],[-97.42591,19.80177],[-97.42585,19.80206],[-97.42579,19.80301],[-97.42613,19.80442],[-97.42695,19.80513],[-97.42694,19.80551],[-97.42659,19.8062],[-97.4267,19.80707],[-97.42856,19.81008],[-97.42873,19.8109],[-97.42832,19.81061],[-97.42768,19.81047],[-97.42727,19.81005],[-97.42581,19.80982],[-97.42476,19.80992],[-97.42347,19.81056],[-97.42219,19.81094],[-97.42137,19.81093],[-97.41973,19.81061],[-97.41921,19.81089],[-97.41868,19.81088],[-97.4178,19.81111],[-97.41749,19.81135],[-97.4168,19.81295],[-97.41633,19.8136],[-97.41568,19.81507],[-97.41544,19.81523],[-97.41504,19.81531],[-97.41422,19.81512],[-97.41404,19.81549],[-97.41375,19.81578],[-97.41351,19.81635],[-97.41005,19.81797],[-97.40964,19.81826],[-97.40923,19.81837],[-97.40865,19.81873],[-97.408,19.81946],[-97.40777,19.81983],[-97.40776,19.8214],[-97.4074,19.82263],[-97.40717,19.82295],[-97.40594,19.82384],[-97.40477,19.82386],[-97.40401,19.82413],[-97.40271,19.82671],[-97.40253,19.82786],[-97.40258,19.82868],[-97.40246,19.82922],[-97.40082,19.83026],[-97.40029,19.83087],[-97.39976,19.83189],[-97.39923,19.83254],[-97.39847,19.83306],[-97.39846,19.83447],[-97.39863,19.836],[-97.3985,19.83773],[-97.39844,19.83793],[-97.39827,19.83805],[-97.39716,19.8382],[-97.40886,19.84866],[-97.41014,19.84868],[-97.41067,19.84886],[-97.41119,19.84883],[-97.41178,19.84855],[-97.41203,19.85327],[-97.41302,19.85466],[-97.41515,19.85331],[-97.41992,19.85188],[-97.42002,19.85298],[-97.41992,19.85528],[-97.42006,19.85682],[-97.42004,19.85835],[-97.41963,19.85937],[-97.41939,19.85953],[-97.41909,19.86043],[-97.41926,19.86139],[-97.41873,19.86241],[-97.41832,19.86244],[-97.41762,19.86231],[-97.41521,19.86267],[-97.41416,19.86323],[-97.41103,19.86578],[-97.40944,19.86773],[-97.40826,19.86874],[-97.40573,19.87043],[-97.4048,19.87028],[-97.40268,19.87111]]]}},{"type":"Feature","properties":{"id":5,"distrito_f":5,"nombre":"Distrito Federal 5","entidad":21},"geometry":{"type":"Polygon","coordinates":[[[-98.41247,19.11619],[-98.41329,19.11625],[-98.41449,19.11576],[-98.41612,19.11571],[-98.41758,19.11583],[-98.41812,19.11571],[-98.41944,19.1158],[-98.41977,19.11573],[-98.42007,19.11547],[-98.42034,19.11503],[-98.42108,19.11445],[-98.42209,19.11331],[-98.42249,19.11324],[-98.42297,19.11295],[-98.42369,19.11283],[-98.42459,19.11308],[-98.42563,19.11312],[-98.42699,19.114],[-98.42781,19.11418],[-98.42858,19.11458],[-98.43027,19.11461],[-98.43161,19.11486],[-98.43604,19.11682],[-98.43879,19.1174],[-98.43914,19.11768],[-98.44121,19.11858],[-98.44144,19.11857],[-98.44221,19.11905],[-98.44263,19.11949],[-98.44611,19.1211],[-98.4467,19.12129],[-98.44721,19.12086],[-98.44773,19.12068],[-98.44808,19.12079],[-98.45052,19.12089],[-98.45162,19.12069],[-98.4522,19.12047],[-98.45365,19.12043],[-98.45505,19.12047],[-98.45633,19.12073],[-98.45644,19.12039],[-98.45701,19.12004],[-98.45828,19.11964],[-98.45948,19.11906],[-98.46023,19.11892],[-98.46088,19.11919],[-98.46158,19.11929],[-98.4644,19.12038],[-98.46528,19.1206],[-98.46727,19.12079],[-98.47014,19.12158],[-98.47165,19.12142],[-98.47598,19.12246],[-98.47722,19.12292],[-98.47936,19.12269],[-98.4807,19.12282],[-98.48164,19.12321],[-98.48211,19.12328],[-98.48288,19.12363],[-98.4837,19.12386],[-98.48434,19.12392],[-98.48486,19.12382],[-98.48568,19.12397],[-98.48668,19.1244],[-98.48746,19.12504],[-98.48846,19.12555],[-98.48981,19.12576],[-98.49123,19.12671],[-98.49164,19.12679],[-98.49175,19.1267],[-98.49234,19.12672],[-98.49317,19.1272],[-98.49475,19.12761],[-98.49538,19.12747],[-98.49813,19.1261],[-98.49953,19.12611],[-98.50029,19.12629],[-98.50134,19.12639],[-98.50198,19.12641],[-98.50389,19.12619],[-98.50448,19.12634],[-98.50587,19.12626],[-98.50768,19.12662],[-98.50815,19.12665],[-98.50861,19.12651],[-98.51033,19.12742],[-98.51193,19.12858],[-98.51235,19.12877],[-98.51271,19.12913],[-98.51383,19.12964],[-98.51441,19.12975],[-98.51536,19.13047],[-98.51607,19.13078],[-98.51989,19.13022],[-98.52216,19.13036],[-98.52305,19.13067],[-98.52429,19.13134],[-98.52523,19.13156],[-98.52563,19.13155],[-98.52646,19.13186],[-98.52774,19.13207],[-98.52904,19.13253],[-98.52981,19.13296],[-98.53257,19.13384],[-98.53405,19.13467],[-98.53798,19.13593],[-98.53892,19.13615],[-98.54052,19.13706],[-98.54075,19.13701],[-98.54186,19.13727],[-98.54228,19.13755],[-98.54528,19.13879],[-98.54671,19.13962],[-98.54814,19.14095],[-98.54891,19.14126],[-98.54921,19.1415],[-98.54991,19.14164],[-98.55062,19.14204],[-98.55162,19.14226],[-98.5533,19.14204],[-98.55376,19.14216],[-98.55505,19.1422],[-98.55782,19.14179],[-98.55934,19.14179],[-98.55974,19.14165],[-98.56038,19.14168],[-98.56097,19.14187],[-98.56307,19.1421],[-98.56354,19.14229],[-98.56396,19.14261],[-98.56448,19.14272],[-98.56514,19.14328],[-98.56609,19.14384],[-98.56708,19.14389],[-98.56773,19.1442],[-98.56866,19.14409],[-98.569,19.14384],[-98.56943,19.14287],[-98.56998,19.14194],[-98.57077,19.14117],[-98.57117,19.14103],[-98.57193,19.14118],[-98.57228,19.14109],[-98.57316,19.14127],[-98.57373,19.14108],[-98.57385,19.14092],[-98.57416,19.13991],[-98.57299,19.13774],[-98.57238,19.13693],[-98.57237,19.13648],[-98.57247,19.13622],[-98.57293,19.13584],[-98.57325,19.13512],[-98.57409,19.13406],[-98.57453,19.1333],[-98.5756,19.13203],[-98.57582,19.1319],[-98.57644,19.13109],[-98.57441,19.13131],[-98.57365,19.13125],[-98.5729,19.13132],[-98.57243,19.1312],[-98.57142,19.13065],[-98.57078,19.1305],[-98.57006,19.1299],[-98.56988,19.12953],[-98.56933,19.12893],[-98.56898,19.12885],[-98.56789,19.12926],[-98.56737,19.12932],[-98.56618,19.12852],[-98.56572,19.12853],[-98.56506,19.1281],[-98.56466,19.12811],[-98.56266,19.12742],[-98.56188,19.12665],[-98.56132,19.12575],[-98.561,19.12469],[-98.56063,19.12403],[-98.56015,19.12351],[-98.56014,19.1233],[-98.55935,19.12228],[-98.55871,19.1221],[-98.55841,19.1219],[-98.55763,19.12109],[-98.55734,19.1213],[-98.55668,19.12058],[-98.55638,19.12038],[-98.55577,19.11944],[-98.55523,19.11888],[-98.555,19.11888],[-98.55411,19.11828],[-98.55317,19.1181],[-98.55214,19.11681],[-98.55189,19.11607],[-98.55152,19.11545],[-98.55058,19.11527],[-98.55017,19.11508],[-98.54941,19.11506],[-98.54869,19.11441],[-98.54834,19.11422],[-98.54735,19.11425],[-98.54636,19.11407],[-98.545,19.11357],[-98.54483,19.11357],[-98.54472,19.1137],[-98.54265,19.11276],[-98.54242,19.11273],[-98.54115,19.11305],[-98.54022,19.113],[-98.53981,19.11288],[-98.53896,19.11187],[-98.53726,19.10939],[-98.53695,19.10902],[-98.53606,19.10847],[-98.5357,19.1081],[-98.53388,19.10558],[-98.53329,19.10539],[-98.53288,19.10511],[-98.53235,19.10501],[-98.53069,19.10418],[-98.52896,19.10278],[-98.52884,19.10257],[-98.52849,19.10258],[-98.52796,19.10223],[-98.52638,19.10202],[-98.52591,19.10187],[-98.52413,19.10076],[-98.52349,19.10057],[-98.52197,19.10045],[-98.52073,19.09986],[-98.51852,19.09781],[-98.51737,19.09659],[-98.51696,19.09631],[-98.51677,19.09595],[-98.51593,19.09518],[-98.51344,19.09351],[-98.51296,19.09307],[-98.51232,19.093],[-98.51181,19.09356],[-98.51151,19.09327],[-98.5109,19.09238],[-98.51004,19.09083],[-98.50981,19.09075],[-98.50935,19.09093],[-98.5084,19.09033],[-98.50776,19.09035],[-98.50777,19.09072],[-98.50802,19.09122],[-98.50963,19.0925],[-98.51005,19.09302],[-98.50967,19.09374],[-98.50932,19.09363],[-98.50778,19.09272],[-98.50744,19.0931],[-98.50728,19.09307],[-98.50526,19.09217],[-98.50491,19.09213],[-98.50473,19.09214],[-98.50451,19.09239],[-98.5044,19.0926],[-98.50447,19.09289],[-98.50544,19.09415],[-98.50334,19.09388],[-98.50169,19.0933],[-98.50093,19.0932],[-98.49896,19.09326],[-98.49872,19.09314],[-98.4983,19.09265],[-98.49765,19.09238],[-98.49719,19.09244],[-98.49676,19.09233],[-98.49583,19.09193],[-98.49547,19.09161],[-98.49447,19.0911],[-98.4928,19.09152],[-98.49137,19.09227],[-98.49102,19.09232],[-98.48902,19.09325],[-98.48861,19.09322],[-98.48782,19.09337],[-98.48757,19.0935],[-98.48679,19.0929],[-98.48597,19.09263],[-98.48432,19.09185],[-98.48383,19.09136],[-98.48343,19.09112],[-98.4833,19.09067],[-98.48269,19.08986],[-98.48191,19.0893],[-98.48102,19.08849],[-98.47971,19.0877],[-98.479,19.08706],[-98.47727,19.0859],[-98.47657,19.08572],[-98.47517,19.08555],[-98.47475,19.08527],[-98.47317,19.08473],[-98.47171,19.08465],[-98.47062,19.08493],[-98.46976,19.08549],[-98.46903,19.08614],[-98.46875,19.08656],[-98.46841,19.08673],[-98.4663,19.08638],[-98.46561,19.08644],[-98.46502,19.08637],[-98.46445,19.08656],[-98.46345,19.08617],[-98.46214,19.08513],[-98.46155,19.08494],[-98.46131,19.08473],[-98.46002,19.08444],[-98.45949,19.08416],[-98.45837,19.08378],[-98.45697,19.08345],[-98.45602,19.08281],[-98.45554,19.08224],[-98.45482,19.08176],[-98.45441,19.08173],[-98.45417,19.08128],[-98.45358,19.08097],[-98.45458,19.07961],[-98.45475,19.07952],[-98.45522,19.07951],[-98.45617,19.08027],[-98.45658,19.08034],[-98.45733,19.08024],[-98.45809,19.08026],[-98.45863,19.0807],[-98.45881,19.08111],[-98.45905,19.08131],[-98.46052,19.08194],[-98.46122,19.08179],[-98.46167,19.08153],[-98.46255,19.08163],[-98.46295,19.08137],[-98.46479,19.08074],[-98.46688,19.08076],[-98.46871,19.07967],[-98.46923,19.07953],[-98.47027,19.07882],[-98.47059,19.0785],[-98.47501,19.07675],[-98.47856,19.07122],[-98.4793,19.07082],[-98.48002,19.07001],[-98.48025,19.06947],[-98.47965,19.06733],[-98.47936,19.06721],[-98.47906,19.06689],[-98.47877,19.06694],[-98.47888,19.06681],[-98.47897,19.06598],[-98.47908,19.06573],[-98.47889,19.06511],[-98.47816,19.0643],[-98.47814,19.06364],[-98.47778,19.06323],[-98.47806,19.06281],[-98.47835,19.0628],[-98.47859,19.06313],[-98.47936,19.06344],[-98.47965,19.06334],[-98.48,19.06338],[-98.48264,19.0643],[-98.48317,19.06461],[-98.48342,19.06511],[-98.48366,19.06526],[-98.48395,19.06526],[-98.48486,19.06496],[-98.48551,19.06509],[-98.48579,19.06486],[-98.48597,19.06444],[-98.4861,19.06353],[-98.48612,19.06221],[-98.48597,19.06109],[-98.48558,19.0599],[-98.48486,19.05917],[-98.48495,19.05842],[-98.48507,19.05834],[-98.4851,19.05759],[-98.48526,19.05721],[-98.48536,19.05642],[-98.48557,19.05592],[-98.48652,19.05464],[-98.48766,19.05382],[-98.48907,19.05258],[-98.49041,19.05067],[-98.49016,19.05014],[-98.49015,19.04989],[-98.49044,19.04798],[-98.49083,19.04759],[-98.49175,19.04727],[-98.49222,19.04722],[-98.49272,19.04658],[-98.49271,19.04646],[-98.49248,19.04634],[-98.49218,19.04598],[-98.49206,19.04598],[-98.49175,19.04532],[-98.49174,19.04503],[-98.4919,19.0447],[-98.4924,19.04398],[-98.49222,19.04187],[-98.49244,19.04149],[-98.49365,19.04104],[-98.49433,19.04065],[-98.49478,19.03997],[-98.49488,19.03789],[-98.49527,19.03734],[-98.49582,19.03637],[-98.49576,19.03629],[-98.49654,19.03498],[-98.49832,19.03248],[-98.49896,19.03068],[-98.49967,19.02937],[-98.50032,19.0279],[-98.50168,19.02662],[-98.50299,19.02596],[-98.50421,19.02597],[-98.50554,19.02576],[-98.50735,19.02604],[-98.50823,19.02627],[-98.50928,19.02636],[-98.51269,19.02577],[-98.51357,19.02587],[-98.51451,19.02621],[-98.51491,19.0262],[-98.51697,19.02693],[-98.51808,19.02698],[-98.51929,19.0267],[-98.52115,19.02694],[-98.52196,19.02683],[-98.52254,19.02656],[-98.52322,19.02613],[-98.52418,19.02527],[-98.52475,19.02497],[-98.52615,19.02505],[-98.52667,19.02499],[-98.52713,19.02482],[-98.52779,19.02368],[-98.52838,19.02382],[-98.52872,19.02377],[-98.52924,19.02351],[-98.53026,19.02265],[-98.53094,19.02234],[-98.53141,19.0222],[-98.53264,19.02262],[-98.53298,19.02249],[-98.53351,19.0226],[-98.53391,19.02246],[-98.53432,19.02245],[-98.53614,19.02294],[-98.53643,19.02314],[-98.53733,19.0239],[-98.53801,19.02509],[-98.53848,19.02536],[-98.53877,19.0254],[-98.53906,19.02526],[-98.54016,19.02519],[-98.54068,19.02522],[-98.54115,19.02541],[-98.54226,19.02538],[-98.54303,19.02594],[-98.54363,19.02658],[-98.54417,19.02694],[-98.54634,19.02767],[-98.54768,19.02775],[-98.54796,19.02754],[-98.54867,19.02789],[-98.54931,19.028],[-98.54971,19.02774],[-98.55128,19.02782],[-98.55416,19.03052],[-98.55481,19.03095],[-98.55706,19.03209],[-98.55752,19.03216],[-98.5587,19.03263],[-98.55918,19.03307],[-98.56007,19.03354],[-98.56106,19.03372],[-98.56193,19.03374],[-98.56229,19.03398],[-98.56375,19.03431],[-98.56509,19.03448],[-98.56604,19.03491],[-98.56668,19.03505],[-98.56721,19.03537],[-98.56774,19.03548],[-98.56896,19.03544],[-98.57071,19.0356],[-98.57146,19.03558],[-98.57246,19.0358],[-98.57281,19.03579],[-98.57398,19.03617],[-98.57724,19.03641],[-98.57771,19.03635],[-98.57841,19.0365],[-98.58,19.03724],[-98.58024,19.03744],[-98.58112,19.03767],[-98.58152,19.03761],[-98.58191,19.03702],[-98.58212,19.03627],[-98.58191,19.03524],[-98.58175,19.03371],[-98.58162,19.03334],[-98.58133,19.03326],[-98.58073,19.03266],[-98.57783,19.02925],[-98.57735,19.02898],[-98.57639,19.02784],[-98.57553,19.02633],[-98.57528,19.0258],[-98.57514,19.02502],[-98.57569,19.02234],[-98.57523,19.0207],[-98.57499,19.02033],[-98.57552,19.02061],[-98.57757,19.02109],[-98.57998,19.02218],[-98.58046,19.02258],[-98.58093,19.02277],[-98.5813,19.0233],[-98.58237,19.02398],[-98.58281,19.02509],[-98.5834,19.02528],[-98.58346,19.0254],[-98.58445,19.02549],[-98.58514,19.02535],[-98.58543,19.02538],[-98.58618,19.02499],[-98.59009,19.02579],[-98.59203,19.02635],[-98.59273,19.02629],[-98.59349,19.02648],[-98.59476,19.02636],[-98.59628,19.02661],[-98.59744,19.02665],[-98.60013,19.02716],[-98.60118,19.02725],[-98.60201,19.02756],[-98.60229,19.02751],[-98.60323,19.02765],[-98.60463,19.02798],[-98.60691,19.02817],[-98.60964,19.02821],[-98.61201,19.02777],[-98.61287,19.02749],[-98.61374,19.02747],[-98.61478,19.02719],[-98.61552,19.02688],[-98.61622,19.02678],[-98.61747,19.02603],[-98.61942,19.02527],[-98.61994,19.02492],[-98.62067,19.02416],[-98.62288,19.02239],[-98.62478,19.02204],[-98.62722,19.02193],[-98.63001,19.02102],[-98.6302,19.02291],[-98.62761,19.06605],[-98.63785,19.07526],[-98.64821,19.09288],[-98.6517,19.09681],[-98.65042,19.1173],[-98.65455,19.12097],[-98.65422,19.12306],[-98.65222,19.13143],[-98.64213,19.17771],[-98.64185,19.18103],[-98.63396,19.25736],[-98.62847,19.2586],[-98.62867,19.26005],[-98.62891,19.26065],[-98.62849,19.26134],[-98.6285,19.26192],[-98.62891,19.26295],[-98.62921,19.26341],[-98.62963,19.26502],[-98.62969,19.2663],[-98.62958,19.26676],[-98.62866,19.26797],[-98.62841,19.2734],[-98.62802,19.27552],[-98.62803,19.27589],[-98.62844,19.27667],[-98.62908,19.27733],[-98.62938,19.27828],[-98.62939,19.27882],[-98.62974,19.27973],[-98.63062,19.28088],[-98.63103,19.28125],[-98.63121,19.28175],[-98.63139,19.28195],[-98.63093,19.28349],[-98.62995,19.28433],[-98.62816,19.28521],[-98.62787,19.2855],[-98.62787,19.28604],[-98.6291,19.28649],[-98.62916,19.28686],[-98.62888,19.28769],[-98.62772,19.28898],[-98.62733,19.29027],[-98.62733,19.29065],[-98.62791,19.29097],[-98.6285,19.2918],[-98.6303,19.29191],[-98.63129,19.29161],[-98.63234,19.2921],[-98.63211,19.29243],[-98.6317,19.2926],[-98.63055,19.29389],[-98.63032,19.29431],[-98.63016,19.29555],[-98.6297,19.29618],[-98.62993,19.29672],[-98.63046,19.29713],[-98.63029,19.29821],[-98.6307,19.29866],[-98.63105,19.29886],[-98.63123,19.29923],[-98.63129,19.29969],[-98.63021,19.3021],[-98.63074,19.30247],[-98.63132,19.30259],[-98.63208,19.303],[-98.63248,19.30337],[-98.63278,19.30395],[-98.63255,19.30486],[-98.63256,19.30523],[-98.63303,19.30672],[-98.63368,19.30705],[-98.63397,19.30704],[-98.63403,19.3075],[-98.63386,19.3085],[-98.63363,19.30912],[-98.63358,19.30978],[-98.63353,19.31057],[-98.63371,19.31107],[-98.63423,19.31106],[-98.63509,19.30985],[-98.63556,19.30972],[-98.637,19.30888],[-98.6377,19.3088],[-98.6377,19.30929],[-98.63644,19.3108],[-98.63493,19.31172],[-98.63436,19.31218],[-98.63355,19.31256],[-98.63106,19.31415],[-98.6302,19.31553],[-98.62945,19.31615],[-98.62841,19.3167],[-98.62806,19.31733],[-98.62814,19.32014],[-98.62861,19.32059],[-98.62937,19.32096],[-98.62961,19.32133],[-98.62955,19.32179],[-98.62967,19.32241],[-98.62997,19.32286],[-98.63026,19.32311],[-98.63119,19.3236],[-98.63154,19.32368],[-98.6327,19.32367],[-98.63329,19.32379],[-98.63381,19.32416],[-98.63422,19.32428],[-98.63515,19.32382],[-98.63561,19.32398],[-98.63608,19.32493],[-98.63678,19.32513],[-98.63737,19.32546],[-98.6376,19.3257],[-98.63778,19.32624],[-98.63767,19.32657],[-98.63784,19.32694],[-98.63802,19.32785],[-98.63785,19.32839],[-98.6378,19.32922],[-98.63816,19.3298],[-98.63868,19.33038],[-98.63909,19.33058],[-98.63933,19.33087],[-98.6395,19.33128],[-98.63922,19.33157],[-98.63881,19.33154],[-98.63748,19.33188],[-98.63748,19.33217],[-98.6376,19.33242],[-98.63877,19.33324],[-98.63906,19.33365],[-98.63894,19.33381],[-98.63854,19.33398],[-98.63778,19.33395],[-98.63744,19.3342],[-98.63704,19.33495],[-98.63669,19.33512],[-98.63571,19.33666],[-98.63508,19.33745],[-98.6352,19.33782],[-98.63608,19.33848],[-98.63614,19.33889],[-98.63585,19.33972],[-98.63586,19.34059],[-98.63668,19.34121],[-98.63889,19.34206],[-98.63942,19.34243],[-98.63966,19.34297],[-98.63984,19.34437],[-98.63967,19.34533],[-98.63991,19.34553],[-98.64031,19.34528],[-98.64101,19.34532],[-98.64148,19.34585],[-98.64166,19.34647],[-98.64173,19.34743],[-98.64156,19.34813],[-98.64099,19.3495],[-98.64128,19.34987],[-98.64186,19.35012],[-98.64198,19.35032],[-98.64643,19.36123],[-98.64428,19.36108],[-98.64311,19.3613],[-98.64184,19.36139],[-98.63766,19.36254],[-98.63395,19.36303],[-98.63284,19.36299],[-98.63145,19.36375],[-98.62984,19.36501],[-98.62943,19.36555],[-98.62921,19.36621],[-98.63014,19.36723],[-98.63039,19.36765],[-98.63056,19.36838],[-98.63101,19.36869],[-98.63504,19.36665],[-98.63931,19.36495],[-98.64078,19.36453],[-98.64115,19.36518],[-98.64239,19.36647],[-98.64455,19.36727],[-98.64535,19.3681],[-98.64568,19.36862],[-98.64606,19.36898],[-98.64638,19.36959],[-98.64719,19.37049],[-98.64749,19.37023],[-98.64785,19.36811],[-98.64808,19.36777],[-98.64889,19.3674],[-98.64939,19.36748],[-98.64981,19.36775],[-98.65011,19.3687],[-98.65017,19.36923],[-98.65053,19.36979],[-98.65245,19.37011],[-98.65304,19.37059],[-98.65326,19.37104],[-98.65345,19.37366],[-98.65345,19.37562],[-98.65327,19.37728],[-98.65266,19.37834],[-98.65207,19.37868],[-98.6512,19.38016],[-98.65011,19.38159],[-98.64859,19.38314],[-98.64766,19.38382],[-98.64695,19.38412],[-98.64559,19.38615],[-98.64474,19.38652],[-98.64331,19.38651],[-98.64109,19.38677],[-98.64002,19.38666],[-98.63591,19.38705],[-98.63391,19.38705],[-98.63335,19.38677],[-98.63217,19.38579],[-98.63179,19.38578],[-98.63077,19.38548],[-98.62903,19.38459],[-98.6282,19.38396],[-98.62718,19.38396],[-98.62533,19.38432],[-98.62379,19.38427],[-98.62312,19.38411],[-98.62204,19.38344],[-98.62101,19.38302],[-98.61873,19.38252],[-98.61773,19.38253],[-98.61701,19.38228],[-98.61634,19.38195],[-98.61459,19.37999],[-98.61308,19.3788],[-98.61161,19.3774],[-98.6104,19.37662],[-98.60719,19.37415],[-98.60643,19.37414],[-98.60603,19.37526],[-98.60553,19.37808],[-98.60524,19.3787],[-98.60647,19.37956],[-98.60775,19.3803],[-98.60805,19.38059],[-98.6094,19.38257],[-98.60987,19.38298],[-98.60975,19.38339],[-98.60947,19.38369],[-98.60935,19.3841],[-98.60902,19.38642],[-98.61077,19.38653],[-98.61193,19.38628],[-98.61425,19.38634],[-98.61647,19.38744],[-98.61729,19.38802],[-98.61793,19.3883],[-98.61893,19.38929],[-98.61928,19.39049],[-98.61953,19.39181],[-98.6193,19.39227],[-98.61954,19.39314],[-98.61948,19.39347],[-98.61989,19.39405],[-98.62246,19.39515],[-98.62293,19.39564],[-98.62264,19.39626],[-98.62265,19.39717],[-98.62388,19.39779],[-98.62422,19.39783],[-98.62458,19.39811],[-98.6254,19.39976],[-98.62595,19.4004],[-98.6281,19.40255],[-98.62951,19.40319],[-98.62984,19.40385],[-98.63001,19.40531],[-98.63053,19.40601],[-98.63102,19.40641],[-98.63147,19.407],[-98.63399,19.4113],[-98.63459,19.4121],[-98.63543,19.41264],[-98.63631,19.41364],[-98.63652,19.41444],[-98.63655,19.41524],[-98.63641,19.41604],[-98.63683,19.41621],[-98.63855,19.41651],[-98.64133,19.41665],[-98.64157,19.41718],[-98.64071,19.41881],[-98.64086,19.41945],[-98.64127,19.41991],[-98.6417,19.42072],[-98.64205,19.42202],[-98.64251,19.42315],[-98.64282,19.42325],[-98.64324,19.42279],[-98.64437,19.42249],[-98.64483,19.42246],[-98.64528,19.42286],[-98.64511,19.42313],[-98.64429,19.42351],[-98.64368,19.42465],[-98.64403,19.42523],[-98.64444,19.42543],[-98.64474,19.42592],[-98.64474,19.4263],[-98.64404,19.42659],[-98.64352,19.42651],[-98.6423,19.42611],[-98.64067,19.42608],[-98.6398,19.42638],[-98.63951,19.42692],[-98.63947,19.42837],[-98.63895,19.42895],[-98.63872,19.42958],[-98.63825,19.42962],[-98.63789,19.42805],[-98.63789,19.42759],[-98.63759,19.42685],[-98.63735,19.42569],[-98.63648,19.42582],[-98.63597,19.42736],[-98.63476,19.4287],[-98.63442,19.42944],[-98.63419,19.43052],[-98.63548,19.43167],[-98.66018,19.45678],[-98.65918,19.45726],[-98.65617,19.45688],[-98.65512,19.4572],[-98.65551,19.45795],[-98.65566,19.45928],[-98.65483,19.46072],[-98.65434,19.46241],[-98.65316,19.46343],[-98.65234,19.46387],[-98.65111,19.46419],[-98.64995,19.46425],[-98.64855,19.46452],[-98.64715,19.46504],[-98.64599,19.46531],[-98.645,19.46538],[-98.64425,19.4652],[-98.64379,19.46482],[-98.64275,19.46456],[-98.64193,19.46483],[-98.64076,19.46548],[-98.6394,19.46654],[-98.63875,19.46736],[-98.63844,19.46843],[-98.63884,19.46901],[-98.63893,19.47063],[-98.63927,19.4713],[-98.63868,19.47179],[-98.63601,19.47211],[-98.63589,19.47132],[-98.636,19.47028],[-98.63634,19.46871],[-98.63587,19.46792],[-98.63516,19.46721],[-98.63157,19.46456],[-98.6288,19.46237],[-98.62654,19.46623],[-98.62478,19.46665],[-98.62419,19.46623],[-98.62378,19.46548],[-98.62307,19.46528],[-98.62161,19.46524],[-98.62096,19.46491],[-98.62066,19.46428],[-98.61972,19.46304],[-98.61866,19.463],[-98.61702,19.46321],[-98.61526,19.46325],[-98.61403,19.46346],[-98.6121,19.46355],[-98.61098,19.4633],[-98.60828,19.46301],[-98.60711,19.46251],[-98.60505,19.46156],[-98.60346,19.46032],[-98.60293,19.45936],[-98.60228,19.45845],[-98.6008,19.45679],[-98.59933,19.45551],[-98.59839,19.45489],[-98.59651,19.45406],[-98.59568,19.45389],[-98.59486,19.45393],[-98.59446,19.45439],[-98.59393,19.45547],[-98.59241,19.4563],[-98.59195,19.45672],[-98.59072,19.45714],[-98.59019,19.45743],[-98.58831,19.45618],[-98.58602,19.45498],[-98.58502,19.45432],[-98.57989,19.45042],[-98.57783,19.44851],[-98.57706,19.44752],[-98.57594,19.44636],[-98.57388,19.44462],[-98.57229,19.44308],[-98.57219,19.44528],[-98.57154,19.44541],[-98.57084,19.4457],[-98.5702,19.44636],[-98.56985,19.44698],[-98.56932,19.4474],[-98.56868,19.44777],[-98.56722,19.44819],[-98.5657,19.44935],[-98.56372,19.45127],[-98.56284,19.45181],[-98.56085,19.4526],[-98.55986,19.45285],[-98.55904,19.45285],[-98.55675,19.45247],[-98.55528,19.45177],[-98.55463,19.4516],[-98.55369,19.4509],[-98.55275,19.45044],[-98.55199,19.45119],[-98.55129,19.45215],[-98.55054,19.45294],[-98.54937,19.45468],[-98.54835,19.45782],[-98.54867,19.45526],[-98.54832,19.45452],[-98.54767,19.45418],[-98.54685,19.45418],[-98.54579,19.45402],[-98.54509,19.45377],[-98.54456,19.45385],[-98.54409,19.45352],[-98.54368,19.45427],[-98.54321,19.45427],[-98.54192,19.45344],[-98.54034,19.45332],[-98.539,19.4525],[-98.53859,19.45209],[-98.53818,19.45147],[-98.53753,19.4499],[-98.53636,19.4485],[-98.53565,19.44784],[-98.53331,19.446],[-98.53069,19.44448],[-98.52952,19.4435],[-98.52851,19.4416],[-98.52845,19.44106],[-98.5281,19.44036],[-98.52586,19.43689],[-98.52411,19.43521],[-98.52195,19.43373],[-98.52183,19.43348],[-98.52199,19.43187],[-98.52216,19.43137],[-98.5221,19.43058],[-98.52163,19.42992],[-98.52081,19.42922],[-98.51999,19.42886],[-98.51923,19.42836],[-98.51742,19.42763],[-98.51428,19.42666],[-98.51253,19.4263],[-98.51143,19.42622],[-98.51085,19.42643],[-98.50986,19.42723],[-98.50941,19.42722],[-98.50864,19.42691],[-98.50823,19.42645],[-98.50712,19.42563],[-98.50666,19.42584],[-98.50613,19.42552],[-98.5059,19.42523],[-98.50537,19.4244],[-98.50377,19.42077],[-98.50383,19.42039],[-98.50353,19.41969],[-98.50411,19.4194],[-98.50568,19.4191],[-98.50771,19.41929],[-98.51409,19.41651],[-98.51292,19.41532],[-98.51245,19.41507],[-98.51079,19.4111],[-98.51003,19.41011],[-98.50168,19.39704],[-98.50139,19.39634],[-98.50098,19.39593],[-98.50039,19.39469],[-98.49992,19.39411],[-98.49883,19.39414],[-98.49749,19.39374],[-98.49621,19.39362],[-98.49446,19.39322],[-98.49119,19.39184],[-98.48875,19.39144],[-98.48792,19.39012],[-98.48717,19.39033],[-98.48712,19.39145],[-98.48671,19.39166],[-98.48577,19.39059],[-98.48525,19.39022],[-98.48432,19.39027],[-98.48025,19.38836],[-98.47979,19.38226],[-98.47922,19.38028],[-98.47887,19.3795],[-98.47772,19.37842],[-98.47802,19.37598],[-98.47406,19.36639],[-98.47384,19.36704],[-98.47285,19.3679],[-98.47216,19.36815],[-98.47182,19.3684],[-98.47151,19.36889],[-98.4696,19.36833],[-98.46879,19.36847],[-98.46745,19.36854],[-98.46459,19.3679],[-98.46468,19.36672],[-98.46195,19.36623],[-98.4616,19.36415],[-98.46112,19.36255],[-98.46062,19.36122],[-98.46018,19.36053],[-98.45984,19.36037],[-98.4597,19.36016],[-98.45949,19.35844],[-98.45909,19.35735],[-98.45903,19.35681],[-98.45826,19.35508],[-98.45762,19.35434],[-98.45756,19.35376],[-98.4572,19.35268],[-98.45626,19.3507],[-98.45608,19.35062],[-98.4555,19.34971],[-98.4545,19.34789],[-98.45385,19.34711],[-98.45373,19.34666],[-98.45379,19.34649],[-98.45425,19.34609],[-98.45442,19.34566],[-98.4543,19.34537],[-98.45459,19.34512],[-98.45465,19.34474],[-98.45557,19.34379],[-98.4558,19.34283],[-98.45626,19.34245],[-98.45655,19.34233],[-98.45684,19.34191],[-98.45684,19.34158],[-98.4566,19.34138],[-98.45677,19.34084],[-98.45712,19.34025],[-98.45717,19.33942],[-98.45734,19.33934],[-98.45769,19.33867],[-98.45856,19.33834],[-98.45873,19.33821],[-98.45884,19.33788],[-98.4589,19.33746],[-98.45884,19.33701],[-98.45866,19.33664],[-98.45866,19.33639],[-98.45842,19.33614],[-98.45825,19.3356],[-98.4583,19.3349],[-98.45847,19.33395],[-98.4587,19.33345],[-98.45892,19.3322],[-98.45944,19.33116],[-98.45952,19.33028],[-98.459,19.33017],[-98.45847,19.32926],[-98.45812,19.32843],[-98.45794,19.32781],[-98.45805,19.32602],[-98.45799,19.32565],[-98.45781,19.32486],[-98.4574,19.32424],[-98.45664,19.32383],[-98.45449,19.32306],[-98.45327,19.32274],[-98.45169,19.32271],[-98.45042,19.32317],[-98.44932,19.32414],[-98.4474,19.32486],[-98.44665,19.32528],[-98.44595,19.32582],[-98.44427,19.32671],[-98.44142,19.3264],[-98.43862,19.32625],[-98.43746,19.32642],[-98.43188,19.32642],[-98.4296,19.32565],[-98.42873,19.3252],[-98.42797,19.32454],[-98.42616,19.32385],[-98.42529,19.32369],[-98.42254,19.3211],[-98.42132,19.32007],[-98.42108,19.31953],[-98.42206,19.31995],[-98.42222,19.31949],[-98.42319,19.30021],[-98.42369,19.29945],[-98.42368,19.29908],[-98.42396,19.29874],[-98.42422,19.29786],[-98.42419,19.29678],[-98.42407,19.29662],[-98.42411,19.29624],[-98.42229,19.29571],[-98.41439,19.28676],[-98.41394,19.28723],[-98.41308,19.28775],[-98.41251,19.28794],[-98.4096,19.2881],[-98.40563,19.28801],[-98.40478,19.28829],[-98.40344,19.28848],[-98.40292,19.28819],[-98.40267,19.28781],[-98.40233,19.28767],[-98.39746,19.28729],[-98.40066,19.28338],[-98.40153,19.28216],[-98.40059,19.28162],[-98.40019,19.28097],[-98.3993,19.28013],[-98.39893,19.27931],[-98.39901,19.27867],[-98.39911,19.27854],[-98.39907,19.27839],[-98.39664,19.27616],[-98.39638,19.27569],[-98.39451,19.27411],[-98.3934,19.27344],[-98.39058,19.27221],[-98.38951,19.27106],[-98.38875,19.27007],[-98.38781,19.2694],[-98.38714,19.26905],[-98.38807,19.26855],[-98.39599,19.26509],[-98.38509,19.25186],[-98.36891,19.23487],[-98.37182,19.22736],[-98.35231,19.21082],[-98.34484,19.20464],[-98.33366,19.19606],[-98.33396,19.19565],[-98.3343,19.19488],[-98.33477,19.19334],[-98.33532,19.19251],[-98.33649,19.19216],[-98.33767,19.19152],[-98.33909,19.18895],[-98.34276,19.17788],[-98.33865,19.1767],[-98.32629,19.17055],[-98.32447,19.16837],[-98.31619,19.18201],[-98.31022,19.17679],[-98.30661,19.17506],[-98.27786,19.17289],[-98.28086,19.1659],[-98.28095,19.16528],[-98.28165,19.16376],[-98.28169,19.16318],[-98.28206,19.1621],[-98.28286,19.16025],[-98.28357,19.15899],[-98.28397,19.15861],[-98.2874,19.15387],[-98.2878,19.15257],[-98.29152,19.15508],[-98.29329,19.15649],[-98.29456,19.15782],[-98.29734,19.16224],[-98.29839,19.16044],[-98.30465,19.16409],[-98.30599,19.16155],[-98.30741,19.15956],[-98.30666,19.15671],[-98.3069,19.15688],[-98.30971,19.15362],[-98.31654,19.16144],[-98.31676,19.16125],[-98.31691,19.16125],[-98.31824,19.16169],[-98.31826,19.14827],[-98.31942,19.14496],[-98.32143,19.13994],[-98.32372,19.13462],[-98.34175,19.13441],[-98.34216,19.13461],[-98.34223,19.13477],[-98.34263,19.1348],[-98.34275,19.13476],[-98.34396,19.13269],[-98.34644,19.13391],[-98.34733,19.13422],[-98.34914,19.13471],[-98.35037,19.13484],[-98.35248,19.13544],[-98.35289,19.13564],[-98.35524,19.13636],[-98.36371,19.13949],[-98.37114,19.14262],[-98.37487,19.14435],[-98.37679,19.1361],[-98.37562,19.13489],[-98.37673,19.13351],[-98.37748,19.13307],[-98.37824,19.13239],[-98.38185,19.1297],[-98.38608,19.12774],[-98.38283,19.1183],[-98.38246,19.11777],[-98.38135,19.11728],[-98.38129,19.11714],[-98.38177,19.11596],[-98.38221,19.11529],[-98.40458,19.12794],[-98.41039,19.12027],[-98.39906,19.11303],[-98.39955,19.11215],[-98.39971,19.1114],[-98.40009,19.11076],[-98.40056,19.11083],[-98.40185,19.11126],[-98.4045,19.11243],[-98.40568,19.11281],[-98.40697,19.11306],[-98.40744,19.11338],[-98.40879,19.1138],[-98.40991,19.11427],[-98.4105,19.11462],[-98.41184,19.11475],[-98.41238,19.11519],[-98.41252,19.11581],[-98.41247,19.11619]]]}},{"type":"Feature","properties":{"id":6,"distrito_f":6,"nombre":"Distrito Federal 6","entidad":21},"geometry":{"type":"Polygon","coordinates":[[[-98.08192,19.06473],[-98.08235,19.06453],[-98.08261,19.06401],[-98.08276,19.06353],[-98.08283,19.06213],[-98.08354,19.06101],[-98.08367,19.06043],[-98.0841,19.05965],[-98.08437,19.05817],[-98.08453,19.0579],[-98.0854,19.05737],[-98.08563,19.05712],[-98.08573,19.05628],[-98.08586,19.05602],[-98.08644,19.05552],[-98.08661,19.05517],[-98.09213,19.05532],[-98.09801,19.05522],[-98.09925,19.05506],[-98.10159,19.0545],[-98.10165,19.0542],[-98.10154,19.05385],[-98.10198,19.0536],[-98.10218,19.05361],[-98.10227,19.05344],[-98.10209,19.0532],[-98.10217,19.05297],[-98.10305,19.0518],[-98.10334,19.05156],[-98.10417,19.05148],[-98.10454,19.05086],[-98.1048,19.05075],[-98.10508,19.05046],[-98.10539,19.05051],[-98.10532,19.04973],[-98.10558,19.04934],[-98.10606,19.04751],[-98.10649,19.04694],[-98.10681,19.04615],[-98.10975,19.04627],[-98.11048,19.0437],[-98.11061,19.04349],[-98.1133,19.04401],[-98.11365,19.04363],[-98.11476,19.04389],[-98.11552,19.04305],[-98.11865,19.04329],[-98.11822,19.04452],[-98.11712,19.04468],[-98.11693,19.04482],[-98.1158,19.04494],[-98.11559,19.04508],[-98.11528,19.04578],[-98.12812,19.04426],[-98.12863,19.04415],[-98.12852,19.04368],[-98.12866,19.04362],[-98.12873,19.04322],[-98.13049,19.04314],[-98.13043,19.04275],[-98.13075,19.04145],[-98.13083,19.0372],[-98.13099,19.03612],[-98.13087,19.03585],[-98.13093,19.03571],[-98.13191,19.03489],[-98.13255,19.03485],[-98.13462,19.03381],[-98.13589,19.03391],[-98.13675,19.03439],[-98.13742,19.0342],[-98.13946,19.03397],[-98.14037,19.03403],[-98.14063,19.03411],[-98.14088,19.03438],[-98.14167,19.03462],[-98.14243,19.03471],[-98.14376,19.03515],[-98.14435,19.03498],[-98.14493,19.03513],[-98.1453,19.03511],[-98.14614,19.03595],[-98.14724,19.03646],[-98.14828,19.03748],[-98.14866,19.03756],[-98.1484,19.03817],[-98.14845,19.03902],[-98.14837,19.03957],[-98.14965,19.03958],[-98.1529,19.04083],[-98.15271,19.04246],[-98.15431,19.04271],[-98.15441,19.04261],[-98.15681,19.04302],[-98.15916,19.04404],[-98.16431,19.04392],[-98.1696,19.04355],[-98.16961,19.04393],[-98.17097,19.04379],[-98.17123,19.04431],[-98.17134,19.04543],[-98.17156,19.04595],[-98.17236,19.04687],[-98.17208,19.04711],[-98.17213,19.0472],[-98.1766,19.04596],[-98.17997,19.04576],[-98.18477,19.04443],[-98.18501,19.04391],[-98.1859,19.04441],[-98.18788,19.04503],[-98.18957,19.04524],[-98.18973,19.04552],[-98.18959,19.04676],[-98.19403,19.04902],[-98.19189,19.0527],[-98.19064,19.05427],[-98.1897,19.05623],[-98.18864,19.05808],[-98.19044,19.05856],[-98.18768,19.06328],[-98.18746,19.06343],[-98.18701,19.06504],[-98.18669,19.06549],[-98.18642,19.0662],[-98.18529,19.06828],[-98.1843,19.06896],[-98.18338,19.07007],[-98.18235,19.07069],[-98.18168,19.0714],[-98.1809,19.07167],[-98.17975,19.07253],[-98.18121,19.0735],[-98.18112,19.07368],[-98.18293,19.07487],[-98.18239,19.07493],[-98.18174,19.07527],[-98.18137,19.07561],[-98.18179,19.07584],[-98.18167,19.07605],[-98.18155,19.08044],[-98.17781,19.08775],[-98.17604,19.09088],[-98.17806,19.09196],[-98.17778,19.09197],[-98.17699,19.093],[-98.17697,19.09331],[-98.17668,19.09403],[-98.17481,19.09306],[-98.17427,19.09402],[-98.17633,19.0951],[-98.17548,19.09568],[-98.17541,19.09582],[-98.17557,19.09589],[-98.17485,19.09721],[-98.17437,19.09696],[-98.174,19.09756],[-98.17396,19.09788],[-98.17358,19.09842],[-98.17301,19.09883],[-98.17199,19.09885],[-98.17123,19.09913],[-98.17066,19.09974],[-98.16938,19.10073],[-98.16883,19.10144],[-98.16822,19.10201],[-98.16808,19.10248],[-98.16746,19.1035],[-98.16699,19.10406],[-98.16671,19.10432],[-98.16628,19.10441],[-98.16615,19.10453],[-98.16605,19.10469],[-98.16615,19.10506],[-98.16517,19.10548],[-98.16481,19.10549],[-98.1646,19.10562],[-98.16411,19.10611],[-98.16388,19.10653],[-98.16176,19.10715],[-98.16109,19.1078],[-98.16071,19.10835],[-98.16033,19.11011],[-98.1602,19.11032],[-98.15935,19.11098],[-98.15529,19.10881],[-98.15406,19.10803],[-98.14979,19.11148],[-98.14231,19.11548],[-98.14114,19.11658],[-98.13908,19.11796],[-98.13816,19.11846],[-98.13533,19.11919],[-98.13287,19.12132],[-98.13023,19.12328],[-98.12668,19.12653],[-98.12428,19.12903],[-98.12302,19.12986],[-98.12186,19.1302],[-98.12077,19.13096],[-98.11928,19.13229],[-98.11768,19.13416],[-98.11632,19.13595],[-98.11397,19.13807],[-98.11152,19.14172],[-98.11135,19.14246],[-98.11,19.14307],[-98.10979,19.14373],[-98.10951,19.14411],[-98.10928,19.14424],[-98.10799,19.1456],[-98.1079,19.14663],[-98.10758,19.14747],[-98.10573,19.14966],[-98.10494,19.15034],[-98.10377,19.15199],[-98.10354,19.15216],[-98.10332,19.1527],[-98.10357,19.15335],[-98.10362,19.15439],[-98.1031,19.15553],[-98.10313,19.15589],[-98.10229,19.1568],[-98.10225,19.15695],[-98.1024,19.15732],[-98.10229,19.158],[-98.10198,19.15845],[-98.10173,19.15846],[-98.10126,19.15922],[-98.10109,19.15928],[-98.10092,19.1592],[-98.10069,19.15947],[-98.10007,19.15974],[-98.09971,19.16025],[-98.09884,19.16052],[-98.09666,19.16216],[-98.09579,19.1631],[-98.09482,19.16492],[-98.09471,19.16556],[-98.09352,19.16642],[-98.09302,19.16726],[-98.09244,19.16748],[-98.0917,19.16795],[-98.09115,19.16875],[-98.09075,19.16913],[-98.08725,19.17055],[-98.08595,19.17158],[-98.08435,19.1724],[-98.08237,19.17415],[-98.0802,19.17541],[-98.07798,19.17725],[-98.07648,19.17808],[-98.07452,19.18018],[-98.0728,19.18174],[-98.07026,19.18302],[-98.06669,19.185],[-98.06583,19.18603],[-98.06474,19.18796],[-98.06365,19.18895],[-98.06124,19.19175],[-98.05797,19.19603],[-98.05297,19.20015],[-98.04808,19.20382],[-98.04641,19.20559],[-98.04504,19.20752],[-98.04394,19.20827],[-98.04337,19.20892],[-98.04385,19.20994],[-98.04228,19.21028],[-98.04124,19.21065],[-98.04089,19.21102],[-98.04067,19.21139],[-98.0405,19.21209],[-98.04015,19.21263],[-98.03682,19.21572],[-98.03533,19.21761],[-98.0347,19.21893],[-98.03465,19.21954],[-98.03489,19.22135],[-98.03555,19.22488],[-98.03585,19.22545],[-98.03557,19.22673],[-98.03471,19.22891],[-98.03408,19.22985],[-98.03357,19.23035],[-98.0318,19.23059],[-98.03179,19.22991],[-98.03167,19.22953],[-98.03108,19.22842],[-98.03049,19.22698],[-98.03012,19.22487],[-98.02998,19.22226],[-98.02962,19.22044],[-98.02897,19.21946],[-98.02798,19.21848],[-98.02568,19.21498],[-98.02433,19.21359],[-98.02316,19.21203],[-98.02199,19.21117],[-98.02117,19.2104],[-98.02105,19.20969],[-98.02122,19.2094],[-98.0211,19.20916],[-98.02081,19.20912],[-98.02052,19.20925],[-98.0204,19.20896],[-98.02409,19.20502],[-98.02461,19.20476],[-98.02513,19.20463],[-98.02601,19.2047],[-98.02658,19.20399],[-98.02652,19.20354],[-98.02662,19.20167],[-98.02673,19.20109],[-98.02707,19.2003],[-98.02788,19.19909],[-98.02978,19.19728],[-98.03041,19.1964],[-98.03098,19.19503],[-98.03126,19.19353],[-98.03125,19.19299],[-98.03101,19.19204],[-98.03136,19.19183],[-98.03153,19.19187],[-98.03224,19.19228],[-98.03294,19.19301],[-98.03393,19.19371],[-98.03451,19.1937],[-98.03474,19.19324],[-98.03485,19.19208],[-98.03513,19.19067],[-98.03516,19.18814],[-98.03426,19.1838],[-98.03486,19.17936],[-98.03495,19.17662],[-98.03471,19.17513],[-98.03406,19.17407],[-98.03411,19.17357],[-98.03491,19.17161],[-98.03502,19.17049],[-98.0346,19.16884],[-98.0343,19.16822],[-98.03423,19.16702],[-98.0344,19.16598],[-98.0348,19.16486],[-98.03651,19.16148],[-98.03656,19.16024],[-98.03607,19.15705],[-98.03617,19.15581],[-98.03674,19.15389],[-98.03731,19.15302],[-98.03771,19.15202],[-98.03794,19.1511],[-98.03781,19.14978],[-98.03779,19.14754],[-98.03767,19.14688],[-98.03708,19.14585],[-98.0359,19.14425],[-98.03555,19.14405],[-98.03515,19.14418],[-98.03503,19.14434],[-98.03291,19.14769],[-98.03184,19.1513],[-98.03137,19.15085],[-98.0316,19.15035],[-98.03154,19.14965],[-98.03164,19.14841],[-98.03266,19.14549],[-98.03305,19.1435],[-98.03326,19.14101],[-98.03361,19.14018],[-98.03395,19.13972],[-98.03464,19.13834],[-98.0355,19.13696],[-98.03664,19.13471],[-98.03779,19.13345],[-98.03916,19.13112],[-98.03962,19.1297],[-98.04002,19.12899],[-98.04054,19.12857],[-98.04121,19.12685],[-98.04231,19.12528],[-98.04293,19.12361],[-98.04344,19.12149],[-98.04406,19.11962],[-98.04485,19.11671],[-98.04531,19.11571],[-98.0457,19.11454],[-98.04616,19.11371],[-98.0469,19.11183],[-98.04776,19.1105],[-98.0485,19.10883],[-98.04884,19.10821],[-98.04908,19.108],[-98.04959,19.10695],[-98.05017,19.10645],[-98.05144,19.10573],[-98.05247,19.10476],[-98.05483,19.10225],[-98.05697,19.10052],[-98.05755,19.10035],[-98.05836,19.1005],[-98.05929,19.10053],[-98.0601,19.10044],[-98.06206,19.09884],[-98.06229,19.09851],[-98.06397,19.09737],[-98.06471,19.09653],[-98.065,19.0959],[-98.0651,19.09529],[-98.06534,19.0947],[-98.06622,19.09335],[-98.06678,19.09222],[-98.06666,19.09178],[-98.066,19.09104],[-98.06681,19.09058],[-98.06704,19.09012],[-98.06721,19.08974],[-98.06755,19.08816],[-98.06913,19.08342],[-98.06964,19.08234],[-98.0712,19.08041],[-98.07137,19.07999],[-98.0693,19.07816],[-98.0693,19.07735],[-98.06942,19.07703],[-98.06959,19.07676],[-98.0702,19.07656],[-98.07052,19.07656],[-98.07202,19.07602],[-98.07217,19.07547],[-98.07243,19.07541],[-98.07269,19.07512],[-98.07306,19.07496],[-98.07315,19.07454],[-98.07302,19.07415],[-98.07342,19.07369],[-98.07363,19.07354],[-98.07415,19.07354],[-98.07476,19.07304],[-98.07532,19.07282],[-98.07603,19.0717],[-98.07612,19.07115],[-98.0763,19.07097],[-98.07717,19.07062],[-98.07744,19.07037],[-98.07768,19.06976],[-98.07839,19.06924],[-98.0785,19.06881],[-98.07957,19.06842],[-98.08012,19.06809],[-98.08012,19.06795],[-98.07958,19.06756],[-98.07952,19.06727],[-98.0796,19.06713],[-98.08021,19.06691],[-98.08027,19.06643],[-98.08069,19.06567],[-98.08093,19.0655],[-98.08111,19.06549],[-98.08132,19.06566],[-98.08148,19.06564],[-98.08192,19.06473]]]}},{"type":"Feature","properties":{"id":7,"distrito_f":7,"nombre":"Distrito Federal 7","entidad":21},"geometry":{"type":"Polygon","coordinates":[[[-98.13049,19.04314],[-98.12873,19.04322],[-98.12866,19.04362],[-98.12852,19.04368],[-98.12863,19.04415],[-98.12812,19.04426],[-98.11528,19.04578],[-98.11559,19.04508],[-98.1158,19.04494],[-98.11693,19.04482],[-98.11712,19.04468],[-98.11822,19.04452],[-98.11865,19.04329],[-98.11552,19.04305],[-98.11476,19.04389],[-98.11365,19.04363],[-98.1133,19.04401],[-98.11061,19.04349],[-98.11048,19.0437],[-98.10975,19.04627],[-98.10681,19.04615],[-98.10649,19.04694],[-98.10606,19.04751],[-98.10558,19.04934],[-98.10532,19.04973],[-98.10539,19.05051],[-98.10508,19.05046],[-98.1048,19.05075],[-98.10454,19.05086],[-98.10417,19.05148],[-98.10334,19.05156],[-98.10305,19.0518],[-98.10217,19.05297],[-98.10209,19.0532],[-98.10227,19.05344],[-98.10218,19.05361],[-98.10198,19.0536],[-98.10154,19.05385],[-98.10165,19.0542],[-98.10159,19.0545],[-98.09925,19.05506],[-98.09801,19.05522],[-98.09213,19.05532],[-98.08661,19.05517],[-98.08644,19.05552],[-98.08586,19.05602],[-98.08573,19.05628],[-98.08563,19.05712],[-98.0854,19.05737],[-98.08453,19.0579],[-98.08437,19.05817],[-98.0841,19.05965],[-98.08367,19.06043],[-98.08354,19.06101],[-98.08283,19.06213],[-98.08276,19.06353],[-98.08244,19.06442],[-98.08192,19.06473],[-98.08148,19.06564],[-98.08132,19.06566],[-98.08111,19.06549],[-98.08093,19.0655],[-98.08069,19.06567],[-98.08027,19.06643],[-98.08021,19.06691],[-98.0796,19.06713],[-98.07952,19.06727],[-98.07958,19.06756],[-98.08012,19.06795],[-98.08012,19.06809],[-98.07957,19.06842],[-98.0785,19.06881],[-98.07839,19.06924],[-98.07768,19.06976],[-98.07744,19.07037],[-98.07717,19.07062],[-98.0763,19.07097],[-98.07612,19.07115],[-98.07603,19.0717],[-98.07532,19.07282],[-98.07476,19.07304],[-98.07415,19.07354],[-98.07363,19.07354],[-98.07342,19.07369],[-98.07302,19.07415],[-98.07315,19.07454],[-98.07306,19.07496],[-98.07269,19.07512],[-98.07243,19.07541],[-98.07217,19.07547],[-98.07202,19.07602],[-98.07052,19.07656],[-98.0702,19.07656],[-98.06959,19.07676],[-98.06942,19.07703],[-98.0693,19.07735],[-98.0693,19.07816],[-98.07137,19.07999],[-98.0712,19.08041],[-98.06964,19.08234],[-98.06913,19.08342],[-98.06755,19.08816],[-98.06721,19.08974],[-98.06704,19.09012],[-98.06681,19.09058],[-98.066,19.09104],[-98.06666,19.09178],[-98.06678,19.09222],[-98.06622,19.09335],[-98.06534,19.0947],[-98.0651,19.09529],[-98.065,19.0959],[-98.06471,19.09653],[-98.06397,19.09737],[-98.06229,19.09851],[-98.06206,19.09884],[-98.0601,19.10044],[-98.05929,19.10053],[-98.05836,19.1005],[-98.05755,19.10035],[-98.05697,19.10052],[-98.05576,19.10145],[-98.05483,19.10225],[-98.05247,19.10476],[-98.05144,19.10573],[-98.05017,19.10645],[-98.04959,19.10695],[-98.04908,19.108],[-98.04884,19.10821],[-98.0485,19.10883],[-98.04776,19.1105],[-98.0469,19.11183],[-98.04485,19.11671],[-98.04406,19.11962],[-98.04344,19.12149],[-98.04293,19.12361],[-98.04231,19.12528],[-98.04121,19.12685],[-98.04054,19.12857],[-98.04002,19.12899],[-98.03962,19.1297],[-98.03916,19.13112],[-98.03779,19.13345],[-98.03664,19.13471],[-98.0355,19.13696],[-98.03464,19.13834],[-98.03395,19.13972],[-98.03361,19.14018],[-98.03326,19.14101],[-98.03305,19.1435],[-98.03266,19.14549],[-98.03164,19.14841],[-98.03154,19.14965],[-98.0316,19.15035],[-98.03137,19.15085],[-98.03184,19.1513],[-98.03291,19.14769],[-98.03503,19.14434],[-98.03515,19.14418],[-98.03555,19.14405],[-98.0359,19.14425],[-98.03708,19.14585],[-98.03767,19.14688],[-98.03779,19.14754],[-98.03781,19.14978],[-98.03794,19.1511],[-98.03771,19.15202],[-98.03731,19.15302],[-98.03674,19.15389],[-98.0364,19.15485],[-98.03617,19.15581],[-98.03607,19.15705],[-98.03656,19.16024],[-98.03651,19.16148],[-98.0348,19.16486],[-98.0344,19.16598],[-98.03423,19.16702],[-98.0343,19.16822],[-98.0346,19.16884],[-98.03502,19.17049],[-98.03491,19.17161],[-98.03411,19.17357],[-98.03406,19.17407],[-98.03471,19.17513],[-98.03495,19.17662],[-98.03486,19.17936],[-98.03426,19.1838],[-98.03516,19.18814],[-98.03513,19.19067],[-98.03485,19.19208],[-98.03474,19.19324],[-98.03451,19.1937],[-98.03393,19.19371],[-98.03294,19.19301],[-98.03224,19.19228],[-98.03153,19.19187],[-98.03136,19.19183],[-98.03101,19.19204],[-98.03125,19.19299],[-98.03126,19.19353],[-98.03098,19.19503],[-98.03041,19.1964],[-98.02978,19.19728],[-98.02788,19.19909],[-98.02707,19.2003],[-98.02673,19.20109],[-98.02662,19.20167],[-98.02652,19.20354],[-98.02658,19.20399],[-98.02601,19.2047],[-98.02513,19.20463],[-98.02461,19.20476],[-98.02409,19.20502],[-98.0204,19.20896],[-98.02052,19.20925],[-98.02081,19.20912],[-98.0211,19.20916],[-98.02122,19.2094],[-98.02105,19.20969],[-98.02117,19.2104],[-98.02199,19.21117],[-98.02316,19.21203],[-98.02433,19.21359],[-98.02568,19.21498],[-98.02798,19.21848],[-98.02897,19.21946],[-98.02962,19.22044],[-98.02998,19.22226],[-98.03012,19.22487],[-98.03049,19.22698],[-98.03108,19.22842],[-98.03167,19.22953],[-98.03179,19.22991],[-98.0318,19.23059],[-98.03102,19.23072],[-98.03067,19.23039],[-98.02893,19.22999],[-98.02783,19.22958],[-98.02359,19.22733],[-98.02202,19.22668],[-98.02144,19.22664],[-98.01971,19.22685],[-98.01832,19.22714],[-98.01734,19.2271],[-98.01675,19.22648],[-98.01612,19.22632],[-98.01507,19.2253],[-98.01455,19.2253],[-98.01339,19.22493],[-98.01257,19.22448],[-98.01176,19.22444],[-98.01078,19.2242],[-98.0088,19.22326],[-98.00561,19.22249],[-98.00411,19.22241],[-98.00312,19.22224],[-98.00121,19.22217],[-98.00058,19.22221],[-97.99983,19.22246],[-97.99902,19.2225],[-97.99786,19.22287],[-97.99665,19.22292],[-97.99589,19.22271],[-97.99514,19.22235],[-97.99287,19.22173],[-97.98985,19.22014],[-97.98962,19.21973],[-97.98869,19.21895],[-97.9877,19.21772],[-97.98729,19.21772],[-97.98717,19.21694],[-97.98688,19.21612],[-97.98652,19.21559],[-97.98606,19.2153],[-97.98513,19.21506],[-97.98397,19.21506],[-97.98305,19.2151],[-97.98183,19.21535],[-97.98103,19.21564],[-97.98043,19.21541],[-97.98059,19.21438],[-97.98046,19.21243],[-97.98051,19.21098],[-97.98044,19.20999],[-97.9802,19.20883],[-97.98036,19.20738],[-97.9801,19.20411],[-97.97966,19.20227],[-97.97917,19.20137],[-97.97874,19.1999],[-97.9782,19.19967],[-97.9749,19.19951],[-97.97403,19.19927],[-97.97229,19.19911],[-97.96859,19.19895],[-97.96737,19.19867],[-97.96656,19.19859],[-97.96453,19.19806],[-97.96366,19.19765],[-97.9629,19.19703],[-97.96227,19.19683],[-97.96036,19.19687],[-97.95792,19.19676],[-97.95612,19.1954],[-97.95502,19.19508],[-97.95415,19.19504],[-97.9504,19.19632],[-97.94953,19.19649],[-97.94797,19.19649],[-97.94727,19.19628],[-97.94512,19.19395],[-97.94453,19.19284],[-97.94313,19.19116],[-97.94168,19.18972],[-97.94109,19.18927],[-97.94016,19.18817],[-97.93941,19.18759],[-97.93911,19.18718],[-97.93882,19.18694],[-97.93761,19.18642],[-97.93711,19.1863],[-97.93663,19.1864],[-97.9364,19.18632],[-97.93353,19.18395],[-97.93335,19.18325],[-97.93328,19.18188],[-97.93299,19.18085],[-97.93264,19.18056],[-97.93135,19.17983],[-97.93112,19.17959],[-97.93012,19.17778],[-97.92933,19.17389],[-97.92886,19.1724],[-97.9282,19.16976],[-97.92807,19.16786],[-97.92782,19.16637],[-97.92888,19.16564],[-97.92875,19.16436],[-97.92885,19.16282],[-97.92935,19.16088],[-97.93028,19.16078],[-97.93086,19.1609],[-97.93149,19.16036],[-97.93171,19.15874],[-97.93211,19.15795],[-97.93257,19.15745],[-97.93358,19.15443],[-97.93219,19.15006],[-97.93207,19.14907],[-97.93183,19.1482],[-97.93053,19.14681],[-97.92988,19.14591],[-97.92922,19.14451],[-97.92885,19.14178],[-97.92901,19.1412],[-97.9287,19.13901],[-97.92799,19.13786],[-97.92733,19.13651],[-97.92761,19.13493],[-97.9277,19.13303],[-97.92737,19.13313],[-97.92697,19.13295],[-97.9265,19.13293],[-97.92458,19.12765],[-97.92415,19.12672],[-97.9222,19.12568],[-97.92147,19.12513],[-97.9196,19.12346],[-97.91913,19.12235],[-97.919,19.12],[-97.91976,19.12043],[-97.92,19.12033],[-97.92079,19.12069],[-97.92121,19.11755],[-97.92079,19.11646],[-97.91962,19.11756],[-97.91638,19.1195],[-97.91453,19.12018],[-97.91313,19.12011],[-97.91075,19.12067],[-97.90925,19.12123],[-97.90704,19.12154],[-97.90583,19.12234],[-97.90461,19.12264],[-97.90148,19.12412],[-97.89992,19.12475],[-97.89911,19.1248],[-97.89846,19.12381],[-97.89687,19.12292],[-97.89612,19.1226],[-97.89593,19.12186],[-97.89598,19.12115],[-97.89481,19.12025],[-97.89008,19.11894],[-97.88962,19.11902],[-97.88899,19.11969],[-97.88875,19.11974],[-97.88823,19.11945],[-97.88563,19.12097],[-97.88367,19.12272],[-97.88258,19.12418],[-97.88173,19.12638],[-97.88123,19.12824],[-97.88031,19.12937],[-97.87892,19.13033],[-97.87811,19.13046],[-97.87718,19.13047],[-97.87196,19.13197],[-97.87039,19.13232],[-97.86946,19.13187],[-97.86788,19.13156],[-97.86516,19.13286],[-97.86407,19.13407],[-97.86268,19.1345],[-97.86093,19.13452],[-97.85931,19.13486],[-97.85746,19.13563],[-97.85445,19.13772],[-97.8508,19.13871],[-97.8509,19.13772],[-97.85188,19.13647],[-97.85244,19.13477],[-97.85313,19.13323],[-97.8541,19.13165],[-97.85449,19.13061],[-97.8558,19.12783],[-97.85586,19.1275],[-97.85358,19.12719],[-97.85126,19.12709],[-97.84934,19.12731],[-97.84783,19.12778],[-97.84638,19.12809],[-97.84592,19.1283],[-97.8435,19.12543],[-97.8394,19.1222],[-97.83759,19.12164],[-97.83613,19.12145],[-97.83547,19.12513],[-97.83364,19.12796],[-97.833,19.12755],[-97.83216,19.12566],[-97.83145,19.12451],[-97.83032,19.12163],[-97.82914,19.12069],[-97.82838,19.11995],[-97.82767,19.11905],[-97.82662,19.11823],[-97.8262,19.11757],[-97.8252,19.11647],[-97.82374,19.1157],[-97.82292,19.11504],[-97.82227,19.11381],[-97.82212,19.11137],[-97.82162,19.1077],[-97.81961,19.10424],[-97.81954,19.10371],[-97.81901,19.10284],[-97.81766,19.10145],[-97.81595,19.0994],[-97.81472,19.0983],[-97.81431,19.09846],[-97.81298,19.09955],[-97.81183,19.10076],[-97.81138,19.10151],[-97.81051,19.1021],[-97.80977,19.10225],[-97.80943,19.10168],[-97.80942,19.10011],[-97.80956,19.09943],[-97.80991,19.09878],[-97.81017,19.09788],[-97.81021,19.09711],[-97.81006,19.09618],[-97.80991,19.09593],[-97.81063,19.09438],[-97.81083,19.09365],[-97.8107,19.09303],[-97.81102,19.09199],[-97.81154,19.09174],[-97.81218,19.09172],[-97.81265,19.09204],[-97.81353,19.09232],[-97.81405,19.09214],[-97.81445,19.09184],[-97.81463,19.09188],[-97.81509,19.09167],[-97.81549,19.09162],[-97.81625,19.09181],[-97.81678,19.09205],[-97.81728,19.09244],[-97.81702,19.09082],[-97.81684,19.09045],[-97.81568,19.09046],[-97.81498,19.09006],[-97.81434,19.09027],[-97.81341,19.09094],[-97.81272,19.09123],[-97.81231,19.09116],[-97.81167,19.09071],[-97.81155,19.0903],[-97.81165,19.08713],[-97.81153,19.08631],[-97.81036,19.0848],[-97.81013,19.08402],[-97.81064,19.08184],[-97.81064,19.08143],[-97.81023,19.08048],[-97.80976,19.08032],[-97.80831,19.08038],[-97.80726,19.08055],[-97.80714,19.07994],[-97.80755,19.07919],[-97.8087,19.07754],[-97.80899,19.07663],[-97.80939,19.07482],[-97.80943,19.07206],[-97.80937,19.07136],[-97.80919,19.07091],[-97.80867,19.07026],[-97.80878,19.06956],[-97.80988,19.06774],[-97.81017,19.06741],[-97.81028,19.06708],[-97.80958,19.06622],[-97.80917,19.06598],[-97.80865,19.06524],[-97.80864,19.06471],[-97.8087,19.0645],[-97.80916,19.06392],[-97.8105,19.06317],[-97.81061,19.06292],[-97.81055,19.06239],[-97.80956,19.06162],[-97.80869,19.0613],[-97.80822,19.06072],[-97.80827,19.06019],[-97.80856,19.05949],[-97.80949,19.05899],[-97.81036,19.05906],[-97.81123,19.0593],[-97.81211,19.05941],[-97.81257,19.05937],[-97.81221,19.05723],[-97.81215,19.05649],[-97.81226,19.05559],[-97.81261,19.05484],[-97.81376,19.05372],[-97.81417,19.05285],[-97.81433,19.05113],[-97.8141,19.05014],[-97.81438,19.04874],[-97.81501,19.04655],[-97.8154,19.04281],[-97.81557,19.04211],[-97.81586,19.04145],[-97.81637,19.03885],[-97.81625,19.03758],[-97.81601,19.03639],[-97.81559,19.03499],[-97.81547,19.03364],[-97.81558,19.03277],[-97.81581,19.03203],[-97.81587,19.03129],[-97.81581,19.03059],[-97.81551,19.0299],[-97.81487,19.02937],[-97.81446,19.02921],[-97.81365,19.0293],[-97.81179,19.02977],[-97.81063,19.03023],[-97.80947,19.03041],[-97.80918,19.02967],[-97.80912,19.02918],[-97.80877,19.02852],[-97.80871,19.02778],[-97.80887,19.02689],[-97.80912,19.02625],[-97.80528,19.01986],[-97.80448,19.01787],[-97.80194,19.00951],[-97.80188,19.00832],[-97.80216,19.00724],[-97.80263,19.00724],[-97.80315,19.00752],[-97.80368,19.00809],[-97.80455,19.00878],[-97.80653,19.00934],[-97.80875,19.01121],[-97.81061,19.01193],[-97.81177,19.01299],[-97.8123,19.01368],[-97.81306,19.01553],[-97.81313,19.01672],[-97.81296,19.01824],[-97.81308,19.01865],[-97.81366,19.01893],[-97.81488,19.01921],[-97.81628,19.02039],[-97.81784,19.02109],[-97.8196,19.02225],[-97.82013,19.02265],[-97.82059,19.02318],[-97.82182,19.02408],[-97.82328,19.02554],[-97.82351,19.02591],[-97.82398,19.02603],[-97.82462,19.02635],[-97.8259,19.02749],[-97.82666,19.02785],[-97.82625,19.0272],[-97.82537,19.02499],[-97.8243,19.02097],[-97.82383,19.02023],[-97.82441,19.01978],[-97.82491,19.01922],[-97.82515,19.01848],[-97.82568,19.01779],[-97.82614,19.01696],[-97.8266,19.01659],[-97.82707,19.01601],[-97.82764,19.01448],[-97.82657,19.01401],[-97.8264,19.01379],[-97.82681,19.01244],[-97.8238,19.01312],[-97.82328,19.013],[-97.82264,19.0126],[-97.82211,19.01199],[-97.82135,19.01158],[-97.81827,19.0103],[-97.81722,19.00998],[-97.81548,19.00925],[-97.81483,19.00885],[-97.81425,19.0082],[-97.81343,19.00607],[-97.81302,19.00537],[-97.81249,19.00476],[-97.81057,19.00326],[-97.80701,18.99934],[-97.80584,18.99866],[-97.80497,18.9976],[-97.80635,18.99474],[-97.80611,18.99395],[-97.80662,18.98971],[-97.80675,18.98738],[-97.8066,18.9858],[-97.80981,18.98433],[-97.8103,18.98393],[-97.81205,18.98498],[-97.81333,18.986],[-97.81339,18.98575],[-97.81321,18.98485],[-97.81321,18.98411],[-97.81332,18.9832],[-97.81367,18.98242],[-97.81436,18.98147],[-97.81557,18.98043],[-97.8162,18.97863],[-97.81703,18.97786],[-97.81447,18.97171],[-97.81347,18.97049],[-97.81315,18.96986],[-97.81292,18.96863],[-97.8131,18.96791],[-97.81348,18.96699],[-97.81361,18.96618],[-97.81345,18.96529],[-97.81257,18.96306],[-97.81203,18.96217],[-97.81081,18.9611],[-97.81042,18.96102],[-97.81027,18.9608],[-97.81494,18.95427],[-97.81411,18.95445],[-97.81221,18.95442],[-97.81074,18.95411],[-97.80929,18.95348],[-97.80816,18.95283],[-97.80748,18.95232],[-97.80439,18.95063],[-97.80127,18.94862],[-97.79985,18.95055],[-97.79887,18.94993],[-97.79184,18.94793],[-97.784,18.94507],[-97.78505,18.93109],[-97.78582,18.93202],[-97.78677,18.93271],[-97.78916,18.93324],[-97.78969,18.93368],[-97.78999,18.9338],[-97.79109,18.93386],[-97.79238,18.9342],[-97.79383,18.93434],[-97.79471,18.93453],[-97.80196,18.92048],[-97.78842,18.91834],[-97.79317,18.90331],[-97.79269,18.90311],[-97.78359,18.90077],[-97.7835,18.9006],[-97.77971,18.89958],[-97.77205,18.89716],[-97.77245,18.89691],[-97.77302,18.89595],[-97.77572,18.89332],[-97.77687,18.89133],[-97.77703,18.89079],[-97.77749,18.88975],[-97.77778,18.88941],[-97.77794,18.88887],[-97.77841,18.88858],[-97.77916,18.88878],[-97.78044,18.88948],[-97.78172,18.89025],[-97.78254,18.89095],[-97.78301,18.89161],[-97.78366,18.89285],[-97.78506,18.89458],[-97.78542,18.89524],[-97.78623,18.89602],[-97.78681,18.89619],[-97.78734,18.89622],[-97.78795,18.89558],[-97.8241,18.90716],[-97.82945,18.89569],[-97.82875,18.8952],[-97.82962,18.89363],[-97.83756,18.89877],[-97.83777,18.89823],[-97.83824,18.89762],[-97.84185,18.88756],[-97.84187,18.88672],[-97.84216,18.88617],[-97.8447,18.87933],[-97.84719,18.87806],[-97.84824,18.8779],[-97.84893,18.87794],[-97.85021,18.87538],[-97.85183,18.87356],[-97.85357,18.87063],[-97.85572,18.87047],[-97.85855,18.86831],[-97.85815,18.86733],[-97.85838,18.86646],[-97.86001,18.86423],[-97.86076,18.86287],[-97.86244,18.85944],[-97.86314,18.85742],[-97.86314,18.85721],[-97.86411,18.85658],[-97.86695,18.84655],[-97.86632,18.84616],[-97.87172,18.83866],[-97.88111,18.8428],[-97.88488,18.83516],[-97.89453,18.83713],[-97.89648,18.83762],[-97.89789,18.82778],[-97.89564,18.82642],[-97.89558,18.82617],[-97.89575,18.82539],[-97.8957,18.82427],[-97.89593,18.82269],[-97.89588,18.82178],[-97.89605,18.8212],[-97.89599,18.82079],[-97.89617,18.81934],[-97.89658,18.81822],[-97.89699,18.81797],[-97.89728,18.81756],[-97.89728,18.81718],[-97.8971,18.81673],[-97.89658,18.81594],[-97.89624,18.81465],[-97.89566,18.81361],[-97.89433,18.81224],[-97.89404,18.81162],[-97.89393,18.81087],[-97.89399,18.80955],[-97.89358,18.80851],[-97.89289,18.8076],[-97.89237,18.80726],[-97.89127,18.80631],[-97.89115,18.8061],[-97.8904,18.8056],[-97.88988,18.80423],[-97.88982,18.8029],[-97.88953,18.80199],[-97.88953,18.80166],[-97.88994,18.79992],[-97.89088,18.79383],[-97.89123,18.79304],[-97.89135,18.79242],[-97.89147,18.79168],[-97.89147,18.79081],[-97.89159,18.79023],[-97.89245,18.78787],[-97.89235,18.78737],[-97.89188,18.78658],[-97.89148,18.78633],[-97.89144,18.786],[-97.89403,18.77593],[-97.89619,18.77619],[-97.89886,18.77665],[-97.90066,18.77372],[-97.90648,18.76312],[-97.90845,18.76338],[-97.91124,18.76255],[-97.91332,18.76227],[-97.91396,18.76235],[-97.91425,18.76269],[-97.91419,18.76293],[-97.91431,18.76347],[-97.91535,18.76352],[-97.91605,18.76406],[-97.9177,18.76281],[-97.91816,18.76177],[-97.91787,18.76041],[-97.91741,18.75937],[-97.91642,18.7578],[-97.91596,18.75647],[-97.91561,18.7549],[-97.91561,18.75423],[-97.91601,18.75245],[-97.91671,18.75071],[-97.91648,18.74938],[-97.91648,18.74868],[-97.91671,18.74834],[-97.91781,18.74556],[-97.91903,18.74395],[-97.91996,18.74229],[-97.92123,18.741],[-97.92216,18.73984],[-97.92245,18.73884],[-97.92251,18.73801],[-97.92286,18.73714],[-97.92315,18.73681],[-97.9232,18.73644],[-97.92338,18.73615],[-97.92406,18.73561],[-97.92552,18.73598],[-97.92589,18.73586],[-97.92622,18.73602],[-97.92692,18.73614],[-97.92739,18.736],[-97.92797,18.73625],[-97.92808,18.73527],[-97.92785,18.73432],[-97.92802,18.73374],[-97.92837,18.73332],[-97.92924,18.73299],[-97.93057,18.73191],[-97.93133,18.73166],[-97.93307,18.73166],[-97.93359,18.73149],[-97.9344,18.73095],[-97.9351,18.72979],[-97.93707,18.72908],[-97.93817,18.72858],[-97.93887,18.72837],[-97.93933,18.72837],[-97.93974,18.72845],[-97.94026,18.72887],[-97.94061,18.7287],[-97.94107,18.72866],[-97.94206,18.72816],[-97.94252,18.7282],[-97.94334,18.72787],[-97.94363,18.72741],[-97.94363,18.727],[-97.94409,18.7265],[-97.94461,18.72608],[-97.94554,18.72575],[-97.94629,18.72614],[-97.94676,18.72626],[-97.94722,18.72625],[-97.94762,18.72603],[-97.94827,18.72618],[-97.94868,18.72646],[-97.94875,18.72688],[-97.95034,18.72751],[-97.95051,18.72742],[-97.95097,18.72749],[-97.95162,18.72789],[-97.94981,18.72928],[-97.95136,18.72919],[-97.95286,18.72892],[-97.95393,18.72859],[-97.95403,18.72953],[-97.95411,18.72963],[-97.95506,18.72992],[-97.95656,18.73006],[-97.958,18.72993],[-97.96078,18.73178],[-97.96233,18.73244],[-97.9625,18.73244],[-97.96392,18.73175],[-97.96533,18.73128],[-97.96698,18.73115],[-97.96817,18.73194],[-97.96967,18.73322],[-97.97036,18.73506],[-97.97125,18.73642],[-97.97283,18.73725],[-97.97371,18.73753],[-97.97547,18.73744],[-97.97853,18.73761],[-97.98031,18.73758],[-97.98208,18.73789],[-97.9845,18.73814],[-97.99103,18.73861],[-97.99297,18.73861],[-97.99525,18.73875],[-98.00161,18.73989],[-98.00556,18.74039],[-98.00742,18.74072],[-98.00908,18.74114],[-98.01089,18.74189],[-98.0132,18.74251],[-98.01354,18.74307],[-98.01323,18.74358],[-98.01274,18.74394],[-98.01213,18.74416],[-98.01097,18.74489],[-98.0114,18.74616],[-98.01153,18.74625],[-98.01697,18.74986],[-98.01787,18.74923],[-98.02083,18.74945],[-98.02183,18.74987],[-98.02217,18.7501],[-98.0223,18.75035],[-98.02349,18.75123],[-98.02443,18.75154],[-98.0247,18.75104],[-98.02522,18.75078],[-98.02655,18.75075],[-98.02783,18.75084],[-98.02873,18.75073],[-98.02955,18.75022],[-98.03066,18.74883],[-98.03281,18.74531],[-98.03422,18.74594],[-98.03697,18.74758],[-98.03725,18.74867],[-98.03689,18.74953],[-98.03729,18.74999],[-98.03758,18.75006],[-98.03972,18.74906],[-98.04001,18.74914],[-98.04072,18.74989],[-98.04067,18.75192],[-98.04014,18.75289],[-98.03981,18.75508],[-98.03942,18.75614],[-98.03944,18.75736],[-98.04025,18.75825],[-98.04156,18.75925],[-98.0425,18.76019],[-98.04364,18.76103],[-98.04434,18.76138],[-98.04467,18.76133],[-98.04631,18.75984],[-98.04661,18.75992],[-98.04745,18.76064],[-98.04758,18.76089],[-98.04678,18.76383],[-98.04691,18.76405],[-98.04753,18.76417],[-98.04822,18.764],[-98.04864,18.76311],[-98.0494,18.76246],[-98.04956,18.76219],[-98.04975,18.76103],[-98.04988,18.76079],[-98.05044,18.76067],[-98.05089,18.76128],[-98.05172,18.76208],[-98.05268,18.76251],[-98.05294,18.76275],[-98.05308,18.76397],[-98.05356,18.76483],[-98.05481,18.76531],[-98.05736,18.76586],[-98.05839,18.76586],[-98.05942,18.76522],[-98.06056,18.76478],[-98.06172,18.76442],[-98.06264,18.76425],[-98.06292,18.76406],[-98.06292,18.76347],[-98.06278,18.76331],[-98.06228,18.7631],[-98.06219,18.76285],[-98.06233,18.76239],[-98.06325,18.76194],[-98.06417,18.76133],[-98.06497,18.76114],[-98.06536,18.76122],[-98.06639,18.76183],[-98.06703,18.76206],[-98.06794,18.7635],[-98.06953,18.76508],[-98.07019,18.76606],[-98.07092,18.76842],[-98.07361,18.77242],[-98.07417,18.773],[-98.075,18.77275],[-98.07589,18.77261],[-98.07697,18.77258],[-98.07822,18.77239],[-98.08014,18.77094],[-98.07921,18.77227],[-98.07939,18.77247],[-98.07995,18.77387],[-98.07999,18.7752],[-98.08065,18.77589],[-98.0813,18.77625],[-98.08207,18.77693],[-98.08423,18.77925],[-98.08466,18.78011],[-98.08592,18.78162],[-98.08562,18.78337],[-98.0853,18.78437],[-98.08567,18.78507],[-98.08557,18.78565],[-98.08464,18.78791],[-98.08413,18.7883],[-98.08223,18.78888],[-98.08298,18.79285],[-98.08443,18.79281],[-98.08577,18.79291],[-98.08866,18.7923],[-98.09049,18.79139],[-98.09123,18.79091],[-98.093,18.78942],[-98.09401,18.78832],[-98.09505,18.78804],[-98.09631,18.78747],[-98.0983,18.78577],[-98.09886,18.78513],[-98.09914,18.78454],[-98.09966,18.78254],[-98.09996,18.78067],[-98.09981,18.77955],[-98.0995,18.77873],[-98.09983,18.7781],[-98.1005,18.77847],[-98.101,18.77811],[-98.10194,18.77833],[-98.10322,18.77847],[-98.10483,18.77831],[-98.10631,18.78053],[-98.10631,18.78103],[-98.10661,18.78108],[-98.10669,18.78017],[-98.10661,18.77939],[-98.10722,18.77842],[-98.10766,18.77746],[-98.10824,18.77736],[-98.10878,18.77769],[-98.11006,18.77892],[-98.11079,18.77938],[-98.11169,18.78052],[-98.11164,18.78081],[-98.11188,18.78292],[-98.11259,18.78572],[-98.11232,18.78627],[-98.11251,18.79095],[-98.11245,18.79299],[-98.11284,18.79439],[-98.11408,18.79523],[-98.11714,18.7967],[-98.11797,18.79726],[-98.119,18.79856],[-98.12014,18.80175],[-98.11958,18.80242],[-98.11869,18.80317],[-98.1165,18.80378],[-98.11528,18.80461],[-98.11511,18.80586],[-98.11592,18.80661],[-98.11631,18.80747],[-98.11572,18.80864],[-98.11519,18.80917],[-98.11622,18.81206],[-98.11733,18.81319],[-98.1175,18.81417],[-98.11875,18.815],[-98.11922,18.81519],[-98.11994,18.81614],[-98.12045,18.81504],[-98.12159,18.81431],[-98.12312,18.81282],[-98.12391,18.81222],[-98.12508,18.81249],[-98.12598,18.81126],[-98.12683,18.81045],[-98.12744,18.80953],[-98.12876,18.80879],[-98.13157,18.8074],[-98.13278,18.80703],[-98.13605,18.80571],[-98.13814,18.80537],[-98.13988,18.80537],[-98.14063,18.80523],[-98.14183,18.80437],[-98.14224,18.80465],[-98.14243,18.80498],[-98.14384,18.8057],[-98.14397,18.80615],[-98.14433,18.8066],[-98.14539,18.80695],[-98.14626,18.80705],[-98.1471,18.80782],[-98.1475,18.80764],[-98.14778,18.80735],[-98.14906,18.80748],[-98.14984,18.808],[-98.15032,18.80865],[-98.15034,18.8094],[-98.15046,18.80973],[-98.15087,18.8098],[-98.15145,18.80971],[-98.15169,18.80978],[-98.15193,18.81007],[-98.15202,18.81139],[-98.15216,18.81206],[-98.1524,18.8123],[-98.15272,18.81345],[-98.15275,18.81445],[-98.15261,18.8159],[-98.15057,18.81964],[-98.15075,18.82006],[-98.15153,18.82083],[-98.15148,18.82108],[-98.15058,18.82205],[-98.15003,18.82306],[-98.15004,18.82372],[-98.14954,18.8244],[-98.14874,18.82492],[-98.14901,18.82628],[-98.14881,18.82724],[-98.1482,18.82831],[-98.1478,18.82867],[-98.14745,18.82868],[-98.14714,18.82798],[-98.14678,18.82745],[-98.14649,18.82754],[-98.14632,18.82779],[-98.14663,18.83036],[-98.14716,18.83085],[-98.14809,18.83091],[-98.14833,18.83103],[-98.14857,18.83127],[-98.14869,18.83156],[-98.14789,18.83411],[-98.14785,18.83477],[-98.14793,18.83523],[-98.14816,18.83543],[-98.14835,18.83592],[-98.14831,18.83659],[-98.14703,18.83865],[-98.14691,18.84048],[-98.14732,18.84059],[-98.14915,18.83947],[-98.14956,18.83959],[-98.15027,18.83998],[-98.15075,18.84064],[-98.15056,18.84213],[-98.15003,18.84333],[-98.14944,18.84403],[-98.14933,18.84473],[-98.15042,18.84514],[-98.15048,18.84552],[-98.15031,18.84572],[-98.14973,18.84597],[-98.14816,18.84621],[-98.14787,18.84613],[-98.1477,18.84617],[-98.14746,18.84641],[-98.14723,18.84745],[-98.1467,18.84815],[-98.14682,18.84868],[-98.14693,18.84872],[-98.14728,18.8493],[-98.14727,18.84972],[-98.14663,18.85046],[-98.14652,18.85112],[-98.1468,18.85157],[-98.14755,18.85215],[-98.14784,18.85253],[-98.14865,18.85311],[-98.14888,18.85356],[-98.14963,18.85418],[-98.15026,18.85592],[-98.15119,18.85592],[-98.15147,18.85613],[-98.15171,18.85617],[-98.15258,18.85605],[-98.15269,18.85638],[-98.15315,18.85667],[-98.15356,18.85667],[-98.15379,18.8568],[-98.15414,18.85725],[-98.15448,18.85738],[-98.155,18.85738],[-98.15587,18.85755],[-98.15634,18.8573],[-98.15692,18.8573],[-98.1579,18.85759],[-98.15796,18.85784],[-98.15766,18.85958],[-98.15765,18.86077],[-98.15805,18.86205],[-98.1584,18.86276],[-98.15874,18.864],[-98.15885,18.86474],[-98.15879,18.86585],[-98.15907,18.86676],[-98.15907,18.8673],[-98.15872,18.86759],[-98.1567,18.8675],[-98.15588,18.86803],[-98.15559,18.86894],[-98.15559,18.86944],[-98.15529,18.86968],[-98.15506,18.87059],[-98.15488,18.87084],[-98.15448,18.87104],[-98.15401,18.87104],[-98.15349,18.87133],[-98.15308,18.87269],[-98.15336,18.87385],[-98.15318,18.87504],[-98.15295,18.87533],[-98.15092,18.87623],[-98.15034,18.87693],[-98.15016,18.8773],[-98.15004,18.87842],[-98.15021,18.87978],[-98.14974,18.88027],[-98.14956,18.88085],[-98.14904,18.88106],[-98.1484,18.88171],[-98.14811,18.88188],[-98.14782,18.88167],[-98.14771,18.8813],[-98.14742,18.88084],[-98.1469,18.8806],[-98.14644,18.88059],[-98.1462,18.88063],[-98.1458,18.88088],[-98.14499,18.88084],[-98.14406,18.88149],[-98.1433,18.88141],[-98.14307,18.88211],[-98.1426,18.8824],[-98.14214,18.88248],[-98.13971,18.88214],[-98.13913,18.88214],[-98.13797,18.88263],[-98.13675,18.88283],[-98.13524,18.88279],[-98.1346,18.88299],[-98.13396,18.8834],[-98.13344,18.88406],[-98.13257,18.88488],[-98.13245,18.88509],[-98.13268,18.88517],[-98.13216,18.88558],[-98.13174,18.88727],[-98.13151,18.88785],[-98.13116,18.88835],[-98.13052,18.88847],[-98.12983,18.8883],[-98.1293,18.88842],[-98.12889,18.889],[-98.12866,18.89028],[-98.1279,18.89069],[-98.12738,18.89118],[-98.12708,18.89213],[-98.12737,18.89382],[-98.13096,18.89413],[-98.13588,18.89476],[-98.13721,18.89468],[-98.14203,18.89387],[-98.14429,18.89371],[-98.14556,18.89401],[-98.14585,18.89384],[-98.14678,18.89414],[-98.14764,18.89525],[-98.14776,18.89571],[-98.14758,18.89641],[-98.14763,18.89736],[-98.14786,18.89769],[-98.14635,18.89901],[-98.14728,18.89946],[-98.14774,18.90017],[-98.14889,18.90108],[-98.14947,18.90182],[-98.14993,18.90277],[-98.14987,18.90294],[-98.14998,18.90315],[-98.15027,18.90331],[-98.15044,18.90372],[-98.15067,18.90558],[-98.14968,18.90608],[-98.1491,18.9062],[-98.14841,18.90582],[-98.14829,18.90586],[-98.14823,18.90603],[-98.148,18.90607],[-98.14742,18.90661],[-98.14695,18.90673],[-98.14666,18.90656],[-98.14649,18.90594],[-98.14632,18.90578],[-98.1462,18.90578],[-98.14614,18.90606],[-98.1458,18.90619],[-98.14504,18.90581],[-98.14481,18.90552],[-98.1447,18.90507],[-98.14458,18.90494],[-98.14441,18.90499],[-98.14447,18.90552],[-98.14475,18.90581],[-98.14493,18.90639],[-98.1455,18.90747],[-98.14642,18.90829],[-98.14613,18.90854],[-98.14567,18.90866],[-98.14486,18.90858],[-98.14463,18.90845],[-98.14405,18.90845],[-98.1437,18.90895],[-98.14358,18.90936],[-98.14306,18.90948],[-98.14213,18.90952],[-98.14161,18.9091],[-98.14149,18.90923],[-98.14161,18.90935],[-98.14155,18.90948],[-98.14114,18.91009],[-98.14091,18.91018],[-98.1401,18.91017],[-98.13975,18.91042],[-98.13905,18.91071],[-98.13836,18.91066],[-98.13835,18.91091],[-98.13859,18.91103],[-98.13876,18.91149],[-98.13835,18.91165],[-98.13818,18.91161],[-98.13777,18.91194],[-98.13719,18.9121],[-98.1369,18.91214],[-98.13661,18.91202],[-98.13644,18.91181],[-98.1358,18.91185],[-98.13539,18.91177],[-98.13458,18.91131],[-98.13435,18.91098],[-98.13424,18.91044],[-98.13471,18.909],[-98.13396,18.90962],[-98.13367,18.90953],[-98.13349,18.90924],[-98.1332,18.90908],[-98.13309,18.90953],[-98.13331,18.91069],[-98.13354,18.91118],[-98.13366,18.91184],[-98.13365,18.91255],[-98.13371,18.91284],[-98.13382,18.91292],[-98.13371,18.91337],[-98.13359,18.91345],[-98.1333,18.91333],[-98.1326,18.91337],[-98.13197,18.91374],[-98.13162,18.91361],[-98.13174,18.91258],[-98.13145,18.91233],[-98.13116,18.91237],[-98.1307,18.91262],[-98.13,18.9122],[-98.12942,18.91257],[-98.12901,18.9127],[-98.12843,18.91315],[-98.12704,18.91323],[-98.12675,18.9131],[-98.12612,18.91269],[-98.12606,18.91248],[-98.12618,18.91128],[-98.12665,18.91046],[-98.12676,18.91042],[-98.12694,18.90984],[-98.12694,18.90955],[-98.12683,18.90939],[-98.12625,18.90963],[-98.12509,18.90959],[-98.1241,18.90991],[-98.12369,18.90995],[-98.12294,18.90966],[-98.12242,18.90921],[-98.12208,18.90875],[-98.12174,18.90747],[-98.12139,18.90673],[-98.12139,18.90607],[-98.12145,18.90578],[-98.12192,18.90503],[-98.12222,18.90421],[-98.12402,18.90306],[-98.12518,18.90265],[-98.12535,18.90232],[-98.12599,18.90216],[-98.12599,18.90191],[-98.12553,18.90195],[-98.12536,18.90162],[-98.12501,18.90154],[-98.12489,18.90158],[-98.12478,18.90191],[-98.12437,18.90224],[-98.1224,18.90264],[-98.12222,18.9026],[-98.12193,18.90227],[-98.12165,18.90219],[-98.1217,18.90239],[-98.12211,18.90293],[-98.12193,18.90318],[-98.12048,18.90334],[-98.12037,18.90284],[-98.12019,18.90276],[-98.12019,18.904],[-98.11996,18.90412],[-98.11938,18.90416],[-98.11897,18.90412],[-98.11851,18.90383],[-98.11828,18.90341],[-98.11793,18.90333],[-98.11747,18.90263],[-98.11718,18.90246],[-98.11701,18.90258],[-98.11718,18.90308],[-98.11747,18.90353],[-98.11764,18.90419],[-98.11769,18.90506],[-98.11751,18.90564],[-98.11722,18.90613],[-98.1178,18.9063],[-98.11792,18.90647],[-98.11809,18.907],[-98.11808,18.90738],[-98.11768,18.90812],[-98.11704,18.90836],[-98.11686,18.90869],[-98.1168,18.90943],[-98.11686,18.90993],[-98.11662,18.9103],[-98.11622,18.91042],[-98.11592,18.91071],[-98.11453,18.91083],[-98.11361,18.91075],[-98.11309,18.9105],[-98.11257,18.91008],[-98.11158,18.90987],[-98.11025,18.91044],[-98.10874,18.91056],[-98.10831,18.9107],[-98.10804,18.91089],[-98.10792,18.91114],[-98.10798,18.9113],[-98.10792,18.91159],[-98.10682,18.9113],[-98.10532,18.91105],[-98.10485,18.91076],[-98.10451,18.91009],[-98.10382,18.90935],[-98.10364,18.90918],[-98.1033,18.90906],[-98.10237,18.90955],[-98.10149,18.91033],[-98.10051,18.91074],[-98.09969,18.91082],[-98.09807,18.91077],[-98.09767,18.9109],[-98.09662,18.91205],[-98.09609,18.91221],[-98.09551,18.91225],[-98.09557,18.91266],[-98.09496,18.91347],[-98.09521,18.91392],[-98.09596,18.91386],[-98.0958,18.91453],[-98.09593,18.91523],[-98.09624,18.91585],[-98.09638,18.91675],[-98.0965,18.91704],[-98.09763,18.91826],[-98.10022,18.9199],[-98.10249,18.92068],[-98.10307,18.92071],[-98.10378,18.92098],[-98.10407,18.92131],[-98.10472,18.92162],[-98.10596,18.92267],[-98.10672,18.92303],[-98.10731,18.92356],[-98.10913,18.92459],[-98.10956,18.92533],[-98.11039,18.9263],[-98.11169,18.92719],[-98.1121,18.92734],[-98.11409,18.92854],[-98.11451,18.92915],[-98.11523,18.92984],[-98.11571,18.93054],[-98.11585,18.93169],[-98.11568,18.93182],[-98.11552,18.93224],[-98.11524,18.93262],[-98.11495,18.93291],[-98.11447,18.93425],[-98.11413,18.93487],[-98.11414,18.93525],[-98.11423,18.9362],[-98.11449,18.93743],[-98.11565,18.94002],[-98.11665,18.9407],[-98.11759,18.94109],[-98.1183,18.94166],[-98.11941,18.94217],[-98.12082,18.94301],[-98.12181,18.94315],[-98.12257,18.94347],[-98.12506,18.94362],[-98.12559,18.94378],[-98.12677,18.94479],[-98.12725,18.9454],[-98.12785,18.94646],[-98.12935,18.94757],[-98.12974,18.94762],[-98.13073,18.94814],[-98.13186,18.94944],[-98.13316,18.95036],[-98.13368,18.95035],[-98.13468,18.95074],[-98.13591,18.95162],[-98.13552,18.95217],[-98.13484,18.95268],[-98.13503,18.95347],[-98.13552,18.95424],[-98.13659,18.95538],[-98.13648,18.95563],[-98.13608,18.95588],[-98.13581,18.95668],[-98.13595,18.95771],[-98.13625,18.9582],[-98.13638,18.95869],[-98.13639,18.95923],[-98.13584,18.96032],[-98.13558,18.96136],[-98.13571,18.96198],[-98.13632,18.96312],[-98.13639,18.96378],[-98.13603,18.96537],[-98.13604,18.96599],[-98.1364,18.96656],[-98.13632,18.96784],[-98.13639,18.96817],[-98.13611,18.97087],[-98.13598,18.97101],[-98.13596,18.97195],[-98.13585,18.97232],[-98.13593,18.97303],[-98.13584,18.97419],[-98.13574,18.97473],[-98.13541,18.97531],[-98.13484,18.97574],[-98.1345,18.97616],[-98.13325,18.9771],[-98.13257,18.97786],[-98.13288,18.97835],[-98.13319,18.97942],[-98.13418,18.9818],[-98.13431,18.98242],[-98.13486,18.98348],[-98.13531,18.98525],[-98.1358,18.98661],[-98.13648,18.98808],[-98.13735,18.99038],[-98.13742,18.99108],[-98.13733,18.99212],[-98.13745,18.99241],[-98.13781,18.99261],[-98.13847,18.99346],[-98.13713,18.99349],[-98.13626,18.99363],[-98.1354,18.99476],[-98.13493,18.99477],[-98.13418,18.99507],[-98.13384,18.99536],[-98.13326,18.9955],[-98.13234,18.99667],[-98.1317,18.99721],[-98.13118,18.9973],[-98.13061,18.99806],[-98.13038,18.99885],[-98.1297,18.99981],[-98.12785,19.00108],[-98.12647,19.00221],[-98.12627,19.00273],[-98.1263,19.00442],[-98.126,19.00603],[-98.12593,19.00695],[-98.12564,19.00802],[-98.12559,19.0096],[-98.12602,19.01293],[-98.12616,19.01307],[-98.12629,19.01378],[-98.12694,19.01557],[-98.12817,19.01689],[-98.1283,19.01729],[-98.1287,19.01774],[-98.12887,19.01819],[-98.12889,19.01875],[-98.1294,19.01981],[-98.12942,19.02023],[-98.12902,19.02094],[-98.12896,19.02142],[-98.12907,19.02158],[-98.12964,19.02194],[-98.13007,19.02268],[-98.13015,19.02304],[-98.12997,19.02359],[-98.12982,19.02469],[-98.12998,19.02507],[-98.12991,19.02552],[-98.13007,19.02651],[-98.13018,19.02668],[-98.13031,19.02669],[-98.13,19.02713],[-98.12966,19.02741],[-98.12803,19.02804],[-98.12576,19.02872],[-98.12455,19.02801],[-98.12429,19.02805],[-98.12329,19.02871],[-98.12286,19.02881],[-98.12125,19.02957],[-98.11905,19.02978],[-98.11876,19.02995],[-98.11844,19.03028],[-98.11824,19.03137],[-98.11831,19.03165],[-98.11932,19.03237],[-98.12048,19.03247],[-98.12139,19.03283],[-98.12173,19.03343],[-98.12171,19.03385],[-98.12226,19.03471],[-98.12294,19.03507],[-98.12308,19.03524],[-98.12146,19.03536],[-98.12068,19.03562],[-98.11886,19.03685],[-98.11865,19.03679],[-98.11797,19.03685],[-98.11749,19.0366],[-98.11696,19.0365],[-98.11672,19.03667],[-98.1167,19.03682],[-98.11691,19.03704],[-98.11749,19.03736],[-98.11815,19.03724],[-98.1188,19.0374],[-98.13042,19.04283],[-98.13049,19.04314]]]}},{"type":"Feature","properties":{"id":8,"distrito_f":8,"nombre":"Distrito Federal 8","entidad":21},"geometry":{"type":"Polygon","coordinates":[[[-97.59729,18.76234],[-97.59898,18.76092],[-97.60101,18.75883],[-97.60166,18.75831],[-97.60324,18.75769],[-97.60359,18.75745],[-97.60448,18.75644],[-97.60686,18.75481],[-97.61025,18.75451],[-97.61102,18.75408],[-97.61184,18.75226],[-97.61377,18.75057],[-97.61926,18.74719],[-97.61956,18.74654],[-97.62065,18.74497],[-97.62003,18.74435],[-97.61997,18.74415],[-97.62063,18.74326],[-97.62124,18.74213],[-97.62128,18.74087],[-97.62181,18.74039],[-97.62297,18.74032],[-97.6238,18.73952],[-97.62469,18.73885],[-97.62839,18.73675],[-97.63013,18.73665],[-97.63129,18.73647],[-97.63348,18.73658],[-97.63449,18.73566],[-97.63747,18.73245],[-97.6399,18.73037],[-97.64249,18.72854],[-97.64439,18.72674],[-97.6503,18.72211],[-97.65064,18.7224],[-97.65091,18.72309],[-97.65101,18.72379],[-97.65096,18.72542],[-97.65103,18.7261],[-97.65128,18.72765],[-97.65155,18.72814],[-97.65159,18.72884],[-97.65187,18.72941],[-97.6525,18.72971],[-97.65335,18.73029],[-97.6551,18.7307],[-97.65942,18.7335],[-97.66045,18.73521],[-97.66074,18.73629],[-97.66239,18.7374],[-97.66259,18.73721],[-97.66296,18.73644],[-97.66402,18.7348],[-97.66476,18.7331],[-97.66661,18.73085],[-97.66727,18.72988],[-97.66747,18.72907],[-97.66743,18.72837],[-97.66834,18.72676],[-97.6696,18.72503],[-97.67229,18.72181],[-97.67332,18.72016],[-97.67439,18.71879],[-97.67459,18.7181],[-97.67505,18.71806],[-97.67714,18.72009],[-97.67828,18.72048],[-97.68185,18.72107],[-97.68434,18.72107],[-97.68527,18.72092],[-97.687,18.72111],[-97.68763,18.72132],[-97.68845,18.72109],[-97.68887,18.72061],[-97.6902,18.71819],[-97.69092,18.71742],[-97.69129,18.71625],[-97.69195,18.71552],[-97.69289,18.71481],[-97.69371,18.71449],[-97.69424,18.71417],[-97.69599,18.71359],[-97.69617,18.71339],[-97.69623,18.71323],[-97.69613,18.71257],[-97.69571,18.7112],[-97.69562,18.71014],[-97.69494,18.7095],[-97.69467,18.70901],[-97.69468,18.70852],[-97.69492,18.70811],[-97.69759,18.70702],[-97.69796,18.7071],[-97.69995,18.70844],[-97.70141,18.70989],[-97.70264,18.71137],[-97.70297,18.71203],[-97.7051,18.71463],[-97.70549,18.71521],[-97.70615,18.71669],[-97.70654,18.7171],[-97.70846,18.71689],[-97.70864,18.71665],[-97.70945,18.7165],[-97.71021,18.71643],[-97.7106,18.71668],[-97.71159,18.71891],[-97.71238,18.7197],[-97.71351,18.72053],[-97.71367,18.72121],[-97.71359,18.72184],[-97.71252,18.72288],[-97.71216,18.7234],[-97.71203,18.72422],[-97.71178,18.72458],[-97.71183,18.72495],[-97.71454,18.72554],[-97.7166,18.72621],[-97.71758,18.72638],[-97.71849,18.72681],[-97.71878,18.72685],[-97.71929,18.72723],[-97.72036,18.72834],[-97.72111,18.72872],[-97.72184,18.72934],[-97.72315,18.73014],[-97.72525,18.7318],[-97.72651,18.73231],[-97.72743,18.73257],[-97.72839,18.73316],[-97.73083,18.73515],[-97.73146,18.73545],[-97.73243,18.73571],[-97.73681,18.73639],[-97.73755,18.73685],[-97.73885,18.73833],[-97.73948,18.73859],[-97.74324,18.73852],[-97.74417,18.73813],[-97.7458,18.73783],[-97.74846,18.73775],[-97.74949,18.73826],[-97.75085,18.73928],[-97.75164,18.74002],[-97.75222,18.74023],[-97.75221,18.74056],[-97.75191,18.74113],[-97.75159,18.74222],[-97.75132,18.74356],[-97.75052,18.74538],[-97.75016,18.74595],[-97.74941,18.74797],[-97.74881,18.74906],[-97.74835,18.75114],[-97.74059,18.76954],[-97.74118,18.76974],[-97.74282,18.77114],[-97.7434,18.77193],[-97.74613,18.77253],[-97.74636,18.77299],[-97.74671,18.77332],[-97.74724,18.77406],[-97.74765,18.77493],[-97.74858,18.77467],[-97.7499,18.77396],[-97.75129,18.77345],[-97.75169,18.77295],[-97.75237,18.77162],[-97.75324,18.77111],[-97.75405,18.77115],[-97.75446,18.77165],[-97.75498,18.77189],[-97.75539,18.77222],[-97.75614,18.7725],[-97.75666,18.77254],[-97.75846,18.7724],[-97.75869,18.77248],[-97.75956,18.77302],[-97.76073,18.77463],[-97.76085,18.775],[-97.76126,18.77553],[-97.76185,18.77607],[-97.76295,18.77656],[-97.76457,18.77663],[-97.76637,18.77695],[-97.76885,18.77627],[-97.76972,18.7758],[-97.77064,18.77605],[-97.7714,18.77641],[-97.77198,18.77682],[-97.77245,18.77748],[-97.77251,18.77794],[-97.77223,18.77865],[-97.77137,18.77973],[-97.77126,18.78068],[-97.77219,18.78076],[-97.77265,18.78067],[-97.77317,18.77992],[-97.77339,18.77926],[-97.77473,18.77925],[-97.77617,18.7794],[-97.77819,18.77881],[-97.77958,18.77826],[-97.78027,18.7783],[-97.78068,18.77846],[-97.78107,18.77875],[-97.78144,18.77924],[-97.78116,18.7804],[-97.78099,18.7807],[-97.78099,18.78115],[-97.78175,18.78173],[-97.78274,18.78213],[-97.78321,18.78246],[-97.7833,18.78311],[-97.78145,18.78608],[-97.78029,18.79055],[-97.78,18.79117],[-97.78017,18.79241],[-97.77627,18.79794],[-97.77473,18.80072],[-97.77344,18.80248],[-97.77321,18.80343],[-97.77176,18.8064],[-97.78151,18.81006],[-97.78664,18.81261],[-97.78814,18.81357],[-97.79017,18.81539],[-97.79694,18.82316],[-97.80227,18.82812],[-97.79403,18.84249],[-97.78991,18.84654],[-97.79118,18.84827],[-97.7982,18.84448],[-97.80277,18.84424],[-97.79999,18.84973],[-97.80375,18.85147],[-97.80106,18.85905],[-97.79184,18.88098],[-97.79045,18.8881],[-97.78944,18.89201],[-97.78894,18.89372],[-97.78795,18.89558],[-97.78734,18.89622],[-97.78681,18.89619],[-97.78623,18.89602],[-97.78542,18.89524],[-97.78506,18.89458],[-97.78366,18.89285],[-97.78301,18.89161],[-97.78254,18.89095],[-97.78172,18.89025],[-97.78044,18.88948],[-97.77916,18.88878],[-97.77841,18.88858],[-97.77794,18.88887],[-97.77778,18.88941],[-97.77749,18.88975],[-97.77687,18.89133],[-97.77572,18.89332],[-97.77302,18.89595],[-97.77245,18.89691],[-97.77205,18.89716],[-97.77971,18.89958],[-97.7835,18.9006],[-97.78359,18.90077],[-97.79269,18.90311],[-97.79317,18.90331],[-97.78842,18.91834],[-97.80196,18.92048],[-97.79471,18.93453],[-97.79383,18.93434],[-97.79238,18.9342],[-97.79109,18.93386],[-97.78999,18.9338],[-97.78969,18.93368],[-97.78916,18.93324],[-97.78677,18.93271],[-97.78582,18.93202],[-97.78505,18.93109],[-97.784,18.94507],[-97.79184,18.94793],[-97.79887,18.94993],[-97.79985,18.95055],[-97.80127,18.94862],[-97.80439,18.95063],[-97.80748,18.95232],[-97.80816,18.95283],[-97.80929,18.95348],[-97.81074,18.95411],[-97.81221,18.95442],[-97.81411,18.95445],[-97.81494,18.95427],[-97.81027,18.9608],[-97.81042,18.96102],[-97.81081,18.9611],[-97.81203,18.96217],[-97.81257,18.96306],[-97.81345,18.96529],[-97.81361,18.96618],[-97.81348,18.96699],[-97.8131,18.96791],[-97.81292,18.96863],[-97.81315,18.96986],[-97.81347,18.97049],[-97.81447,18.97171],[-97.81703,18.97786],[-97.8162,18.97863],[-97.81557,18.98043],[-97.81436,18.98147],[-97.81367,18.98242],[-97.81332,18.9832],[-97.81321,18.98411],[-97.81321,18.98485],[-97.81339,18.98575],[-97.81333,18.986],[-97.81205,18.98498],[-97.8103,18.98393],[-97.80981,18.98433],[-97.8066,18.9858],[-97.80675,18.98738],[-97.80662,18.98971],[-97.80611,18.99395],[-97.80635,18.99474],[-97.80497,18.9976],[-97.80584,18.99866],[-97.80701,18.99934],[-97.81057,19.00326],[-97.81249,19.00476],[-97.81302,19.00537],[-97.81343,19.00607],[-97.81425,19.0082],[-97.81483,19.00885],[-97.81548,19.00925],[-97.81722,19.00998],[-97.81827,19.0103],[-97.82135,19.01158],[-97.82211,19.01199],[-97.82264,19.0126],[-97.82328,19.013],[-97.8238,19.01312],[-97.82681,19.01244],[-97.8264,19.01379],[-97.82657,19.01401],[-97.82764,19.01448],[-97.82707,19.01601],[-97.8266,19.01659],[-97.82614,19.01696],[-97.82568,19.01779],[-97.82515,19.01848],[-97.82491,19.01922],[-97.82441,19.01978],[-97.82383,19.02023],[-97.8243,19.02097],[-97.82537,19.02499],[-97.82625,19.0272],[-97.82666,19.02785],[-97.8259,19.02749],[-97.82462,19.02635],[-97.82398,19.02603],[-97.82351,19.02591],[-97.82328,19.02554],[-97.82182,19.02408],[-97.82059,19.02318],[-97.82013,19.02265],[-97.8196,19.02225],[-97.81784,19.02109],[-97.81628,19.02039],[-97.81488,19.01921],[-97.81366,19.01893],[-97.81308,19.01865],[-97.81296,19.01824],[-97.81313,19.01672],[-97.81306,19.01553],[-97.8123,19.01368],[-97.81177,19.01299],[-97.81061,19.01193],[-97.80875,19.01121],[-97.80653,19.00934],[-97.80455,19.00878],[-97.80368,19.00809],[-97.80315,19.00752],[-97.80263,19.00724],[-97.80216,19.00724],[-97.80188,19.00832],[-97.80194,19.00951],[-97.80448,19.01787],[-97.80528,19.01986],[-97.80912,19.02625],[-97.80887,19.02689],[-97.80871,19.02778],[-97.80877,19.02852],[-97.80912,19.02918],[-97.80918,19.02967],[-97.80947,19.03041],[-97.81063,19.03023],[-97.81179,19.02977],[-97.81365,19.0293],[-97.81446,19.02921],[-97.81487,19.02937],[-97.81551,19.0299],[-97.81581,19.03059],[-97.81587,19.03129],[-97.81581,19.03203],[-97.81558,19.03277],[-97.81547,19.03364],[-97.81553,19.03446],[-97.81559,19.03499],[-97.81577,19.03544],[-97.81625,19.03758],[-97.81637,19.03885],[-97.81586,19.04145],[-97.81557,19.04211],[-97.8154,19.04281],[-97.81501,19.04655],[-97.81438,19.04874],[-97.8141,19.05014],[-97.81433,19.05113],[-97.81417,19.05285],[-97.81376,19.05372],[-97.81261,19.05484],[-97.81226,19.05559],[-97.81215,19.05649],[-97.81221,19.05723],[-97.81257,19.05937],[-97.81211,19.05941],[-97.81123,19.0593],[-97.81036,19.05906],[-97.80949,19.05899],[-97.80856,19.05949],[-97.80827,19.06019],[-97.80822,19.06072],[-97.80869,19.0613],[-97.80956,19.06162],[-97.81055,19.06239],[-97.81061,19.06292],[-97.8105,19.06317],[-97.80916,19.06392],[-97.8087,19.0645],[-97.80864,19.06471],[-97.80865,19.06524],[-97.80917,19.06598],[-97.80958,19.06622],[-97.81028,19.06708],[-97.81017,19.06741],[-97.80988,19.06774],[-97.80878,19.06956],[-97.80867,19.07026],[-97.80919,19.07091],[-97.80937,19.07136],[-97.80943,19.07206],[-97.80939,19.07482],[-97.80899,19.07663],[-97.8087,19.07754],[-97.80755,19.07919],[-97.80714,19.07994],[-97.80726,19.08055],[-97.80831,19.08038],[-97.80976,19.08032],[-97.81023,19.08048],[-97.81064,19.08143],[-97.81064,19.08184],[-97.81013,19.08402],[-97.81036,19.0848],[-97.81153,19.08631],[-97.81165,19.08713],[-97.81155,19.0903],[-97.81167,19.09071],[-97.81231,19.09116],[-97.81272,19.09123],[-97.81341,19.09094],[-97.81434,19.09027],[-97.81498,19.09006],[-97.81568,19.09046],[-97.81684,19.09045],[-97.81702,19.09082],[-97.81728,19.09244],[-97.81678,19.09205],[-97.81625,19.09181],[-97.81549,19.09162],[-97.81509,19.09167],[-97.81463,19.09188],[-97.81445,19.09184],[-97.81405,19.09214],[-97.81353,19.09232],[-97.81265,19.09204],[-97.81218,19.09172],[-97.81154,19.09174],[-97.81102,19.09199],[-97.8107,19.09303],[-97.81083,19.09365],[-97.81063,19.09438],[-97.80991,19.09593],[-97.81006,19.09618],[-97.81021,19.09711],[-97.81017,19.09788],[-97.80991,19.09878],[-97.80956,19.09943],[-97.80942,19.10011],[-97.80943,19.10168],[-97.80977,19.10225],[-97.80883,19.10244],[-97.80784,19.10237],[-97.80679,19.1025],[-97.80563,19.10297],[-97.80477,19.10364],[-97.80437,19.10426],[-97.80426,19.10509],[-97.80434,19.10765],[-97.80542,19.11033],[-97.80543,19.11116],[-97.80521,19.11239],[-97.80452,19.11212],[-97.80423,19.11191],[-97.80331,19.11103],[-97.80303,19.11062],[-97.80205,19.10974],[-97.80112,19.10944],[-97.79914,19.10947],[-97.79722,19.10916],[-97.7959,19.10791],[-97.79567,19.10737],[-97.79424,19.10545],[-97.79401,19.10478],[-97.79363,19.10209],[-97.79364,19.10117],[-97.79312,19.10059],[-97.79266,19.10038],[-97.79168,19.0995],[-97.79151,19.09883],[-97.79164,19.0978],[-97.79113,19.09688],[-97.78981,19.09538],[-97.78952,19.09472],[-97.78902,19.09289],[-97.78867,19.09226],[-97.7873,19.09043],[-97.78672,19.08997],[-97.78626,19.08934],[-97.78559,19.08726],[-97.78513,19.08647],[-97.78455,19.08605],[-97.78177,19.08516],[-97.7805,19.08465],[-97.77911,19.0836],[-97.77865,19.08302],[-97.77807,19.08252],[-97.77444,19.08012],[-97.7738,19.07954],[-97.7688,19.07407],[-97.76564,19.07089],[-97.76392,19.06847],[-97.76312,19.06693],[-97.7622,19.0656],[-97.75993,19.0657],[-97.75778,19.06552],[-97.75604,19.06509],[-97.75285,19.06452],[-97.75094,19.06389],[-97.74903,19.06296],[-97.74614,19.06123],[-97.74533,19.06052],[-97.74395,19.05981],[-97.74103,19.06053],[-97.739,19.06059],[-97.73818,19.06079],[-97.73765,19.06103],[-97.73163,19.06856],[-97.72475,19.07873],[-97.71391,19.08015],[-97.70969,19.07103],[-97.70835,19.07201],[-97.70753,19.07242],[-97.70659,19.07328],[-97.70524,19.07389],[-97.70454,19.07434],[-97.70243,19.0759],[-97.70172,19.07672],[-97.70154,19.07722],[-97.70148,19.07796],[-97.70243,19.0812],[-97.70231,19.08182],[-97.69935,19.08105],[-97.69604,19.08048],[-97.69517,19.0801],[-97.69362,19.0788],[-97.6931,19.07851],[-97.69252,19.07855],[-97.69199,19.07875],[-97.69135,19.07882],[-97.6899,19.0784],[-97.68899,19.07652],[-97.68823,19.07701],[-97.68711,19.078],[-97.68646,19.07899],[-97.68541,19.07977],[-97.68465,19.08051],[-97.68371,19.08083],[-97.68237,19.08111],[-97.68177,19.08255],[-97.68159,19.08346],[-97.68083,19.08391],[-97.68,19.0849],[-97.67561,19.08291],[-97.67289,19.08131],[-97.66725,19.08081],[-97.66487,19.08049],[-97.66136,19.0803],[-97.66138,19.07955],[-97.66121,19.07778],[-97.66069,19.07616],[-97.6604,19.07484],[-97.66052,19.07187],[-97.6604,19.0703],[-97.66011,19.06902],[-97.66,19.06766],[-97.65942,19.06695],[-97.65866,19.06563],[-97.65733,19.06455],[-97.65413,19.06376],[-97.6532,19.06276],[-97.65175,19.06053],[-97.65175,19.06044],[-97.65251,19.0602],[-97.65413,19.06004],[-97.65477,19.05975],[-97.65565,19.05959],[-97.65687,19.05902],[-97.65768,19.05861],[-97.65827,19.05791],[-97.65827,19.05737],[-97.65565,19.0567],[-97.65495,19.05666],[-97.65309,19.05607],[-97.651,19.05516],[-97.64978,19.05453],[-97.64873,19.05383],[-97.64752,19.05271],[-97.64635,19.05221],[-97.6424,19.04939],[-97.64107,19.04893],[-97.63909,19.04954],[-97.63647,19.05089],[-97.63455,19.052],[-97.63205,19.0529],[-97.63007,19.05322],[-97.62757,19.05392],[-97.6264,19.05482],[-97.62564,19.05866],[-97.62349,19.05725],[-97.61594,19.05371],[-97.61612,19.05264],[-97.61729,19.04839],[-97.61734,19.04727],[-97.61723,19.04607],[-97.61593,19.04424],[-97.61433,19.04231],[-97.6141,19.04123],[-97.6141,19.04012],[-97.61335,19.03756],[-97.61288,19.03631],[-97.61213,19.03619],[-97.61056,19.03631],[-97.6098,19.03655],[-97.60777,19.03597],[-97.6073,19.03592],[-97.60498,19.03624],[-97.6044,19.03641],[-97.60387,19.03698],[-97.60317,19.03909],[-97.60294,19.03946],[-97.60177,19.04065],[-97.60014,19.04201],[-97.59938,19.04359],[-97.59816,19.04687],[-97.59647,19.04633],[-97.59065,19.05188],[-97.5896,19.05386],[-97.58698,19.05822],[-97.5847,19.06053],[-97.58325,19.05916],[-97.58354,19.06027],[-97.58371,19.06197],[-97.58383,19.06221],[-97.58388,19.06407],[-97.58406,19.06519],[-97.58388,19.06932],[-97.58393,19.07097],[-97.58381,19.072],[-97.58421,19.07551],[-97.58456,19.07716],[-97.5845,19.07886],[-97.58467,19.07985],[-97.58473,19.08121],[-97.58513,19.08257],[-97.58525,19.08332],[-97.58536,19.08493],[-97.5853,19.08608],[-97.58553,19.0872],[-97.58565,19.08844],[-97.58599,19.08931],[-97.58686,19.09059],[-97.58715,19.09142],[-97.58721,19.09261],[-97.58657,19.09369],[-97.58593,19.09323],[-97.585,19.09223],[-97.58407,19.09178],[-97.58302,19.09165],[-97.58291,19.09173],[-97.58226,19.09359],[-97.58068,19.09579],[-97.58046,19.09622],[-97.58022,19.09791],[-97.57987,19.09878],[-97.57917,19.09964],[-97.57806,19.10137],[-97.5776,19.1022],[-97.57742,19.1031],[-97.57643,19.10496],[-97.57561,19.1057],[-97.57462,19.10713],[-97.57433,19.10792],[-97.57415,19.10928],[-97.57351,19.11201],[-97.57313,19.11254],[-97.57194,19.11159],[-97.57107,19.11113],[-97.56919,19.11068],[-97.56938,19.11207],[-97.56984,19.11389],[-97.57013,19.11464],[-97.57216,19.11774],[-97.57245,19.11906],[-97.57233,19.12051],[-97.57285,19.12146],[-97.5757,19.12296],[-97.57599,19.12337],[-97.57587,19.12378],[-97.57541,19.12432],[-97.57506,19.12494],[-97.57471,19.12588],[-97.57459,19.1265],[-97.5747,19.1282],[-97.57231,19.13066],[-97.57091,19.13152],[-97.56981,19.13247],[-97.5687,19.13395],[-97.56794,19.13477],[-97.56782,19.13572],[-97.56823,19.13614],[-97.56817,19.1368],[-97.568,19.13696],[-97.5673,19.13692],[-97.56538,19.1365],[-97.56451,19.13699],[-97.56369,19.13777],[-97.56287,19.1393],[-97.56211,19.14004],[-97.56112,19.14065],[-97.56054,19.14135],[-97.56007,19.1423],[-97.5592,19.14291],[-97.55856,19.14291],[-97.55716,19.14369],[-97.55617,19.14484],[-97.5553,19.14632],[-97.55389,19.15164],[-97.55319,19.15255],[-97.55307,19.15288],[-97.55307,19.15371],[-97.5534,19.15707],[-97.55231,19.15738],[-97.54917,19.15732],[-97.54829,19.15748],[-97.54718,19.15808],[-97.54654,19.15815],[-97.54493,19.1595],[-97.54433,19.15933],[-97.54393,19.15899],[-97.54364,19.15813],[-97.54399,19.15756],[-97.54475,19.15714],[-97.54463,19.15685],[-97.54422,19.15652],[-97.54417,19.15602],[-97.54434,19.15506],[-97.5451,19.15425],[-97.54526,19.15372],[-97.5451,19.15276],[-97.54446,19.15251],[-97.54388,19.15214],[-97.5421,19.15056],[-97.54179,19.1499],[-97.54098,19.1487],[-97.54069,19.14783],[-97.54087,19.14602],[-97.54145,19.1442],[-97.54152,19.14255],[-97.54198,19.1414],[-97.54275,19.13678],[-97.54322,19.13533],[-97.54333,19.13455],[-97.54398,19.13257],[-97.54322,19.13253],[-97.54206,19.13265],[-97.5406,19.13256],[-97.5363,19.13159],[-97.53479,19.13138],[-97.53409,19.131],[-97.5334,19.13021],[-97.53276,19.12922],[-97.49527,19.11606],[-97.49376,19.11378],[-97.49161,19.11146],[-97.49086,19.1105],[-97.48935,19.10901],[-97.48726,19.10644],[-97.48413,19.10366],[-97.48337,19.10238],[-97.48092,19.10049],[-97.48028,19.1003],[-97.47714,19.09861],[-97.4751,19.09781],[-97.47423,19.09762],[-97.47336,19.09763],[-97.47261,19.09785],[-97.47238,19.09797],[-97.47221,19.09822],[-97.47175,19.0984],[-97.47035,19.09792],[-97.4689,19.0972],[-97.46756,19.09672],[-97.46414,19.09611],[-97.46181,19.09528],[-97.45914,19.09466],[-97.45705,19.0937],[-97.45519,19.09306],[-97.45339,19.09296],[-97.45287,19.09272],[-97.45223,19.09261],[-97.44986,19.09256],[-97.44985,19.09231],[-97.45014,19.09177],[-97.45037,19.09161],[-97.45077,19.0909],[-97.45158,19.09039],[-97.45145,19.08936],[-97.45174,19.08886],[-97.4526,19.08815],[-97.45358,19.08698],[-97.45415,19.08648],[-97.45496,19.08556],[-97.45609,19.08521],[-97.45373,19.08302],[-97.45211,19.0822],[-97.45136,19.08162],[-97.45003,19.08104],[-97.44795,19.07988],[-97.44686,19.07893],[-97.44524,19.07839],[-97.44432,19.07777],[-97.44334,19.07652],[-97.44203,19.07421],[-97.44117,19.07218],[-97.44026,19.07044],[-97.43986,19.06895],[-97.44027,19.06862],[-97.4405,19.0682],[-97.43939,19.06204],[-97.43552,19.06092],[-97.43575,19.06017],[-97.43541,19.05935],[-97.43344,19.05885],[-97.43287,19.05831],[-97.43183,19.0579],[-97.42812,19.05835],[-97.42662,19.05781],[-97.42419,19.05731],[-97.42303,19.0569],[-97.42089,19.05652],[-97.41719,19.05607],[-97.41365,19.05586],[-97.41215,19.05561],[-97.41006,19.05548],[-97.40781,19.05515],[-97.40602,19.05469],[-97.40364,19.05461],[-97.40277,19.05478],[-97.40121,19.05465],[-97.3989,19.0537],[-97.39583,19.0534],[-97.3945,19.05262],[-97.39306,19.05204],[-97.3915,19.05175],[-97.39104,19.05142],[-97.38895,19.05112],[-97.3882,19.05075],[-97.38699,19.05009],[-97.38642,19.04943],[-97.38526,19.04885],[-97.38435,19.04744],[-97.38198,19.04607],[-97.38008,19.04524],[-97.37747,19.04503],[-97.37643,19.04516],[-97.37573,19.04569],[-97.37451,19.04611],[-97.37236,19.04652],[-97.37137,19.04701],[-97.37062,19.0478],[-97.36939,19.04838],[-97.36835,19.04862],[-97.36221,19.04903],[-97.36053,19.04932],[-97.3596,19.04891],[-97.35769,19.0487],[-97.35591,19.04708],[-97.3544,19.04675],[-97.35319,19.04617],[-97.35285,19.04497],[-97.35002,19.04381],[-97.34887,19.0431],[-97.34841,19.04256],[-97.34731,19.04219],[-97.34564,19.04202],[-97.34454,19.04169],[-97.34124,19.04099],[-97.33916,19.04094],[-97.33788,19.04073],[-97.33633,19.03928],[-97.33541,19.03858],[-97.3349,19.03759],[-97.33138,19.03506],[-97.33011,19.03435],[-97.32884,19.03423],[-97.32849,19.03406],[-97.32524,19.03493],[-97.32403,19.03472],[-97.32235,19.03405],[-97.32097,19.03385],[-97.3197,19.03331],[-97.31588,19.03297],[-97.31472,19.0326],[-97.31385,19.0328],[-97.31234,19.03288],[-97.31056,19.03189],[-97.30969,19.03106],[-97.30877,19.03056],[-97.30762,19.03019],[-97.30565,19.02924],[-97.30392,19.02932],[-97.30218,19.02956],[-97.29969,19.02931],[-97.29911,19.02914],[-97.29748,19.02956],[-97.29621,19.03013],[-97.29417,19.03071],[-97.2907,19.03079],[-97.29018,19.03071],[-97.28879,19.02992],[-97.28775,19.02975],[-97.28561,19.03],[-97.28253,19.03053],[-97.2797,19.0302],[-97.27843,19.02986],[-97.27658,19.02974],[-97.27385,19.02994],[-97.27269,19.0299],[-97.26852,19.02951],[-97.2694,19.02788],[-97.26987,19.02619],[-97.27075,19.02483],[-97.27075,19.02458],[-97.27128,19.02384],[-97.2718,19.02335],[-97.27256,19.0229],[-97.27274,19.02269],[-97.27291,19.02232],[-97.27298,19.02121],[-97.27362,19.01981],[-97.2741,19.01824],[-97.27462,19.01725],[-97.27556,19.01655],[-97.27585,19.0159],[-97.27597,19.01557],[-97.27603,19.014],[-97.27709,19.0119],[-97.27721,19.01136],[-97.27786,19.01004],[-97.27815,19.00897],[-97.27816,19.00815],[-97.27857,19.00712],[-97.27886,19.0067],[-97.27886,19.00621],[-97.27951,19.0051],[-97.28027,19.00444],[-97.28144,19.00288],[-97.28185,19.00218],[-97.28313,19.00078],[-97.28349,18.99913],[-97.28408,18.99748],[-97.28437,18.99616],[-97.28572,18.99361],[-97.28672,18.99238],[-97.28695,18.99192],[-97.28742,18.99143],[-97.28771,18.99089],[-97.28818,18.989],[-97.28895,18.98764],[-97.28912,18.9871],[-97.28913,18.98648],[-97.28901,18.98611],[-97.28907,18.98591],[-97.28977,18.98492],[-97.28995,18.9843],[-97.2899,18.98401],[-97.28943,18.98355],[-97.28891,18.9833],[-97.28834,18.98256],[-97.28777,18.98123],[-97.28702,18.9809],[-97.2865,18.98044],[-97.28627,18.97949],[-97.28639,18.97896],[-97.28618,18.97557],[-97.2863,18.97417],[-97.28596,18.97342],[-97.28567,18.97326],[-97.28331,18.97122],[-97.2825,18.97027],[-97.28216,18.96973],[-97.28199,18.96853],[-97.28165,18.96783],[-97.28165,18.96738],[-97.28229,18.96598],[-97.28288,18.96503],[-97.28231,18.96346],[-97.28214,18.96338],[-97.28179,18.96296],[-97.28162,18.96259],[-97.28122,18.96209],[-97.28105,18.96159],[-97.27955,18.95911],[-97.27915,18.95874],[-97.27886,18.95861],[-97.27811,18.95861],[-97.2777,18.95832],[-97.27724,18.95766],[-97.27707,18.95712],[-97.27621,18.95596],[-97.2761,18.9553],[-97.27553,18.95434],[-97.27345,18.95277],[-97.27322,18.95243],[-97.27311,18.9519],[-97.27254,18.95037],[-97.27225,18.94991],[-97.27109,18.94933],[-97.26982,18.94899],[-97.26844,18.94783],[-97.26804,18.94721],[-97.26792,18.9468],[-97.26793,18.94506],[-97.26753,18.94423],[-97.26695,18.94386],[-97.26684,18.94345],[-97.26685,18.9418],[-97.26669,18.94056],[-97.2664,18.94006],[-97.26542,18.93944],[-97.26328,18.93761],[-97.2619,18.93669],[-97.26132,18.9364],[-97.26074,18.9364],[-97.25993,18.93602],[-97.25953,18.93569],[-97.25913,18.93482],[-97.25907,18.93445],[-97.25902,18.9333],[-97.25891,18.9328],[-97.25904,18.9309],[-97.25893,18.93003],[-97.25852,18.92999],[-97.25765,18.92961],[-97.25743,18.92899],[-97.25749,18.92858],[-97.25581,18.92725],[-97.25564,18.927],[-97.2557,18.92647],[-97.25559,18.92564],[-97.25432,18.92518],[-97.25392,18.92473],[-97.25369,18.92386],[-97.25346,18.92348],[-97.25178,18.92356],[-97.25126,18.9229],[-97.24982,18.92157],[-97.24942,18.92103],[-97.24948,18.92099],[-97.24902,18.92066],[-97.24885,18.92037],[-97.24764,18.91949],[-97.247,18.91928],[-97.24682,18.91932],[-97.24692,18.91833],[-97.24679,18.91783],[-97.24691,18.91759],[-97.24614,18.91669],[-97.24497,18.91601],[-97.24478,18.91539],[-97.24437,18.91478],[-97.24431,18.91399],[-97.24385,18.9137],[-97.24345,18.91312],[-97.24328,18.91217],[-97.24213,18.90964],[-97.24202,18.90919],[-97.24208,18.90828],[-97.24244,18.90671],[-97.24279,18.90589],[-97.24292,18.90494],[-97.24269,18.90444],[-97.24246,18.90419],[-97.24246,18.90358],[-97.24206,18.90267],[-97.24206,18.90221],[-97.24265,18.9016],[-97.24329,18.90048],[-97.24347,18.89949],[-97.24377,18.89879],[-97.24435,18.89801],[-97.24482,18.89756],[-97.245,18.89595],[-97.24501,18.89434],[-97.24542,18.89327],[-97.24577,18.89265],[-97.24624,18.89208],[-97.24642,18.89158],[-97.24723,18.89072],[-97.2477,18.89052],[-97.24834,18.89052],[-97.24892,18.89027],[-97.25113,18.88814],[-97.25131,18.88785],[-97.25218,18.88756],[-97.25339,18.88741],[-97.25381,18.88613],[-97.25463,18.88493],[-97.25521,18.88374],[-97.25533,18.88337],[-97.25516,18.88287],[-97.25529,18.88239],[-97.25563,18.88194],[-97.25645,18.88221],[-97.25663,18.88266],[-97.25705,18.88315],[-97.25793,18.88392],[-97.25844,18.88325],[-97.25922,18.88167],[-97.25984,18.88072],[-97.26082,18.87992],[-97.26251,18.88055],[-97.26326,18.88054],[-97.26401,18.88032],[-97.26707,18.87995],[-97.26849,18.87836],[-97.26947,18.87776],[-97.27546,18.87239],[-97.27621,18.87221],[-97.27679,18.87221],[-97.27737,18.87236],[-97.27789,18.87215],[-97.27829,18.87165],[-97.27863,18.87139],[-97.27897,18.87081],[-97.27943,18.87043],[-97.28029,18.87005],[-97.28098,18.87004],[-97.28191,18.87023],[-97.28255,18.87005],[-97.2842,18.86838],[-97.28512,18.86791],[-97.28593,18.86769],[-97.28662,18.86781],[-97.28758,18.86977],[-97.28794,18.8703],[-97.28835,18.87046],[-97.28869,18.87029],[-97.28897,18.86971],[-97.2893,18.86838],[-97.28986,18.86734],[-97.29061,18.86688],[-97.29147,18.86662],[-97.29227,18.86607],[-97.2929,18.86577],[-97.29441,18.86579],[-97.29582,18.86671],[-97.29644,18.86746],[-97.29725,18.86763],[-97.29754,18.86615],[-97.29755,18.8654],[-97.29697,18.86437],[-97.29686,18.86404],[-97.29692,18.86379],[-97.29664,18.86284],[-97.29716,18.86181],[-97.29804,18.86099],[-97.29785,18.85829],[-97.29739,18.85684],[-97.30946,18.85533],[-97.30935,18.85483],[-97.30865,18.85346],[-97.30738,18.85048],[-97.30651,18.84928],[-97.30645,18.8487],[-97.3061,18.84796],[-97.30605,18.84738],[-97.30558,18.84638],[-97.30471,18.84539],[-97.3028,18.84535],[-97.30239,18.84457],[-97.30251,18.84436],[-97.30338,18.84415],[-97.3039,18.84344],[-97.3039,18.84328],[-97.30425,18.8427],[-97.31052,18.84625],[-97.31539,18.84848],[-97.3173,18.84604],[-97.31805,18.84549],[-97.31909,18.84535],[-97.31942,18.84501],[-97.32016,18.84385],[-97.32256,18.84171],[-97.32318,18.84063],[-97.32311,18.84009],[-97.32345,18.83968],[-97.32556,18.83787],[-97.32677,18.83698],[-97.32702,18.83643],[-97.32764,18.83441],[-97.32832,18.83337],[-97.32825,18.83263],[-97.32916,18.83154],[-97.32967,18.83116],[-97.32978,18.8305],[-97.32965,18.82984],[-97.32976,18.82951],[-97.32941,18.82915],[-97.32871,18.82879],[-97.32829,18.82846],[-97.32782,18.82797],[-97.327,18.82749],[-97.32502,18.8269],[-97.32374,18.82664],[-97.32281,18.82595],[-97.32251,18.82538],[-97.3218,18.82464],[-97.32086,18.82412],[-97.32027,18.8236],[-97.31968,18.82249],[-97.31914,18.82172],[-97.31902,18.82118],[-97.32075,18.82066],[-97.322,18.81932],[-97.32274,18.81881],[-97.3235,18.81897],[-97.32478,18.81944],[-97.32571,18.81951],[-97.32785,18.81943],[-97.32939,18.81817],[-97.32845,18.81728],[-97.3265,18.81488],[-97.32648,18.81413],[-97.32618,18.81315],[-97.32611,18.81253],[-97.32807,18.81144],[-97.32859,18.81182],[-97.32958,18.81227],[-97.3312,18.81268],[-97.33178,18.81305],[-97.33248,18.81334],[-97.33288,18.81367],[-97.33451,18.81446],[-97.337,18.81524],[-97.33845,18.81582],[-97.34101,18.81651],[-97.34582,18.81804],[-97.34814,18.81911],[-97.34936,18.81948],[-97.3522,18.82072],[-97.35493,18.82146],[-97.35482,18.82005],[-97.35453,18.81852],[-97.35464,18.81669],[-97.35547,18.81417],[-97.35662,18.81307],[-97.35698,18.81203],[-97.35697,18.8116],[-97.35749,18.81117],[-97.35795,18.81159],[-97.35824,18.81204],[-97.35935,18.81308],[-97.36022,18.81366],[-97.3608,18.8139],[-97.36184,18.81394],[-97.3626,18.81365],[-97.36329,18.81352],[-97.36416,18.8129],[-97.36468,18.81273],[-97.36561,18.81273],[-97.36753,18.8124],[-97.36857,18.81252],[-97.37043,18.81293],[-97.37252,18.81413],[-97.37339,18.81437],[-97.37408,18.81445],[-97.376,18.81441],[-97.37722,18.81399],[-97.37937,18.81361],[-97.38,18.81336],[-97.38099,18.81319],[-97.38209,18.81261],[-97.3843,18.81211],[-97.38613,18.81193],[-97.38717,18.812],[-97.3879,18.81218],[-97.3899,18.81302],[-97.38994,18.81318],[-97.3925,18.81408],[-97.39389,18.81418],[-97.39408,18.8145],[-97.39498,18.81478],[-97.39544,18.81498],[-97.39561,18.81515],[-97.3966,18.81548],[-97.39881,18.81589],[-97.40165,18.81625],[-97.40501,18.81724],[-97.406,18.81774],[-97.40681,18.81802],[-97.40774,18.81823],[-97.40925,18.81827],[-97.41012,18.81851],[-97.41069,18.81888],[-97.41169,18.81884],[-97.41254,18.81603],[-97.41247,18.81393],[-97.41424,18.80412],[-97.41523,18.80412],[-97.41668,18.80391],[-97.41842,18.80382],[-97.41976,18.80386],[-97.42092,18.80419],[-97.42353,18.80559],[-97.42481,18.80654],[-97.42695,18.8072],[-97.428,18.8074],[-97.43009,18.80698],[-97.43212,18.80698],[-97.43415,18.80606],[-97.43531,18.80539],[-97.43647,18.80452],[-97.43728,18.80369],[-97.43867,18.80261],[-97.44001,18.80236],[-97.44129,18.80273],[-97.44291,18.80276],[-97.44477,18.80214],[-97.44686,18.80184],[-97.44761,18.80151],[-97.4479,18.80113],[-97.44912,18.79823],[-97.45051,18.79632],[-97.45121,18.79578],[-97.45214,18.79486],[-97.45301,18.79424],[-97.45539,18.79224],[-97.45782,18.78992],[-97.45985,18.78879],[-97.46206,18.78821],[-97.46334,18.78766],[-97.46415,18.78704],[-97.46473,18.78629],[-97.46484,18.78542],[-97.46409,18.78364],[-97.46299,18.78207],[-97.46206,18.7812],[-97.4609,18.7805],[-97.46032,18.78042],[-97.45933,18.78059],[-97.45834,18.78088],[-97.45649,18.7818],[-97.45283,18.78255],[-97.45237,18.78272],[-97.45156,18.78343],[-97.45103,18.78405],[-97.45074,18.78422],[-97.45063,18.7838],[-97.45063,18.78322],[-97.45074,18.77974],[-97.45092,18.77734],[-97.45103,18.777],[-97.45486,18.77583],[-97.45614,18.77529],[-97.45724,18.77446],[-97.45782,18.77371],[-97.46049,18.76927],[-97.462,18.76607],[-97.46345,18.76449],[-97.46617,18.76076],[-97.4667,18.7603],[-97.46722,18.7605],[-97.46861,18.76154],[-97.47656,18.76632],[-97.48274,18.77042],[-97.4888,18.77404],[-97.49046,18.77492],[-97.49283,18.7764],[-97.49363,18.7771],[-97.4947,18.77833],[-97.49722,18.78156],[-97.50012,18.78221],[-97.50134,18.78254],[-97.50215,18.78287],[-97.50291,18.78303],[-97.50331,18.78303],[-97.50465,18.78265],[-97.5047,18.78228],[-97.5043,18.78183],[-97.50314,18.78088],[-97.5032,18.78042],[-97.50395,18.77884],[-97.50476,18.77743],[-97.50528,18.77681],[-97.50673,18.77428],[-97.50754,18.77452],[-97.50859,18.77527],[-97.50952,18.77564],[-97.51068,18.77634],[-97.51137,18.77613],[-97.51184,18.77567],[-97.51195,18.77372],[-97.51213,18.77293],[-97.51213,18.77169],[-97.51271,18.76974],[-97.51294,18.76763],[-97.51323,18.76634],[-97.51386,18.76439],[-97.51444,18.76306],[-97.51497,18.76202],[-97.51595,18.76103],[-97.51676,18.76061],[-97.51798,18.75978],[-97.5203,18.75683],[-97.52216,18.75467],[-97.52313,18.75335],[-97.52297,18.75209],[-97.52314,18.75131],[-97.52337,18.75077],[-97.52366,18.74923],[-97.52389,18.74861],[-97.52424,18.74803],[-97.52459,18.74633],[-97.52465,18.74558],[-97.52511,18.74363],[-97.52523,18.74376],[-97.52528,18.74326],[-97.52552,18.74259],[-97.52557,18.74185],[-97.52592,18.73998],[-97.52574,18.7382],[-97.52586,18.73729],[-97.52714,18.73509],[-97.52748,18.73475],[-97.52835,18.73342],[-97.5298,18.73156],[-97.53108,18.73031],[-97.53166,18.72989],[-97.53259,18.72935],[-97.53316,18.72918],[-97.53566,18.72897],[-97.53667,18.72905],[-97.53926,18.72958],[-97.54105,18.73007],[-97.54178,18.73039],[-97.54256,18.7306],[-97.54269,18.7308],[-97.5427,18.73136],[-97.54236,18.73171],[-97.54242,18.73206],[-97.54263,18.73242],[-97.5457,18.7347],[-97.54997,18.7368],[-97.55184,18.73843],[-97.55477,18.73883],[-97.55556,18.73911],[-97.55852,18.74125],[-97.55992,18.7436],[-97.56084,18.7446],[-97.562,18.74547],[-97.56236,18.74594],[-97.56392,18.74746],[-97.56459,18.74836],[-97.56507,18.74876],[-97.56611,18.74924],[-97.5675,18.74971],[-97.56862,18.75075],[-97.56949,18.75132],[-97.57309,18.75214],[-97.57599,18.75238],[-97.57721,18.75266],[-97.57907,18.75357],[-97.58017,18.75448],[-97.58185,18.75534],[-97.58284,18.7553],[-97.58493,18.75562],[-97.58655,18.75624],[-97.58737,18.75636],[-97.58824,18.75669],[-97.5894,18.75768],[-97.58957,18.75959],[-97.58987,18.76066],[-97.59045,18.76149],[-97.59079,18.76182],[-97.59161,18.76202],[-97.59671,18.76205],[-97.59729,18.76234]]]}},{"type":"Feature","properties":{"id":9,"distrito_f":9,"nombre":"Distrito Federal 9","entidad":21},"geometry":{"type":"Polygon","coordinates":[[[-98.19037,19.13927],[-98.19018,19.13888],[-98.18829,19.13637],[-98.18665,19.13383],[-98.19626,19.12692],[-98.19124,19.12343],[-98.19153,19.12338],[-98.19175,19.12284],[-98.19197,19.12267],[-98.19208,19.12246],[-98.19213,19.12196],[-98.19246,19.12158],[-98.19372,19.12105],[-98.19388,19.1206],[-98.19387,19.12002],[-98.19409,19.11968],[-98.19467,19.11975],[-98.19541,19.11927],[-98.19586,19.11868],[-98.19748,19.11864],[-98.19806,19.1185],[-98.19834,19.11816],[-98.19956,19.11829],[-98.19991,19.11824],[-98.20052,19.11752],[-98.20109,19.11722],[-98.20188,19.11649],[-98.20275,19.11634],[-98.20407,19.11594],[-98.20493,19.11554],[-98.20511,19.11554],[-98.20504,19.11541],[-98.20422,19.11506],[-98.20358,19.11492],[-98.20276,19.1149],[-98.20109,19.11532],[-98.20034,19.11538],[-98.19943,19.1159],[-98.19869,19.11646],[-98.19835,19.11655],[-98.19645,19.11662],[-98.19627,19.11678],[-98.19598,19.11656],[-98.19569,19.1165],[-98.19546,19.11651],[-98.19522,19.11668],[-98.1944,19.11618],[-98.19402,19.11632],[-98.1932,19.11605],[-98.19153,19.11603],[-98.19073,19.11591],[-98.19056,19.11578],[-98.1905,19.11557],[-98.19036,19.11551],[-98.18978,19.11554],[-98.18923,19.1153],[-98.18877,19.11525],[-98.18824,19.11578],[-98.18799,19.11588],[-98.18767,19.11583],[-98.18744,19.11598],[-98.18681,19.11602],[-98.18648,19.11581],[-98.18406,19.11519],[-98.17022,19.10773],[-98.16615,19.10506],[-98.16605,19.10469],[-98.16628,19.10441],[-98.16671,19.10432],[-98.16699,19.10406],[-98.16746,19.1035],[-98.16808,19.10248],[-98.16822,19.10201],[-98.16883,19.10144],[-98.16938,19.10073],[-98.17066,19.09974],[-98.17099,19.0993],[-98.17199,19.09885],[-98.17301,19.09883],[-98.17358,19.09842],[-98.17396,19.09788],[-98.174,19.09756],[-98.17437,19.09696],[-98.17485,19.09721],[-98.17557,19.09589],[-98.17541,19.09582],[-98.17548,19.09568],[-98.17633,19.0951],[-98.17427,19.09402],[-98.17481,19.09306],[-98.17668,19.09403],[-98.17697,19.09331],[-98.17699,19.093],[-98.17778,19.09197],[-98.17806,19.09196],[-98.17604,19.09088],[-98.17781,19.08775],[-98.18155,19.08044],[-98.18167,19.07605],[-98.18179,19.07584],[-98.18137,19.07561],[-98.18174,19.07527],[-98.18239,19.07493],[-98.18293,19.07487],[-98.18112,19.07368],[-98.18121,19.0735],[-98.17975,19.07253],[-98.1809,19.07167],[-98.18168,19.0714],[-98.18235,19.07069],[-98.18338,19.07007],[-98.1843,19.06896],[-98.18529,19.06828],[-98.18642,19.0662],[-98.18669,19.06549],[-98.18701,19.06504],[-98.18746,19.06343],[-98.18768,19.06328],[-98.19044,19.05856],[-98.18864,19.05808],[-98.1897,19.05623],[-98.19064,19.05427],[-98.19189,19.0527],[-98.19448,19.04825],[-98.19894,19.05056],[-98.2136,19.02582],[-98.21423,19.02574],[-98.21588,19.02475],[-98.21642,19.02432],[-98.21657,19.02408],[-98.21659,19.02328],[-98.21884,19.02446],[-98.21859,19.02491],[-98.21852,19.02528],[-98.21795,19.02601],[-98.22185,19.02806],[-98.22207,19.02826],[-98.22227,19.0279],[-98.22409,19.02852],[-98.2239,19.02931],[-98.22398,19.02951],[-98.22504,19.03057],[-98.22512,19.03077],[-98.22553,19.03097],[-98.22605,19.03102],[-98.22627,19.03058],[-98.22747,19.02935],[-98.22914,19.02801],[-98.22936,19.02761],[-98.22983,19.02769],[-98.23149,19.02826],[-98.23673,19.03116],[-98.23715,19.03128],[-98.23785,19.03124],[-98.23793,19.03139],[-98.23863,19.03131],[-98.23927,19.03153],[-98.24527,19.03625],[-98.2455,19.03683],[-98.24549,19.03821],[-98.24573,19.03861],[-98.24911,19.03998],[-98.24992,19.04045],[-98.25027,19.04092],[-98.25028,19.0408],[-98.2504,19.0413],[-98.24954,19.04555],[-98.25051,19.04573],[-98.25138,19.04608],[-98.25104,19.04716],[-98.25206,19.04848],[-98.25779,19.05179],[-98.25814,19.05082],[-98.25968,19.04796],[-98.25959,19.04794],[-98.26142,19.0448],[-98.26244,19.0452],[-98.26301,19.04509],[-98.26362,19.04514],[-98.26399,19.04524],[-98.26415,19.0454],[-98.26527,19.04517],[-98.26589,19.04544],[-98.26654,19.04593],[-98.26864,19.04649],[-98.2656,19.0485],[-98.25593,19.05528],[-98.26068,19.06536],[-98.26099,19.06619],[-98.26227,19.06582],[-98.26532,19.06527],[-98.26414,19.06662],[-98.26293,19.06858],[-98.26063,19.07318],[-98.26074,19.07347],[-98.26113,19.07369],[-98.26169,19.07378],[-98.26184,19.07394],[-98.26139,19.07474],[-98.26156,19.07488],[-98.26111,19.07522],[-98.25717,19.07264],[-98.25613,19.07209],[-98.2552,19.07176],[-98.25513,19.07207],[-98.2557,19.07516],[-98.26027,19.07722],[-98.26209,19.07815],[-98.25851,19.08119],[-98.25716,19.08214],[-98.25626,19.08257],[-98.25678,19.08372],[-98.25624,19.08498],[-98.25542,19.08493],[-98.25463,19.08649],[-98.25259,19.08873],[-98.25239,19.08859],[-98.25189,19.08747],[-98.25287,19.08656],[-98.25249,19.08652],[-98.25154,19.08615],[-98.24883,19.08717],[-98.24708,19.08915],[-98.24654,19.08699],[-98.24286,19.08689],[-98.24319,19.08892],[-98.24307,19.08893],[-98.24283,19.09035],[-98.24289,19.09086],[-98.24267,19.09096],[-98.24271,19.09117],[-98.24257,19.09168],[-98.24192,19.09359],[-98.24164,19.09381],[-98.23861,19.09417],[-98.24019,19.09635],[-98.24046,19.09764],[-98.24073,19.09789],[-98.24105,19.09878],[-98.24157,19.09932],[-98.24172,19.10058],[-98.242,19.10089],[-98.23836,19.10415],[-98.23748,19.10558],[-98.2349,19.10374],[-98.23408,19.10339],[-98.23347,19.10378],[-98.23327,19.10419],[-98.23325,19.10478],[-98.23356,19.1058],[-98.23426,19.10661],[-98.23448,19.10703],[-98.23455,19.1073],[-98.2345,19.10812],[-98.23428,19.10855],[-98.23307,19.10877],[-98.23227,19.10881],[-98.23203,19.10897],[-98.23171,19.1098],[-98.23175,19.11004],[-98.23165,19.11045],[-98.23148,19.11066],[-98.23056,19.11271],[-98.23052,19.11374],[-98.23041,19.11398],[-98.22954,19.11483],[-98.22911,19.11553],[-98.22909,19.11591],[-98.22974,19.11661],[-98.23004,19.11685],[-98.23104,19.11723],[-98.23212,19.11809],[-98.23232,19.11847],[-98.23224,19.1187],[-98.23163,19.1194],[-98.23002,19.12039],[-98.22977,19.12067],[-98.22886,19.12212],[-98.2285,19.12307],[-98.22866,19.12374],[-98.22904,19.12403],[-98.23086,19.1245],[-98.23099,19.12492],[-98.2304,19.12669],[-98.23041,19.12732],[-98.23068,19.12805],[-98.23065,19.129],[-98.2305,19.12938],[-98.2302,19.12975],[-98.22955,19.13024],[-98.22885,19.13126],[-98.22897,19.13174],[-98.22932,19.13217],[-98.22943,19.13286],[-98.22928,19.13379],[-98.22902,19.13457],[-98.2287,19.13494],[-98.2284,19.13507],[-98.22806,19.1351],[-98.22668,19.13473],[-98.22578,19.13482],[-98.22544,19.13508],[-98.22477,19.13622],[-98.22467,19.13672],[-98.22473,19.13814],[-98.2243,19.13768],[-98.22294,19.13673],[-98.22234,19.1365],[-98.22188,19.13659],[-98.22101,19.13641],[-98.21976,19.13631],[-98.21801,19.13522],[-98.21649,19.13481],[-98.21502,19.13427],[-98.21322,19.13397],[-98.21281,19.13364],[-98.21231,19.13373],[-98.21005,19.13285],[-98.20978,19.13288],[-98.20795,19.13257],[-98.20727,19.13275],[-98.20428,19.13436],[-98.20162,19.13678],[-98.19954,19.13794],[-98.1977,19.13833],[-98.19718,19.13895],[-98.19705,19.13884],[-98.19479,19.13871],[-98.19326,19.13898],[-98.19141,19.13905],[-98.19037,19.13927]]]}},{"type":"Feature","properties":{"id":10,"distrito_f":10,"nombre":"Distrito Federal 10","entidad":21},"geometry":{"type":"Polygon","coordinates":[[[-98.29593,19.09766],[-98.29099,19.10838],[-98.29085,19.10839],[-98.28951,19.10753],[-98.28846,19.10654],[-98.28832,19.10621],[-98.2882,19.10497],[-98.28749,19.104],[-98.28673,19.10464],[-98.28429,19.10721],[-98.2834,19.10803],[-98.28211,19.11023],[-98.28068,19.11193],[-98.27913,19.10988],[-98.27855,19.11176],[-98.27819,19.11371],[-98.27729,19.11548],[-98.27692,19.11375],[-98.27647,19.10858],[-98.27404,19.11179],[-98.2712,19.11532],[-98.26713,19.11867],[-98.26691,19.11853],[-98.26627,19.11774],[-98.26557,19.11655],[-98.26395,19.11467],[-98.2633,19.11378],[-98.26212,19.11274],[-98.25967,19.11941],[-98.25851,19.12178],[-98.26107,19.12436],[-98.255,19.13355],[-98.25489,19.13389],[-98.25893,19.13827],[-98.25697,19.14169],[-98.25107,19.15043],[-98.24905,19.153],[-98.24554,19.15823],[-98.24097,19.15714],[-98.23987,19.15728],[-98.23817,19.15785],[-98.23788,19.15763],[-98.23796,19.15643],[-98.23811,19.15579],[-98.2377,19.15562],[-98.23732,19.15631],[-98.23661,19.15703],[-98.23459,19.15666],[-98.23092,19.15663],[-98.22989,19.1562],[-98.22874,19.15413],[-98.22854,19.15329],[-98.22871,19.15208],[-98.22894,19.1517],[-98.22901,19.15038],[-98.22981,19.14893],[-98.2299,19.14864],[-98.22985,19.14843],[-98.22929,19.14796],[-98.22827,19.14657],[-98.2281,19.14644],[-98.22702,19.14612],[-98.22642,19.14575],[-98.22609,19.14537],[-98.2258,19.14492],[-98.22492,19.14284],[-98.2245,19.14215],[-98.22447,19.14155],[-98.22477,19.14103],[-98.22563,19.14059],[-98.22588,19.14035],[-98.22589,19.14012],[-98.22575,19.13983],[-98.22476,19.13841],[-98.22467,19.13672],[-98.22477,19.13622],[-98.22544,19.13508],[-98.22578,19.13482],[-98.22668,19.13473],[-98.22806,19.1351],[-98.2287,19.13494],[-98.22902,19.13457],[-98.22928,19.13379],[-98.22943,19.13286],[-98.22932,19.13217],[-98.22897,19.13174],[-98.22885,19.13126],[-98.22955,19.13024],[-98.2302,19.12975],[-98.2305,19.12938],[-98.23065,19.129],[-98.23068,19.12805],[-98.23041,19.12732],[-98.2304,19.12669],[-98.23099,19.12492],[-98.23097,19.12467],[-98.23086,19.1245],[-98.23056,19.12439],[-98.22904,19.12403],[-98.22866,19.12374],[-98.2285,19.12307],[-98.22886,19.12212],[-98.22977,19.12067],[-98.23002,19.12039],[-98.23163,19.1194],[-98.23224,19.1187],[-98.23232,19.11847],[-98.23212,19.11809],[-98.23104,19.11723],[-98.23004,19.11685],[-98.22974,19.11661],[-98.22909,19.11591],[-98.22911,19.11553],[-98.22954,19.11483],[-98.23041,19.11398],[-98.23052,19.11374],[-98.23056,19.11271],[-98.23148,19.11066],[-98.23165,19.11045],[-98.23175,19.11004],[-98.23171,19.1098],[-98.23203,19.10897],[-98.23227,19.10881],[-98.23307,19.10877],[-98.23428,19.10855],[-98.2345,19.10812],[-98.23455,19.1073],[-98.23448,19.10703],[-98.23426,19.10661],[-98.23356,19.1058],[-98.23336,19.10528],[-98.23325,19.10478],[-98.23327,19.10419],[-98.23347,19.10378],[-98.23408,19.10339],[-98.23477,19.10368],[-98.23748,19.10558],[-98.23836,19.10415],[-98.242,19.10089],[-98.24172,19.10058],[-98.24157,19.09932],[-98.24105,19.09878],[-98.24073,19.09789],[-98.24046,19.09764],[-98.24019,19.09635],[-98.23861,19.09417],[-98.24164,19.09381],[-98.24192,19.09359],[-98.24257,19.09168],[-98.24271,19.09117],[-98.24267,19.09096],[-98.24289,19.09086],[-98.24283,19.09035],[-98.24307,19.08893],[-98.24319,19.08892],[-98.24286,19.08689],[-98.24654,19.08699],[-98.24708,19.08915],[-98.24883,19.08717],[-98.25154,19.08615],[-98.25249,19.08652],[-98.25287,19.08656],[-98.25189,19.08747],[-98.25239,19.08859],[-98.25259,19.08873],[-98.25463,19.08649],[-98.25542,19.08493],[-98.25624,19.08498],[-98.25678,19.08372],[-98.25626,19.08257],[-98.25716,19.08214],[-98.25851,19.08119],[-98.26209,19.07815],[-98.26027,19.07722],[-98.2557,19.07516],[-98.25513,19.07207],[-98.2552,19.07176],[-98.25613,19.07209],[-98.25717,19.07264],[-98.26111,19.07522],[-98.26156,19.07488],[-98.26139,19.07474],[-98.26184,19.07394],[-98.26169,19.07378],[-98.26113,19.07369],[-98.26074,19.07347],[-98.26063,19.07318],[-98.26293,19.06858],[-98.26414,19.06662],[-98.26532,19.06527],[-98.26227,19.06582],[-98.26099,19.06619],[-98.26068,19.06536],[-98.25593,19.05528],[-98.2656,19.0485],[-98.26864,19.04649],[-98.26654,19.04593],[-98.26589,19.04544],[-98.26527,19.04517],[-98.26415,19.0454],[-98.26399,19.04524],[-98.26362,19.04514],[-98.26301,19.04509],[-98.26244,19.0452],[-98.26142,19.0448],[-98.25959,19.04794],[-98.25968,19.04796],[-98.25814,19.05082],[-98.25779,19.05179],[-98.25206,19.04848],[-98.25104,19.04716],[-98.25138,19.04608],[-98.25051,19.04573],[-98.24954,19.04555],[-98.2504,19.0413],[-98.25028,19.0408],[-98.25027,19.04092],[-98.24992,19.04045],[-98.24911,19.03998],[-98.24573,19.03861],[-98.24549,19.03821],[-98.24548,19.03669],[-98.24527,19.03625],[-98.24504,19.03603],[-98.23917,19.03147],[-98.23863,19.03131],[-98.23793,19.03139],[-98.23785,19.03124],[-98.23715,19.03128],[-98.23673,19.03116],[-98.23149,19.02826],[-98.22983,19.02769],[-98.22936,19.02761],[-98.22914,19.02801],[-98.22747,19.02935],[-98.22627,19.03058],[-98.22605,19.03102],[-98.22553,19.03097],[-98.22512,19.03077],[-98.22504,19.03057],[-98.22398,19.02951],[-98.2239,19.02931],[-98.22439,19.02676],[-98.22429,19.02583],[-98.22434,19.02543],[-98.22499,19.02483],[-98.22549,19.02479],[-98.22585,19.02498],[-98.22604,19.0254],[-98.22647,19.02582],[-98.22704,19.02588],[-98.22757,19.02573],[-98.22766,19.02544],[-98.22743,19.02448],[-98.22773,19.02358],[-98.22854,19.02208],[-98.2286,19.02149],[-98.23093,19.02255],[-98.23098,19.0224],[-98.23259,19.02308],[-98.23273,19.02329],[-98.23747,19.02541],[-98.23806,19.02548],[-98.2387,19.02505],[-98.23969,19.02412],[-98.24102,19.02359],[-98.24336,19.0222],[-98.24417,19.02164],[-98.24517,19.02059],[-98.24554,19.02034],[-98.2467,19.02002],[-98.24711,19.01974],[-98.24736,19.01949],[-98.24817,19.01692],[-98.24641,19.01306],[-98.24726,19.01265],[-98.24808,19.01144],[-98.2496,19.01093],[-98.25087,19.00842],[-98.25109,19.00826],[-98.25167,19.00828],[-98.25242,19.0081],[-98.25324,19.00749],[-98.25323,19.00702],[-98.25301,19.00674],[-98.2526,19.00507],[-98.25262,19.0047],[-98.25279,19.00455],[-98.25326,19.00447],[-98.25373,19.0042],[-98.25388,19.00381],[-98.2541,19.00246],[-98.25456,19.00156],[-98.25495,19.0011],[-98.25497,19.00071],[-98.25466,18.99945],[-98.2547,18.99883],[-98.25495,18.99802],[-98.25527,18.99755],[-98.25578,18.9973],[-98.25603,18.99733],[-98.257,18.99778],[-98.2575,18.99781],[-98.25771,18.99772],[-98.25817,18.99722],[-98.25827,18.99694],[-98.25831,18.99644],[-98.25821,18.99597],[-98.25807,18.99576],[-98.25731,18.99519],[-98.25694,18.99468],[-98.2569,18.99436],[-98.2577,18.99325],[-98.25824,18.99315],[-98.25873,18.99326],[-98.25939,18.99301],[-98.26044,18.99242],[-98.26108,18.99227],[-98.26211,18.99239],[-98.2641,18.99214],[-98.26523,18.99219],[-98.26536,18.9921],[-98.26561,18.99123],[-98.26615,18.9902],[-98.26631,18.98994],[-98.26664,18.98989],[-98.26701,18.99001],[-98.26744,18.99057],[-98.2677,18.99179],[-98.26824,18.99315],[-98.26868,18.99381],[-98.26906,18.99412],[-98.26971,18.9943],[-98.2702,18.99419],[-98.27069,18.99381],[-98.27168,18.99349],[-98.27296,18.99375],[-98.27343,18.99368],[-98.27357,18.99343],[-98.27277,18.99118],[-98.27291,18.99076],[-98.27308,18.99064],[-98.2741,18.9904],[-98.27451,18.99011],[-98.27433,18.98934],[-98.27392,18.98841],[-98.274,18.98749],[-98.27421,18.98727],[-98.27444,18.9872],[-98.27626,18.987],[-98.27744,18.98554],[-98.27783,18.98565],[-98.28745,18.99319],[-98.29096,18.9895],[-98.29196,18.98881],[-98.29255,18.98874],[-98.29497,18.99128],[-98.29682,18.99465],[-98.29739,18.99621],[-98.29902,18.99914],[-98.30001,18.99997],[-98.30123,19.00048],[-98.30133,19.00041],[-98.30531,19.00145],[-98.30602,19.00362],[-98.30583,19.00725],[-98.30725,19.00847],[-98.30666,19.00944],[-98.30639,19.01022],[-98.31263,19.01046],[-98.31512,19.01007],[-98.31576,19.00987],[-98.31586,19.00992],[-98.31631,19.00852],[-98.31879,19.0091],[-98.31958,19.01288],[-98.32213,19.01122],[-98.32478,19.00883],[-98.32542,19.00946],[-98.32772,19.0069],[-98.32865,19.00685],[-98.32976,19.00696],[-98.32978,19.00644],[-98.33085,19.0064],[-98.33102,19.00694],[-98.33203,19.00684],[-98.33165,19.00619],[-98.33199,19.00599],[-98.33289,19.00505],[-98.33347,19.0037],[-98.33504,19.00158],[-98.33464,19.00092],[-98.34138,18.99841],[-98.34259,18.99506],[-98.35149,18.98873],[-98.35286,18.99065],[-98.35393,18.99262],[-98.352,18.9933],[-98.35471,18.99746],[-98.36276,18.99389],[-98.36851,18.99645],[-98.36997,18.99726],[-98.37562,18.99748],[-98.37912,19.00042],[-98.3833,18.99684],[-98.39121,19.00733],[-98.39571,19.00957],[-98.3967,19.00997],[-98.39716,19.00972],[-98.39739,19.00906],[-98.39744,19.0081],[-98.3979,19.00764],[-98.39877,19.00764],[-98.40104,19.00795],[-98.40232,19.0086],[-98.40325,19.00946],[-98.40396,19.0105],[-98.4046,19.01182],[-98.40553,19.0121],[-98.40614,19.01177],[-98.4086,19.00967],[-98.41004,19.00879],[-98.41172,19.00799],[-98.41515,19.00683],[-98.41643,19.00915],[-98.41748,19.01064],[-98.41854,19.01191],[-98.41901,19.01319],[-98.41945,19.01891],[-98.41994,19.02172],[-98.42083,19.02507],[-98.42202,19.02896],[-98.42308,19.0336],[-98.42259,19.03476],[-98.42207,19.03692],[-98.42131,19.04314],[-98.4212,19.0452],[-98.42126,19.04709],[-98.42093,19.04905],[-98.41896,19.04988],[-98.41546,19.05263],[-98.41391,19.05281],[-98.41339,19.05302],[-98.41218,19.05292],[-98.4173,19.06267],[-98.41776,19.06225],[-98.41847,19.06183],[-98.41874,19.06151],[-98.41918,19.06334],[-98.41955,19.06418],[-98.41972,19.06518],[-98.42039,19.06621],[-98.41992,19.06712],[-98.41991,19.06751],[-98.41963,19.06798],[-98.41927,19.06927],[-98.41928,19.06965],[-98.41886,19.07128],[-98.41877,19.07198],[-98.41824,19.07354],[-98.41795,19.07545],[-98.41759,19.077],[-98.4174,19.07833],[-98.41748,19.07899],[-98.41738,19.07949],[-98.41744,19.07982],[-98.41734,19.08012],[-98.41742,19.08082],[-98.41729,19.08244],[-98.41771,19.08467],[-98.41761,19.08521],[-98.41727,19.08531],[-98.41633,19.08508],[-98.41491,19.08442],[-98.4145,19.0841],[-98.4132,19.08339],[-98.41091,19.08266],[-98.41025,19.08218],[-98.40961,19.08216],[-98.40922,19.08254],[-98.40899,19.08263],[-98.40823,19.08245],[-98.4068,19.08141],[-98.40473,19.08047],[-98.40339,19.08017],[-98.40125,19.07878],[-98.39766,19.07718],[-98.39724,19.07686],[-98.39677,19.07666],[-98.39522,19.07555],[-98.3944,19.07536],[-98.3939,19.07604],[-98.39308,19.07768],[-98.39294,19.07864],[-98.39256,19.07977],[-98.39247,19.08039],[-98.39266,19.08101],[-98.39327,19.08182],[-98.39346,19.08244],[-98.39347,19.08265],[-98.39335,19.08273],[-98.39342,19.08315],[-98.39477,19.08357],[-98.3953,19.08359],[-98.39729,19.08404],[-98.39764,19.08403],[-98.39812,19.08447],[-98.36952,19.10916],[-98.36281,19.11526],[-98.36148,19.1142],[-98.35898,19.11414],[-98.37292,19.10032],[-98.35703,19.10091],[-98.35695,19.0968],[-98.34931,19.09694],[-98.34656,19.10159],[-98.34468,19.09964],[-98.34214,19.10191],[-98.34058,19.1007],[-98.33779,19.09901],[-98.33833,19.09839],[-98.33587,19.09662],[-98.33174,19.10157],[-98.32778,19.09882],[-98.32534,19.09696],[-98.3231,19.09509],[-98.321,19.09385],[-98.32138,19.09289],[-98.3196,19.09167],[-98.31989,19.0912],[-98.31847,19.09022],[-98.3182,19.0905],[-98.31832,19.0907],[-98.31708,19.09246],[-98.31389,19.09639],[-98.31292,19.09578],[-98.31049,19.0996],[-98.31243,19.10093],[-98.31162,19.10317],[-98.31191,19.10338],[-98.31164,19.104],[-98.31168,19.10501],[-98.31039,19.10791],[-98.30828,19.10643],[-98.30534,19.10469],[-98.30496,19.10425],[-98.30403,19.10399],[-98.30299,19.1039],[-98.3028,19.10352],[-98.30219,19.10319],[-98.30184,19.10276],[-98.29986,19.10152],[-98.29844,19.10037],[-98.29593,19.09766]]]}},{"type":"Feature","properties":{"id":11,"distrito_f":11,"nombre":"Distrito Federal 11","entidad":21},"geometry":{"type":"Polygon","coordinates":[[[-98.22409,19.02852],[-98.22227,19.0279],[-98.22207,19.02826],[-98.22185,19.02806],[-98.21795,19.02601],[-98.21852,19.02528],[-98.21859,19.02491],[-98.21884,19.02446],[-98.21659,19.02328],[-98.21657,19.02408],[-98.21642,19.02432],[-98.21588,19.02475],[-98.21423,19.02574],[-98.2136,19.02582],[-98.20543,19.00288],[-98.20459,19.00019],[-98.20075,18.98967],[-98.20188,18.9854],[-98.20195,18.98535],[-98.20347,18.98581],[-98.204,18.98401],[-98.20555,18.98372],[-98.20788,18.98148],[-98.20862,18.97919],[-98.20854,18.97861],[-98.20949,18.97408],[-98.20887,18.97357],[-98.20834,18.97331],[-98.20849,18.97296],[-98.20943,18.97347],[-98.21158,18.97553],[-98.21185,18.97514],[-98.21272,18.97097],[-98.21293,18.97085],[-98.21324,18.96991],[-98.21511,18.96544],[-98.21832,18.96498],[-98.21825,18.9635],[-98.22621,18.96294],[-98.22616,18.96145],[-98.22696,18.96176],[-98.22757,18.96188],[-98.23826,18.96236],[-98.2406,18.96363],[-98.24042,18.96243],[-98.23854,18.95492],[-98.24435,18.95388],[-98.24417,18.9532],[-98.24968,18.95212],[-98.25018,18.95223],[-98.25082,18.95219],[-98.25109,18.95174],[-98.25199,18.9512],[-98.25219,18.95027],[-98.25236,18.9499],[-98.25246,18.94808],[-98.25313,18.94812],[-98.2537,18.94872],[-98.25395,18.9493],[-98.25431,18.95069],[-98.25452,18.95093],[-98.25795,18.95081],[-98.26011,18.9512],[-98.26042,18.95145],[-98.26083,18.95203],[-98.26104,18.95389],[-98.26125,18.95424],[-98.26154,18.95434],[-98.26179,18.95428],[-98.2625,18.95379],[-98.26341,18.95334],[-98.26367,18.95336],[-98.26621,18.95531],[-98.26662,18.95574],[-98.26672,18.95616],[-98.26683,18.95624],[-98.26712,18.95616],[-98.26818,18.95551],[-98.26845,18.95511],[-98.26863,18.95434],[-98.26887,18.95177],[-98.26964,18.95141],[-98.27031,18.9513],[-98.27063,18.95142],[-98.27181,18.9522],[-98.27228,18.95333],[-98.27269,18.95394],[-98.2733,18.95549],[-98.27385,18.95576],[-98.27542,18.95575],[-98.27561,18.9558],[-98.27567,18.95591],[-98.27572,18.95668],[-98.27552,18.95701],[-98.27496,18.95742],[-98.27453,18.95795],[-98.27433,18.95831],[-98.2744,18.95856],[-98.27518,18.95915],[-98.27565,18.95934],[-98.27693,18.95948],[-98.27723,18.95998],[-98.27748,18.96078],[-98.27776,18.96279],[-98.27773,18.96365],[-98.27749,18.96494],[-98.2776,18.96577],[-98.2775,18.96734],[-98.27669,18.96902],[-98.2772,18.97099],[-98.27755,18.9714],[-98.27869,18.97235],[-98.28183,18.97452],[-98.28217,18.97501],[-98.2826,18.97592],[-98.28263,18.97615],[-98.28242,18.97683],[-98.28208,18.97735],[-98.28143,18.97753],[-98.28014,18.97754],[-98.27977,18.97786],[-98.27968,18.97808],[-98.27963,18.97828],[-98.27983,18.97881],[-98.28087,18.97993],[-98.28103,18.98025],[-98.28082,18.98056],[-98.28062,18.98066],[-98.27997,18.9807],[-98.27959,18.98083],[-98.27928,18.98127],[-98.27911,18.98175],[-98.27918,18.98263],[-98.28005,18.98384],[-98.28008,18.98401],[-98.27996,18.98429],[-98.27913,18.98519],[-98.27744,18.98554],[-98.27626,18.987],[-98.27444,18.9872],[-98.27421,18.98727],[-98.274,18.98749],[-98.27392,18.98841],[-98.27433,18.98934],[-98.27451,18.99011],[-98.2741,18.9904],[-98.27308,18.99064],[-98.27291,18.99076],[-98.27277,18.99118],[-98.27357,18.99343],[-98.27343,18.99368],[-98.27296,18.99375],[-98.27168,18.99349],[-98.27069,18.99381],[-98.2702,18.99419],[-98.26971,18.9943],[-98.26906,18.99412],[-98.26868,18.99381],[-98.26824,18.99315],[-98.2677,18.99179],[-98.26744,18.99057],[-98.26701,18.99001],[-98.26664,18.98989],[-98.26631,18.98994],[-98.26615,18.9902],[-98.26561,18.99123],[-98.26536,18.9921],[-98.26523,18.99219],[-98.2641,18.99214],[-98.26211,18.99239],[-98.26108,18.99227],[-98.26044,18.99242],[-98.25939,18.99301],[-98.25873,18.99326],[-98.25824,18.99315],[-98.2577,18.99325],[-98.2569,18.99436],[-98.25694,18.99468],[-98.25731,18.99519],[-98.25807,18.99576],[-98.25821,18.99597],[-98.25831,18.99644],[-98.25827,18.99694],[-98.25817,18.99722],[-98.25771,18.99772],[-98.2575,18.99781],[-98.257,18.99778],[-98.25603,18.99733],[-98.25578,18.9973],[-98.25527,18.99755],[-98.25495,18.99802],[-98.2547,18.99883],[-98.25466,18.99945],[-98.25497,19.00071],[-98.25495,19.0011],[-98.25456,19.00156],[-98.2541,19.00246],[-98.25388,19.00381],[-98.25373,19.0042],[-98.25326,19.00447],[-98.25279,19.00455],[-98.25262,19.0047],[-98.2526,19.00507],[-98.25301,19.00674],[-98.25323,19.00702],[-98.25324,19.00749],[-98.25242,19.0081],[-98.25167,19.00828],[-98.25109,19.00826],[-98.25087,19.00842],[-98.2496,19.01093],[-98.24808,19.01144],[-98.24726,19.01265],[-98.24641,19.01306],[-98.24817,19.01692],[-98.24736,19.01949],[-98.24711,19.01974],[-98.2467,19.02002],[-98.24554,19.02034],[-98.24517,19.02059],[-98.24417,19.02164],[-98.24336,19.0222],[-98.24102,19.02359],[-98.23969,19.02412],[-98.2387,19.02505],[-98.23806,19.02548],[-98.23747,19.02541],[-98.23273,19.02329],[-98.23259,19.02308],[-98.23098,19.0224],[-98.23093,19.02255],[-98.2286,19.02149],[-98.22854,19.02208],[-98.22773,19.02358],[-98.22743,19.02448],[-98.22766,19.02544],[-98.22757,19.02573],[-98.22704,19.02588],[-98.22647,19.02582],[-98.22604,19.0254],[-98.22585,19.02498],[-98.22549,19.02479],[-98.22499,19.02483],[-98.22434,19.02543],[-98.22429,19.02583],[-98.22439,19.02676],[-98.22409,19.02852]]]}},{"type":"Feature","properties":{"id":12,"distrito_f":12,"nombre":"Distrito Federal 12","entidad":21},"geometry":{"type":"Polygon","coordinates":[[[-98.12576,19.02872],[-98.12803,19.02804],[-98.12966,19.02741],[-98.13,19.02713],[-98.13031,19.02669],[-98.13018,19.02668],[-98.13007,19.02651],[-98.12991,19.02552],[-98.12998,19.02507],[-98.12982,19.02469],[-98.12997,19.02359],[-98.13015,19.02304],[-98.13007,19.02268],[-98.12964,19.02194],[-98.12907,19.02158],[-98.12896,19.02142],[-98.12902,19.02094],[-98.12942,19.02023],[-98.1294,19.01981],[-98.12889,19.01875],[-98.12887,19.01819],[-98.1287,19.01774],[-98.1283,19.01729],[-98.12817,19.01689],[-98.12694,19.01557],[-98.12629,19.01378],[-98.12616,19.01307],[-98.12602,19.01293],[-98.12559,19.0096],[-98.12564,19.00802],[-98.12593,19.00695],[-98.126,19.00603],[-98.1263,19.00442],[-98.12627,19.00273],[-98.12647,19.00221],[-98.12785,19.00108],[-98.1297,18.99981],[-98.13038,18.99885],[-98.13061,18.99806],[-98.13118,18.9973],[-98.1317,18.99721],[-98.13234,18.99667],[-98.13326,18.9955],[-98.13384,18.99536],[-98.13418,18.99507],[-98.13493,18.99477],[-98.1354,18.99476],[-98.13626,18.99363],[-98.13713,18.99349],[-98.13847,18.99346],[-98.13781,18.99261],[-98.13745,18.99241],[-98.13733,18.99212],[-98.13742,18.99108],[-98.13735,18.99038],[-98.13648,18.98808],[-98.1358,18.98661],[-98.13531,18.98525],[-98.13486,18.98348],[-98.13431,18.98242],[-98.13418,18.9818],[-98.13319,18.97942],[-98.13288,18.97835],[-98.13257,18.97786],[-98.13325,18.9771],[-98.1345,18.97616],[-98.13484,18.97574],[-98.13541,18.97531],[-98.13574,18.97473],[-98.13584,18.97419],[-98.13593,18.97303],[-98.13585,18.97232],[-98.13596,18.97195],[-98.13598,18.97101],[-98.13611,18.97087],[-98.13639,18.96817],[-98.13632,18.96784],[-98.1364,18.96656],[-98.13604,18.96599],[-98.13603,18.96537],[-98.13639,18.96378],[-98.13632,18.96312],[-98.13571,18.96198],[-98.13558,18.96136],[-98.13584,18.96032],[-98.13639,18.95923],[-98.13638,18.95869],[-98.13625,18.9582],[-98.13595,18.95771],[-98.13581,18.95668],[-98.13608,18.95588],[-98.13648,18.95563],[-98.13659,18.95538],[-98.13552,18.95424],[-98.13503,18.95347],[-98.13484,18.95268],[-98.13552,18.95217],[-98.13591,18.95162],[-98.13468,18.95074],[-98.13368,18.95035],[-98.13316,18.95036],[-98.13186,18.94944],[-98.13073,18.94814],[-98.12974,18.94762],[-98.12935,18.94757],[-98.12785,18.94646],[-98.12725,18.9454],[-98.12677,18.94479],[-98.12559,18.94378],[-98.12506,18.94362],[-98.12257,18.94347],[-98.12181,18.94315],[-98.12082,18.94301],[-98.11941,18.94217],[-98.1183,18.94166],[-98.11759,18.94109],[-98.11665,18.9407],[-98.11565,18.94002],[-98.11449,18.93743],[-98.11423,18.9362],[-98.11414,18.93525],[-98.11413,18.93487],[-98.11447,18.93425],[-98.11495,18.93291],[-98.11524,18.93262],[-98.11552,18.93224],[-98.11568,18.93182],[-98.11585,18.93169],[-98.11571,18.93054],[-98.11523,18.92984],[-98.11451,18.92915],[-98.11409,18.92854],[-98.1121,18.92734],[-98.11169,18.92719],[-98.11039,18.9263],[-98.10956,18.92533],[-98.10913,18.92459],[-98.10731,18.92356],[-98.10672,18.92303],[-98.10596,18.92267],[-98.10472,18.92162],[-98.10407,18.92131],[-98.10378,18.92098],[-98.10307,18.92071],[-98.10249,18.92068],[-98.10022,18.9199],[-98.09763,18.91826],[-98.0965,18.91704],[-98.09638,18.91675],[-98.09624,18.91585],[-98.09593,18.91523],[-98.0958,18.91453],[-98.09596,18.91386],[-98.09521,18.91392],[-98.09496,18.91347],[-98.09557,18.91266],[-98.09551,18.91225],[-98.09609,18.91221],[-98.09662,18.91205],[-98.09767,18.9109],[-98.09807,18.91077],[-98.09969,18.91082],[-98.10051,18.91074],[-98.10149,18.91033],[-98.10237,18.90955],[-98.1033,18.90906],[-98.10364,18.90918],[-98.10382,18.90935],[-98.10451,18.91009],[-98.10485,18.91076],[-98.10532,18.91105],[-98.10682,18.9113],[-98.10792,18.91159],[-98.10798,18.9113],[-98.10792,18.91114],[-98.10804,18.91089],[-98.10831,18.9107],[-98.10874,18.91056],[-98.11025,18.91044],[-98.11158,18.90987],[-98.11257,18.91008],[-98.11309,18.9105],[-98.11361,18.91075],[-98.11453,18.91083],[-98.11592,18.91071],[-98.11622,18.91042],[-98.11662,18.9103],[-98.11686,18.90993],[-98.1168,18.90943],[-98.11686,18.90869],[-98.11704,18.90836],[-98.11768,18.90812],[-98.11808,18.90738],[-98.11809,18.907],[-98.11792,18.90647],[-98.1178,18.9063],[-98.11722,18.90613],[-98.11751,18.90564],[-98.11769,18.90506],[-98.11764,18.90419],[-98.11747,18.90353],[-98.11718,18.90308],[-98.11701,18.90258],[-98.11718,18.90246],[-98.11747,18.90263],[-98.11793,18.90333],[-98.11828,18.90341],[-98.11851,18.90383],[-98.11897,18.90412],[-98.11938,18.90416],[-98.11996,18.90412],[-98.12019,18.904],[-98.12019,18.90276],[-98.12037,18.90284],[-98.12048,18.90334],[-98.12193,18.90318],[-98.12211,18.90293],[-98.1217,18.90239],[-98.12165,18.90219],[-98.12193,18.90227],[-98.12222,18.9026],[-98.1224,18.90264],[-98.12437,18.90224],[-98.12478,18.90191],[-98.12489,18.90158],[-98.12501,18.90154],[-98.12536,18.90162],[-98.12553,18.90195],[-98.12599,18.90191],[-98.12599,18.90216],[-98.12535,18.90232],[-98.12518,18.90265],[-98.12402,18.90306],[-98.12222,18.90421],[-98.12192,18.90503],[-98.12145,18.90578],[-98.12139,18.90607],[-98.12139,18.90673],[-98.12174,18.90747],[-98.12208,18.90875],[-98.12242,18.90921],[-98.12294,18.90966],[-98.12369,18.90995],[-98.1241,18.90991],[-98.12509,18.90959],[-98.12625,18.90963],[-98.12683,18.90939],[-98.12694,18.90955],[-98.12694,18.90984],[-98.12676,18.91042],[-98.12665,18.91046],[-98.12618,18.91128],[-98.12606,18.91248],[-98.12612,18.91269],[-98.12675,18.9131],[-98.12704,18.91323],[-98.12843,18.91315],[-98.12901,18.9127],[-98.12942,18.91257],[-98.13,18.9122],[-98.1307,18.91262],[-98.13116,18.91237],[-98.13145,18.91233],[-98.13174,18.91258],[-98.13162,18.91361],[-98.13197,18.91374],[-98.1326,18.91337],[-98.1333,18.91333],[-98.13359,18.91345],[-98.13371,18.91337],[-98.13382,18.91292],[-98.13371,18.91284],[-98.13365,18.91255],[-98.13366,18.91184],[-98.13354,18.91118],[-98.13331,18.91069],[-98.13314,18.9099],[-98.13309,18.90937],[-98.1332,18.90908],[-98.13349,18.90924],[-98.13367,18.90953],[-98.13396,18.90962],[-98.13471,18.909],[-98.13424,18.91044],[-98.13435,18.91098],[-98.13458,18.91131],[-98.13539,18.91177],[-98.1358,18.91185],[-98.13644,18.91181],[-98.13661,18.91202],[-98.1369,18.91214],[-98.13719,18.9121],[-98.13777,18.91194],[-98.13818,18.91161],[-98.13835,18.91165],[-98.13876,18.91149],[-98.13859,18.91103],[-98.13835,18.91091],[-98.13836,18.91066],[-98.13905,18.91071],[-98.13975,18.91042],[-98.1401,18.91017],[-98.14091,18.91018],[-98.14114,18.91009],[-98.14155,18.90948],[-98.14161,18.90935],[-98.14149,18.90923],[-98.14161,18.9091],[-98.14213,18.90952],[-98.14306,18.90948],[-98.14358,18.90936],[-98.1437,18.90895],[-98.14405,18.90845],[-98.14463,18.90845],[-98.14486,18.90858],[-98.14567,18.90866],[-98.14613,18.90854],[-98.14642,18.90829],[-98.1455,18.90747],[-98.14493,18.90639],[-98.14475,18.90581],[-98.14447,18.90552],[-98.14441,18.90499],[-98.14458,18.90494],[-98.1447,18.90507],[-98.14481,18.90552],[-98.14504,18.90581],[-98.1458,18.90619],[-98.14614,18.90606],[-98.1462,18.90578],[-98.14632,18.90578],[-98.14649,18.90594],[-98.14666,18.90656],[-98.14695,18.90673],[-98.14742,18.90661],[-98.148,18.90607],[-98.14823,18.90603],[-98.14829,18.90586],[-98.14841,18.90582],[-98.1491,18.9062],[-98.14968,18.90608],[-98.15067,18.90558],[-98.15044,18.90372],[-98.15027,18.90331],[-98.14998,18.90315],[-98.14987,18.90294],[-98.14993,18.90277],[-98.14947,18.90182],[-98.14889,18.90108],[-98.14774,18.90017],[-98.14728,18.89946],[-98.14635,18.89901],[-98.14786,18.89769],[-98.14763,18.89736],[-98.14758,18.89641],[-98.14776,18.89571],[-98.14764,18.89525],[-98.14678,18.89414],[-98.14585,18.89384],[-98.14556,18.89401],[-98.14429,18.89371],[-98.14203,18.89387],[-98.13721,18.89468],[-98.13588,18.89476],[-98.13096,18.89413],[-98.12737,18.89382],[-98.12708,18.89213],[-98.12738,18.89118],[-98.1279,18.89069],[-98.12866,18.89028],[-98.12889,18.889],[-98.1293,18.88842],[-98.12983,18.8883],[-98.13052,18.88847],[-98.13116,18.88835],[-98.13151,18.88785],[-98.13174,18.88727],[-98.13216,18.88558],[-98.13268,18.88517],[-98.13245,18.88509],[-98.13257,18.88488],[-98.13344,18.88406],[-98.13396,18.8834],[-98.1346,18.88299],[-98.13524,18.88279],[-98.13675,18.88283],[-98.13797,18.88263],[-98.13913,18.88214],[-98.13971,18.88214],[-98.14214,18.88248],[-98.1426,18.8824],[-98.14307,18.88211],[-98.1433,18.88141],[-98.14406,18.88149],[-98.14499,18.88084],[-98.1458,18.88088],[-98.1462,18.88063],[-98.14644,18.88059],[-98.1469,18.8806],[-98.14742,18.88084],[-98.14771,18.8813],[-98.14782,18.88167],[-98.14811,18.88188],[-98.1484,18.88171],[-98.14904,18.88106],[-98.14956,18.88085],[-98.14974,18.88027],[-98.15021,18.87978],[-98.15004,18.87842],[-98.15016,18.8773],[-98.15034,18.87693],[-98.15092,18.87623],[-98.15295,18.87533],[-98.15318,18.87504],[-98.15336,18.87385],[-98.15308,18.87269],[-98.15349,18.87133],[-98.15401,18.87104],[-98.15448,18.87104],[-98.15488,18.87084],[-98.15506,18.87059],[-98.15529,18.86968],[-98.15559,18.86944],[-98.15559,18.86894],[-98.15588,18.86803],[-98.1567,18.8675],[-98.15872,18.86759],[-98.15907,18.8673],[-98.15907,18.86676],[-98.15879,18.86585],[-98.15885,18.86474],[-98.15874,18.864],[-98.1584,18.86276],[-98.15805,18.86205],[-98.15765,18.86077],[-98.15766,18.85958],[-98.15796,18.85784],[-98.1579,18.85759],[-98.15692,18.8573],[-98.15634,18.8573],[-98.15587,18.85755],[-98.155,18.85738],[-98.15448,18.85738],[-98.15414,18.85725],[-98.15379,18.8568],[-98.15356,18.85667],[-98.15315,18.85667],[-98.15269,18.85638],[-98.15258,18.85605],[-98.15171,18.85617],[-98.15147,18.85613],[-98.15119,18.85592],[-98.15026,18.85592],[-98.14963,18.85418],[-98.14888,18.85356],[-98.14865,18.85311],[-98.14784,18.85253],[-98.14755,18.85215],[-98.1468,18.85157],[-98.14652,18.85112],[-98.14663,18.85046],[-98.14727,18.84972],[-98.14728,18.8493],[-98.14693,18.84872],[-98.14682,18.84868],[-98.1467,18.84815],[-98.14723,18.84745],[-98.14746,18.84641],[-98.1477,18.84617],[-98.14787,18.84613],[-98.14816,18.84621],[-98.14973,18.84597],[-98.15031,18.84572],[-98.15048,18.84552],[-98.15042,18.84514],[-98.14933,18.84473],[-98.14944,18.84403],[-98.15003,18.84333],[-98.15119,18.84292],[-98.15171,18.84234],[-98.15212,18.84168],[-98.15253,18.84139],[-98.15293,18.84156],[-98.15328,18.84185],[-98.15368,18.84264],[-98.15391,18.84392],[-98.1542,18.84412],[-98.15443,18.84408],[-98.15582,18.84335],[-98.15675,18.84335],[-98.15733,18.84323],[-98.15768,18.84294],[-98.15814,18.8422],[-98.15907,18.84142],[-98.15954,18.84117],[-98.16058,18.8413],[-98.16266,18.8418],[-98.16318,18.84217],[-98.16336,18.84254],[-98.16439,18.84374],[-98.16515,18.84304],[-98.16568,18.84234],[-98.16585,18.84168],[-98.16545,18.84077],[-98.16574,18.84024],[-98.16684,18.84012],[-98.16737,18.83962],[-98.16731,18.83872],[-98.16784,18.83698],[-98.16854,18.83694],[-98.1712,18.83807],[-98.17172,18.83803],[-98.17277,18.83749],[-98.17317,18.83745],[-98.17479,18.83775],[-98.17531,18.83796],[-98.1756,18.8382],[-98.17641,18.83891],[-98.17727,18.83994],[-98.17756,18.84007],[-98.17779,18.84003],[-98.17785,18.83957],[-98.17763,18.83805],[-98.17792,18.83722],[-98.17816,18.83685],[-98.1788,18.83648],[-98.17926,18.83636],[-98.17984,18.83648],[-98.18024,18.83702],[-98.18099,18.83855],[-98.18174,18.83942],[-98.18364,18.84095],[-98.18399,18.84174],[-98.18404,18.84228],[-98.18433,18.84257],[-98.1863,18.84257],[-98.1878,18.8432],[-98.1896,18.84324],[-98.19157,18.84374],[-98.19261,18.8442],[-98.19359,18.84404],[-98.19574,18.84413],[-98.1962,18.84339],[-98.19678,18.84338],[-98.19679,18.84273],[-98.1976,18.84289],[-98.19841,18.84281],[-98.19916,18.84286],[-98.20084,18.84319],[-98.20165,18.84348],[-98.20316,18.84349],[-98.2046,18.8437],[-98.20489,18.84354],[-98.20559,18.84271],[-98.20594,18.84197],[-98.20629,18.84189],[-98.20687,18.84152],[-98.2078,18.84053],[-98.20879,18.84008],[-98.20943,18.83963],[-98.21146,18.84021],[-98.21215,18.84067],[-98.21539,18.84179],[-98.21649,18.84179],[-98.21742,18.8413],[-98.21829,18.8413],[-98.21858,18.84139],[-98.21915,18.8418],[-98.22014,18.84209],[-98.22164,18.84226],[-98.22431,18.84219],[-98.22489,18.84227],[-98.22599,18.84302],[-98.22917,18.84385],[-98.22998,18.84385],[-98.23096,18.84406],[-98.23166,18.84431],[-98.23218,18.84464],[-98.23264,18.84469],[-98.23334,18.84436],[-98.23398,18.8444],[-98.23432,18.84531],[-98.23704,18.84631],[-98.23762,18.84668],[-98.2386,18.84751],[-98.23993,18.84813],[-98.24022,18.84855],[-98.24068,18.84892],[-98.24195,18.84913],[-98.24311,18.84917],[-98.24462,18.84905],[-98.24583,18.84926],[-98.24688,18.84931],[-98.24891,18.84886],[-98.24989,18.84878],[-98.25012,18.84866],[-98.25094,18.84866],[-98.25192,18.84878],[-98.25261,18.84916],[-98.25308,18.84928],[-98.25389,18.84846],[-98.25575,18.84789],[-98.25772,18.84711],[-98.25865,18.84719],[-98.2594,18.84744],[-98.25963,18.84761],[-98.25969,18.84814],[-98.25997,18.84885],[-98.26038,18.84938],[-98.26096,18.84947],[-98.26177,18.84951],[-98.26252,18.84943],[-98.26316,18.84952],[-98.26374,18.84977],[-98.26402,18.85005],[-98.26489,18.85014],[-98.26634,18.84994],[-98.26866,18.85048],[-98.26924,18.8504],[-98.27034,18.84995],[-98.27109,18.84991],[-98.27225,18.85024],[-98.27329,18.85074],[-98.27376,18.85086],[-98.27457,18.85074],[-98.27503,18.85054],[-98.27608,18.84943],[-98.27643,18.84934],[-98.27776,18.84939],[-98.27788,18.84931],[-98.28037,18.84931],[-98.28106,18.84977],[-98.28123,18.85002],[-98.2821,18.85072],[-98.2832,18.85122],[-98.28378,18.85163],[-98.28447,18.85229],[-98.28481,18.85316],[-98.28562,18.85395],[-98.28631,18.8549],[-98.28712,18.85573],[-98.2881,18.85713],[-98.28815,18.85891],[-98.28832,18.85974],[-98.28855,18.86023],[-98.28902,18.86077],[-98.28988,18.86263],[-98.2923,18.86528],[-98.29271,18.86557],[-98.29305,18.86602],[-98.29328,18.86677],[-98.29258,18.86755],[-98.29206,18.86788],[-98.29148,18.86862],[-98.29031,18.86948],[-98.28956,18.86973],[-98.28939,18.86994],[-98.28886,18.87022],[-98.28846,18.87059],[-98.28816,18.8715],[-98.28764,18.87199],[-98.28671,18.87253],[-98.28596,18.87273],[-98.28432,18.87517],[-98.28299,18.87644],[-98.28229,18.87681],[-98.28142,18.87784],[-98.27973,18.88036],[-98.27885,18.88143],[-98.27827,18.8825],[-98.27751,18.88361],[-98.27716,18.88386],[-98.27664,18.88452],[-98.27634,18.88571],[-98.27529,18.88728],[-98.27448,18.88786],[-98.27407,18.88827],[-98.2732,18.88872],[-98.2728,18.88921],[-98.27256,18.88979],[-98.27256,18.89062],[-98.27261,18.89099],[-98.27279,18.89128],[-98.27279,18.89169],[-98.2729,18.89202],[-98.27232,18.89318],[-98.27179,18.89375],[-98.27162,18.89408],[-98.27057,18.89474],[-98.26993,18.89573],[-98.26842,18.89721],[-98.26855,18.89812],[-98.26934,18.89866],[-98.27004,18.8985],[-98.27044,18.89928],[-98.27136,18.90011],[-98.27159,18.90048],[-98.272,18.90077],[-98.27275,18.90082],[-98.27362,18.90049],[-98.27432,18.90061],[-98.27495,18.90053],[-98.27652,18.89996],[-98.27954,18.89922],[-98.28006,18.89931],[-98.2811,18.89906],[-98.28157,18.89906],[-98.28296,18.89935],[-98.28301,18.89948],[-98.28377,18.89998],[-98.28446,18.90018],[-98.28556,18.90072],[-98.28585,18.90105],[-98.28631,18.90176],[-98.28671,18.90267],[-98.28729,18.90329],[-98.28769,18.90391],[-98.28798,18.90515],[-98.28849,18.9061],[-98.28849,18.90643],[-98.28797,18.90775],[-98.28715,18.90861],[-98.28686,18.90915],[-98.28657,18.9094],[-98.28495,18.9098],[-98.28477,18.91005],[-98.28494,18.91075],[-98.2854,18.91154],[-98.28569,18.91191],[-98.28719,18.91295],[-98.28742,18.91348],[-98.28725,18.91414],[-98.28602,18.91575],[-98.28596,18.91645],[-98.28608,18.91674],[-98.28608,18.91732],[-98.28613,18.91761],[-98.28631,18.91773],[-98.28636,18.91798],[-98.28625,18.91835],[-98.28525,18.91971],[-98.28461,18.92173],[-98.2842,18.92169],[-98.2827,18.92074],[-98.28206,18.92078],[-98.28102,18.9216],[-98.28055,18.92185],[-98.27951,18.92119],[-98.27893,18.92118],[-98.27765,18.92168],[-98.27701,18.92225],[-98.27649,18.92204],[-98.27649,18.92188],[-98.27615,18.92171],[-98.27556,18.92328],[-98.27573,18.92481],[-98.27596,18.92522],[-98.27676,18.92778],[-98.27682,18.92832],[-98.2767,18.92906],[-98.27675,18.92948],[-98.27687,18.92989],[-98.27704,18.93005],[-98.27704,18.93051],[-98.27686,18.93133],[-98.27686,18.93191],[-98.27703,18.93249],[-98.27674,18.93266],[-98.27627,18.93356],[-98.27615,18.93521],[-98.27661,18.93687],[-98.277,18.9398],[-98.27712,18.93996],[-98.27712,18.94087],[-98.2767,18.94335],[-98.27621,18.94366],[-98.27599,18.94393],[-98.27572,18.94401],[-98.27577,18.94434],[-98.27608,18.94499],[-98.27557,18.9457],[-98.27497,18.94616],[-98.27454,18.94616],[-98.27431,18.94606],[-98.27345,18.94616],[-98.27313,18.94602],[-98.2728,18.9456],[-98.27256,18.94548],[-98.27239,18.94457],[-98.27252,18.94426],[-98.27231,18.9435],[-98.27062,18.94363],[-98.27039,18.9437],[-98.27043,18.94406],[-98.2702,18.94537],[-98.26975,18.9453],[-98.2686,18.94551],[-98.2675,18.94611],[-98.26618,18.9457],[-98.26572,18.94518],[-98.26575,18.94467],[-98.26563,18.94395],[-98.26555,18.94385],[-98.26496,18.9438],[-98.2641,18.94398],[-98.26371,18.94443],[-98.26343,18.94496],[-98.26344,18.94536],[-98.26394,18.94618],[-98.26205,18.94515],[-98.26024,18.9443],[-98.25729,18.94235],[-98.2573,18.94294],[-98.25745,18.94346],[-98.25776,18.944],[-98.25826,18.94438],[-98.25825,18.94514],[-98.25815,18.94543],[-98.25825,18.94564],[-98.25794,18.94635],[-98.25736,18.94719],[-98.25671,18.9478],[-98.2567,18.94796],[-98.25658,18.948],[-98.25648,18.94825],[-98.25634,18.94829],[-98.25606,18.94869],[-98.25598,18.94908],[-98.25604,18.94931],[-98.25574,18.94965],[-98.2557,18.9499],[-98.25625,18.95049],[-98.25675,18.9506],[-98.25703,18.95083],[-98.25452,18.95093],[-98.25431,18.95069],[-98.25395,18.9493],[-98.2537,18.94872],[-98.25313,18.94812],[-98.25246,18.94808],[-98.25236,18.9499],[-98.25219,18.95027],[-98.25199,18.9512],[-98.25109,18.95174],[-98.25082,18.95219],[-98.25018,18.95223],[-98.24968,18.95212],[-98.24417,18.9532],[-98.24435,18.95388],[-98.23854,18.95492],[-98.24042,18.96243],[-98.2406,18.96363],[-98.23826,18.96236],[-98.22757,18.96188],[-98.22696,18.96176],[-98.22616,18.96145],[-98.22621,18.96294],[-98.21825,18.9635],[-98.21832,18.96498],[-98.21511,18.96544],[-98.21324,18.96991],[-98.21293,18.97085],[-98.21272,18.97097],[-98.21185,18.97514],[-98.21158,18.97553],[-98.20943,18.97347],[-98.20849,18.97296],[-98.20834,18.97331],[-98.20887,18.97357],[-98.20949,18.97408],[-98.20854,18.97861],[-98.20862,18.97919],[-98.20788,18.98148],[-98.20555,18.98372],[-98.204,18.98401],[-98.20347,18.98581],[-98.20195,18.98535],[-98.20188,18.9854],[-98.20075,18.98967],[-98.20459,19.00019],[-98.20543,19.00288],[-98.2136,19.02582],[-98.19894,19.05056],[-98.19448,19.04825],[-98.19403,19.04902],[-98.18959,19.04676],[-98.18973,19.04552],[-98.18957,19.04524],[-98.18788,19.04503],[-98.1859,19.04441],[-98.18501,19.04391],[-98.18477,19.04443],[-98.17997,19.04576],[-98.1766,19.04596],[-98.17213,19.0472],[-98.17208,19.04711],[-98.17236,19.04687],[-98.17156,19.04595],[-98.17134,19.04543],[-98.17123,19.04431],[-98.17097,19.04379],[-98.16961,19.04393],[-98.1696,19.04355],[-98.16431,19.04392],[-98.15916,19.04404],[-98.15681,19.04302],[-98.15441,19.04261],[-98.15431,19.04271],[-98.15271,19.04246],[-98.1529,19.04083],[-98.14965,19.03958],[-98.14837,19.03957],[-98.14845,19.03902],[-98.1484,19.03817],[-98.14866,19.03756],[-98.14828,19.03748],[-98.14724,19.03646],[-98.14614,19.03595],[-98.1453,19.03511],[-98.14493,19.03513],[-98.14435,19.03498],[-98.14376,19.03515],[-98.14243,19.03471],[-98.14167,19.03462],[-98.14088,19.03438],[-98.14063,19.03411],[-98.14037,19.03403],[-98.13946,19.03397],[-98.13742,19.0342],[-98.13675,19.03439],[-98.13589,19.03391],[-98.13462,19.03381],[-98.13255,19.03485],[-98.13191,19.03489],[-98.13093,19.03571],[-98.13087,19.03585],[-98.13099,19.03612],[-98.13083,19.0372],[-98.13075,19.04145],[-98.13042,19.04283],[-98.1188,19.0374],[-98.11815,19.03724],[-98.11749,19.03736],[-98.11672,19.0369],[-98.11672,19.03667],[-98.11696,19.0365],[-98.11749,19.0366],[-98.11797,19.03685],[-98.11865,19.03679],[-98.11886,19.03685],[-98.12068,19.03562],[-98.12146,19.03536],[-98.12308,19.03524],[-98.12294,19.03507],[-98.12226,19.03471],[-98.12171,19.03385],[-98.12173,19.03343],[-98.12139,19.03283],[-98.12048,19.03247],[-98.11932,19.03237],[-98.11831,19.03165],[-98.11824,19.03137],[-98.11844,19.03028],[-98.11876,19.02995],[-98.11905,19.02978],[-98.12125,19.02957],[-98.12286,19.02881],[-98.12329,19.02871],[-98.12429,19.02805],[-98.12455,19.02801],[-98.12576,19.02872]]]}},{"type":"Feature","properties":{"id":13,"distrito_f":13,"nombre":"Distrito Federal 13","entidad":21},"geometry":{"type":"Polygon","coordinates":[[[-98.41247,19.11619],[-98.41252,19.11581],[-98.41238,19.11519],[-98.41184,19.11475],[-98.4105,19.11462],[-98.40991,19.11427],[-98.40879,19.1138],[-98.40744,19.11338],[-98.40697,19.11306],[-98.40568,19.11281],[-98.4045,19.11243],[-98.40185,19.11126],[-98.40056,19.11083],[-98.40009,19.11076],[-98.39971,19.1114],[-98.39955,19.11215],[-98.39906,19.11303],[-98.41039,19.12027],[-98.40458,19.12794],[-98.38221,19.11529],[-98.38177,19.11596],[-98.38129,19.11714],[-98.38135,19.11728],[-98.38246,19.11777],[-98.38283,19.1183],[-98.38608,19.12774],[-98.38185,19.1297],[-98.37824,19.13239],[-98.37748,19.13307],[-98.37673,19.13351],[-98.37562,19.13489],[-98.37679,19.1361],[-98.37487,19.14435],[-98.37114,19.14262],[-98.36371,19.13949],[-98.35524,19.13636],[-98.35289,19.13564],[-98.35248,19.13544],[-98.35037,19.13484],[-98.34914,19.13471],[-98.34733,19.13422],[-98.34644,19.13391],[-98.34396,19.13269],[-98.34275,19.13476],[-98.34263,19.1348],[-98.34223,19.13477],[-98.34216,19.13461],[-98.34175,19.13441],[-98.32372,19.13462],[-98.32143,19.13994],[-98.31942,19.14496],[-98.31826,19.14827],[-98.31824,19.16169],[-98.31691,19.16125],[-98.31676,19.16125],[-98.31654,19.16144],[-98.30971,19.15362],[-98.3069,19.15688],[-98.30666,19.15671],[-98.30741,19.15956],[-98.30599,19.16155],[-98.30465,19.16409],[-98.29839,19.16044],[-98.29734,19.16224],[-98.29456,19.15782],[-98.29329,19.15649],[-98.29152,19.15508],[-98.2878,19.15257],[-98.2874,19.15387],[-98.28397,19.15861],[-98.28357,19.15899],[-98.28286,19.16025],[-98.28206,19.1621],[-98.28169,19.16318],[-98.28165,19.16376],[-98.28095,19.16528],[-98.28086,19.1659],[-98.27786,19.17289],[-98.26585,19.17199],[-98.2609,19.1738],[-98.25988,19.17382],[-98.2595,19.17068],[-98.26238,19.16057],[-98.26057,19.16012],[-98.25404,19.16032],[-98.24554,19.15823],[-98.24905,19.153],[-98.25107,19.15043],[-98.25697,19.14169],[-98.25893,19.13827],[-98.25489,19.13389],[-98.255,19.13355],[-98.26107,19.12436],[-98.25851,19.12178],[-98.25967,19.11941],[-98.26212,19.11274],[-98.2633,19.11378],[-98.26395,19.11467],[-98.26557,19.11655],[-98.26627,19.11774],[-98.26691,19.11853],[-98.26713,19.11867],[-98.2712,19.11532],[-98.27404,19.11179],[-98.27647,19.10858],[-98.27692,19.11375],[-98.27729,19.11548],[-98.27819,19.11371],[-98.27855,19.11176],[-98.27913,19.10988],[-98.28068,19.11193],[-98.28211,19.11023],[-98.2834,19.10803],[-98.28429,19.10721],[-98.28673,19.10464],[-98.28749,19.104],[-98.2882,19.10497],[-98.28832,19.10621],[-98.28846,19.10654],[-98.28951,19.10753],[-98.29085,19.10839],[-98.29099,19.10838],[-98.29593,19.09766],[-98.29844,19.10037],[-98.29986,19.10152],[-98.30184,19.10276],[-98.30219,19.10319],[-98.3028,19.10352],[-98.30299,19.1039],[-98.30403,19.10399],[-98.30496,19.10425],[-98.30534,19.10469],[-98.30828,19.10643],[-98.31039,19.10791],[-98.31168,19.10501],[-98.31164,19.104],[-98.31191,19.10338],[-98.31162,19.10317],[-98.31243,19.10093],[-98.31049,19.0996],[-98.31292,19.09578],[-98.31389,19.09639],[-98.31708,19.09246],[-98.31832,19.0907],[-98.3182,19.0905],[-98.31847,19.09022],[-98.31989,19.0912],[-98.3196,19.09167],[-98.32138,19.09289],[-98.321,19.09385],[-98.3231,19.09509],[-98.32534,19.09696],[-98.32778,19.09882],[-98.33174,19.10157],[-98.33587,19.09662],[-98.33833,19.09839],[-98.33779,19.09901],[-98.34058,19.1007],[-98.34214,19.10191],[-98.34468,19.09964],[-98.34656,19.10159],[-98.34931,19.09694],[-98.35695,19.0968],[-98.35703,19.10091],[-98.37292,19.10032],[-98.35898,19.11414],[-98.36148,19.1142],[-98.36281,19.11526],[-98.36952,19.10916],[-98.39812,19.08447],[-98.39764,19.08403],[-98.39729,19.08404],[-98.3953,19.08359],[-98.39477,19.08357],[-98.39342,19.08315],[-98.39335,19.08273],[-98.39347,19.08265],[-98.39346,19.08244],[-98.39327,19.08182],[-98.39266,19.08101],[-98.39247,19.08039],[-98.39256,19.07977],[-98.39294,19.07864],[-98.39308,19.07768],[-98.3939,19.07604],[-98.3944,19.07536],[-98.39522,19.07555],[-98.39677,19.07666],[-98.39724,19.07686],[-98.39766,19.07718],[-98.40125,19.07878],[-98.40339,19.08017],[-98.40473,19.08047],[-98.4068,19.08141],[-98.40823,19.08245],[-98.40899,19.08263],[-98.40922,19.08254],[-98.40961,19.08216],[-98.41025,19.08218],[-98.41091,19.08266],[-98.4132,19.08339],[-98.4145,19.0841],[-98.41491,19.08442],[-98.41633,19.08508],[-98.41727,19.08531],[-98.41761,19.08521],[-98.41771,19.08467],[-98.41729,19.08244],[-98.41742,19.08082],[-98.41734,19.08012],[-98.41744,19.07982],[-98.41738,19.07949],[-98.41748,19.07899],[-98.4174,19.07833],[-98.41759,19.077],[-98.41795,19.07545],[-98.41824,19.07354],[-98.41877,19.07198],[-98.41886,19.07128],[-98.41928,19.06965],[-98.41927,19.06927],[-98.41963,19.06798],[-98.41991,19.06751],[-98.41992,19.06712],[-98.42039,19.06621],[-98.41972,19.06518],[-98.41955,19.06418],[-98.41918,19.06334],[-98.41874,19.06151],[-98.41847,19.06183],[-98.41776,19.06225],[-98.4173,19.06267],[-98.41218,19.05292],[-98.41339,19.05302],[-98.41391,19.05281],[-98.41546,19.05263],[-98.41896,19.04988],[-98.42093,19.04905],[-98.42126,19.04709],[-98.4212,19.0452],[-98.42131,19.04314],[-98.42207,19.03692],[-98.42259,19.03476],[-98.42308,19.0336],[-98.42202,19.02896],[-98.42083,19.02507],[-98.41994,19.02172],[-98.41945,19.01891],[-98.41901,19.01319],[-98.41854,19.01191],[-98.41748,19.01064],[-98.41643,19.00915],[-98.41515,19.00683],[-98.41172,19.00799],[-98.41004,19.00879],[-98.4086,19.00967],[-98.40614,19.01177],[-98.40553,19.0121],[-98.4046,19.01182],[-98.40396,19.0105],[-98.40325,19.00946],[-98.40232,19.0086],[-98.40104,19.00795],[-98.39877,19.00764],[-98.3979,19.00764],[-98.39744,19.0081],[-98.39739,19.00906],[-98.39716,19.00972],[-98.3967,19.00997],[-98.39571,19.00957],[-98.39121,19.00733],[-98.3833,18.99684],[-98.37912,19.00042],[-98.37562,18.99748],[-98.36997,18.99726],[-98.36851,18.99645],[-98.36276,18.99389],[-98.35471,18.99746],[-98.352,18.9933],[-98.35393,18.99262],[-98.35286,18.99065],[-98.35149,18.98873],[-98.347,18.98287],[-98.34619,18.98132],[-98.34527,18.98099],[-98.34203,18.98113],[-98.34086,18.98087],[-98.34029,18.98028],[-98.34487,18.97685],[-98.35308,18.97515],[-98.35183,18.97262],[-98.35104,18.97051],[-98.35435,18.96862],[-98.35571,18.97031],[-98.35682,18.97082],[-98.3581,18.97156],[-98.3635,18.96752],[-98.36517,18.9497],[-98.37008,18.9491],[-98.37004,18.94396],[-98.36979,18.94082],[-98.36912,18.93494],[-98.36853,18.9337],[-98.36835,18.93246],[-98.36782,18.93134],[-98.36706,18.93056],[-98.36595,18.92887],[-98.36542,18.9285],[-98.36338,18.92903],[-98.36271,18.92952],[-98.36185,18.92977],[-98.36044,18.92942],[-98.35665,18.92899],[-98.35541,18.92876],[-98.35309,18.92626],[-98.35297,18.92637],[-98.35029,18.92417],[-98.35003,18.92417],[-98.34964,18.92332],[-98.34877,18.9223],[-98.34885,18.92222],[-98.34949,18.9222],[-98.35162,18.92187],[-98.35282,18.92152],[-98.35341,18.92129],[-98.3544,18.92059],[-98.35509,18.92024],[-98.35501,18.92016],[-98.35512,18.91965],[-98.35505,18.91902],[-98.3554,18.91796],[-98.3553,18.91722],[-98.35655,18.91557],[-98.35674,18.91869],[-98.35888,18.91986],[-98.35916,18.91878],[-98.35983,18.9183],[-98.36119,18.91769],[-98.36133,18.91715],[-98.36103,18.91597],[-98.36142,18.91372],[-98.36155,18.91193],[-98.3621,18.91034],[-98.36223,18.90967],[-98.36226,18.90818],[-98.36162,18.90503],[-98.36126,18.90394],[-98.36106,18.90234],[-98.36112,18.90147],[-98.36069,18.89996],[-98.36044,18.89964],[-98.3595,18.89754],[-98.35912,18.89698],[-98.35863,18.89651],[-98.35831,18.89599],[-98.35838,18.89516],[-98.35881,18.8946],[-98.35879,18.89421],[-98.359,18.8939],[-98.35892,18.89362],[-98.35874,18.89333],[-98.35741,18.89339],[-98.35692,18.89304],[-98.35697,18.89283],[-98.3574,18.89236],[-98.35761,18.89189],[-98.35763,18.89127],[-98.35688,18.89028],[-98.35444,18.88829],[-98.35324,18.88813],[-98.35238,18.88947],[-98.3487,18.88797],[-98.34709,18.88765],[-98.34599,18.88698],[-98.34591,18.88669],[-98.34602,18.88646],[-98.34626,18.88627],[-98.34577,18.88626],[-98.34505,18.88601],[-98.34457,18.8862],[-98.34272,18.88772],[-98.34181,18.8881],[-98.339,18.88869],[-98.3388,18.88916],[-98.33824,18.8896],[-98.33761,18.88975],[-98.33668,18.88963],[-98.33613,18.88921],[-98.33493,18.88749],[-98.33433,18.88715],[-98.33357,18.88698],[-98.33308,18.88655],[-98.33186,18.88446],[-98.33097,18.88211],[-98.32982,18.88031],[-98.32974,18.8799],[-98.32985,18.87779],[-98.33005,18.87728],[-98.33026,18.87583],[-98.33063,18.87519],[-98.33107,18.8748],[-98.33122,18.87446],[-98.33074,18.87407],[-98.33087,18.8734],[-98.33126,18.87313],[-98.33229,18.8728],[-98.33289,18.87227],[-98.3331,18.87176],[-98.33301,18.87119],[-98.33224,18.87007],[-98.33163,18.8694],[-98.33159,18.86878],[-98.33193,18.86654],[-98.33165,18.86481],[-98.33188,18.86274],[-98.33161,18.86209],[-98.33112,18.86162],[-98.32966,18.8614],[-98.32879,18.8614],[-98.32685,18.86096],[-98.32615,18.861],[-98.32452,18.86079],[-98.32366,18.86096],[-98.32319,18.8609],[-98.32176,18.86031],[-98.32115,18.85972],[-98.32102,18.85948],[-98.32056,18.85958],[-98.32014,18.85931],[-98.31939,18.85931],[-98.31818,18.85953],[-98.31722,18.85995],[-98.3161,18.85955],[-98.3146,18.85975],[-98.31364,18.85918],[-98.31341,18.85816],[-98.31378,18.85764],[-98.31435,18.85741],[-98.31495,18.8568],[-98.31538,18.85612],[-98.31632,18.85537],[-98.3179,18.85459],[-98.31972,18.85392],[-98.32004,18.85345],[-98.32001,18.85292],[-98.31967,18.85219],[-98.3193,18.8518],[-98.31684,18.85138],[-98.3149,18.85181],[-98.31377,18.85145],[-98.3129,18.85046],[-98.3118,18.84845],[-98.31183,18.84783],[-98.31057,18.84511],[-98.30939,18.84397],[-98.30798,18.84316],[-98.3083,18.84162],[-98.30821,18.84008],[-98.30983,18.83967],[-98.31172,18.84122],[-98.31319,18.84223],[-98.31616,18.84284],[-98.31702,18.84237],[-98.31629,18.84047],[-98.31428,18.8391],[-98.31462,18.83897],[-98.31538,18.83901],[-98.31613,18.83889],[-98.31665,18.83823],[-98.31671,18.83728],[-98.31735,18.83699],[-98.31799,18.83678],[-98.31932,18.83699],[-98.31996,18.83695],[-98.32054,18.83671],[-98.32124,18.83704],[-98.32205,18.83774],[-98.32304,18.83816],[-98.32437,18.83891],[-98.32622,18.84019],[-98.32646,18.84023],[-98.32698,18.84065],[-98.32825,18.84057],[-98.32924,18.84024],[-98.32913,18.8397],[-98.32889,18.83941],[-98.32808,18.83887],[-98.32814,18.83829],[-98.32843,18.83805],[-98.32895,18.83714],[-98.32953,18.83685],[-98.32977,18.83631],[-98.33029,18.83615],[-98.33081,18.83541],[-98.33128,18.83512],[-98.3318,18.8345],[-98.3318,18.83317],[-98.33262,18.82859],[-98.33268,18.82714],[-98.33367,18.82594],[-98.33448,18.82462],[-98.33442,18.82194],[-98.33512,18.82028],[-98.33593,18.81987],[-98.33652,18.819],[-98.33663,18.81805],[-98.33698,18.81669],[-98.33704,18.81528],[-98.33739,18.81491],[-98.33814,18.81525],[-98.3389,18.81479],[-98.33931,18.8133],[-98.33977,18.81277],[-98.34139,18.81248],[-98.34319,18.81261],[-98.34487,18.81298],[-98.3458,18.81249],[-98.34696,18.81158],[-98.34772,18.81072],[-98.34853,18.81018],[-98.349,18.80973],[-98.34992,18.80919],[-98.35201,18.80882],[-98.35271,18.80849],[-98.35404,18.80808],[-98.35474,18.80837],[-98.35486,18.80891],[-98.35526,18.80937],[-98.35648,18.80908],[-98.35828,18.8083],[-98.35897,18.80838],[-98.35921,18.80892],[-98.3599,18.80954],[-98.36211,18.80888],[-98.36251,18.80868],[-98.36309,18.8088],[-98.36535,18.80872],[-98.36599,18.80893],[-98.36634,18.80914],[-98.3668,18.8103],[-98.36645,18.81129],[-98.36645,18.8122],[-98.3668,18.8129],[-98.36813,18.81303],[-98.36883,18.81295],[-98.36924,18.81274],[-98.3697,18.8122],[-98.37208,18.81035],[-98.37191,18.80977],[-98.37197,18.80931],[-98.3722,18.80898],[-98.37202,18.80882],[-98.37202,18.80857],[-98.37232,18.80758],[-98.37232,18.80679],[-98.37261,18.8065],[-98.37307,18.80663],[-98.37348,18.80688],[-98.37481,18.80814],[-98.37469,18.80732],[-98.37551,18.80711],[-98.37592,18.80687],[-98.37626,18.80649],[-98.37702,18.80604],[-98.37754,18.80625],[-98.37778,18.80617],[-98.37795,18.80584],[-98.37772,18.80472],[-98.37795,18.80419],[-98.37923,18.80382],[-98.37993,18.80439],[-98.38033,18.80448],[-98.38254,18.8032],[-98.38307,18.80279],[-98.38324,18.80246],[-98.38353,18.80221],[-98.38371,18.80143],[-98.38365,18.80093],[-98.38383,18.80044],[-98.38394,18.80023],[-98.38505,18.79941],[-98.38557,18.79768],[-98.38679,18.79673],[-98.38709,18.79632],[-98.38773,18.79578],[-98.38866,18.79463],[-98.38935,18.79393],[-98.38982,18.79364],[-98.39017,18.79318],[-98.39023,18.79277],[-98.39017,18.79203],[-98.39005,18.79174],[-98.39064,18.79137],[-98.39116,18.7917],[-98.39209,18.79187],[-98.39354,18.79352],[-98.39452,18.79435],[-98.39551,18.79447],[-98.3972,18.79394],[-98.39865,18.79287],[-98.39935,18.79291],[-98.40319,18.79143],[-98.404,18.79399],[-98.40399,18.79593],[-98.40428,18.79729],[-98.40457,18.79738],[-98.40486,18.79791],[-98.40521,18.79812],[-98.40567,18.79866],[-98.40631,18.80048],[-98.40678,18.80151],[-98.40753,18.80221],[-98.40823,18.80329],[-98.40898,18.8037],[-98.41049,18.80246],[-98.41264,18.8002],[-98.41288,18.79974],[-98.41288,18.79925],[-98.413,18.79892],[-98.41334,18.7985],[-98.41375,18.79772],[-98.41381,18.79702],[-98.41451,18.79562],[-98.41579,18.79372],[-98.41597,18.79215],[-98.41568,18.79178],[-98.41614,18.79124],[-98.41701,18.79083],[-98.41835,18.78976],[-98.41864,18.78881],[-98.41858,18.78848],[-98.41946,18.78753],[-98.42079,18.78729],[-98.4212,18.78671],[-98.42184,18.78609],[-98.42277,18.78576],[-98.42329,18.78589],[-98.42504,18.78494],[-98.42626,18.78449],[-98.42963,18.78263],[-98.42992,18.78231],[-98.43027,18.78214],[-98.43108,18.78218],[-98.43166,18.78177],[-98.4319,18.78103],[-98.43242,18.78074],[-98.43271,18.78078],[-98.43265,18.78086],[-98.43358,18.78074],[-98.43567,18.77967],[-98.43608,18.77922],[-98.4369,18.77773],[-98.43696,18.77678],[-98.4373,18.77633],[-98.43829,18.77546],[-98.43829,18.77505],[-98.43853,18.77476],[-98.43986,18.77365],[-98.44039,18.77365],[-98.44108,18.77328],[-98.44161,18.77328],[-98.44213,18.77353],[-98.44259,18.77303],[-98.44329,18.77155],[-98.44312,18.77109],[-98.44347,18.77048],[-98.44353,18.7701],[-98.44393,18.76953],[-98.44405,18.76907],[-98.44539,18.7678],[-98.44667,18.76829],[-98.44771,18.769],[-98.44823,18.76949],[-98.44905,18.77061],[-98.44922,18.77119],[-98.44986,18.77255],[-98.45067,18.77379],[-98.45171,18.77445],[-98.45264,18.7754],[-98.45375,18.77631],[-98.45386,18.7766],[-98.45409,18.77672],[-98.45462,18.77821],[-98.4556,18.78176],[-98.45583,18.78226],[-98.4563,18.78292],[-98.45688,18.78333],[-98.45763,18.78313],[-98.4552,18.77565],[-98.45468,18.77322],[-98.45462,18.77214],[-98.4534,18.76822],[-98.45353,18.76161],[-98.45486,18.76261],[-98.46172,18.76418],[-98.46172,18.76315],[-98.46125,18.76076],[-98.46137,18.75935],[-98.46213,18.75688],[-98.46329,18.7551],[-98.46399,18.75436],[-98.46509,18.75461],[-98.46678,18.75457],[-98.46869,18.75466],[-98.4702,18.75462],[-98.47171,18.75441],[-98.47421,18.75392],[-98.47561,18.75351],[-98.4777,18.75281],[-98.47973,18.75174],[-98.48055,18.75013],[-98.47726,18.74932],[-98.47906,18.73923],[-98.48256,18.74018],[-98.48353,18.74003],[-98.48476,18.74094],[-98.48718,18.74064],[-98.48758,18.74011],[-98.48828,18.73825],[-98.4888,18.73775],[-98.48956,18.73713],[-98.49026,18.73681],[-98.49508,18.73396],[-98.49479,18.73169],[-98.49485,18.73054],[-98.49537,18.72963],[-98.49561,18.72967],[-98.49595,18.72955],[-98.49613,18.72934],[-98.49688,18.72736],[-98.49733,18.72734],[-98.49663,18.72512],[-98.49655,18.72429],[-98.49808,18.72089],[-98.49881,18.72017],[-98.49909,18.71966],[-98.49929,18.71858],[-98.49897,18.71751],[-98.49913,18.71692],[-98.49913,18.71481],[-98.49886,18.7134],[-98.4986,18.71262],[-98.49886,18.71133],[-98.5013,18.70741],[-98.50196,18.70619],[-98.50104,18.70651],[-98.5004,18.7064],[-98.49958,18.70592],[-98.49723,18.70482],[-98.49432,18.70427],[-98.49477,18.70372],[-98.49542,18.70237],[-98.49603,18.70145],[-98.49594,18.70004],[-98.49647,18.69832],[-98.49651,18.69766],[-98.49555,18.69665],[-98.49497,18.69633],[-98.49311,18.69418],[-98.49217,18.69358],[-98.49145,18.69277],[-98.49044,18.69201],[-98.48992,18.69189],[-98.48913,18.69079],[-98.48784,18.69],[-98.48684,18.68961],[-98.48631,18.68921],[-98.48541,18.68807],[-98.48479,18.68675],[-98.48285,18.68548],[-98.48237,18.68499],[-98.48131,18.68452],[-98.48044,18.68446],[-98.4798,18.68414],[-98.47838,18.68297],[-98.47729,18.68134],[-98.47715,18.68056],[-98.47697,18.68031],[-98.47659,18.67924],[-98.47629,18.6788],[-98.47534,18.67587],[-98.4752,18.67501],[-98.47478,18.67435],[-98.47653,18.67294],[-98.47722,18.67251],[-98.47762,18.67242],[-98.47796,18.67199],[-98.47794,18.67133],[-98.47746,18.67072],[-98.4772,18.66977],[-98.47689,18.66912],[-98.47706,18.66895],[-98.47822,18.66904],[-98.47897,18.6689],[-98.47999,18.66817],[-98.48039,18.66799],[-98.48078,18.66744],[-98.48094,18.66682],[-98.48058,18.66641],[-98.48046,18.66608],[-98.47992,18.6656],[-98.47992,18.66547],[-98.48014,18.66522],[-98.48043,18.66509],[-98.48233,18.66458],[-98.48305,18.66357],[-98.4837,18.66303],[-98.48179,18.64739],[-98.4823,18.64626],[-98.48292,18.64447],[-98.48314,18.6441],[-98.48336,18.64281],[-98.48318,18.64215],[-98.48323,18.64124],[-98.48535,18.63969],[-98.48598,18.63869],[-98.48665,18.63681],[-98.48698,18.63524],[-98.48715,18.63494],[-98.48714,18.63416],[-98.48736,18.63333],[-98.48735,18.63237],[-98.48722,18.63134],[-98.48699,18.63089],[-98.48623,18.63069],[-98.48571,18.63028],[-98.48547,18.62949],[-98.48523,18.62908],[-98.48488,18.6288],[-98.48453,18.62822],[-98.48424,18.62797],[-98.48331,18.62761],[-98.48279,18.62757],[-98.48243,18.62667],[-98.48242,18.62596],[-98.48311,18.6255],[-98.48431,18.62395],[-98.48505,18.62333],[-98.48598,18.62307],[-98.48702,18.62302],[-98.48806,18.62284],[-98.48922,18.62378],[-98.48981,18.62419],[-98.4901,18.62427],[-98.49096,18.6243],[-98.49258,18.62379],[-98.49338,18.62341],[-98.4939,18.62266],[-98.49435,18.62224],[-98.49624,18.61994],[-98.49639,18.61783],[-98.49609,18.61675],[-98.50119,18.60763],[-98.50205,18.60716],[-98.50228,18.60683],[-98.50256,18.60608],[-98.50214,18.60513],[-98.50248,18.60426],[-98.50329,18.60388],[-98.50338,18.60218],[-98.50457,18.59947],[-98.50951,18.5918],[-98.50366,18.58606],[-98.50685,18.5813],[-98.51007,18.58007],[-98.51029,18.57866],[-98.51137,18.57745],[-98.51288,18.57756],[-98.51439,18.578],[-98.51555,18.57865],[-98.51918,18.57745],[-98.52113,18.57623],[-98.5235,18.57562],[-98.52424,18.57508],[-98.5251,18.57383],[-98.5259,18.57324],[-98.52665,18.57315],[-98.52751,18.57227],[-98.529,18.57113],[-98.52945,18.57051],[-98.52968,18.56984],[-98.5363,18.57765],[-98.54328,18.57645],[-98.54656,18.57672],[-98.55469,18.5813],[-98.55517,18.58139],[-98.55641,18.5793],[-98.55831,18.58205],[-98.5595,18.58236],[-98.55975,18.58229],[-98.55935,18.5815],[-98.55927,18.58099],[-98.55957,18.57954],[-98.55931,18.57554],[-98.55944,18.57467],[-98.56101,18.57603],[-98.56346,18.57642],[-98.56536,18.57569],[-98.56784,18.57549],[-98.56958,18.57587],[-98.57079,18.57573],[-98.57211,18.57505],[-98.57297,18.57422],[-98.57324,18.57306],[-98.57369,18.56918],[-98.57644,18.57103],[-98.57988,18.57275],[-98.58243,18.57662],[-98.58307,18.57615],[-98.584,18.57717],[-98.58418,18.57791],[-98.58697,18.57861],[-98.58809,18.57991],[-98.59072,18.58152],[-98.59045,18.58296],[-98.59138,18.58332],[-98.59208,18.58376],[-98.59239,18.58466],[-98.59374,18.586],[-98.59398,18.5869],[-98.59487,18.58845],[-98.59558,18.58894],[-98.59773,18.58956],[-98.60446,18.59106],[-98.60661,18.5919],[-98.60789,18.5927],[-98.60825,18.59323],[-98.6096,18.59432],[-98.61148,18.59618],[-98.62206,18.5856],[-98.63178,18.58656],[-98.63212,18.58602],[-98.63264,18.58576],[-98.63425,18.58541],[-98.63733,18.58293],[-98.63826,18.58324],[-98.63885,18.58406],[-98.6586,18.58955],[-98.66032,18.59216],[-98.66074,18.59343],[-98.65909,18.59815],[-98.66031,18.59846],[-98.66357,18.59973],[-98.66701,18.59469],[-98.66818,18.59241],[-98.66851,18.59133],[-98.66925,18.59066],[-98.67281,18.58879],[-98.67367,18.58849],[-98.67471,18.58847],[-98.67517,18.58859],[-98.6766,18.58762],[-98.67699,18.58683],[-98.6789,18.58668],[-98.67923,18.58597],[-98.68033,18.58595],[-98.68127,18.58689],[-98.68353,18.58693],[-98.68423,18.58721],[-98.68515,18.58715],[-98.68678,18.5875],[-98.68835,18.59847],[-98.6896,18.60092],[-98.69144,18.60044],[-98.6921,18.60137],[-98.69435,18.60154],[-98.69573,18.6009],[-98.69706,18.60096],[-98.6981,18.60074],[-98.69982,18.59989],[-98.70049,18.59864],[-98.70098,18.59695],[-98.70099,18.59398],[-98.70141,18.5913],[-98.70228,18.58815],[-98.703,18.58629],[-98.70291,18.58452],[-98.70298,18.58155],[-98.70588,18.57875],[-98.71171,18.57478],[-98.71165,18.57536],[-98.71241,18.57633],[-98.71328,18.57777],[-98.71364,18.57843],[-98.71379,18.57903],[-98.71363,18.58006],[-98.7128,18.58303],[-98.71266,18.5848],[-98.71254,18.58526],[-98.71208,18.58564],[-98.71203,18.58635],[-98.71227,18.58742],[-98.71171,18.58838],[-98.71189,18.58908],[-98.713,18.59027],[-98.71405,18.59088],[-98.71528,18.59203],[-98.71535,18.59273],[-98.71524,18.59373],[-98.71474,18.59506],[-98.71498,18.5958],[-98.71619,18.59516],[-98.71664,18.59462],[-98.71693,18.59466],[-98.71746,18.59519],[-98.71724,18.59573],[-98.71674,18.59785],[-98.71739,18.59859],[-98.71838,18.59908],[-98.71903,18.60064],[-98.71858,18.60139],[-98.71761,18.60244],[-98.71785,18.60331],[-98.71843,18.60371],[-98.7192,18.60466],[-98.71845,18.60496],[-98.71723,18.60435],[-98.71642,18.60444],[-98.71562,18.60507],[-98.71429,18.605],[-98.71331,18.60589],[-98.71327,18.60676],[-98.71362,18.60717],[-98.71311,18.60817],[-98.71352,18.60862],[-98.71332,18.6109],[-98.71496,18.6125],[-98.71352,18.61351],[-98.71295,18.61368],[-98.71226,18.61447],[-98.71176,18.61564],[-98.7123,18.61704],[-98.71261,18.61894],[-98.71285,18.61981],[-98.71361,18.6208],[-98.71414,18.6212],[-98.71463,18.62352],[-98.71568,18.62405],[-98.71668,18.62536],[-98.71768,18.62709],[-98.71753,18.62833],[-98.71621,18.62922],[-98.71696,18.62962],[-98.71785,18.63123],[-98.71748,18.63388],[-98.71807,18.63458],[-98.71937,18.63668],[-98.71816,18.6374],[-98.71829,18.63835],[-98.72025,18.6382],[-98.72061,18.63899],[-98.71987,18.63966],[-98.71918,18.64008],[-98.7192,18.64182],[-98.71945,18.64302],[-98.71942,18.64571],[-98.71881,18.64808],[-98.71958,18.64927],[-98.71983,18.65051],[-98.72082,18.65096],[-98.7198,18.65254],[-98.71966,18.65532],[-98.72134,18.65601],[-98.7216,18.65766],[-98.72357,18.65797],[-98.72474,18.65891],[-98.72492,18.66019],[-98.72616,18.66204],[-98.72681,18.66282],[-98.72688,18.66352],[-98.7273,18.66489],[-98.72765,18.66559],[-98.72686,18.66671],[-98.72681,18.66713],[-98.72704,18.66737],[-98.72756,18.66758],[-98.72781,18.66857],[-98.7277,18.66936],[-98.7273,18.66969],[-98.72802,18.66991],[-98.72898,18.66905],[-98.72946,18.67101],[-98.73086,18.67173],[-98.73074,18.67241],[-98.73149,18.67305],[-98.73169,18.67358],[-98.73256,18.67477],[-98.7331,18.67618],[-98.73259,18.67661],[-98.73246,18.67746],[-98.73285,18.67833],[-98.73427,18.68011],[-98.73469,18.68123],[-98.73537,18.68392],[-98.73583,18.68498],[-98.73659,18.68628],[-98.7369,18.68737],[-98.7393,18.69378],[-98.73957,18.69423],[-98.73848,18.6953],[-98.73852,18.69572],[-98.73915,18.69582],[-98.73896,18.6963],[-98.73902,18.69708],[-98.7397,18.69777],[-98.74003,18.69829],[-98.74051,18.70016],[-98.74064,18.70116],[-98.74119,18.70182],[-98.74103,18.70288],[-98.74046,18.70438],[-98.74113,18.70488],[-98.74062,18.705],[-98.73993,18.70564],[-98.73944,18.7065],[-98.73907,18.70692],[-98.73914,18.70715],[-98.74028,18.70705],[-98.74028,18.70742],[-98.73978,18.70822],[-98.73834,18.70867],[-98.7375,18.70874],[-98.73649,18.70907],[-98.73568,18.71001],[-98.73539,18.71083],[-98.73523,18.7115],[-98.73547,18.71181],[-98.73562,18.71254],[-98.73474,18.71232],[-98.73428,18.7119],[-98.73326,18.71162],[-98.73065,18.71261],[-98.72762,18.71509],[-98.72702,18.7161],[-98.72686,18.71657],[-98.72605,18.71747],[-98.72536,18.71781],[-98.72343,18.71916],[-98.72321,18.71984],[-98.72308,18.7217],[-98.72292,18.72253],[-98.7232,18.72386],[-98.72281,18.7247],[-98.72249,18.72526],[-98.72137,18.72597],[-98.72053,18.72678],[-98.72009,18.72685],[-98.71922,18.72753],[-98.71968,18.72851],[-98.71975,18.72934],[-98.7196,18.73106],[-98.71913,18.73141],[-98.71859,18.73166],[-98.71877,18.73294],[-98.71854,18.73478],[-98.71763,18.73758],[-98.71628,18.73783],[-98.71559,18.73892],[-98.71495,18.739],[-98.71445,18.73936],[-98.71366,18.73957],[-98.71333,18.74034],[-98.72617,18.74802],[-98.73402,18.73857],[-98.73624,18.73872],[-98.73843,18.73689],[-98.73979,18.73793],[-98.74865,18.73951],[-98.74617,18.75018],[-98.74824,18.75162],[-98.74872,18.7521],[-98.74814,18.75345],[-98.74839,18.75428],[-98.74841,18.75538],[-98.7478,18.75571],[-98.74712,18.75629],[-98.74719,18.75738],[-98.74712,18.75842],[-98.74588,18.75921],[-98.74487,18.76009],[-98.74413,18.76111],[-98.7432,18.76277],[-98.7432,18.76321],[-98.74267,18.76399],[-98.74164,18.76532],[-98.74082,18.76563],[-98.74039,18.76611],[-98.73891,18.76826],[-98.73706,18.77283],[-98.73662,18.77327],[-98.73579,18.77568],[-98.73495,18.77696],[-98.73392,18.77766],[-98.73372,18.77899],[-98.73369,18.78059],[-98.73401,18.78299],[-98.73282,18.78439],[-98.73226,18.78491],[-98.73178,18.7852],[-98.73156,18.78557],[-98.73147,18.78674],[-98.73104,18.78758],[-98.73072,18.78858],[-98.73091,18.7892],[-98.73058,18.79],[-98.7302,18.79059],[-98.73034,18.79146],[-98.7307,18.79203],[-98.73112,18.79247],[-98.73167,18.79345],[-98.73242,18.79547],[-98.73187,18.79639],[-98.73119,18.79683],[-98.73078,18.79688],[-98.73007,18.79822],[-98.7291,18.79879],[-98.72832,18.79968],[-98.72794,18.8006],[-98.728,18.80248],[-98.72745,18.8058],[-98.72668,18.80731],[-98.72639,18.80724],[-98.72587,18.80729],[-98.72394,18.80681],[-98.72345,18.80773],[-98.72414,18.80954],[-98.72423,18.81053],[-98.72373,18.8115],[-98.72323,18.81197],[-98.72185,18.81254],[-98.72192,18.81304],[-98.72141,18.81347],[-98.72054,18.81341],[-98.71998,18.814],[-98.71939,18.81364],[-98.71858,18.81159],[-98.71762,18.8105],[-98.71728,18.81088],[-98.71659,18.81123],[-98.71656,18.8121],[-98.71594,18.81257],[-98.7153,18.81271],[-98.71474,18.81335],[-98.71442,18.81415],[-98.71443,18.8146],[-98.71427,18.81502],[-98.7133,18.81563],[-98.71257,18.81644],[-98.71235,18.81694],[-98.71135,18.81813],[-98.71043,18.81861],[-98.70916,18.82076],[-98.70836,18.82123],[-98.70786,18.82183],[-98.70718,18.8221],[-98.70788,18.8227],[-98.70814,18.8236],[-98.70633,18.82498],[-98.70629,18.82581],[-98.70683,18.82621],[-98.70714,18.82711],[-98.70645,18.82717],[-98.7061,18.8271],[-98.70554,18.8279],[-98.70497,18.828],[-98.70534,18.8289],[-98.70539,18.83056],[-98.7057,18.83134],[-98.70567,18.83197],[-98.70616,18.83174],[-98.70674,18.83163],[-98.70757,18.833],[-98.70732,18.83349],[-98.70735,18.83382],[-98.70558,18.8342],[-98.70445,18.83469],[-98.70426,18.83578],[-98.70346,18.83596],[-98.70329,18.83622],[-98.70371,18.83683],[-98.70333,18.83775],[-98.70292,18.83938],[-98.70241,18.83997],[-98.70184,18.84019],[-98.70133,18.84058],[-98.70061,18.84164],[-98.70068,18.84213],[-98.69989,18.84302],[-98.69937,18.84304],[-98.69782,18.84362],[-98.69772,18.84399],[-98.69716,18.84471],[-98.69687,18.84476],[-98.69618,18.84511],[-98.69561,18.84521],[-98.69556,18.84559],[-98.69592,18.84595],[-98.69546,18.84613],[-98.69553,18.84662],[-98.69589,18.84704],[-98.69557,18.84769],[-98.69512,18.84826],[-98.6952,18.84891],[-98.69461,18.85014],[-98.69507,18.85062],[-98.69516,18.85148],[-98.69469,18.85192],[-98.69301,18.85238],[-98.69186,18.85289],[-98.69096,18.85464],[-98.69148,18.85516],[-98.69056,18.85556],[-98.69115,18.85678],[-98.69086,18.85737],[-98.68912,18.85837],[-98.68852,18.85797],[-98.68782,18.85792],[-98.68739,18.85884],[-98.68639,18.85997],[-98.68606,18.86056],[-98.686,18.86207],[-98.6855,18.86235],[-98.68481,18.86252],[-98.68411,18.86247],[-98.68329,18.86271],[-98.68181,18.86408],[-98.6814,18.86521],[-98.6814,18.86584],[-98.68119,18.86629],[-98.68063,18.87196],[-98.68018,18.87349],[-98.67574,18.87877],[-98.67344,18.88049],[-98.67263,18.8813],[-98.67175,18.88188],[-98.67,18.88465],[-98.66853,18.88771],[-98.66585,18.89558],[-98.66891,18.90129],[-98.67635,18.90255],[-98.69883,18.89937],[-98.70082,18.89551],[-98.70117,18.895],[-98.70285,18.88683],[-98.70206,18.88215],[-98.70157,18.88034],[-98.70121,18.87855],[-98.70229,18.87596],[-98.70259,18.8753],[-98.7031,18.87461],[-98.70496,18.87341],[-98.70789,18.87183],[-98.70874,18.87098],[-98.70918,18.86997],[-98.7107,18.86823],[-98.71121,18.86784],[-98.71237,18.86773],[-98.71291,18.86834],[-98.71342,18.87002],[-98.71346,18.87156],[-98.7141,18.87483],[-98.71278,18.87646],[-98.71221,18.87693],[-98.7107,18.87896],[-98.70935,18.88273],[-98.70762,18.88539],[-98.70644,18.88695],[-98.70623,18.88783],[-98.70576,18.89186],[-98.70626,18.89313],[-98.70704,18.89427],[-98.70729,18.89488],[-98.70727,18.89816],[-98.70697,18.90003],[-98.70648,18.90145],[-98.70609,18.90208],[-98.70483,18.90274],[-98.70242,18.90367],[-98.70105,18.90471],[-98.7006,18.90521],[-98.69993,18.90635],[-98.69995,18.90705],[-98.69963,18.90793],[-98.69856,18.90954],[-98.69771,18.91035],[-98.69462,18.91188],[-98.69059,18.91339],[-98.68869,18.91419],[-98.688,18.91462],[-98.68721,18.91527],[-98.6861,18.91733],[-98.68515,18.91884],[-98.68452,18.91919],[-98.6817,18.92009],[-98.68073,18.9207],[-98.68028,18.92137],[-98.67988,18.92176],[-98.67897,18.9222],[-98.67783,18.92314],[-98.67713,18.92519],[-98.67672,18.92752],[-98.67642,18.93126],[-98.67609,18.93189],[-98.67611,18.93284],[-98.67491,18.93561],[-98.67494,18.93685],[-98.67506,18.93705],[-98.67514,18.93771],[-98.67517,18.94107],[-98.67489,18.94344],[-98.67457,18.94452],[-98.67322,18.9463],[-98.67243,18.94711],[-98.67185,18.94745],[-98.67095,18.94831],[-98.67026,18.94878],[-98.66865,18.94953],[-98.6656,18.95069],[-98.66308,18.95216],[-98.66207,18.95343],[-98.66191,18.95385],[-98.6606,18.95492],[-98.66004,18.95576],[-98.65967,18.95726],[-98.65981,18.95813],[-98.65971,18.9588],[-98.65944,18.95955],[-98.65859,18.96036],[-98.65647,18.96137],[-98.65447,18.96275],[-98.65383,18.96496],[-98.65291,18.96743],[-98.65256,18.96959],[-98.65229,18.97051],[-98.65145,18.97604],[-98.65072,18.97909],[-98.65033,18.97985],[-98.65024,18.98063],[-98.64829,18.98607],[-98.64512,18.99374],[-98.64351,18.99652],[-98.64312,18.99702],[-98.64266,18.99741],[-98.64186,18.99793],[-98.64105,18.99824],[-98.63817,18.99902],[-98.63719,18.99938],[-98.63627,19.00006],[-98.63582,19.00157],[-98.63562,19.00182],[-98.63447,19.00425],[-98.63167,19.00843],[-98.631,19.00961],[-98.62996,19.012],[-98.6297,19.013],[-98.6294,19.01495],[-98.63001,19.02102],[-98.62722,19.02193],[-98.62478,19.02204],[-98.62288,19.02239],[-98.62067,19.02416],[-98.61994,19.02492],[-98.61942,19.02527],[-98.61747,19.02603],[-98.61622,19.02678],[-98.61552,19.02688],[-98.61478,19.02719],[-98.61374,19.02747],[-98.61287,19.02749],[-98.61201,19.02777],[-98.60964,19.02821],[-98.60691,19.02817],[-98.60463,19.02798],[-98.60323,19.02765],[-98.60229,19.02751],[-98.60201,19.02756],[-98.60118,19.02725],[-98.60013,19.02716],[-98.59744,19.02665],[-98.59628,19.02661],[-98.59476,19.02636],[-98.59349,19.02648],[-98.59273,19.02629],[-98.59203,19.02635],[-98.59009,19.02579],[-98.58618,19.02499],[-98.58543,19.02538],[-98.58514,19.02535],[-98.58445,19.02549],[-98.58346,19.0254],[-98.5834,19.02528],[-98.58281,19.02509],[-98.58237,19.02398],[-98.5813,19.0233],[-98.58093,19.02277],[-98.58046,19.02258],[-98.57998,19.02218],[-98.57757,19.02109],[-98.57552,19.02061],[-98.57499,19.02033],[-98.57523,19.0207],[-98.57569,19.02234],[-98.57514,19.02502],[-98.57528,19.0258],[-98.57553,19.02633],[-98.57639,19.02784],[-98.57735,19.02898],[-98.57783,19.02925],[-98.58073,19.03266],[-98.58133,19.03326],[-98.58162,19.03334],[-98.58175,19.03371],[-98.58191,19.03524],[-98.58212,19.03627],[-98.58191,19.03702],[-98.58152,19.03761],[-98.58112,19.03767],[-98.58024,19.03744],[-98.58,19.03724],[-98.57841,19.0365],[-98.57771,19.03635],[-98.57724,19.03641],[-98.57398,19.03617],[-98.57281,19.03579],[-98.57246,19.0358],[-98.57146,19.03558],[-98.57071,19.0356],[-98.56896,19.03544],[-98.56774,19.03548],[-98.56721,19.03537],[-98.56668,19.03505],[-98.56604,19.03491],[-98.56509,19.03448],[-98.56375,19.03431],[-98.56229,19.03398],[-98.56193,19.03374],[-98.56106,19.03372],[-98.56007,19.03354],[-98.55918,19.03307],[-98.5587,19.03263],[-98.55752,19.03216],[-98.55706,19.03209],[-98.55481,19.03095],[-98.55416,19.03052],[-98.55128,19.02782],[-98.54971,19.02774],[-98.54931,19.028],[-98.54867,19.02789],[-98.54796,19.02754],[-98.54768,19.02775],[-98.54634,19.02767],[-98.54417,19.02694],[-98.54363,19.02658],[-98.54303,19.02594],[-98.54226,19.02538],[-98.54115,19.02541],[-98.54068,19.02522],[-98.54016,19.02519],[-98.53906,19.02526],[-98.53877,19.0254],[-98.53848,19.02536],[-98.53801,19.02509],[-98.53733,19.0239],[-98.53643,19.02314],[-98.53614,19.02294],[-98.53432,19.02245],[-98.53391,19.02246],[-98.53351,19.0226],[-98.53298,19.02249],[-98.53264,19.02262],[-98.53141,19.0222],[-98.53094,19.02234],[-98.53026,19.02265],[-98.52924,19.02351],[-98.52872,19.02377],[-98.52838,19.02382],[-98.52779,19.02368],[-98.52713,19.02482],[-98.52667,19.02499],[-98.52615,19.02505],[-98.52475,19.02497],[-98.52418,19.02527],[-98.52322,19.02613],[-98.52254,19.02656],[-98.52196,19.02683],[-98.52115,19.02694],[-98.51929,19.0267],[-98.51808,19.02698],[-98.51697,19.02693],[-98.51491,19.0262],[-98.51451,19.02621],[-98.51357,19.02587],[-98.51269,19.02577],[-98.50928,19.02636],[-98.50823,19.02627],[-98.50735,19.02604],[-98.50554,19.02576],[-98.50421,19.02597],[-98.50299,19.02596],[-98.50168,19.02662],[-98.50032,19.0279],[-98.49967,19.02937],[-98.49896,19.03068],[-98.49832,19.03248],[-98.49654,19.03498],[-98.49576,19.03629],[-98.49582,19.03637],[-98.49527,19.03734],[-98.49488,19.03789],[-98.49478,19.03997],[-98.49433,19.04065],[-98.49365,19.04104],[-98.49244,19.04149],[-98.49222,19.04187],[-98.4924,19.04398],[-98.4919,19.0447],[-98.49174,19.04503],[-98.49175,19.04532],[-98.49206,19.04598],[-98.49218,19.04598],[-98.49248,19.04634],[-98.49271,19.04646],[-98.49272,19.04658],[-98.49222,19.04722],[-98.49175,19.04727],[-98.49083,19.04759],[-98.49044,19.04798],[-98.49015,19.04989],[-98.49016,19.05014],[-98.49041,19.05067],[-98.48907,19.05258],[-98.48766,19.05382],[-98.48652,19.05464],[-98.48557,19.05592],[-98.48536,19.05642],[-98.48526,19.05721],[-98.4851,19.05759],[-98.48507,19.05834],[-98.48495,19.05842],[-98.48486,19.05917],[-98.48558,19.0599],[-98.48597,19.06109],[-98.48612,19.06221],[-98.4861,19.06353],[-98.48597,19.06444],[-98.48579,19.06486],[-98.48551,19.06509],[-98.48486,19.06496],[-98.48395,19.06526],[-98.48366,19.06526],[-98.48342,19.06511],[-98.48317,19.06461],[-98.48264,19.0643],[-98.48,19.06338],[-98.47965,19.06334],[-98.47936,19.06344],[-98.47859,19.06313],[-98.47835,19.0628],[-98.47806,19.06281],[-98.47778,19.06323],[-98.47814,19.06364],[-98.47816,19.0643],[-98.47889,19.06511],[-98.47908,19.06573],[-98.47897,19.06598],[-98.47888,19.06681],[-98.47877,19.06694],[-98.47906,19.06689],[-98.47936,19.06721],[-98.47965,19.06733],[-98.48025,19.06947],[-98.48002,19.07001],[-98.4793,19.07082],[-98.47856,19.07122],[-98.47501,19.07675],[-98.47059,19.0785],[-98.47027,19.07882],[-98.46923,19.07953],[-98.46871,19.07967],[-98.46688,19.08076],[-98.46479,19.08074],[-98.46295,19.08137],[-98.46255,19.08163],[-98.46167,19.08153],[-98.46122,19.08179],[-98.46052,19.08194],[-98.45905,19.08131],[-98.45881,19.08111],[-98.45863,19.0807],[-98.45809,19.08026],[-98.45733,19.08024],[-98.45658,19.08034],[-98.45617,19.08027],[-98.45522,19.07951],[-98.45475,19.07952],[-98.45458,19.07961],[-98.45358,19.08097],[-98.45417,19.08128],[-98.45441,19.08173],[-98.45482,19.08176],[-98.45554,19.08224],[-98.45602,19.08281],[-98.45697,19.08345],[-98.45837,19.08378],[-98.45949,19.08416],[-98.46002,19.08444],[-98.46131,19.08473],[-98.46155,19.08494],[-98.46214,19.08513],[-98.46345,19.08617],[-98.46445,19.08656],[-98.46502,19.08637],[-98.46561,19.08644],[-98.4663,19.08638],[-98.46841,19.08673],[-98.46875,19.08656],[-98.46903,19.08614],[-98.46976,19.08549],[-98.47062,19.08493],[-98.47171,19.08465],[-98.47317,19.08473],[-98.47475,19.08527],[-98.47517,19.08555],[-98.47657,19.08572],[-98.47727,19.0859],[-98.479,19.08706],[-98.47971,19.0877],[-98.48102,19.08849],[-98.48191,19.0893],[-98.48269,19.08986],[-98.4833,19.09067],[-98.48343,19.09112],[-98.48383,19.09136],[-98.48432,19.09185],[-98.48597,19.09263],[-98.48679,19.0929],[-98.48757,19.0935],[-98.48782,19.09337],[-98.48861,19.09322],[-98.48902,19.09325],[-98.49102,19.09232],[-98.49137,19.09227],[-98.4928,19.09152],[-98.49447,19.0911],[-98.49547,19.09161],[-98.49583,19.09193],[-98.49676,19.09233],[-98.49719,19.09244],[-98.49765,19.09238],[-98.4983,19.09265],[-98.49872,19.09314],[-98.49896,19.09326],[-98.50093,19.0932],[-98.50169,19.0933],[-98.50334,19.09388],[-98.50544,19.09415],[-98.50447,19.09289],[-98.5044,19.0926],[-98.50451,19.09239],[-98.50473,19.09214],[-98.50491,19.09213],[-98.50526,19.09217],[-98.50728,19.09307],[-98.50744,19.0931],[-98.50778,19.09272],[-98.50932,19.09363],[-98.50967,19.09374],[-98.51005,19.09302],[-98.50963,19.0925],[-98.50802,19.09122],[-98.50777,19.09072],[-98.50776,19.09035],[-98.5084,19.09033],[-98.50935,19.09093],[-98.50981,19.09075],[-98.51004,19.09083],[-98.5109,19.09238],[-98.51151,19.09327],[-98.51181,19.09356],[-98.51232,19.093],[-98.51296,19.09307],[-98.51344,19.09351],[-98.51593,19.09518],[-98.51677,19.09595],[-98.51696,19.09631],[-98.51737,19.09659],[-98.51852,19.09781],[-98.52073,19.09986],[-98.52197,19.10045],[-98.52349,19.10057],[-98.52413,19.10076],[-98.52591,19.10187],[-98.52638,19.10202],[-98.52796,19.10223],[-98.52849,19.10258],[-98.52884,19.10257],[-98.52896,19.10278],[-98.53069,19.10418],[-98.53235,19.10501],[-98.53288,19.10511],[-98.53329,19.10539],[-98.53388,19.10558],[-98.5357,19.1081],[-98.53606,19.10847],[-98.53695,19.10902],[-98.53726,19.10939],[-98.53896,19.11187],[-98.53981,19.11288],[-98.54022,19.113],[-98.54115,19.11305],[-98.54242,19.11273],[-98.54265,19.11276],[-98.54472,19.1137],[-98.54483,19.11357],[-98.545,19.11357],[-98.54636,19.11407],[-98.54735,19.11425],[-98.54834,19.11422],[-98.54869,19.11441],[-98.54941,19.11506],[-98.55017,19.11508],[-98.55058,19.11527],[-98.55152,19.11545],[-98.55189,19.11607],[-98.55214,19.11681],[-98.55317,19.1181],[-98.55411,19.11828],[-98.555,19.11888],[-98.55523,19.11888],[-98.55577,19.11944],[-98.55638,19.12038],[-98.55668,19.12058],[-98.55734,19.1213],[-98.55763,19.12109],[-98.55841,19.1219],[-98.55871,19.1221],[-98.55935,19.12228],[-98.56014,19.1233],[-98.56015,19.12351],[-98.56063,19.12403],[-98.561,19.12469],[-98.56132,19.12575],[-98.56188,19.12665],[-98.56266,19.12742],[-98.56466,19.12811],[-98.56506,19.1281],[-98.56572,19.12853],[-98.56618,19.12852],[-98.56737,19.12932],[-98.56789,19.12926],[-98.56898,19.12885],[-98.56933,19.12893],[-98.56988,19.12953],[-98.57006,19.1299],[-98.57078,19.1305],[-98.57142,19.13065],[-98.57243,19.1312],[-98.5729,19.13132],[-98.57365,19.13125],[-98.57441,19.13131],[-98.57644,19.13109],[-98.57582,19.1319],[-98.5756,19.13203],[-98.57453,19.1333],[-98.57409,19.13406],[-98.57325,19.13512],[-98.57293,19.13584],[-98.57247,19.13622],[-98.57237,19.13648],[-98.57238,19.13693],[-98.57299,19.13774],[-98.57416,19.13991],[-98.574,19.14029],[-98.57401,19.14058],[-98.57373,19.14108],[-98.57316,19.14127],[-98.57228,19.14109],[-98.57193,19.14118],[-98.57117,19.14103],[-98.57077,19.14117],[-98.56998,19.14194],[-98.56943,19.14287],[-98.569,19.14384],[-98.56866,19.14409],[-98.56773,19.1442],[-98.56708,19.14389],[-98.56585,19.14376],[-98.56448,19.14272],[-98.56396,19.14261],[-98.56354,19.14229],[-98.56307,19.1421],[-98.56097,19.14187],[-98.56038,19.14168],[-98.55974,19.14165],[-98.55934,19.14179],[-98.55782,19.14179],[-98.55505,19.1422],[-98.55376,19.14216],[-98.5533,19.14204],[-98.55162,19.14226],[-98.55062,19.14204],[-98.54991,19.14164],[-98.54921,19.1415],[-98.54891,19.14126],[-98.54814,19.14095],[-98.54647,19.13946],[-98.54528,19.13879],[-98.54228,19.13755],[-98.54186,19.13727],[-98.54075,19.13701],[-98.54052,19.13706],[-98.53892,19.13615],[-98.53798,19.13593],[-98.53405,19.13467],[-98.53257,19.13384],[-98.52981,19.13296],[-98.52904,19.13253],[-98.52774,19.13207],[-98.52646,19.13186],[-98.52563,19.13155],[-98.52523,19.13156],[-98.52429,19.13134],[-98.52305,19.13067],[-98.52216,19.13036],[-98.52164,19.13029],[-98.51989,19.13022],[-98.51607,19.13078],[-98.51536,19.13047],[-98.51441,19.12975],[-98.51383,19.12964],[-98.51271,19.12913],[-98.51235,19.12877],[-98.51193,19.12858],[-98.51033,19.12742],[-98.50861,19.12651],[-98.50815,19.12665],[-98.50768,19.12662],[-98.50587,19.12626],[-98.50448,19.12634],[-98.50389,19.12619],[-98.50198,19.12641],[-98.50134,19.12639],[-98.50029,19.12629],[-98.49953,19.12611],[-98.49813,19.1261],[-98.49538,19.12747],[-98.49475,19.12761],[-98.49317,19.1272],[-98.49234,19.12672],[-98.49175,19.1267],[-98.49164,19.12679],[-98.49123,19.12671],[-98.48981,19.12576],[-98.48846,19.12555],[-98.48746,19.12504],[-98.48668,19.1244],[-98.48568,19.12397],[-98.48486,19.12382],[-98.48434,19.12392],[-98.4837,19.12386],[-98.48288,19.12363],[-98.48211,19.12328],[-98.48164,19.12321],[-98.4807,19.12282],[-98.47936,19.12269],[-98.47722,19.12292],[-98.47598,19.12246],[-98.47165,19.12142],[-98.47014,19.12158],[-98.46727,19.12079],[-98.46528,19.1206],[-98.4644,19.12038],[-98.46158,19.11929],[-98.46088,19.11919],[-98.46023,19.11892],[-98.45948,19.11906],[-98.45828,19.11964],[-98.45701,19.12004],[-98.45644,19.12039],[-98.45633,19.12073],[-98.45505,19.12047],[-98.45365,19.12043],[-98.4522,19.12047],[-98.45162,19.12069],[-98.45052,19.12089],[-98.44808,19.12079],[-98.44773,19.12068],[-98.44721,19.12086],[-98.4467,19.12129],[-98.44611,19.1211],[-98.44263,19.11949],[-98.44221,19.11905],[-98.44144,19.11857],[-98.44121,19.11858],[-98.43914,19.11768],[-98.43879,19.1174],[-98.43604,19.11682],[-98.43161,19.11486],[-98.43027,19.11461],[-98.42858,19.11458],[-98.42781,19.11418],[-98.42699,19.114],[-98.42563,19.11312],[-98.42459,19.11308],[-98.42369,19.11283],[-98.42297,19.11295],[-98.42249,19.11324],[-98.42209,19.11331],[-98.42108,19.11445],[-98.42034,19.11503],[-98.42007,19.11547],[-98.41977,19.11573],[-98.41944,19.1158],[-98.41812,19.11571],[-98.41758,19.11583],[-98.41612,19.11571],[-98.41449,19.11576],[-98.41329,19.11625],[-98.41247,19.11619]]]}},{"type":"Feature","properties":{"id":14,"distrito_f":14,"nombre":"Distrito Federal 14","entidad":21},"geometry":{"type":"Polygon","coordinates":[[[-98.59239,18.58466],[-98.59208,18.58376],[-98.59138,18.58332],[-98.59045,18.58296],[-98.59072,18.58152],[-98.58809,18.57991],[-98.58697,18.57861],[-98.58418,18.57791],[-98.584,18.57717],[-98.58307,18.57615],[-98.58243,18.57662],[-98.57988,18.57275],[-98.57644,18.57103],[-98.57369,18.56918],[-98.57324,18.57306],[-98.57297,18.57422],[-98.57211,18.57505],[-98.57079,18.57573],[-98.56958,18.57587],[-98.56784,18.57549],[-98.56536,18.57569],[-98.56346,18.57642],[-98.56101,18.57603],[-98.55944,18.57467],[-98.55931,18.57554],[-98.55957,18.57954],[-98.55927,18.58099],[-98.55935,18.5815],[-98.55975,18.58229],[-98.5595,18.58236],[-98.55831,18.58205],[-98.55641,18.5793],[-98.55517,18.58139],[-98.55469,18.5813],[-98.54656,18.57672],[-98.54328,18.57645],[-98.5363,18.57765],[-98.52968,18.56984],[-98.52945,18.57051],[-98.529,18.57113],[-98.52751,18.57227],[-98.52665,18.57315],[-98.5259,18.57324],[-98.5251,18.57383],[-98.52424,18.57508],[-98.5235,18.57562],[-98.52113,18.57623],[-98.51918,18.57745],[-98.51555,18.57865],[-98.51439,18.578],[-98.51288,18.57756],[-98.51137,18.57745],[-98.51029,18.57866],[-98.51007,18.58007],[-98.50685,18.5813],[-98.50366,18.58606],[-98.50951,18.5918],[-98.50457,18.59947],[-98.50338,18.60218],[-98.50329,18.60388],[-98.50248,18.60426],[-98.50214,18.60513],[-98.50256,18.60608],[-98.50228,18.60683],[-98.50205,18.60716],[-98.50119,18.60763],[-98.49609,18.61675],[-98.49639,18.61783],[-98.49624,18.61994],[-98.49435,18.62224],[-98.4939,18.62266],[-98.49338,18.62341],[-98.49258,18.62379],[-98.49096,18.6243],[-98.4901,18.62427],[-98.48981,18.62419],[-98.48922,18.62378],[-98.48806,18.62284],[-98.48702,18.62302],[-98.48598,18.62307],[-98.48505,18.62333],[-98.48431,18.62395],[-98.48311,18.6255],[-98.48242,18.62596],[-98.48243,18.62667],[-98.48279,18.62757],[-98.48331,18.62761],[-98.48424,18.62797],[-98.48453,18.62822],[-98.48488,18.6288],[-98.48523,18.62908],[-98.48547,18.62949],[-98.48571,18.63028],[-98.48623,18.63069],[-98.48699,18.63089],[-98.48722,18.63134],[-98.48735,18.63237],[-98.48736,18.63333],[-98.48714,18.63416],[-98.48715,18.63494],[-98.48698,18.63524],[-98.48665,18.63681],[-98.48598,18.63869],[-98.48535,18.63969],[-98.48323,18.64124],[-98.48318,18.64215],[-98.48336,18.64281],[-98.48314,18.6441],[-98.48292,18.64447],[-98.4823,18.64626],[-98.48179,18.64739],[-98.4837,18.66303],[-98.48305,18.66357],[-98.48233,18.66458],[-98.48043,18.66509],[-98.48014,18.66522],[-98.47992,18.66547],[-98.47992,18.6656],[-98.48046,18.66608],[-98.48058,18.66641],[-98.48094,18.66682],[-98.48078,18.66744],[-98.48039,18.66799],[-98.47999,18.66817],[-98.47897,18.6689],[-98.47822,18.66904],[-98.47706,18.66895],[-98.47689,18.66912],[-98.4772,18.66977],[-98.47746,18.67072],[-98.47794,18.67133],[-98.47796,18.67199],[-98.47762,18.67242],[-98.47722,18.67251],[-98.47653,18.67294],[-98.47478,18.67435],[-98.4752,18.67501],[-98.47534,18.67587],[-98.47629,18.6788],[-98.47659,18.67924],[-98.47697,18.68031],[-98.47715,18.68056],[-98.47729,18.68134],[-98.47838,18.68297],[-98.4798,18.68414],[-98.48044,18.68446],[-98.48131,18.68452],[-98.48237,18.68499],[-98.48285,18.68548],[-98.48479,18.68675],[-98.48541,18.68807],[-98.48631,18.68921],[-98.48684,18.68961],[-98.48784,18.69],[-98.48913,18.69079],[-98.48992,18.69189],[-98.49044,18.69201],[-98.49145,18.69277],[-98.49217,18.69358],[-98.49311,18.69418],[-98.49497,18.69633],[-98.49555,18.69665],[-98.49651,18.69766],[-98.49647,18.69832],[-98.49594,18.70004],[-98.49603,18.70145],[-98.49542,18.70237],[-98.49477,18.70372],[-98.49432,18.70427],[-98.49723,18.70482],[-98.49958,18.70592],[-98.5004,18.7064],[-98.50104,18.70651],[-98.50196,18.70619],[-98.5013,18.70741],[-98.49886,18.71133],[-98.4986,18.71262],[-98.49886,18.7134],[-98.49913,18.71481],[-98.49913,18.71692],[-98.49897,18.71751],[-98.49929,18.71858],[-98.49909,18.71966],[-98.49881,18.72017],[-98.49808,18.72089],[-98.49655,18.72429],[-98.49663,18.72512],[-98.49733,18.72734],[-98.49688,18.72736],[-98.49613,18.72934],[-98.49595,18.72955],[-98.49561,18.72967],[-98.49537,18.72963],[-98.49485,18.73054],[-98.49479,18.73169],[-98.49508,18.73396],[-98.49026,18.73681],[-98.48956,18.73713],[-98.4888,18.73775],[-98.48828,18.73825],[-98.48758,18.74011],[-98.48718,18.74064],[-98.48476,18.74094],[-98.48353,18.74003],[-98.48256,18.74018],[-98.47906,18.73923],[-98.47726,18.74932],[-98.48055,18.75013],[-98.47973,18.75174],[-98.4777,18.75281],[-98.47561,18.75351],[-98.47421,18.75392],[-98.47171,18.75441],[-98.4702,18.75462],[-98.46869,18.75466],[-98.46678,18.75457],[-98.46509,18.75461],[-98.46399,18.75436],[-98.46329,18.7551],[-98.46213,18.75688],[-98.46137,18.75935],[-98.46125,18.76076],[-98.46172,18.76315],[-98.46172,18.76418],[-98.45486,18.76261],[-98.45353,18.76161],[-98.4534,18.76822],[-98.45462,18.77214],[-98.45468,18.77322],[-98.4552,18.77565],[-98.45763,18.78313],[-98.45688,18.78333],[-98.4563,18.78292],[-98.45583,18.78226],[-98.4556,18.78176],[-98.45462,18.77821],[-98.45409,18.77672],[-98.45386,18.7766],[-98.45375,18.77631],[-98.45264,18.7754],[-98.45171,18.77445],[-98.45067,18.77379],[-98.44986,18.77255],[-98.44922,18.77119],[-98.44905,18.77061],[-98.44823,18.76949],[-98.44771,18.769],[-98.44667,18.76829],[-98.44539,18.7678],[-98.44405,18.76907],[-98.44393,18.76953],[-98.44353,18.7701],[-98.44347,18.77048],[-98.44312,18.77109],[-98.44329,18.77155],[-98.44259,18.77303],[-98.44213,18.77353],[-98.44161,18.77328],[-98.44108,18.77328],[-98.44039,18.77365],[-98.43986,18.77365],[-98.43853,18.77476],[-98.43829,18.77505],[-98.43829,18.77546],[-98.4373,18.77633],[-98.43696,18.77678],[-98.4369,18.77773],[-98.43608,18.77922],[-98.43567,18.77967],[-98.43358,18.78074],[-98.43265,18.78086],[-98.43271,18.78078],[-98.43242,18.78074],[-98.4319,18.78103],[-98.43166,18.78177],[-98.43108,18.78218],[-98.43027,18.78214],[-98.42992,18.78231],[-98.42963,18.78263],[-98.42626,18.78449],[-98.42504,18.78494],[-98.42329,18.78589],[-98.42277,18.78576],[-98.42184,18.78609],[-98.4212,18.78671],[-98.42079,18.78729],[-98.41946,18.78753],[-98.41858,18.78848],[-98.41864,18.78881],[-98.41835,18.78976],[-98.41701,18.79083],[-98.41614,18.79124],[-98.41568,18.79178],[-98.41597,18.79215],[-98.41579,18.79372],[-98.41451,18.79562],[-98.41381,18.79702],[-98.41375,18.79772],[-98.41334,18.7985],[-98.413,18.79892],[-98.41288,18.79925],[-98.41288,18.79974],[-98.41264,18.8002],[-98.41049,18.80246],[-98.40898,18.8037],[-98.40823,18.80329],[-98.40753,18.80221],[-98.40678,18.80151],[-98.40631,18.80048],[-98.40567,18.79866],[-98.40521,18.79812],[-98.40486,18.79791],[-98.40457,18.79738],[-98.40428,18.79729],[-98.40399,18.79593],[-98.404,18.79399],[-98.40319,18.79143],[-98.39935,18.79291],[-98.39865,18.79287],[-98.3972,18.79394],[-98.39551,18.79447],[-98.39452,18.79435],[-98.39354,18.79352],[-98.39209,18.79187],[-98.39116,18.7917],[-98.39064,18.79137],[-98.39005,18.79174],[-98.39017,18.79203],[-98.39023,18.79277],[-98.39017,18.79318],[-98.38982,18.79364],[-98.38935,18.79393],[-98.38866,18.79463],[-98.38773,18.79578],[-98.38709,18.79632],[-98.38679,18.79673],[-98.38557,18.79768],[-98.38505,18.79941],[-98.38394,18.80023],[-98.38383,18.80044],[-98.38365,18.80093],[-98.38371,18.80143],[-98.38353,18.80221],[-98.38324,18.80246],[-98.38307,18.80279],[-98.38254,18.8032],[-98.38033,18.80448],[-98.37993,18.80439],[-98.37923,18.80382],[-98.37795,18.80419],[-98.37772,18.80472],[-98.37795,18.80584],[-98.37778,18.80617],[-98.37754,18.80625],[-98.37702,18.80604],[-98.37626,18.80649],[-98.37592,18.80687],[-98.37551,18.80711],[-98.37469,18.80732],[-98.37481,18.80814],[-98.37348,18.80688],[-98.37307,18.80663],[-98.37261,18.8065],[-98.37232,18.80679],[-98.37232,18.80758],[-98.37202,18.80857],[-98.37202,18.80882],[-98.3722,18.80898],[-98.37197,18.80931],[-98.37191,18.80977],[-98.37208,18.81035],[-98.3697,18.8122],[-98.36924,18.81274],[-98.36883,18.81295],[-98.36813,18.81303],[-98.3668,18.8129],[-98.36645,18.8122],[-98.36645,18.81129],[-98.3668,18.8103],[-98.36634,18.80914],[-98.36599,18.80893],[-98.36535,18.80872],[-98.36309,18.8088],[-98.36251,18.80868],[-98.36211,18.80888],[-98.3599,18.80954],[-98.35921,18.80892],[-98.35897,18.80838],[-98.35828,18.8083],[-98.35648,18.80908],[-98.35526,18.80937],[-98.35486,18.80891],[-98.35474,18.80837],[-98.35404,18.80808],[-98.35271,18.80849],[-98.35201,18.80882],[-98.34992,18.80919],[-98.349,18.80973],[-98.34853,18.81018],[-98.34772,18.81072],[-98.34696,18.81158],[-98.3458,18.81249],[-98.34487,18.81298],[-98.34319,18.81261],[-98.34139,18.81248],[-98.33977,18.81277],[-98.33931,18.8133],[-98.3389,18.81479],[-98.33814,18.81525],[-98.33739,18.81491],[-98.33704,18.81528],[-98.33698,18.81669],[-98.33663,18.81805],[-98.33652,18.819],[-98.33593,18.81987],[-98.33512,18.82028],[-98.33442,18.82194],[-98.33448,18.82462],[-98.33367,18.82594],[-98.33268,18.82714],[-98.33262,18.82859],[-98.3318,18.83317],[-98.3318,18.8345],[-98.33128,18.83512],[-98.33081,18.83541],[-98.33029,18.83615],[-98.32977,18.83631],[-98.32953,18.83685],[-98.32895,18.83714],[-98.32843,18.83805],[-98.32814,18.83829],[-98.32808,18.83887],[-98.32889,18.83941],[-98.32913,18.8397],[-98.32924,18.84024],[-98.32825,18.84057],[-98.32698,18.84065],[-98.32646,18.84023],[-98.32622,18.84019],[-98.32437,18.83891],[-98.32304,18.83816],[-98.32205,18.83774],[-98.32124,18.83704],[-98.32054,18.83671],[-98.31996,18.83695],[-98.31932,18.83699],[-98.31799,18.83678],[-98.31735,18.83699],[-98.31671,18.83728],[-98.31665,18.83823],[-98.31613,18.83889],[-98.31538,18.83901],[-98.31462,18.83897],[-98.31428,18.8391],[-98.31629,18.84047],[-98.31702,18.84237],[-98.31616,18.84284],[-98.31319,18.84223],[-98.31172,18.84122],[-98.30983,18.83967],[-98.30821,18.84008],[-98.3083,18.84162],[-98.30798,18.84316],[-98.30939,18.84397],[-98.31057,18.84511],[-98.31183,18.84783],[-98.3118,18.84845],[-98.3129,18.85046],[-98.31377,18.85145],[-98.3149,18.85181],[-98.31684,18.85138],[-98.3193,18.8518],[-98.31967,18.85219],[-98.32001,18.85292],[-98.32004,18.85345],[-98.31972,18.85392],[-98.3179,18.85459],[-98.31632,18.85537],[-98.31538,18.85612],[-98.31495,18.8568],[-98.31435,18.85741],[-98.31378,18.85764],[-98.31341,18.85816],[-98.31364,18.85918],[-98.3146,18.85975],[-98.3161,18.85955],[-98.31722,18.85995],[-98.31818,18.85953],[-98.31939,18.85931],[-98.32014,18.85931],[-98.32056,18.85958],[-98.32102,18.85948],[-98.32115,18.85972],[-98.32176,18.86031],[-98.32319,18.8609],[-98.32366,18.86096],[-98.32452,18.86079],[-98.32615,18.861],[-98.32685,18.86096],[-98.32879,18.8614],[-98.32966,18.8614],[-98.33112,18.86162],[-98.33161,18.86209],[-98.33188,18.86274],[-98.33165,18.86481],[-98.33193,18.86654],[-98.33159,18.86878],[-98.33163,18.8694],[-98.33224,18.87007],[-98.33301,18.87119],[-98.3331,18.87176],[-98.33289,18.87227],[-98.33229,18.8728],[-98.33126,18.87313],[-98.33087,18.8734],[-98.33074,18.87407],[-98.33122,18.87446],[-98.33107,18.8748],[-98.33063,18.87519],[-98.33026,18.87583],[-98.33005,18.87728],[-98.32985,18.87779],[-98.32974,18.8799],[-98.32982,18.88031],[-98.33097,18.88211],[-98.33186,18.88446],[-98.33308,18.88655],[-98.33357,18.88698],[-98.33433,18.88715],[-98.33493,18.88749],[-98.33613,18.88921],[-98.33668,18.88963],[-98.33761,18.88975],[-98.33824,18.8896],[-98.3388,18.88916],[-98.339,18.88869],[-98.34181,18.8881],[-98.34272,18.88772],[-98.34457,18.8862],[-98.34505,18.88601],[-98.34577,18.88626],[-98.34626,18.88627],[-98.34602,18.88646],[-98.34591,18.88669],[-98.34599,18.88698],[-98.34709,18.88765],[-98.3487,18.88797],[-98.35238,18.88947],[-98.35324,18.88813],[-98.35444,18.88829],[-98.35688,18.89028],[-98.35763,18.89127],[-98.35761,18.89189],[-98.3574,18.89236],[-98.35697,18.89283],[-98.35692,18.89304],[-98.35741,18.89339],[-98.35874,18.89333],[-98.35892,18.89362],[-98.359,18.8939],[-98.35879,18.89421],[-98.35881,18.8946],[-98.35838,18.89516],[-98.35831,18.89599],[-98.35863,18.89651],[-98.35912,18.89698],[-98.3595,18.89754],[-98.36044,18.89964],[-98.36069,18.89996],[-98.36112,18.90147],[-98.36106,18.90234],[-98.36126,18.90394],[-98.36162,18.90503],[-98.36226,18.90818],[-98.36223,18.90967],[-98.3621,18.91034],[-98.36155,18.91193],[-98.36142,18.91372],[-98.36103,18.91597],[-98.36133,18.91715],[-98.36119,18.91769],[-98.35983,18.9183],[-98.35916,18.91878],[-98.35888,18.91986],[-98.35674,18.91869],[-98.35655,18.91557],[-98.3553,18.91722],[-98.3554,18.91796],[-98.35505,18.91902],[-98.35512,18.91965],[-98.35501,18.92016],[-98.35509,18.92024],[-98.3544,18.92059],[-98.35341,18.92129],[-98.35282,18.92152],[-98.35162,18.92187],[-98.34949,18.9222],[-98.34885,18.92222],[-98.34877,18.9223],[-98.34964,18.92332],[-98.35003,18.92417],[-98.35029,18.92417],[-98.35297,18.92637],[-98.35309,18.92626],[-98.35541,18.92876],[-98.35665,18.92899],[-98.36044,18.92942],[-98.36185,18.92977],[-98.36271,18.92952],[-98.36338,18.92903],[-98.36542,18.9285],[-98.36595,18.92887],[-98.36706,18.93056],[-98.36782,18.93134],[-98.36835,18.93246],[-98.36853,18.9337],[-98.36912,18.93494],[-98.36979,18.94082],[-98.37004,18.94396],[-98.37008,18.9491],[-98.36517,18.9497],[-98.3635,18.96752],[-98.3581,18.97156],[-98.35682,18.97082],[-98.35571,18.97031],[-98.35435,18.96862],[-98.35104,18.97051],[-98.35183,18.97262],[-98.35308,18.97515],[-98.34487,18.97685],[-98.34029,18.98028],[-98.34086,18.98087],[-98.34203,18.98113],[-98.34527,18.98099],[-98.34619,18.98132],[-98.347,18.98287],[-98.35149,18.98873],[-98.34259,18.99506],[-98.34138,18.99841],[-98.33464,19.00092],[-98.33504,19.00158],[-98.33347,19.0037],[-98.33289,19.00505],[-98.33199,19.00599],[-98.33165,19.00619],[-98.33203,19.00684],[-98.33102,19.00694],[-98.33085,19.0064],[-98.32978,19.00644],[-98.32976,19.00696],[-98.32865,19.00685],[-98.32772,19.0069],[-98.32542,19.00946],[-98.32478,19.00883],[-98.32213,19.01122],[-98.31958,19.01288],[-98.31879,19.0091],[-98.31631,19.00852],[-98.31586,19.00992],[-98.31576,19.00987],[-98.31512,19.01007],[-98.31263,19.01046],[-98.30639,19.01022],[-98.30666,19.00944],[-98.30725,19.00847],[-98.30583,19.00725],[-98.30602,19.00362],[-98.30531,19.00145],[-98.30133,19.00041],[-98.30123,19.00048],[-98.30001,18.99997],[-98.29902,18.99914],[-98.29739,18.99621],[-98.29682,18.99465],[-98.29497,18.99128],[-98.29255,18.98874],[-98.29196,18.98881],[-98.29096,18.9895],[-98.28745,18.99319],[-98.27783,18.98565],[-98.27744,18.98554],[-98.27913,18.98519],[-98.27996,18.98429],[-98.28008,18.98401],[-98.27971,18.9833],[-98.27918,18.98263],[-98.27911,18.98175],[-98.27928,18.98127],[-98.27959,18.98083],[-98.27997,18.9807],[-98.28062,18.98066],[-98.28082,18.98056],[-98.28103,18.98025],[-98.28087,18.97993],[-98.27983,18.97881],[-98.27963,18.97828],[-98.27977,18.97786],[-98.28014,18.97754],[-98.28143,18.97753],[-98.28208,18.97735],[-98.28242,18.97683],[-98.28263,18.97615],[-98.28217,18.97501],[-98.28183,18.97452],[-98.27869,18.97235],[-98.27755,18.9714],[-98.27714,18.97084],[-98.27669,18.96902],[-98.2775,18.96734],[-98.2776,18.96577],[-98.27749,18.96494],[-98.27773,18.96365],[-98.27776,18.96279],[-98.27748,18.96078],[-98.27723,18.95998],[-98.27693,18.95948],[-98.27603,18.95943],[-98.27518,18.95915],[-98.27452,18.95869],[-98.27433,18.95831],[-98.27496,18.95742],[-98.27552,18.95701],[-98.27572,18.95668],[-98.27574,18.95624],[-98.27561,18.9558],[-98.27485,18.95572],[-98.27385,18.95576],[-98.2733,18.95549],[-98.27269,18.95394],[-98.27228,18.95333],[-98.27181,18.9522],[-98.27063,18.95142],[-98.27031,18.9513],[-98.26931,18.9515],[-98.26887,18.95177],[-98.26863,18.95434],[-98.26845,18.95511],[-98.26818,18.95551],[-98.26712,18.95616],[-98.26683,18.95624],[-98.26672,18.95616],[-98.26662,18.95574],[-98.26621,18.95531],[-98.26367,18.95336],[-98.26341,18.95334],[-98.2625,18.95379],[-98.26179,18.95428],[-98.26154,18.95434],[-98.26125,18.95424],[-98.26104,18.95389],[-98.26083,18.95203],[-98.26042,18.95145],[-98.26011,18.9512],[-98.25795,18.95081],[-98.25703,18.95083],[-98.25675,18.9506],[-98.25625,18.95049],[-98.2557,18.9499],[-98.25574,18.94965],[-98.25604,18.94931],[-98.25598,18.94908],[-98.25606,18.94869],[-98.25634,18.94829],[-98.25648,18.94825],[-98.25658,18.948],[-98.2567,18.94796],[-98.25671,18.9478],[-98.25736,18.94719],[-98.25794,18.94635],[-98.25825,18.94564],[-98.25815,18.94543],[-98.25825,18.94514],[-98.25826,18.94438],[-98.25776,18.944],[-98.25745,18.94346],[-98.2573,18.94294],[-98.25729,18.94235],[-98.26024,18.9443],[-98.26205,18.94515],[-98.26394,18.94618],[-98.26344,18.94536],[-98.26343,18.94496],[-98.26371,18.94443],[-98.2641,18.94398],[-98.26496,18.9438],[-98.26555,18.94385],[-98.26563,18.94395],[-98.26575,18.94467],[-98.26572,18.94518],[-98.26618,18.9457],[-98.2675,18.94611],[-98.2686,18.94551],[-98.26975,18.9453],[-98.2702,18.94537],[-98.27043,18.94406],[-98.27039,18.9437],[-98.27231,18.9435],[-98.27252,18.94426],[-98.27239,18.94457],[-98.27256,18.94548],[-98.2728,18.9456],[-98.27313,18.94602],[-98.27365,18.94618],[-98.27431,18.94606],[-98.27485,18.94618],[-98.27557,18.9457],[-98.27608,18.94499],[-98.27577,18.94434],[-98.27572,18.94401],[-98.27599,18.94393],[-98.27621,18.94366],[-98.2767,18.94335],[-98.27712,18.94087],[-98.27712,18.93996],[-98.277,18.9398],[-98.27661,18.93687],[-98.27615,18.93521],[-98.27627,18.93356],[-98.27674,18.93266],[-98.27703,18.93249],[-98.27686,18.93191],[-98.27686,18.93133],[-98.27704,18.93051],[-98.27704,18.93005],[-98.27687,18.92989],[-98.27675,18.92948],[-98.2767,18.92906],[-98.27682,18.92832],[-98.27676,18.92778],[-98.27596,18.92522],[-98.27573,18.92481],[-98.27556,18.92328],[-98.27591,18.9225],[-98.27591,18.92225],[-98.27615,18.92171],[-98.27649,18.92188],[-98.27649,18.92204],[-98.27701,18.92225],[-98.27765,18.92168],[-98.27893,18.92118],[-98.27951,18.92119],[-98.28055,18.92185],[-98.28102,18.9216],[-98.28206,18.92078],[-98.2827,18.92074],[-98.2842,18.92169],[-98.28461,18.92173],[-98.28525,18.91971],[-98.2863,18.91823],[-98.28636,18.91798],[-98.28631,18.91773],[-98.28613,18.91761],[-98.28608,18.91674],[-98.28596,18.91645],[-98.28602,18.91575],[-98.28725,18.91414],[-98.28742,18.91348],[-98.28719,18.91295],[-98.28569,18.91191],[-98.2854,18.91154],[-98.28494,18.91075],[-98.28477,18.91005],[-98.28495,18.9098],[-98.28657,18.9094],[-98.28686,18.90915],[-98.28715,18.90861],[-98.28797,18.90775],[-98.28849,18.90643],[-98.28849,18.9061],[-98.28798,18.90515],[-98.28769,18.90391],[-98.28729,18.90329],[-98.28671,18.90267],[-98.28631,18.90176],[-98.28585,18.90105],[-98.28556,18.90072],[-98.28446,18.90018],[-98.28377,18.89998],[-98.28301,18.89948],[-98.28296,18.89935],[-98.28157,18.89906],[-98.2811,18.89906],[-98.28006,18.89931],[-98.27954,18.89922],[-98.27652,18.89996],[-98.27495,18.90053],[-98.27432,18.90061],[-98.27362,18.90049],[-98.27275,18.90082],[-98.272,18.90077],[-98.27159,18.90048],[-98.27136,18.90011],[-98.27044,18.89928],[-98.27004,18.8985],[-98.26934,18.89866],[-98.26855,18.89812],[-98.26842,18.89721],[-98.26993,18.89573],[-98.27057,18.89474],[-98.27162,18.89408],[-98.27179,18.89375],[-98.27232,18.89318],[-98.2729,18.89202],[-98.27279,18.89169],[-98.27279,18.89128],[-98.27261,18.89099],[-98.27256,18.89062],[-98.27256,18.88979],[-98.2728,18.88921],[-98.2732,18.88872],[-98.27407,18.88827],[-98.27448,18.88786],[-98.27529,18.88728],[-98.27634,18.88571],[-98.27664,18.88452],[-98.27716,18.88386],[-98.27751,18.88361],[-98.27827,18.8825],[-98.27885,18.88143],[-98.27973,18.88036],[-98.28142,18.87784],[-98.28229,18.87681],[-98.28299,18.87644],[-98.28432,18.87517],[-98.28596,18.87273],[-98.28671,18.87253],[-98.28764,18.87199],[-98.28816,18.8715],[-98.28846,18.87059],[-98.28886,18.87022],[-98.28939,18.86994],[-98.28956,18.86973],[-98.29031,18.86948],[-98.29148,18.86862],[-98.29206,18.86788],[-98.29258,18.86755],[-98.29328,18.86677],[-98.29305,18.86602],[-98.29271,18.86557],[-98.2923,18.86528],[-98.28988,18.86263],[-98.28902,18.86077],[-98.28855,18.86023],[-98.28832,18.85974],[-98.28815,18.85891],[-98.2881,18.85713],[-98.28712,18.85573],[-98.28631,18.8549],[-98.28562,18.85395],[-98.28481,18.85316],[-98.28447,18.85229],[-98.28378,18.85163],[-98.2832,18.85122],[-98.2821,18.85072],[-98.28123,18.85002],[-98.28106,18.84977],[-98.28037,18.84931],[-98.27788,18.84931],[-98.27776,18.84939],[-98.27643,18.84934],[-98.27608,18.84943],[-98.27503,18.85054],[-98.27457,18.85074],[-98.27376,18.85086],[-98.27329,18.85074],[-98.27225,18.85024],[-98.27109,18.84991],[-98.27034,18.84995],[-98.26924,18.8504],[-98.26866,18.85048],[-98.26634,18.84994],[-98.26489,18.85014],[-98.26402,18.85005],[-98.26374,18.84977],[-98.26316,18.84952],[-98.26252,18.84943],[-98.26177,18.84951],[-98.26096,18.84947],[-98.26038,18.84938],[-98.25997,18.84885],[-98.25969,18.84814],[-98.25963,18.84761],[-98.2594,18.84744],[-98.25865,18.84719],[-98.25772,18.84711],[-98.25575,18.84789],[-98.25389,18.84846],[-98.25308,18.84928],[-98.25261,18.84916],[-98.25192,18.84878],[-98.25094,18.84866],[-98.25012,18.84866],[-98.24989,18.84878],[-98.24891,18.84886],[-98.24688,18.84931],[-98.24583,18.84926],[-98.24462,18.84905],[-98.24311,18.84917],[-98.24195,18.84913],[-98.24068,18.84892],[-98.24022,18.84855],[-98.23993,18.84813],[-98.2386,18.84751],[-98.23762,18.84668],[-98.23704,18.84631],[-98.23432,18.84531],[-98.23398,18.8444],[-98.23334,18.84436],[-98.23264,18.84469],[-98.23218,18.84464],[-98.23166,18.84431],[-98.23096,18.84406],[-98.22998,18.84385],[-98.22917,18.84385],[-98.22599,18.84302],[-98.22489,18.84227],[-98.22431,18.84219],[-98.22164,18.84226],[-98.22014,18.84209],[-98.21915,18.8418],[-98.21858,18.84139],[-98.21829,18.8413],[-98.21742,18.8413],[-98.21649,18.84179],[-98.21539,18.84179],[-98.21215,18.84067],[-98.21146,18.84021],[-98.20943,18.83963],[-98.20879,18.84008],[-98.2078,18.84053],[-98.20687,18.84152],[-98.20629,18.84189],[-98.20594,18.84197],[-98.20559,18.84271],[-98.20489,18.84354],[-98.2046,18.8437],[-98.20316,18.84349],[-98.20165,18.84348],[-98.20084,18.84319],[-98.19916,18.84286],[-98.19841,18.84281],[-98.1976,18.84289],[-98.19679,18.84273],[-98.19678,18.84338],[-98.1962,18.84339],[-98.19574,18.84413],[-98.19359,18.84404],[-98.19261,18.8442],[-98.19157,18.84374],[-98.1896,18.84324],[-98.1878,18.8432],[-98.1863,18.84257],[-98.18433,18.84257],[-98.18404,18.84228],[-98.18399,18.84174],[-98.18364,18.84095],[-98.18174,18.83942],[-98.18099,18.83855],[-98.18024,18.83702],[-98.17984,18.83648],[-98.17926,18.83636],[-98.1788,18.83648],[-98.17816,18.83685],[-98.17792,18.83722],[-98.17763,18.83805],[-98.17785,18.83957],[-98.17779,18.84003],[-98.17756,18.84007],[-98.17727,18.83994],[-98.17641,18.83891],[-98.1756,18.8382],[-98.17531,18.83796],[-98.17479,18.83775],[-98.17317,18.83745],[-98.17277,18.83749],[-98.17172,18.83803],[-98.1712,18.83807],[-98.16854,18.83694],[-98.16784,18.83698],[-98.16731,18.83872],[-98.16737,18.83962],[-98.16684,18.84012],[-98.16574,18.84024],[-98.16545,18.84077],[-98.16585,18.84168],[-98.16568,18.84234],[-98.16515,18.84304],[-98.16439,18.84374],[-98.16336,18.84254],[-98.16318,18.84217],[-98.16266,18.8418],[-98.16058,18.8413],[-98.15954,18.84117],[-98.15907,18.84142],[-98.15814,18.8422],[-98.15768,18.84294],[-98.15733,18.84323],[-98.15675,18.84335],[-98.15582,18.84335],[-98.15443,18.84408],[-98.1542,18.84412],[-98.15391,18.84392],[-98.15368,18.84264],[-98.15328,18.84185],[-98.15293,18.84156],[-98.15253,18.84139],[-98.15212,18.84168],[-98.15171,18.84234],[-98.15119,18.84292],[-98.15003,18.84333],[-98.15056,18.84213],[-98.15075,18.84064],[-98.15027,18.83998],[-98.14956,18.83959],[-98.14915,18.83947],[-98.14732,18.84059],[-98.14691,18.84048],[-98.14703,18.83865],[-98.14831,18.83659],[-98.14835,18.83592],[-98.14816,18.83543],[-98.14793,18.83523],[-98.14785,18.83477],[-98.14789,18.83411],[-98.14869,18.83156],[-98.14857,18.83127],[-98.14833,18.83103],[-98.14809,18.83091],[-98.14716,18.83085],[-98.14663,18.83036],[-98.14632,18.82779],[-98.14649,18.82754],[-98.14678,18.82745],[-98.14714,18.82798],[-98.14745,18.82868],[-98.1478,18.82867],[-98.1482,18.82831],[-98.14881,18.82724],[-98.14901,18.82628],[-98.14874,18.82492],[-98.14954,18.8244],[-98.15004,18.82372],[-98.15003,18.82306],[-98.15058,18.82205],[-98.15148,18.82108],[-98.15153,18.82083],[-98.15075,18.82006],[-98.15057,18.81964],[-98.15261,18.8159],[-98.15275,18.81445],[-98.15272,18.81345],[-98.1524,18.8123],[-98.15216,18.81206],[-98.15202,18.81139],[-98.15193,18.81007],[-98.15169,18.80978],[-98.15145,18.80971],[-98.15087,18.8098],[-98.15046,18.80973],[-98.15034,18.8094],[-98.15032,18.80865],[-98.14984,18.808],[-98.14906,18.80748],[-98.14778,18.80735],[-98.1475,18.80764],[-98.1471,18.80782],[-98.14626,18.80705],[-98.14539,18.80695],[-98.14433,18.8066],[-98.14397,18.80615],[-98.14384,18.8057],[-98.14243,18.80498],[-98.14224,18.80465],[-98.14183,18.80437],[-98.14063,18.80523],[-98.13988,18.80537],[-98.13814,18.80537],[-98.13605,18.80571],[-98.13278,18.80703],[-98.13157,18.8074],[-98.12876,18.80879],[-98.12744,18.80953],[-98.12683,18.81045],[-98.12598,18.81126],[-98.12508,18.81249],[-98.12391,18.81222],[-98.12312,18.81282],[-98.12159,18.81431],[-98.12045,18.81504],[-98.11994,18.81614],[-98.11922,18.81519],[-98.11875,18.815],[-98.1175,18.81417],[-98.11733,18.81319],[-98.11622,18.81206],[-98.11519,18.80917],[-98.11572,18.80864],[-98.11631,18.80747],[-98.11592,18.80661],[-98.11511,18.80586],[-98.11528,18.80461],[-98.1165,18.80378],[-98.11869,18.80317],[-98.11958,18.80242],[-98.12014,18.80175],[-98.119,18.79856],[-98.11797,18.79726],[-98.11714,18.7967],[-98.11408,18.79523],[-98.11284,18.79439],[-98.11245,18.79299],[-98.11251,18.79095],[-98.11232,18.78627],[-98.11259,18.78572],[-98.11188,18.78292],[-98.11164,18.78081],[-98.11169,18.78052],[-98.11079,18.77938],[-98.11006,18.77892],[-98.10878,18.77769],[-98.10824,18.77736],[-98.10766,18.77746],[-98.10722,18.77842],[-98.10661,18.77939],[-98.10669,18.78017],[-98.10661,18.78108],[-98.10631,18.78103],[-98.10631,18.78053],[-98.10483,18.77831],[-98.10322,18.77847],[-98.10194,18.77833],[-98.101,18.77811],[-98.1005,18.77847],[-98.09983,18.7781],[-98.0995,18.77873],[-98.09981,18.77955],[-98.09996,18.78067],[-98.09966,18.78254],[-98.09914,18.78454],[-98.09886,18.78513],[-98.0983,18.78577],[-98.09631,18.78747],[-98.09505,18.78804],[-98.09401,18.78832],[-98.093,18.78942],[-98.09123,18.79091],[-98.09049,18.79139],[-98.08866,18.7923],[-98.08577,18.79291],[-98.08443,18.79281],[-98.08298,18.79285],[-98.08223,18.78888],[-98.08413,18.7883],[-98.08464,18.78791],[-98.08557,18.78565],[-98.08567,18.78507],[-98.0853,18.78437],[-98.08562,18.78337],[-98.08592,18.78162],[-98.08466,18.78011],[-98.08423,18.77925],[-98.08207,18.77693],[-98.0813,18.77625],[-98.08065,18.77589],[-98.07999,18.7752],[-98.07995,18.77387],[-98.07939,18.77247],[-98.07921,18.77227],[-98.08014,18.77094],[-98.07822,18.77239],[-98.07697,18.77258],[-98.07589,18.77261],[-98.075,18.77275],[-98.07417,18.773],[-98.07361,18.77242],[-98.07092,18.76842],[-98.07019,18.76606],[-98.06953,18.76508],[-98.06794,18.7635],[-98.06703,18.76206],[-98.06639,18.76183],[-98.06536,18.76122],[-98.06497,18.76114],[-98.06417,18.76133],[-98.06325,18.76194],[-98.06233,18.76239],[-98.06219,18.76285],[-98.06228,18.7631],[-98.06278,18.76331],[-98.06292,18.76347],[-98.06292,18.76406],[-98.06264,18.76425],[-98.06172,18.76442],[-98.06056,18.76478],[-98.05942,18.76522],[-98.05839,18.76586],[-98.05736,18.76586],[-98.05481,18.76531],[-98.05356,18.76483],[-98.05308,18.76397],[-98.05294,18.76275],[-98.05268,18.76251],[-98.05172,18.76208],[-98.05089,18.76128],[-98.05044,18.76067],[-98.04988,18.76079],[-98.04975,18.76103],[-98.04956,18.76219],[-98.0494,18.76246],[-98.04864,18.76311],[-98.04822,18.764],[-98.04753,18.76417],[-98.04691,18.76405],[-98.04678,18.76383],[-98.04758,18.76089],[-98.04745,18.76064],[-98.04661,18.75992],[-98.04631,18.75984],[-98.04467,18.76133],[-98.04434,18.76138],[-98.04364,18.76103],[-98.0425,18.76019],[-98.04156,18.75925],[-98.04025,18.75825],[-98.03944,18.75736],[-98.03942,18.75614],[-98.03981,18.75508],[-98.04014,18.75289],[-98.04067,18.75192],[-98.04072,18.74989],[-98.04001,18.74914],[-98.03972,18.74906],[-98.03758,18.75006],[-98.03729,18.74999],[-98.03689,18.74953],[-98.03725,18.74867],[-98.03697,18.74758],[-98.03422,18.74594],[-98.03281,18.74531],[-98.03066,18.74883],[-98.02955,18.75022],[-98.02873,18.75073],[-98.02783,18.75084],[-98.02655,18.75075],[-98.02522,18.75078],[-98.0247,18.75104],[-98.02443,18.75154],[-98.02349,18.75123],[-98.0223,18.75035],[-98.02217,18.7501],[-98.02183,18.74987],[-98.02083,18.74945],[-98.01787,18.74923],[-98.01697,18.74986],[-98.01153,18.74625],[-98.0114,18.74616],[-98.01097,18.74489],[-98.01213,18.74416],[-98.01274,18.74394],[-98.01323,18.74358],[-98.01354,18.74307],[-98.0132,18.74251],[-98.01089,18.74189],[-98.00908,18.74114],[-98.00742,18.74072],[-98.00556,18.74039],[-98.00161,18.73989],[-97.99525,18.73875],[-97.99297,18.73861],[-97.99103,18.73861],[-97.9845,18.73814],[-97.98208,18.73789],[-97.98031,18.73758],[-97.97853,18.73761],[-97.97547,18.73744],[-97.97371,18.73753],[-97.97283,18.73725],[-97.97125,18.73642],[-97.97036,18.73506],[-97.96967,18.73322],[-97.96817,18.73194],[-97.96698,18.73115],[-97.96533,18.73128],[-97.96392,18.73175],[-97.9625,18.73244],[-97.96233,18.73244],[-97.96078,18.73178],[-97.958,18.72993],[-97.95656,18.73006],[-97.95506,18.72992],[-97.95411,18.72963],[-97.95403,18.72953],[-97.95393,18.72859],[-97.95286,18.72892],[-97.95136,18.72919],[-97.94981,18.72928],[-97.95162,18.72789],[-97.95097,18.72749],[-97.95051,18.72742],[-97.95034,18.72751],[-97.94875,18.72688],[-97.94868,18.72646],[-97.94827,18.72618],[-97.94762,18.72603],[-97.94722,18.72625],[-97.94676,18.72626],[-97.94629,18.72614],[-97.94554,18.72575],[-97.94583,18.72529],[-97.94595,18.72475],[-97.94653,18.72355],[-97.94641,18.72297],[-97.94542,18.72239],[-97.94496,18.72231],[-97.94339,18.72173],[-97.94304,18.72144],[-97.94275,18.72115],[-97.94258,18.72074],[-97.9424,18.72003],[-97.94229,18.71891],[-97.94205,18.71858],[-97.94084,18.71747],[-97.93967,18.71672],[-97.93938,18.71664],[-97.93928,18.71644],[-97.93793,18.71581],[-97.937,18.71519],[-97.93532,18.71283],[-97.93474,18.71233],[-97.93259,18.71143],[-97.93172,18.71134],[-97.9312,18.71118],[-97.92934,18.70977],[-97.9276,18.70882],[-97.9269,18.70812],[-97.92621,18.70712],[-97.9254,18.70659],[-97.92476,18.70592],[-97.92302,18.70497],[-97.92226,18.70431],[-97.92156,18.70394],[-97.92122,18.70406],[-97.9204,18.70398],[-97.92023,18.70382],[-97.92011,18.7034],[-97.92006,18.70245],[-97.91994,18.70207],[-97.91907,18.70054],[-97.9182,18.70005],[-97.91779,18.69996],[-97.91692,18.70021],[-97.91646,18.70017],[-97.91582,18.69947],[-97.91512,18.70022],[-97.91477,18.70022],[-97.91431,18.70005],[-97.91367,18.6996],[-97.91315,18.69897],[-97.91303,18.69852],[-97.91251,18.69835],[-97.91158,18.69848],[-97.91019,18.69827],[-97.90926,18.69728],[-97.90851,18.69608],[-97.90688,18.69496],[-97.90594,18.69527],[-97.90643,18.6936],[-97.90465,18.6903],[-97.90414,18.67489],[-97.90389,18.67021],[-97.90487,18.66838],[-97.90555,18.66672],[-97.9062,18.66439],[-97.90745,18.66372],[-97.90849,18.66337],[-97.90886,18.6629],[-97.90924,18.66085],[-97.90992,18.65926],[-97.9098,18.65718],[-97.9107,18.65487],[-97.91409,18.6482],[-97.91475,18.6475],[-97.91947,18.64469],[-97.92044,18.64424],[-97.92088,18.64394],[-97.92145,18.64322],[-97.92327,18.63627],[-97.92408,18.63379],[-97.92501,18.6298],[-97.92635,18.62507],[-97.92734,18.62243],[-97.92858,18.62055],[-97.92882,18.61941],[-97.92849,18.6184],[-97.92419,18.61265],[-97.92292,18.61048],[-97.92291,18.61033],[-97.9232,18.60991],[-97.92341,18.60933],[-97.92384,18.60867],[-97.9245,18.60803],[-97.9254,18.60735],[-97.92618,18.60712],[-97.92816,18.60786],[-97.92868,18.60815],[-97.92967,18.60924],[-97.93053,18.60975],[-97.93111,18.60984],[-97.93193,18.60956],[-97.9324,18.60891],[-97.93264,18.60837],[-97.93242,18.60758],[-97.93301,18.60639],[-97.93371,18.60606],[-97.93499,18.60587],[-97.93552,18.60522],[-97.93588,18.60452],[-97.936,18.60402],[-97.93712,18.60292],[-97.93834,18.60285],[-97.93892,18.60228],[-97.93893,18.60137],[-97.93929,18.60067],[-97.93988,18.59997],[-97.94029,18.59993],[-97.94074,18.60031],[-97.94174,18.6009],[-97.94242,18.60116],[-97.943,18.60088],[-97.94295,18.60026],[-97.94272,18.60001],[-97.94261,18.59947],[-97.94279,18.59914],[-97.94354,18.59911],[-97.94504,18.6],[-97.94632,18.59993],[-97.94702,18.59949],[-97.94714,18.59874],[-97.9471,18.59787],[-97.94676,18.59695],[-97.94765,18.59568],[-97.94903,18.59611],[-97.94927,18.59595],[-97.9506,18.59576],[-97.95119,18.59552],[-97.95321,18.59584],[-97.95426,18.59535],[-97.95444,18.59498],[-97.95526,18.59466],[-97.95671,18.59476],[-97.9574,18.59494],[-97.96129,18.5942],[-97.96286,18.59423],[-97.96361,18.59436],[-97.96547,18.59422],[-97.96651,18.59461],[-97.96714,18.59524],[-97.96848,18.59509],[-97.96894,18.59514],[-97.9702,18.59594],[-97.97136,18.59633],[-97.97233,18.59738],[-97.97285,18.59768],[-97.9743,18.59761],[-97.97598,18.59818],[-97.97684,18.59877],[-97.97748,18.59902],[-97.97834,18.59928],[-97.97898,18.59929],[-97.97962,18.59951],[-97.98037,18.59985],[-97.98209,18.60116],[-97.98284,18.60134],[-97.98319,18.60126],[-97.98319,18.60101],[-97.98331,18.60093],[-97.98523,18.60079],[-97.98632,18.60146],[-97.9876,18.60132],[-97.9887,18.60141],[-97.98898,18.60187],[-97.98881,18.602],[-97.9888,18.60258],[-97.98955,18.60263],[-97.9902,18.60226],[-97.99067,18.60161],[-97.99114,18.60128],[-97.99195,18.60133],[-97.99304,18.60234],[-97.99379,18.60268],[-97.99529,18.60295],[-98.00033,18.60352],[-98.00261,18.60239],[-98.00388,18.60278],[-98.00452,18.60287],[-98.00539,18.60234],[-98.00557,18.60172],[-98.00581,18.60143],[-98.00627,18.60131],[-98.00789,18.60167],[-98.0093,18.60073],[-98.00994,18.60041],[-98.01221,18.59986],[-98.01325,18.60033],[-98.01447,18.60001],[-98.01575,18.59916],[-98.01705,18.59727],[-98.01758,18.59669],[-98.01805,18.59629],[-98.02015,18.59528],[-98.0205,18.59495],[-98.02051,18.59454],[-98.01971,18.59361],[-98.0178,18.59313],[-98.0174,18.59221],[-98.01631,18.59129],[-98.01626,18.59067],[-98.01662,18.59005],[-98.01657,18.58938],[-98.01582,18.58896],[-98.01431,18.58861],[-98.01351,18.58814],[-98.01328,18.58743],[-98.01329,18.58698],[-98.0126,18.58651],[-98.01249,18.58626],[-98.01208,18.58617],[-98.01145,18.5855],[-98.01059,18.58491],[-98.01002,18.58391],[-98.00772,18.58226],[-98.00743,18.58197],[-98.00692,18.58117],[-98.00675,18.5808],[-98.00764,18.57894],[-98.00783,18.5782],[-98.0083,18.57742],[-98.00837,18.57667],[-98.00918,18.57635],[-98.00954,18.57536],[-98.00956,18.5742],[-98.00968,18.5737],[-98.00934,18.57324],[-98.0094,18.57308],[-98.01017,18.57172],[-98.01035,18.57097],[-98.01605,18.57432],[-98.01737,18.57559],[-98.01869,18.57652],[-98.01922,18.57565],[-98.02011,18.57454],[-98.02098,18.57397],[-98.02181,18.57324],[-98.02245,18.57242],[-98.02327,18.57226],[-98.02478,18.57141],[-98.02655,18.56957],[-98.02731,18.56896],[-98.02726,18.56809],[-98.0268,18.56746],[-98.02524,18.56702],[-98.02548,18.56645],[-98.02607,18.56587],[-98.02537,18.56566],[-98.02456,18.5656],[-98.02417,18.56494],[-98.02196,18.56503],[-98.02098,18.56448],[-98.02005,18.56476],[-98.01976,18.56471],[-98.01872,18.56408],[-98.01809,18.5634],[-98.01764,18.5624],[-98.01765,18.5622],[-98.01811,18.56187],[-98.01829,18.56154],[-98.01836,18.56104],[-98.01785,18.56],[-98.01693,18.55875],[-98.01665,18.55804],[-98.01655,18.55646],[-98.01662,18.55571],[-98.01715,18.55526],[-98.01755,18.55523],[-98.01779,18.55482],[-98.01734,18.55353],[-98.01776,18.55274],[-98.01736,18.55245],[-98.01736,18.55216],[-98.01696,18.55132],[-98.01645,18.55098],[-98.01779,18.54482],[-98.01814,18.5447],[-98.02224,18.54613],[-98.02278,18.54485],[-98.02341,18.54531],[-98.02393,18.54607],[-98.02369,18.54639],[-98.02374,18.54706],[-98.02501,18.54724],[-98.02571,18.54717],[-98.02635,18.54676],[-98.02652,18.54709],[-98.02704,18.5476],[-98.02836,18.54824],[-98.02957,18.54904],[-98.03026,18.54967],[-98.03228,18.55028],[-98.03385,18.55038],[-98.03639,18.551],[-98.03691,18.55121],[-98.03849,18.55049],[-98.03867,18.5492],[-98.03909,18.5483],[-98.03882,18.5468],[-98.03889,18.54585],[-98.03871,18.54593],[-98.03821,18.54439],[-98.03787,18.54376],[-98.03723,18.54354],[-98.03707,18.54309],[-98.03655,18.54275],[-98.03575,18.54162],[-98.03523,18.54136],[-98.03374,18.53973],[-98.0337,18.53873],[-98.03319,18.5376],[-98.03286,18.53619],[-98.03257,18.53556],[-98.03171,18.53476],[-98.03155,18.53393],[-98.0322,18.53245],[-98.03152,18.53186],[-98.03135,18.53107],[-98.03165,18.53053],[-98.03062,18.52936],[-98.03045,18.52861],[-98.03052,18.52807],[-98.0307,18.52766],[-98.03111,18.52729],[-98.03146,18.52717],[-98.03209,18.52722],[-98.03325,18.52769],[-98.03474,18.52879],[-98.03566,18.52926],[-98.03618,18.52976],[-98.0367,18.53002],[-98.03968,18.53284],[-98.04118,18.53319],[-98.04199,18.5332],[-98.04384,18.53368],[-98.0446,18.53365],[-98.04517,18.53394],[-98.04616,18.53425],[-98.04731,18.53455],[-98.04772,18.53452],[-98.04755,18.53402],[-98.0475,18.53327],[-98.04717,18.53231],[-98.04648,18.53176],[-98.04613,18.53134],[-98.04586,18.5303],[-98.04598,18.52968],[-98.04587,18.5291],[-98.04546,18.5291],[-98.04513,18.52785],[-98.0449,18.52743],[-98.04398,18.5268],[-98.04365,18.52567],[-98.04284,18.52554],[-98.04244,18.52512],[-98.04233,18.52454],[-98.04234,18.52379],[-98.04199,18.52349],[-98.04241,18.52271],[-98.04207,18.52225],[-98.04207,18.52188],[-98.04144,18.52141],[-98.04013,18.51953],[-98.0402,18.51804],[-98.04039,18.51696],[-98.04017,18.51559],[-98.04194,18.51309],[-98.04271,18.51148],[-98.04249,18.51065],[-98.04233,18.50928],[-98.04205,18.50861],[-98.04183,18.50769],[-98.04191,18.50591],[-98.04287,18.50348],[-98.04351,18.50253],[-98.04528,18.50069],[-98.0454,18.49957],[-98.04518,18.49895],[-98.04397,18.49839],[-98.04368,18.49793],[-98.04242,18.49671],[-98.04238,18.49576],[-98.04301,18.49631],[-98.04353,18.49652],[-98.04416,18.49694],[-98.04584,18.49742],[-98.04705,18.49744],[-98.04751,18.49765],[-98.04906,18.49908],[-98.04987,18.49934],[-98.0515,18.49878],[-98.0553,18.49613],[-98.05747,18.49355],[-98.05805,18.49414],[-98.0588,18.49431],[-98.05903,18.49427],[-98.05854,18.4933],[-98.05837,18.49313],[-98.05791,18.493],[-98.05745,18.49254],[-98.05728,18.492],[-98.05677,18.491],[-98.05631,18.49082],[-98.05585,18.49082],[-98.05532,18.49106],[-98.05498,18.49093],[-98.05468,18.49097],[-98.05376,18.4905],[-98.0533,18.49008],[-98.05313,18.49012],[-98.05302,18.48987],[-98.05314,18.48954],[-98.05308,18.48908],[-98.05274,18.48858],[-98.05263,18.48825],[-98.05217,18.48795],[-98.05113,18.48773],[-98.0509,18.48752],[-98.05067,18.4871],[-98.04981,18.48672],[-98.04952,18.48647],[-98.04947,18.48609],[-98.04965,18.48589],[-98.04965,18.48539],[-98.04896,18.48509],[-98.04858,18.48335],[-98.04829,18.48314],[-98.04754,18.48288],[-98.04565,18.48111],[-98.04503,18.4797],[-98.04498,18.47903],[-98.04284,18.47867],[-98.04267,18.47821],[-98.04192,18.47754],[-98.04113,18.47645],[-98.04084,18.47628],[-98.04061,18.47599],[-98.04044,18.47549],[-98.0405,18.47537],[-98.04138,18.47459],[-98.0415,18.47435],[-98.04134,18.47347],[-98.03934,18.47104],[-98.0379,18.47065],[-98.03708,18.47072],[-98.03667,18.47097],[-98.0352,18.47264],[-98.03473,18.4728],[-98.03444,18.4728],[-98.03323,18.47229],[-98.03277,18.47224],[-98.03178,18.47231],[-98.03067,18.47275],[-98.02935,18.47169],[-98.02902,18.47086],[-98.02775,18.46997],[-98.02718,18.46922],[-98.02678,18.46847],[-98.02656,18.46768],[-98.0261,18.46738],[-98.02582,18.46688],[-98.02277,18.46494],[-98.02185,18.46426],[-98.02007,18.46287],[-98.01973,18.46237],[-98.01904,18.46227],[-98.0184,18.46198],[-98.01817,18.46164],[-98.01702,18.46125],[-98.0146,18.46018],[-98.01228,18.4599],[-98.01182,18.45965],[-98.01021,18.45813],[-98.00883,18.45766],[-98.00813,18.45753],[-98.00645,18.45796],[-97.99931,18.45765],[-97.99862,18.45731],[-97.99817,18.45656],[-97.99782,18.45622],[-97.99661,18.45554],[-97.99621,18.45521],[-97.99529,18.45478],[-97.99437,18.45456],[-97.99239,18.45453],[-97.99136,18.45361],[-97.99057,18.45239],[-97.98827,18.45054],[-97.98764,18.44991],[-97.98753,18.44966],[-97.98684,18.44903],[-97.98633,18.44832],[-97.98553,18.44764],[-97.98414,18.44684],[-97.98248,18.44524],[-97.98197,18.44494],[-97.98023,18.44442],[-97.97954,18.44379],[-97.97845,18.4432],[-97.97783,18.44203],[-97.97709,18.44111],[-97.97686,18.44061],[-97.97646,18.44023],[-97.97617,18.4401],[-97.97491,18.43909],[-97.97382,18.43845],[-97.97105,18.43717],[-97.96984,18.43641],[-97.96963,18.43483],[-97.96982,18.43413],[-97.96995,18.43285],[-97.96967,18.43201],[-97.96898,18.43138],[-97.96918,18.42977],[-97.96891,18.42815],[-97.96892,18.42761],[-97.96881,18.42712],[-97.96887,18.42674],[-97.96861,18.425],[-97.96838,18.42462],[-97.96794,18.42309],[-97.96737,18.42184],[-97.96698,18.42125],[-97.96687,18.42071],[-97.96688,18.42009],[-97.96706,18.41939],[-97.96684,18.41876],[-97.96565,18.4163],[-97.96468,18.41534],[-97.96446,18.41467],[-97.96464,18.41401],[-97.96511,18.41335],[-97.96518,18.41302],[-97.96512,18.41261],[-97.96467,18.41211],[-97.96363,18.41147],[-97.96393,18.41085],[-97.96324,18.4108],[-97.96324,18.41026],[-97.96354,18.40948],[-97.96338,18.40902],[-97.96268,18.40872],[-97.96234,18.40847],[-97.96154,18.40746],[-97.96115,18.40646],[-97.96081,18.40605],[-97.96023,18.40579],[-97.95978,18.40508],[-97.95823,18.4039],[-97.95748,18.40364],[-97.95666,18.40358],[-97.95597,18.40366],[-97.95486,18.40397],[-97.95364,18.40404],[-97.95266,18.40378],[-97.95174,18.40314],[-97.95146,18.40277],[-97.95118,18.40202],[-97.95144,18.39983],[-97.95133,18.39929],[-97.95093,18.39862],[-97.95055,18.39724],[-97.95021,18.39658],[-97.94947,18.39561],[-97.94933,18.39329],[-97.94987,18.39202],[-97.95045,18.39136],[-97.9504,18.39082],[-97.94943,18.39023],[-97.94914,18.38965],[-97.94991,18.3887],[-97.95067,18.38834],[-97.95195,18.38807],[-97.95278,18.38705],[-97.95337,18.3861],[-97.95397,18.38445],[-97.95504,18.38294],[-97.95545,18.38253],[-97.9546,18.38119],[-97.9546,18.38069],[-97.95485,18.37987],[-97.9552,18.37946],[-97.95665,18.37927],[-97.9573,18.37899],[-97.95742,18.37846],[-97.95712,18.37485],[-97.95725,18.37386],[-97.9572,18.37319],[-97.95676,18.37157],[-97.95619,18.37102],[-97.95479,18.37125],[-97.95428,18.37091],[-97.95446,18.37054],[-97.95481,18.37042],[-97.95562,18.37035],[-97.95609,18.3699],[-97.95627,18.36962],[-97.95628,18.36883],[-97.95559,18.36803],[-97.9549,18.36744],[-97.95456,18.36698],[-97.95492,18.36633],[-97.95545,18.36584],[-97.95609,18.36589],[-97.95626,18.36568],[-97.956,18.3639],[-97.9563,18.3632],[-97.95712,18.36259],[-97.95754,18.3616],[-97.95757,18.35899],[-97.95839,18.35884],[-97.95915,18.35823],[-97.96015,18.35683],[-97.96133,18.35569],[-97.96257,18.35413],[-97.96374,18.35349],[-97.9649,18.35317],[-97.96519,18.35322],[-97.96549,18.35285],[-97.96567,18.35211],[-97.96539,18.3516],[-97.96383,18.35084],[-97.96349,18.35042],[-97.96361,18.34996],[-97.9649,18.34928],[-97.96606,18.34942],[-97.96664,18.34918],[-97.96729,18.3479],[-97.96748,18.3472],[-97.96755,18.3465],[-97.96749,18.346],[-97.96721,18.34562],[-97.96694,18.3445],[-97.967,18.34384],[-97.96649,18.34305],[-97.96626,18.34313],[-97.96551,18.34312],[-97.9651,18.34282],[-97.96499,18.3424],[-97.96541,18.3415],[-97.96664,18.34077],[-97.96676,18.34052],[-97.96642,18.33969],[-97.9655,18.33939],[-97.96445,18.33941],[-97.96399,18.33957],[-97.96347,18.33961],[-97.96301,18.33939],[-97.96272,18.33914],[-97.96267,18.33823],[-97.9628,18.3374],[-97.9627,18.33661],[-97.9623,18.33619],[-97.9612,18.33589],[-97.95975,18.33608],[-97.95935,18.33537],[-97.95959,18.33462],[-97.95977,18.33446],[-97.95995,18.33397],[-97.9599,18.33301],[-97.95968,18.33218],[-97.9597,18.33086],[-97.95959,18.33052],[-97.95896,18.3301],[-97.95792,18.32967],[-97.95734,18.32966],[-97.95694,18.32924],[-97.95634,18.33089],[-97.95587,18.3313],[-97.9551,18.33241],[-97.9544,18.33298],[-97.95405,18.33314],[-97.95324,18.33313],[-97.95203,18.33245],[-97.95047,18.33205],[-97.94954,18.33225],[-97.94828,18.33216],[-97.94732,18.33392],[-97.94693,18.33446],[-97.9463,18.33501],[-97.94509,18.3354],[-97.94451,18.33569],[-97.94359,18.33575],[-97.94278,18.33625],[-97.94181,18.33722],[-97.94095,18.3376],[-97.93898,18.33755],[-97.93707,18.33811],[-97.93563,18.33834],[-97.93453,18.33881],[-97.93275,18.33991],[-97.92945,18.33999],[-97.9287,18.34033],[-97.92737,18.34064],[-97.9269,18.34035],[-97.92644,18.34028],[-97.92602,18.33983],[-97.92572,18.33929],[-97.92554,18.33863],[-97.92431,18.33807],[-97.92425,18.3379],[-97.92337,18.33754],[-97.92226,18.33677],[-97.92008,18.33816],[-97.91781,18.33823],[-97.91469,18.33873],[-97.91381,18.33824],[-97.91381,18.33808],[-97.91327,18.33717],[-97.91292,18.33709],[-97.91177,18.33773],[-97.9112,18.33844],[-97.9104,18.33895],[-97.91001,18.33949],[-97.90949,18.33991],[-97.90856,18.33984],[-97.90821,18.33964],[-97.90786,18.33965],[-97.90728,18.33936],[-97.9056,18.33976],[-97.90455,18.33948],[-97.90391,18.33916],[-97.90293,18.33975],[-97.90067,18.33965],[-97.90003,18.33946],[-97.89928,18.33967],[-97.89882,18.34005],[-97.89836,18.34064],[-97.89773,18.34089],[-97.89727,18.3409],[-97.89592,18.34021],[-97.89482,18.34014],[-97.89378,18.34028],[-97.89303,18.34062],[-97.8928,18.34091],[-97.89223,18.34125],[-97.89194,18.34159],[-97.89022,18.3426],[-97.88832,18.34346],[-97.88762,18.34351],[-97.88693,18.34389],[-97.88636,18.34406],[-97.88589,18.34403],[-97.88554,18.34353],[-97.88529,18.34283],[-97.88447,18.34201],[-97.884,18.34206],[-97.88256,18.34274],[-97.8821,18.34287],[-97.87932,18.34278],[-97.87919,18.34237],[-97.87861,18.34209],[-97.87674,18.34166],[-97.8753,18.34192],[-97.87514,18.34275],[-97.8744,18.34355],[-97.87365,18.34406],[-97.87309,18.34493],[-97.87217,18.34536],[-97.87118,18.34562],[-97.87037,18.34538],[-97.86997,18.34572],[-97.86922,18.3461],[-97.8687,18.34607],[-97.86807,18.34637],[-97.86656,18.34663],[-97.86533,18.34918],[-97.86435,18.34948],[-97.86336,18.34953],[-97.86244,18.34975],[-97.86175,18.35001],[-97.86071,18.3506],[-97.85996,18.35078],[-97.85917,18.35174],[-97.8589,18.3529],[-97.85764,18.3542],[-97.85639,18.35583],[-97.85394,18.35818],[-97.85331,18.35848],[-97.85195,18.36041],[-97.85035,18.36212],[-97.84983,18.3618],[-97.84785,18.36153],[-97.84501,18.36161],[-97.84459,18.36128],[-97.84355,18.36109],[-97.84274,18.3616],[-97.84154,18.36265],[-97.84056,18.36291],[-97.83935,18.36338],[-97.83866,18.36372],[-97.83728,18.36465],[-97.83451,18.3661],[-97.83139,18.36726],[-97.83125,18.36798],[-97.83092,18.36879],[-97.83056,18.36931],[-97.82942,18.37151],[-97.82773,18.37976],[-97.82583,18.38659],[-97.82548,18.38667],[-97.82491,18.38722],[-97.82463,18.38772],[-97.82423,18.38818],[-97.82226,18.38878],[-97.8218,18.3885],[-97.82381,18.38106],[-97.82369,18.38044],[-97.82367,18.37936],[-97.82324,18.37771],[-97.82269,18.37639],[-97.82183,18.37354],[-97.82201,18.3706],[-97.82182,18.36989],[-97.8211,18.3682],[-97.82057,18.368],[-97.82062,18.36705],[-97.82055,18.36684],[-97.81991,18.36656],[-97.81888,18.36396],[-97.81852,18.36335],[-97.81531,18.3621],[-97.8149,18.36165],[-97.81483,18.36132],[-97.8161,18.35385],[-97.81592,18.35356],[-97.81521,18.35315],[-97.81451,18.35291],[-97.81422,18.35263],[-97.81344,18.35135],[-97.81315,18.35107],[-97.81261,18.35024],[-97.81243,18.34971],[-97.81254,18.34925],[-97.81247,18.34863],[-97.81217,18.34843],[-97.81177,18.34839],[-97.81059,18.34741],[-97.81017,18.34671],[-97.80981,18.34568],[-97.80992,18.34526],[-97.80985,18.34473],[-97.80943,18.34419],[-97.80862,18.34387],[-97.80797,18.34347],[-97.80756,18.34301],[-97.80527,18.34147],[-97.80414,18.34016],[-97.80337,18.33901],[-97.80307,18.33826],[-97.80242,18.33765],[-97.80252,18.33707],[-97.8024,18.33666],[-97.80124,18.3365],[-97.80012,18.33552],[-97.79987,18.33478],[-97.7994,18.33404],[-97.79909,18.33309],[-97.79705,18.33216],[-97.7965,18.33101],[-97.79598,18.33077],[-97.79515,18.32966],[-97.79368,18.32843],[-97.79372,18.32736],[-97.79347,18.3267],[-97.79283,18.32617],[-97.79247,18.326],[-97.79084,18.32549],[-97.7906,18.3247],[-97.79012,18.32409],[-97.78925,18.32389],[-97.78884,18.32348],[-97.7883,18.32245],[-97.78741,18.3218],[-97.78706,18.32122],[-97.78617,18.3204],[-97.78587,18.31991],[-97.78499,18.31897],[-97.78232,18.31879],[-97.78173,18.31847],[-97.78096,18.31732],[-97.78043,18.31699],[-97.78002,18.31658],[-97.77978,18.31601],[-97.7793,18.31539],[-97.77894,18.31457],[-97.77841,18.31404],[-97.77747,18.31367],[-97.77665,18.31302],[-97.7764,18.31203],[-97.77639,18.31141],[-97.77539,18.31026],[-97.77472,18.30874],[-97.77512,18.30819],[-97.77581,18.3076],[-97.77556,18.30653],[-97.77572,18.3057],[-97.77616,18.30445],[-97.77745,18.30236],[-97.77829,18.3026],[-97.77938,18.30238],[-97.78007,18.3016],[-97.78048,18.30039],[-97.78149,18.29887],[-97.78397,18.29694],[-97.78453,18.29624],[-97.78522,18.29474],[-97.78552,18.2936],[-97.78584,18.2929],[-97.78595,18.29214],[-97.78551,18.29145],[-97.78573,18.2907],[-97.787,18.29023],[-97.78808,18.28893],[-97.78917,18.28838],[-97.78974,18.28775],[-97.79077,18.28716],[-97.79239,18.28669],[-97.79753,18.2855],[-97.79827,18.28487],[-97.79865,18.28305],[-97.79958,18.28349],[-97.80028,18.28369],[-97.80108,18.28277],[-97.80152,18.28177],[-97.80222,18.28172],[-97.80235,18.28263],[-97.80271,18.28349],[-97.80318,18.28353],[-97.80381,18.28331],[-97.80518,18.28197],[-97.80587,18.28171],[-97.80657,18.28179],[-97.80958,18.28138],[-97.8105,18.28099],[-97.81096,18.28053],[-97.81194,18.28065],[-97.81264,18.28097],[-97.81334,18.28108],[-97.81409,18.28079],[-97.81501,18.28011],[-97.81673,18.27922],[-97.81897,18.27766],[-97.81994,18.27719],[-97.82208,18.27642],[-97.82299,18.27579],[-97.82447,18.2739],[-97.82451,18.27287],[-97.82484,18.2717],[-97.82535,18.27099],[-97.82475,18.26976],[-97.8246,18.26794],[-97.82588,18.26485],[-97.82848,18.26428],[-97.82899,18.26386],[-97.83035,18.26181],[-97.83103,18.26098],[-97.83283,18.2576],[-97.83299,18.25702],[-97.83298,18.25602],[-97.83278,18.25503],[-97.83237,18.25437],[-97.82942,18.25143],[-97.82852,18.24995],[-97.82833,18.24879],[-97.82824,18.24701],[-97.82856,18.24564],[-97.82842,18.24427],[-97.82812,18.24357],[-97.82736,18.24288],[-97.82682,18.24205],[-97.82669,18.24102],[-97.82673,18.24007],[-97.8266,18.23907],[-97.8267,18.23828],[-97.82703,18.23737],[-97.82719,18.23658],[-97.82717,18.23538],[-97.82707,18.23484],[-97.82799,18.23359],[-97.82869,18.23305],[-97.82932,18.2323],[-97.8303,18.23076],[-97.83163,18.23022],[-97.83533,18.2295],[-97.83619,18.22921],[-97.83819,18.22898],[-97.84658,18.2176],[-97.84841,18.21822],[-97.84895,18.21736],[-97.84796,18.21681],[-97.8472,18.21669],[-97.84639,18.21669],[-97.84553,18.21628],[-97.84506,18.21587],[-97.84454,18.21425],[-97.84378,18.21397],[-97.84263,18.21389],[-97.84228,18.21376],[-97.84199,18.21314],[-97.84043,18.21249],[-97.83979,18.21137],[-97.83961,18.21071],[-97.83966,18.20876],[-97.83989,18.2081],[-97.84018,18.20669],[-97.8396,18.20573],[-97.84,18.2047],[-97.83965,18.20333],[-97.83768,18.20131],[-97.83704,18.20098],[-97.83028,18.19059],[-97.82786,18.18772],[-97.84575,18.17164],[-97.84562,18.16899],[-97.84608,18.16741],[-97.84637,18.16691],[-97.84781,18.16504],[-97.84809,18.16429],[-97.8485,18.16388],[-97.84873,18.16313],[-97.84867,18.16238],[-97.84832,18.16114],[-97.84779,18.16019],[-97.84808,18.15932],[-97.84871,18.15873],[-97.84883,18.1582],[-97.84865,18.1577],[-97.84883,18.15703],[-97.84865,18.15546],[-97.85032,18.15512],[-97.85159,18.15541],[-97.85281,18.15478],[-97.85402,18.1544],[-97.85477,18.15461],[-97.85581,18.15456],[-97.85656,18.1534],[-97.85708,18.15311],[-97.85742,18.15207],[-97.85783,18.15136],[-97.85817,18.15028],[-97.85846,18.14983],[-97.85921,18.14945],[-97.85955,18.14945],[-97.86129,18.14998],[-97.86216,18.15043],[-97.8636,18.15072],[-97.86435,18.15063],[-97.86539,18.15034],[-97.86586,18.15009],[-97.86527,18.14951],[-97.86526,18.14793],[-97.86445,18.14796],[-97.86417,18.1475],[-97.86412,18.14716],[-97.86389,18.14699],[-97.8635,18.14641],[-97.86309,18.14644],[-97.86304,18.14615],[-97.86363,18.14546],[-97.86386,18.14501],[-97.86355,18.14302],[-97.86368,18.14211],[-97.863,18.14082],[-97.86267,18.14044],[-97.86261,18.14011],[-97.86308,18.13974],[-97.86331,18.13938],[-97.86362,18.13851],[-97.86385,18.13819],[-97.86415,18.13724],[-97.86417,18.13629],[-97.86344,18.13483],[-97.86351,18.13434],[-97.86403,18.13364],[-97.86433,18.13303],[-97.864,18.13232],[-97.86309,18.13152],[-97.86327,18.13065],[-97.86293,18.13044],[-97.86295,18.12949],[-97.86313,18.1285],[-97.86342,18.12838],[-97.86671,18.12832],[-97.86742,18.11502],[-97.86301,18.11018],[-97.86068,18.10414],[-97.86032,18.10178],[-97.85854,18.10125],[-97.85843,18.10092],[-97.8568,18.09861],[-97.85658,18.09787],[-97.85718,18.09589],[-97.85697,18.09494],[-97.85652,18.09431],[-97.85742,18.09205],[-97.85715,18.09064],[-97.85665,18.08968],[-97.85597,18.08868],[-97.85521,18.08585],[-97.85577,18.08288],[-97.85696,18.08026],[-97.85761,18.07961],[-97.85715,18.07939],[-97.85611,18.07933],[-97.8551,18.07799],[-97.85407,18.07723],[-97.85333,18.07684],[-97.85213,18.07661],[-97.85127,18.07594],[-97.85053,18.07563],[-97.84934,18.07429],[-97.84901,18.0735],[-97.84855,18.07328],[-97.83052,18.06741],[-97.81606,18.06363],[-97.81707,18.06236],[-97.81851,18.06132],[-97.8188,18.06099],[-97.81903,18.06049],[-97.8192,18.05941],[-97.82006,18.05829],[-97.823,18.05687],[-97.82375,18.05632],[-97.82444,18.05553],[-97.8249,18.05479],[-97.82646,18.05312],[-97.82727,18.05262],[-97.82807,18.05253],[-97.82963,18.05191],[-97.83061,18.05178],[-97.83043,18.05053],[-97.83416,18.04164],[-97.8357,18.0418],[-97.83909,18.03907],[-97.83929,18.03878],[-97.83803,18.03844],[-97.83722,18.03791],[-97.83635,18.03663],[-97.83617,18.03464],[-97.83679,18.03153],[-97.83552,18.03153],[-97.83471,18.03133],[-97.83385,18.03129],[-97.83333,18.03084],[-97.83315,18.0305],[-97.83292,18.02959],[-97.84276,18.01955],[-97.84324,18.00999],[-97.84246,17.99677],[-97.83587,17.98455],[-97.84145,17.97307],[-97.8271,17.97062],[-97.82668,17.97041],[-97.82519,17.97048],[-97.82449,17.97131],[-97.8242,17.97131],[-97.82379,17.9711],[-97.82321,17.97163],[-97.82268,17.97287],[-97.82185,17.97531],[-97.82133,17.97622],[-97.82167,17.97721],[-97.82149,17.97759],[-97.82051,17.97775],[-97.82056,17.97828],[-97.82079,17.97853],[-97.8209,17.97899],[-97.8205,17.97936],[-97.82067,17.97982],[-97.82055,17.98052],[-97.81997,17.98064],[-97.81933,17.98097],[-97.81886,17.98171],[-97.8188,17.98217],[-97.81891,17.98275],[-97.81937,17.98341],[-97.81954,17.98391],[-97.81954,17.98466],[-97.81936,17.98528],[-97.8182,17.98585],[-97.81785,17.98581],[-97.81756,17.98605],[-97.81744,17.98659],[-97.81772,17.98738],[-97.81754,17.988],[-97.81714,17.98833],[-97.81632,17.98857],[-97.81638,17.98891],[-97.8162,17.9904],[-97.81619,17.99193],[-97.81636,17.99247],[-97.8163,17.99268],[-97.81647,17.99293],[-97.81647,17.99309],[-97.81606,17.9935],[-97.81507,17.99416],[-97.81467,17.99403],[-97.81392,17.99349],[-97.81254,17.99124],[-97.81191,17.99103],[-97.81086,17.99111],[-97.81069,17.99123],[-97.80941,17.99143],[-97.8079,17.99221],[-97.80744,17.99221],[-97.80697,17.99295],[-97.80668,17.99365],[-97.80667,17.99423],[-97.80643,17.99535],[-97.80573,17.99646],[-97.80492,17.99696],[-97.80416,17.99683],[-97.80341,17.99699],[-97.80277,17.99723],[-97.80202,17.99772],[-97.80096,17.99958],[-97.79962,18.00048],[-97.79921,18.00098],[-97.79863,18.00147],[-97.79692,18.00221],[-97.79629,18.00209],[-97.79559,18.00225],[-97.79415,18.00334],[-97.79352,18.00363],[-97.79323,18.00371],[-97.79236,18.00355],[-97.7915,18.00384],[-97.79127,18.00401],[-97.79063,18.00497],[-97.79064,18.00609],[-97.79052,18.00696],[-97.7907,18.00853],[-97.79024,18.0092],[-97.78903,18.01015],[-97.78897,18.01086],[-97.78938,18.01256],[-97.79008,18.0133],[-97.791,18.01458],[-97.79181,18.01532],[-97.79193,18.01574],[-97.7917,18.01694],[-97.79217,18.01756],[-97.79269,18.01785],[-97.79321,18.01793],[-97.79431,18.01784],[-97.7961,18.01796],[-97.79633,18.01788],[-97.7965,18.01821],[-97.79656,18.01862],[-97.79697,18.01928],[-97.79743,18.0204],[-97.79732,18.02173],[-97.7972,18.02198],[-97.79726,18.02256],[-97.79732,18.0231],[-97.79755,18.0238],[-97.79756,18.02492],[-97.79773,18.02571],[-97.79773,18.02629],[-97.79809,18.02799],[-97.79832,18.02844],[-97.79924,18.02893],[-97.79971,18.02885],[-97.80046,18.02922],[-97.80069,18.02901],[-97.80115,18.02884],[-97.80184,18.02884],[-97.80271,18.0295],[-97.80364,18.03049],[-97.80468,18.03032],[-97.80508,18.03036],[-97.80566,18.03111],[-97.80532,18.03156],[-97.8052,18.03202],[-97.80532,18.03223],[-97.8063,18.03198],[-97.80688,18.03206],[-97.80705,18.03218],[-97.80711,18.03239],[-97.80682,18.0328],[-97.80676,18.03313],[-97.80682,18.03342],[-97.80763,18.03363],[-97.80769,18.03379],[-97.80729,18.03454],[-97.80746,18.03504],[-97.80804,18.03549],[-97.80937,18.03561],[-97.80995,18.03619],[-97.81047,18.03606],[-97.81157,18.03685],[-97.81261,18.03705],[-97.81336,18.0375],[-97.81371,18.03787],[-97.81377,18.03854],[-97.81307,18.03887],[-97.81232,18.03892],[-97.81198,18.03908],[-97.81175,18.03946],[-97.81071,18.03909],[-97.80857,18.03922],[-97.80632,18.03998],[-97.8054,18.04118],[-97.80453,18.0411],[-97.80372,18.04086],[-97.80228,18.04074],[-97.8017,18.0409],[-97.80072,18.04136],[-97.79974,18.04216],[-97.79992,18.04319],[-97.79986,18.04419],[-97.79894,18.04523],[-97.79848,18.04614],[-97.79854,18.04705],[-97.79901,18.049],[-97.79878,18.04962],[-97.79907,18.05012],[-97.79872,18.05074],[-97.79832,18.05273],[-97.79856,18.05356],[-97.79844,18.05393],[-97.79563,18.05933],[-97.79268,18.05942],[-97.79245,18.06005],[-97.79251,18.06025],[-97.79274,18.061],[-97.79309,18.06141],[-97.79373,18.06187],[-97.7939,18.06216],[-97.79373,18.06377],[-97.79443,18.06518],[-97.79397,18.06614],[-97.79322,18.06726],[-97.79311,18.06805],[-97.79282,18.06871],[-97.79305,18.06954],[-97.79236,18.07045],[-97.79132,18.07087],[-97.79057,18.07004],[-97.78999,18.06984],[-97.78907,18.0698],[-97.7882,18.06935],[-97.78739,18.0696],[-97.78647,18.06948],[-97.78508,18.06882],[-97.78502,18.06845],[-97.78392,18.06833],[-97.78386,18.06779],[-97.7793,18.06768],[-97.77652,18.06748],[-97.77514,18.06728],[-97.77167,18.06622],[-97.77017,18.06643],[-97.7693,18.0661],[-97.76808,18.06515],[-97.7671,18.06495],[-97.76415,18.06384],[-97.76288,18.06289],[-97.76213,18.06264],[-97.76161,18.06265],[-97.75999,18.06178],[-97.75837,18.06129],[-97.75785,18.06146],[-97.75635,18.06154],[-97.75554,18.06126],[-97.75352,18.0611],[-97.75282,18.06114],[-97.74982,18.06078],[-97.74889,18.06087],[-97.74808,18.06025],[-97.74843,18.05967],[-97.74831,18.05892],[-97.74617,18.05802],[-97.74461,18.05727],[-97.74432,18.05703],[-97.74507,18.0545],[-97.74524,18.05425],[-97.74478,18.05371],[-97.74477,18.05184],[-97.74425,18.0511],[-97.74356,18.05065],[-97.74344,18.0504],[-97.74344,18.04982],[-97.74367,18.04874],[-97.74395,18.04803],[-97.74424,18.04758],[-97.74308,18.04617],[-97.74308,18.04584],[-97.74268,18.04485],[-97.7425,18.04406],[-97.7425,18.04335],[-97.7433,18.04136],[-97.74388,18.04041],[-97.74532,18.03829],[-97.74641,18.03683],[-97.74716,18.036],[-97.74866,18.03496],[-97.75039,18.0335],[-97.75183,18.03308],[-97.75316,18.03246],[-97.75391,18.03121],[-97.75448,18.02926],[-97.75454,18.02876],[-97.75442,18.02781],[-97.7524,18.02786],[-97.72855,18.01151],[-97.75429,17.99638],[-97.76692,17.97656],[-97.76728,17.97625],[-97.76775,17.97613],[-97.7684,17.97614],[-97.76995,17.97593],[-97.77082,17.97544],[-97.77134,17.97611],[-97.77145,17.9764],[-97.77197,17.97686],[-97.77232,17.97699],[-97.77278,17.97699],[-97.77336,17.97658],[-97.77366,17.97608],[-97.77395,17.97521],[-97.77361,17.97438],[-97.77315,17.97364],[-97.77321,17.97343],[-97.77333,17.97335],[-97.77361,17.97343],[-97.7746,17.97393],[-97.775,17.97381],[-97.77512,17.97352],[-97.77495,17.97323],[-97.77472,17.97307],[-97.77415,17.9719],[-97.77409,17.97107],[-97.77485,17.97041],[-97.77573,17.96914],[-97.77712,17.9691],[-97.77799,17.96874],[-97.77857,17.96795],[-97.77991,17.96668],[-97.7813,17.9671],[-97.78188,17.96706],[-97.78293,17.96665],[-97.78508,17.96522],[-97.78688,17.96465],[-97.78746,17.96412],[-97.78787,17.96341],[-97.78921,17.96226],[-97.79008,17.96202],[-97.79066,17.96219],[-97.79135,17.96223],[-97.7917,17.96199],[-97.79205,17.96211],[-97.79251,17.96212],[-97.79309,17.96191],[-97.79396,17.96262],[-97.7946,17.96192],[-97.79506,17.96184],[-97.79558,17.96238],[-97.79587,17.96239],[-97.7964,17.96173],[-97.79721,17.96182],[-97.79761,17.96169],[-97.79814,17.96145],[-97.79866,17.96104],[-97.79947,17.96067],[-97.80127,17.9608],[-97.80283,17.96077],[-97.8033,17.95999],[-97.80395,17.95834],[-97.80361,17.95751],[-97.80314,17.95717],[-97.80274,17.95646],[-97.80275,17.95564],[-97.80327,17.95493],[-97.8034,17.95378],[-97.80398,17.95307],[-97.8048,17.95254],[-97.80561,17.95226],[-97.80613,17.95176],[-97.80787,17.95148],[-97.80892,17.95141],[-97.80926,17.95128],[-97.81014,17.95054],[-97.81095,17.94968],[-97.81219,17.9472],[-97.81237,17.94625],[-97.81284,17.94502],[-97.8129,17.94451],[-97.81279,17.94393],[-97.8129,17.94377],[-97.81297,17.94215],[-97.81263,17.94173],[-97.81246,17.94066],[-97.81131,17.93895],[-97.81115,17.93754],[-97.81132,17.937],[-97.81197,17.93597],[-97.81256,17.93419],[-97.8125,17.93366],[-97.81584,17.91893],[-97.82203,17.9113],[-97.82232,17.91138],[-97.82353,17.91118],[-97.82307,17.90936],[-97.82722,17.90896],[-97.85504,17.91879],[-97.85922,17.92005],[-97.86078,17.92023],[-97.86296,17.92108],[-97.86406,17.92183],[-97.86469,17.92208],[-97.86545,17.92213],[-97.86811,17.92293],[-97.8688,17.92322],[-97.86984,17.92406],[-97.87117,17.92448],[-97.87186,17.92428],[-97.87215,17.92391],[-97.87291,17.92346],[-97.87378,17.92251],[-97.87437,17.92143],[-97.87443,17.92102],[-97.87437,17.92073],[-97.87577,17.91954],[-97.87635,17.91921],[-97.87896,17.9184],[-97.88064,17.91841],[-97.88151,17.918],[-97.88244,17.9173],[-97.88291,17.91672],[-97.88318,17.9159],[-97.88342,17.91555],[-97.88385,17.91507],[-97.88466,17.91445],[-97.8857,17.91437],[-97.88657,17.91417],[-97.88687,17.91376],[-97.88855,17.9134],[-97.88977,17.91278],[-97.89075,17.91271],[-97.89144,17.91308],[-97.89225,17.91329],[-97.89272,17.9133],[-97.89301,17.91322],[-97.89451,17.91322],[-97.89666,17.91286],[-97.89752,17.91303],[-97.89839,17.91296],[-97.89904,17.91213],[-97.90072,17.9104],[-97.902,17.90999],[-97.90264,17.90934],[-97.90305,17.90959],[-97.90652,17.91006],[-97.90738,17.91036],[-97.91042,17.90605],[-97.90991,17.90954],[-97.91061,17.90986],[-97.91226,17.91109],[-97.91583,17.9133],[-97.91765,17.91411],[-97.91829,17.91427],[-97.92032,17.91463],[-97.92602,17.91608],[-97.92765,17.91623],[-97.92906,17.91705],[-97.93078,17.91964],[-97.93304,17.92549],[-97.93207,17.92624],[-97.92646,17.92682],[-97.92404,17.92749],[-97.92152,17.92937],[-97.92003,17.93029],[-97.91651,17.93395],[-97.91405,17.9355],[-97.91174,17.93626],[-97.91083,17.93684],[-97.90962,17.93739],[-97.90364,17.93672],[-97.9418,17.95882],[-97.9449,17.9611],[-97.95823,17.96791],[-97.97093,17.97814],[-97.97121,17.9784],[-97.9716,17.97906],[-97.97148,17.97981],[-97.97169,17.98097],[-97.97163,17.9813],[-97.97145,17.98163],[-97.9715,17.98192],[-97.97115,17.98282],[-97.97114,17.98327],[-97.97084,17.98409],[-97.97005,17.98726],[-97.96969,17.98817],[-97.96984,17.98982],[-97.96995,17.98987],[-97.97099,17.9896],[-97.97157,17.98923],[-97.97244,17.98904],[-97.9729,17.98909],[-97.97353,17.98886],[-97.97591,17.98733],[-97.9766,17.98746],[-97.97718,17.98702],[-97.97724,17.98669],[-97.97754,17.98608],[-97.97813,17.98522],[-97.97888,17.98482],[-97.97987,17.98405],[-97.98085,17.98369],[-97.98161,17.98317],[-97.98229,17.98335],[-97.98304,17.98369],[-97.98395,17.98445],[-97.98463,17.98463],[-97.9851,17.98443],[-97.9855,17.98423],[-97.98748,17.98241],[-97.988,17.98213],[-97.98927,17.98211],[-97.98956,17.98203],[-97.98997,17.98158],[-97.99031,17.98142],[-97.99096,17.97928],[-97.99517,17.98149],[-97.99629,17.98226],[-97.99883,17.98468],[-97.99971,17.98521],[-98.00159,17.98681],[-98.00288,17.98754],[-98.00506,17.98918],[-98.00626,17.98843],[-98.0069,17.9883],[-98.00656,17.989],[-98.0064,17.98967],[-98.00595,17.99045],[-98.00574,17.99145],[-98.00462,17.99381],[-98.00568,17.99451],[-98.00668,17.99545],[-98.00751,17.99639],[-98.008,17.9975],[-98.00904,17.99762],[-98.01049,17.9972],[-98.01205,17.99714],[-98.01303,17.99672],[-98.0143,17.99638],[-98.01563,17.99662],[-98.01698,17.99731],[-98.01797,17.99751],[-98.01936,17.9975],[-98.02022,17.99704],[-98.02126,17.9967],[-98.02259,17.99657],[-98.02457,17.99742],[-98.02553,17.99878],[-98.02688,17.9996],[-98.02786,17.99963],[-98.02932,17.99987],[-98.03043,18.00056],[-98.03207,18.00125],[-98.03328,18.00104],[-98.03432,18.00099],[-98.03544,18.00176],[-98.03628,18.00329],[-98.03738,18.00621],[-98.03839,18.00744],[-98.03979,18.00789],[-98.04054,18.00801],[-98.04183,18.00857],[-98.04318,18.00947],[-98.04382,18.00972],[-98.04429,18.00959],[-98.04378,18.00757],[-98.0433,18.00637],[-98.04345,18.00513],[-98.04416,18.00331],[-98.04431,18.00215],[-98.04312,18.00018],[-98.04316,17.99923],[-98.04376,17.99732],[-98.06281,17.97863],[-98.10246,18.00927],[-98.10357,18.00889],[-98.10426,18.00838],[-98.10561,18.0066],[-98.10652,18.00581],[-98.1072,18.00489],[-98.10748,18.0041],[-98.10821,18.00306],[-98.10895,18.0026],[-98.10904,18.00099],[-98.1089,18.00004],[-98.10904,17.99822],[-98.10871,17.99612],[-98.10876,17.99273],[-98.10849,17.99116],[-98.10713,17.98936],[-98.10692,17.98787],[-98.10627,17.98726],[-98.10614,17.98626],[-98.10653,17.98275],[-98.10704,17.98225],[-98.10836,17.98166],[-98.10934,17.98136],[-98.11337,17.97704],[-98.1155,17.97615],[-98.11667,17.97668],[-98.11791,17.97762],[-98.11959,17.97794],[-98.12157,17.97817],[-98.12256,17.97857],[-98.12372,17.97881],[-98.1243,17.97848],[-98.12628,17.97912],[-98.12687,17.97941],[-98.12749,17.97887],[-98.12842,17.97886],[-98.12872,17.9796],[-98.12953,17.97955],[-98.13045,17.97884],[-98.13105,17.97714],[-98.13214,17.97627],[-98.13311,17.97589],[-98.13338,17.97477],[-98.13431,17.97505],[-98.136,17.97529],[-98.13721,17.97474],[-98.13788,17.97391],[-98.13983,17.97269],[-98.14144,17.97223],[-98.14266,17.97201],[-98.14421,17.97121],[-98.14497,17.97154],[-98.14596,17.97215],[-98.14833,17.97176],[-98.15095,17.96926],[-98.15211,17.96933],[-98.15299,17.9683],[-98.15351,17.96764],[-98.15374,17.96665],[-98.15426,17.96628],[-98.15472,17.96558],[-98.15559,17.9631],[-98.15635,17.96261],[-98.15727,17.96236],[-98.15808,17.96253],[-98.15872,17.96199],[-98.15953,17.96191],[-98.16068,17.96295],[-98.16126,17.96287],[-98.16201,17.96229],[-98.16265,17.96093],[-98.16306,17.95932],[-98.16502,17.95627],[-98.16526,17.95552],[-98.16549,17.95358],[-98.16676,17.95334],[-98.16821,17.95346],[-98.16936,17.95277],[-98.16954,17.95136],[-98.16913,17.95008],[-98.16885,17.94797],[-98.16925,17.94677],[-98.16966,17.9459],[-98.16989,17.94375],[-98.17134,17.94185],[-98.17203,17.94214],[-98.17319,17.94198],[-98.17342,17.94153],[-98.17313,17.94054],[-98.17244,17.93929],[-98.17175,17.93834],[-98.17088,17.93656],[-98.1699,17.93618],[-98.16903,17.93535],[-98.16863,17.93464],[-98.16851,17.93369],[-98.16955,17.93279],[-98.1706,17.9325],[-98.17135,17.933],[-98.17169,17.93292],[-98.17256,17.93209],[-98.17279,17.93123],[-98.17239,17.92998],[-98.17239,17.92874],[-98.17251,17.92771],[-98.17222,17.92502],[-98.17222,17.92394],[-98.17176,17.92295],[-98.17159,17.92196],[-98.17101,17.92121],[-98.16985,17.9205],[-98.16899,17.92033],[-98.16708,17.91975],[-98.16673,17.9195],[-98.16458,17.92105],[-98.16558,17.91875],[-98.1648,17.91678],[-98.16531,17.91644],[-98.16788,17.91523],[-98.17027,17.91365],[-98.17009,17.91304],[-98.1694,17.91284],[-98.16742,17.91201],[-98.16756,17.90989],[-98.168,17.90881],[-98.16846,17.90876],[-98.16937,17.9082],[-98.16907,17.90746],[-98.16946,17.90646],[-98.17002,17.90529],[-98.17154,17.90319],[-98.17141,17.90257],[-98.17099,17.90179],[-98.17156,17.90137],[-98.173,17.9013],[-98.17375,17.90112],[-98.1746,17.90065],[-98.17442,17.89995],[-98.1748,17.89899],[-98.17638,17.8971],[-98.17724,17.89671],[-98.17771,17.89703],[-98.17845,17.89689],[-98.17896,17.89622],[-98.17976,17.89583],[-98.1804,17.8959],[-98.18223,17.89542],[-98.18263,17.89545],[-98.18276,17.89611],[-98.18374,17.89613],[-98.18329,17.89656],[-98.18342,17.89746],[-98.18502,17.89661],[-98.18581,17.89601],[-98.18656,17.89596],[-98.18736,17.89532],[-98.18955,17.89578],[-98.19081,17.8955],[-98.19225,17.89548],[-98.19398,17.89511],[-98.19592,17.8945],[-98.19568,17.89388],[-98.19527,17.89327],[-98.19502,17.8924],[-98.19553,17.89177],[-98.19634,17.89188],[-98.19718,17.89033],[-98.19687,17.88939],[-98.20004,17.89061],[-98.20137,17.89066],[-98.20246,17.89146],[-98.20321,17.89134],[-98.20396,17.89031],[-98.20431,17.88994],[-98.20483,17.88961],[-98.20552,17.88874],[-98.20535,17.88825],[-98.20587,17.88721],[-98.20611,17.88705],[-98.20674,17.88622],[-98.20836,17.88487],[-98.20974,17.88434],[-98.21113,17.88414],[-98.21217,17.88369],[-98.21257,17.8832],[-98.21349,17.88308],[-98.21534,17.88346],[-98.21603,17.88318],[-98.21672,17.88331],[-98.21781,17.88402],[-98.21862,17.88411],[-98.21936,17.88395],[-98.22034,17.88404],[-98.22139,17.88243],[-98.22175,17.87853],[-98.22313,17.87821],[-98.22342,17.87846],[-98.22532,17.87789],[-98.22584,17.87815],[-98.22665,17.87807],[-98.23194,17.87844],[-98.232,17.87923],[-98.23234,17.88064],[-98.23302,17.88214],[-98.23319,17.88276],[-98.23302,17.88297],[-98.23273,17.88284],[-98.23204,17.88226],[-98.2317,17.88234],[-98.23129,17.88316],[-98.23088,17.88436],[-98.23122,17.88686],[-98.23034,17.88926],[-98.2304,17.89054],[-98.23057,17.89104],[-98.23085,17.89266],[-98.23148,17.8942],[-98.23262,17.8957],[-98.23222,17.89628],[-98.23181,17.89736],[-98.23169,17.89839],[-98.23169,17.89976],[-98.23185,17.90109],[-98.23231,17.90242],[-98.23288,17.9033],[-98.2338,17.90417],[-98.23414,17.90521],[-98.23368,17.90621],[-98.23356,17.90687],[-98.23407,17.90812],[-98.23268,17.91035],[-98.2321,17.91076],[-98.2317,17.91192],[-98.23254,17.91645],[-98.23305,17.91844],[-98.23466,17.91999],[-98.23541,17.92028],[-98.23581,17.92107],[-98.23592,17.92207],[-98.23856,17.92524],[-98.23976,17.92604],[-98.23994,17.92592],[-98.2411,17.92431],[-98.24179,17.92427],[-98.24276,17.92469],[-98.24351,17.92544],[-98.24403,17.92553],[-98.24449,17.9264],[-98.24523,17.92711],[-98.24569,17.9282],[-98.24563,17.92927],[-98.24626,17.93073],[-98.24694,17.93169],[-98.24711,17.93231],[-98.24768,17.93356],[-98.24855,17.93448],[-98.24947,17.93453],[-98.25021,17.93549],[-98.25125,17.93657],[-98.25193,17.93795],[-98.25171,17.93876],[-98.25192,17.93915],[-98.25233,17.93944],[-98.25273,17.93919],[-98.25337,17.93977],[-98.25389,17.93998],[-98.2551,17.93957],[-98.25591,17.93907],[-98.25759,17.93763],[-98.25805,17.93718],[-98.258,17.93664],[-98.25823,17.9359],[-98.25857,17.93557],[-98.25956,17.93536],[-98.26054,17.93495],[-98.261,17.93458],[-98.26158,17.93359],[-98.26164,17.93322],[-98.26158,17.93268],[-98.26181,17.93169],[-98.26222,17.93115],[-98.26245,17.93066],[-98.26216,17.92954],[-98.26222,17.92917],[-98.26257,17.92851],[-98.26378,17.92764],[-98.26453,17.92731],[-98.26494,17.92702],[-98.26563,17.92628],[-98.26627,17.92579],[-98.26696,17.92575],[-98.2676,17.92505],[-98.26829,17.92459],[-98.27078,17.92427],[-98.27164,17.92386],[-98.27257,17.92308],[-98.2739,17.92275],[-98.27551,17.92474],[-98.27736,17.92623],[-98.2776,17.92657],[-98.27788,17.92723],[-98.27829,17.92785],[-98.27852,17.92843],[-98.27858,17.92922],[-98.27944,17.93104],[-98.27985,17.93224],[-98.28077,17.93315],[-98.28118,17.93423],[-98.28216,17.93547],[-98.28268,17.9356],[-98.28355,17.93519],[-98.28407,17.93473],[-98.28407,17.93407],[-98.28441,17.93325],[-98.28476,17.93288],[-98.28494,17.93238],[-98.28528,17.93197],[-98.28725,17.93077],[-98.28794,17.92829],[-98.28846,17.92714],[-98.2884,17.92643],[-98.28875,17.92573],[-98.29002,17.92404],[-98.2917,17.92094],[-98.29107,17.91829],[-98.29089,17.91779],[-98.29043,17.91726],[-98.29008,17.91626],[-98.29008,17.91597],[-98.29107,17.91531],[-98.29373,17.91466],[-98.29442,17.91363],[-98.29662,17.91227],[-98.29818,17.91219],[-98.29852,17.91141],[-98.29899,17.9107],[-98.29968,17.91008],[-98.30043,17.90893],[-98.30037,17.90744],[-98.30124,17.90529],[-98.3024,17.9031],[-98.30309,17.90224],[-98.30297,17.90128],[-98.30321,17.89917],[-98.30309,17.89818],[-98.3028,17.89744],[-98.30095,17.89648],[-98.30182,17.89425],[-98.3024,17.89379],[-98.30367,17.89322],[-98.30511,17.89306],[-98.30581,17.89289],[-98.30656,17.89232],[-98.30714,17.89157],[-98.30789,17.89149],[-98.30841,17.89133],[-98.31113,17.89125],[-98.31222,17.89101],[-98.31326,17.8906],[-98.31471,17.89052],[-98.31558,17.89036],[-98.3161,17.8897],[-98.31627,17.88928],[-98.3165,17.88808],[-98.3169,17.88755],[-98.31789,17.88763],[-98.31904,17.88888],[-98.31956,17.88921],[-98.32031,17.88882],[-98.32407,17.88629],[-98.32442,17.88579],[-98.32384,17.88393],[-98.32436,17.88376],[-98.32488,17.88418],[-98.32575,17.88455],[-98.32604,17.88459],[-98.32638,17.88435],[-98.3265,17.88352],[-98.32817,17.88191],[-98.328,17.88092],[-98.32817,17.88022],[-98.32846,17.88013],[-98.33083,17.88026],[-98.3317,17.88085],[-98.33257,17.88184],[-98.33314,17.88304],[-98.3332,17.88399],[-98.33303,17.88515],[-98.33378,17.88569],[-98.33551,17.88487],[-98.33609,17.8847],[-98.33655,17.88471],[-98.3369,17.88491],[-98.33719,17.88537],[-98.33748,17.88541],[-98.33794,17.88566],[-98.33835,17.88632],[-98.33823,17.88785],[-98.33875,17.88877],[-98.3391,17.88885],[-98.33944,17.88877],[-98.34025,17.8891],[-98.34072,17.8896],[-98.34106,17.8903],[-98.34199,17.8913],[-98.34268,17.89101],[-98.34401,17.89072],[-98.34459,17.89093],[-98.34684,17.89433],[-98.37569,17.88215],[-98.39947,17.86301],[-98.41321,17.87728],[-98.42626,17.89189],[-98.42833,17.89892],[-98.43041,17.90498],[-98.43222,17.91066],[-98.42802,17.92431],[-98.42438,17.93562],[-98.42315,17.93891],[-98.4228,17.94067],[-98.42255,17.94264],[-98.42248,17.94433],[-98.42268,17.94516],[-98.4224,17.94639],[-98.42235,17.94771],[-98.42272,17.94879],[-98.4238,17.95077],[-98.42417,17.95174],[-98.42491,17.9549],[-98.4255,17.95608],[-98.42643,17.95607],[-98.42715,17.95693],[-98.42777,17.95749],[-98.43017,17.96113],[-98.43118,17.96199],[-98.43151,17.96263],[-98.43158,17.96362],[-98.43184,17.96445],[-98.43186,17.96689],[-98.43216,17.96962],[-98.43194,17.97246],[-98.43124,17.97463],[-98.43069,17.97587],[-98.43329,17.97473],[-98.43433,17.97441],[-98.43531,17.97424],[-98.4382,17.97421],[-98.43924,17.974],[-98.44127,17.97339],[-98.44283,17.9731],[-98.44474,17.97253],[-98.44566,17.9722],[-98.44722,17.97146],[-98.44844,17.97142],[-98.45011,17.97159],[-98.4504,17.97138],[-98.4511,17.97113],[-98.4526,17.97101],[-98.45341,17.97068],[-98.46921,17.99293],[-98.49958,17.99624],[-98.50205,17.99535],[-98.50247,17.99495],[-98.50322,17.99498],[-98.50435,17.99573],[-98.50509,17.99601],[-98.50607,17.99604],[-98.50664,17.99635],[-98.50895,17.99809],[-98.50957,17.99705],[-98.51023,17.99629],[-98.5109,17.99557],[-98.51227,17.99451],[-98.51281,17.99392],[-98.52682,17.9958],[-98.53193,17.99587],[-98.53292,17.99599],[-98.53338,17.99595],[-98.53379,17.9957],[-98.53476,17.99458],[-98.53505,17.99408],[-98.53534,17.99383],[-98.53719,17.99362],[-98.53881,17.9937],[-98.5391,17.99382],[-98.54113,17.99365],[-98.54182,17.99353],[-98.54367,17.99294],[-98.54459,17.99224],[-98.5465,17.99186],[-98.5472,17.9921],[-98.54841,17.9909],[-98.54933,17.98949],[-98.54944,17.9882],[-98.55065,17.98692],[-98.55174,17.98406],[-98.5534,17.98057],[-98.57607,17.97674],[-98.5767,17.97662],[-98.57959,17.97561],[-98.58064,17.97602],[-98.58214,17.97548],[-98.58278,17.97573],[-98.58359,17.97568],[-98.58416,17.97556],[-98.58439,17.97465],[-98.58456,17.9744],[-98.58515,17.97502],[-98.58555,17.97502],[-98.58607,17.97452],[-98.58653,17.9739],[-98.58699,17.97286],[-98.58832,17.9724],[-98.58829,17.97101],[-98.58799,17.97014],[-98.58936,17.96903],[-98.59101,17.96827],[-98.59203,17.96745],[-98.5935,17.96668],[-98.59436,17.96552],[-98.59542,17.96494],[-98.59417,17.96267],[-98.59388,17.96125],[-98.59489,17.96047],[-98.59647,17.95855],[-98.59654,17.95971],[-98.59626,17.96093],[-98.59639,17.96209],[-98.59794,17.96256],[-98.59911,17.96214],[-98.60112,17.96242],[-98.60321,17.96244],[-98.60532,17.962],[-98.60621,17.96076],[-98.60668,17.95952],[-98.60761,17.9577],[-98.6089,17.95742],[-98.60997,17.95664],[-98.61094,17.95688],[-98.61234,17.95203],[-98.61365,17.94944],[-98.61559,17.94865],[-98.61819,17.9457],[-98.62098,17.94387],[-98.62253,17.94257],[-98.62425,17.94153],[-98.62403,17.94267],[-98.62709,17.94291],[-98.62619,17.94391],[-98.62762,17.94429],[-98.63107,17.94327],[-98.63429,17.94245],[-98.63646,17.94002],[-98.63831,17.93848],[-98.64017,17.9353],[-98.6402,17.93431],[-98.63885,17.93335],[-98.64216,17.93298],[-98.6431,17.93269],[-98.64355,17.93295],[-98.64489,17.93292],[-98.64545,17.93404],[-98.64723,17.93466],[-98.64981,17.93364],[-98.6509,17.93354],[-98.65165,17.93361],[-98.65223,17.93381],[-98.65175,17.93634],[-98.65215,17.93659],[-98.65273,17.93662],[-98.65325,17.93628],[-98.65412,17.93677],[-98.65535,17.93865],[-98.65634,17.93967],[-98.65774,17.94073],[-98.6614,17.94263],[-98.66564,17.94526],[-98.66691,17.94561],[-98.66766,17.94531],[-98.6685,17.94398],[-98.6689,17.9436],[-98.67115,17.94337],[-98.6723,17.94306],[-98.67339,17.94321],[-98.67423,17.94506],[-98.6739,17.94651],[-98.6734,17.94768],[-98.67289,17.94843],[-98.67279,17.94963],[-98.67366,17.9504],[-98.67744,17.95304],[-98.67878,17.95377],[-98.68,17.95499],[-98.68099,17.95581],[-98.68221,17.956],[-98.68325,17.95598],[-98.68405,17.95581],[-98.6848,17.95588],[-98.68598,17.95764],[-98.68645,17.95871],[-98.6867,17.95982],[-98.68828,17.96187],[-98.68869,17.96207],[-98.68977,17.9614],[-98.69035,17.96122],[-98.69248,17.96158],[-98.69411,17.96258],[-98.69487,17.96349],[-98.69585,17.96369],[-98.69649,17.96336],[-98.69735,17.96269],[-98.69874,17.9626],[-98.69984,17.96289],[-98.70193,17.96383],[-98.70223,17.96532],[-98.70246,17.9657],[-98.70443,17.96623],[-98.70466,17.96606],[-98.70489,17.96556],[-98.70824,17.96352],[-98.70858,17.9636],[-98.70952,17.96617],[-98.71005,17.96704],[-98.71022,17.9677],[-98.71063,17.96844],[-98.71121,17.9689],[-98.7118,17.97063],[-98.71209,17.97026],[-98.71214,17.96943],[-98.71202,17.96885],[-98.71265,17.96765],[-98.71346,17.96657],[-98.71369,17.96698],[-98.71358,17.9681],[-98.71364,17.96839],[-98.71428,17.96876],[-98.71562,17.97033],[-98.71597,17.97132],[-98.71661,17.97227],[-98.71679,17.97368],[-98.71784,17.97409],[-98.71801,17.97442],[-98.71912,17.97479],[-98.72103,17.97561],[-98.72201,17.97573],[-98.72242,17.97652],[-98.72277,17.97693],[-98.72358,17.9773],[-98.72434,17.97722],[-98.7248,17.97738],[-98.72544,17.978],[-98.7259,17.97829],[-98.7262,17.97887],[-98.72801,17.9802],[-98.72969,17.98059],[-98.73126,17.98177],[-98.7319,17.98209],[-98.73271,17.98204],[-98.73301,17.9827],[-98.73369,17.98227],[-98.7349,17.98222],[-98.7356,17.98266],[-98.73658,17.9829],[-98.7374,17.98342],[-98.73866,17.98332],[-98.73913,17.98381],[-98.74127,17.98416],[-98.74226,17.98468],[-98.74393,17.98503],[-98.74486,17.98539],[-98.74739,17.98502],[-98.74844,17.98538],[-98.74843,17.98501],[-98.74802,17.98452],[-98.74813,17.98406],[-98.74859,17.98381],[-98.74922,17.9838],[-98.74934,17.98413],[-98.74975,17.9845],[-98.75033,17.98461],[-98.75088,17.98688],[-98.7525,17.9876],[-98.75342,17.98759],[-98.75402,17.98899],[-98.7546,17.98943],[-98.7549,17.98989],[-98.75548,17.99008],[-98.75657,17.98982],[-98.75697,17.98998],[-98.75749,17.98968],[-98.75795,17.98968],[-98.75958,17.99077],[-98.76039,17.99097],[-98.76131,17.991],[-98.76206,17.99091],[-98.76235,17.99078],[-98.76396,17.99084],[-98.76436,17.9905],[-98.76505,17.99016],[-98.76751,17.98926],[-98.76907,17.98945],[-98.77053,17.99025],[-98.77076,17.9907],[-98.77088,17.9912],[-98.77118,17.99165],[-98.77182,17.99201],[-98.77471,17.99259],[-98.77586,17.99262],[-98.77581,17.99291],[-98.77535,17.99329],[-98.77496,17.99379],[-98.77519,17.99408],[-98.7768,17.99385],[-98.77715,17.99417],[-98.77779,17.99437],[-98.77854,17.99432],[-98.77923,17.99464],[-98.78143,17.99511],[-98.78213,17.99547],[-98.78248,17.99604],[-98.784,17.99702],[-98.78464,17.99779],[-98.78668,17.99954],[-98.78784,18.00015],[-98.78865,17.99993],[-98.78939,17.99955],[-98.79176,17.99956],[-98.79239,17.99975],[-98.79315,18.00061],[-98.79368,18.00106],[-98.79466,18.00129],[-98.79641,18.00196],[-98.79693,18.00258],[-98.7981,18.00336],[-98.79821,18.00361],[-98.79879,18.00394],[-98.79932,18.00464],[-98.79984,18.00489],[-98.80025,18.00534],[-98.80025,18.00584],[-98.80131,18.00828],[-98.80171,18.00823],[-98.80206,18.00844],[-98.80241,18.00806],[-98.80252,18.00744],[-98.80315,18.00678],[-98.80361,18.00574],[-98.80412,18.00503],[-98.80614,18.00337],[-98.80678,18.00316],[-98.8081,18.00241],[-98.80851,18.00216],[-98.80914,18.00149],[-98.81024,18.00099],[-98.81122,18.00086],[-98.81296,18.00081],[-98.81365,18.00015],[-98.814,18.00019],[-98.81429,18.00077],[-98.81435,18.00135],[-98.81493,18.00168],[-98.81545,18.00221],[-98.81645,18.00374],[-98.81639,18.00457],[-98.81681,18.00581],[-98.81773,18.00561],[-98.819,18.00555],[-98.82258,18.00608],[-98.82454,18.00622],[-98.82791,18.00778],[-98.82896,18.00843],[-98.83204,18.0107],[-98.8321,18.01095],[-98.83144,18.01274],[-98.83151,18.01389],[-98.83221,18.0143],[-98.83086,18.01835],[-98.83091,18.021],[-98.83077,18.02257],[-98.83041,18.02473],[-98.83082,18.02543],[-98.83259,18.02693],[-98.83335,18.02787],[-98.83447,18.02872],[-98.83587,18.02952],[-98.83675,18.03021],[-98.83786,18.03072],[-98.83833,18.03117],[-98.83914,18.03157],[-98.84036,18.03192],[-98.84129,18.03199],[-98.84212,18.03305],[-98.84248,18.03399],[-98.84343,18.03493],[-98.84241,18.0364],[-98.84156,18.03724],[-98.84037,18.03813],[-98.8385,18.04007],[-98.83765,18.04137],[-98.83663,18.04205],[-98.83549,18.04315],[-98.83436,18.04429],[-98.83357,18.04542],[-98.83365,18.0462],[-98.83303,18.04713],[-98.83323,18.04845],[-98.83371,18.04939],[-98.83535,18.05367],[-98.8356,18.05495],[-98.83562,18.05594],[-98.83469,18.05873],[-98.83426,18.06052],[-98.83424,18.06217],[-98.83386,18.06342],[-98.82953,18.06432],[-98.82843,18.06379],[-98.82773,18.06367],[-98.82658,18.06404],[-98.82559,18.06355],[-98.82316,18.06331],[-98.82217,18.06307],[-98.81749,18.0647],[-98.81703,18.065],[-98.8154,18.06421],[-98.81436,18.06409],[-98.81349,18.06476],[-98.81298,18.06518],[-98.81292,18.06625],[-98.81316,18.06725],[-98.81357,18.0682],[-98.81369,18.06923],[-98.81335,18.07015],[-98.81226,18.07106],[-98.81157,18.07185],[-98.81204,18.07297],[-98.81192,18.07375],[-98.8117,18.07417],[-98.811,18.07475],[-98.81002,18.07525],[-98.80875,18.07567],[-98.80772,18.07717],[-98.80732,18.07821],[-98.80674,18.07875],[-98.80467,18.0802],[-98.80156,18.08382],[-98.80098,18.08411],[-98.80035,18.08577],[-98.79989,18.08652],[-98.79879,18.08656],[-98.79735,18.08678],[-98.79526,18.086],[-98.79357,18.08472],[-98.79189,18.08423],[-98.79108,18.08423],[-98.7901,18.0854],[-98.78948,18.0878],[-98.78949,18.08971],[-98.78892,18.0919],[-98.78806,18.09394],[-98.78709,18.09498],[-98.7868,18.09618],[-98.78675,18.09705],[-98.78612,18.09771],[-98.78496,18.0983],[-98.78416,18.0995],[-98.78306,18.10034],[-98.78138,18.1008],[-98.77989,18.10205],[-98.77804,18.10309],[-98.7777,18.10408],[-98.77759,18.105],[-98.778,18.10648],[-98.77778,18.10789],[-98.77749,18.10893],[-98.77744,18.10976],[-98.77704,18.11109],[-98.77647,18.11196],[-98.77577,18.11258],[-98.77468,18.11304],[-98.77311,18.11305],[-98.77149,18.11285],[-98.77051,18.11297],[-98.76981,18.11352],[-98.76935,18.11422],[-98.76861,18.11505],[-98.76803,18.11547],[-98.7678,18.11626],[-98.76705,18.11721],[-98.76671,18.11788],[-98.76735,18.11895],[-98.76736,18.12032],[-98.76801,18.12119],[-98.76877,18.12474],[-98.76965,18.12606],[-98.77185,18.12651],[-98.77364,18.12734],[-98.77503,18.12833],[-98.77637,18.12911],[-98.77817,18.13055],[-98.7784,18.13204],[-98.77841,18.13266],[-98.77824,18.13316],[-98.77743,18.13395],[-98.77726,18.13436],[-98.77761,18.13486],[-98.77801,18.13506],[-98.77877,18.13601],[-98.77935,18.13618],[-98.78097,18.1363],[-98.78241,18.13613],[-98.78322,18.13629],[-98.78403,18.13703],[-98.78461,18.1374],[-98.78531,18.13815],[-98.78757,18.13934],[-98.7885,18.1395],[-98.78989,18.1395],[-98.79052,18.13966],[-98.79139,18.13966],[-98.79174,18.13978],[-98.79209,18.14003],[-98.79226,18.14061],[-98.79226,18.14102],[-98.79267,18.14164],[-98.79436,18.14358],[-98.79528,18.14395],[-98.79569,18.14494],[-98.79726,18.14556],[-98.79795,18.14568],[-98.79893,18.1456],[-98.79968,18.14522],[-98.80021,18.14539],[-98.80096,18.14629],[-98.80293,18.14774],[-98.8041,18.14898],[-98.80525,18.14939],[-98.80659,18.15004],[-98.80734,18.15058],[-98.81035,18.15161],[-98.81111,18.15227],[-98.81151,18.15247],[-98.81198,18.15251],[-98.81267,18.15181],[-98.81319,18.15205],[-98.81435,18.15292],[-98.81476,18.15345],[-98.81529,18.15544],[-98.81535,18.15618],[-98.81605,18.15705],[-98.81692,18.15866],[-98.81878,18.16027],[-98.81913,18.16072],[-98.81924,18.16114],[-98.81971,18.16163],[-98.82116,18.16283],[-98.81897,18.16507],[-98.81857,18.16561],[-98.81834,18.16631],[-98.81812,18.16772],[-98.81812,18.16888],[-98.81784,18.16995],[-98.81772,18.17086],[-98.81727,18.17293],[-98.8167,18.17434],[-98.81711,18.17612],[-98.81711,18.17666],[-98.81729,18.17724],[-98.81729,18.17802],[-98.81701,18.17893],[-98.81707,18.18055],[-98.81667,18.18142],[-98.81621,18.18183],[-98.81558,18.18307],[-98.81483,18.18374],[-98.81443,18.18452],[-98.81443,18.18523],[-98.81513,18.18647],[-98.81652,18.18621],[-98.81733,18.18638],[-98.81889,18.18579],[-98.82207,18.18599],[-98.82305,18.18574],[-98.82392,18.18599],[-98.82519,18.18582],[-98.82595,18.18561],[-98.82693,18.18565],[-98.8286,18.18506],[-98.82935,18.18452],[-98.83074,18.18411],[-98.8312,18.18381],[-98.83126,18.18361],[-98.83189,18.18332],[-98.8334,18.18302],[-98.83409,18.18314],[-98.83583,18.18405],[-98.83705,18.18429],[-98.83797,18.18417],[-98.83925,18.18445],[-98.83994,18.18433],[-98.84104,18.18362],[-98.84219,18.18374],[-98.84254,18.18411],[-98.84439,18.18452],[-98.84515,18.18493],[-98.8459,18.18568],[-98.84834,18.18658],[-98.84903,18.18637],[-98.8499,18.18666],[-98.85112,18.18731],[-98.85175,18.18735],[-98.85274,18.18681],[-98.85401,18.18681],[-98.85453,18.18768],[-98.85506,18.18813],[-98.8576,18.18883],[-98.85824,18.18882],[-98.86247,18.18943],[-98.86241,18.18997],[-98.86276,18.19071],[-98.8623,18.19134],[-98.86213,18.19175],[-98.86243,18.1921],[-98.86266,18.19215],[-98.86284,18.19231],[-98.86336,18.19207],[-98.86453,18.19048],[-98.86637,18.19079],[-98.86735,18.19139],[-98.86808,18.19251],[-98.86889,18.19298],[-98.86996,18.19498],[-98.87042,18.19556],[-98.87099,18.19603],[-98.87133,18.19611],[-98.87173,18.19662],[-98.87208,18.19687],[-98.87219,18.19745],[-98.87222,18.19919],[-98.87274,18.19952],[-98.87416,18.20124],[-98.87479,18.20162],[-98.87633,18.20342],[-98.87754,18.20339],[-98.87807,18.20311],[-98.87905,18.20292],[-98.87968,18.20343],[-98.87985,18.20397],[-98.87984,18.2043],[-98.88036,18.20463],[-98.88065,18.20456],[-98.88128,18.20473],[-98.88202,18.20536],[-98.88311,18.20604],[-98.88478,18.2068],[-98.88541,18.20714],[-98.88592,18.20756],[-98.88747,18.20833],[-98.88845,18.20859],[-98.88943,18.20914],[-98.89138,18.20954],[-98.8919,18.20976],[-98.89259,18.21055],[-98.89339,18.21106],[-98.89437,18.21116],[-98.89471,18.21166],[-98.89534,18.21225],[-98.89792,18.21377],[-98.89872,18.21411],[-98.90206,18.2149],[-98.90362,18.21517],[-98.90829,18.21503],[-98.90881,18.21545],[-98.90967,18.21592],[-98.91042,18.21581],[-98.91117,18.21586],[-98.91248,18.21704],[-98.91276,18.21782],[-98.91378,18.21962],[-98.91521,18.22137],[-98.91624,18.22192],[-98.91795,18.22368],[-98.91904,18.22436],[-98.91926,18.22515],[-98.91919,18.22626],[-98.92075,18.22633],[-98.92144,18.2265],[-98.92184,18.22688],[-98.92339,18.22789],[-98.92379,18.22827],[-98.92477,18.22837],[-98.92592,18.22884],[-98.92819,18.23213],[-98.92829,18.23312],[-98.92896,18.23199],[-98.931,18.23358],[-98.94027,18.22507],[-98.94143,18.22463],[-98.94191,18.22352],[-98.94221,18.22208],[-98.94291,18.22172],[-98.94378,18.22107],[-98.94483,18.22009],[-98.94617,18.21838],[-98.94653,18.21764],[-98.94683,18.21661],[-98.94748,18.21538],[-98.94841,18.21399],[-98.94883,18.21263],[-98.95007,18.21025],[-98.95444,18.20589],[-98.95572,18.20483],[-98.95752,18.20415],[-98.96029,18.20394],[-98.96144,18.20446],[-98.96312,18.20448],[-98.96451,18.20384],[-98.96549,18.20369],[-98.96613,18.20328],[-98.96706,18.20239],[-98.96781,18.20235],[-98.96827,18.20269],[-98.96837,18.20373],[-98.96871,18.20476],[-98.96882,18.20576],[-98.96909,18.20684],[-98.96878,18.20882],[-98.96893,18.21159],[-98.96886,18.21212],[-98.96569,18.21233],[-98.97588,18.21807],[-98.98581,18.23087],[-98.98534,18.23128],[-98.98493,18.23181],[-98.98475,18.23255],[-98.98689,18.23292],[-98.9882,18.23488],[-98.98957,18.23726],[-98.99001,18.23912],[-98.98959,18.24592],[-98.98905,18.24728],[-98.98805,18.24918],[-98.98737,18.25303],[-98.99652,18.25879],[-98.99588,18.26367],[-99.00174,18.26298],[-99.008,18.26204],[-99.01071,18.26301],[-99.01924,18.26665],[-99.04479,18.27665],[-99.05805,18.28224],[-99.05642,18.28342],[-99.05233,18.28712],[-99.05045,18.28984],[-99.05095,18.29105],[-99.05297,18.29206],[-99.05642,18.29486],[-99.05716,18.29566],[-99.059,18.29654],[-99.05915,18.29928],[-99.05883,18.30181],[-99.05835,18.30421],[-99.06163,18.30593],[-99.0634,18.30881],[-99.06274,18.31025],[-99.06122,18.31219],[-99.0602,18.31545],[-99.06071,18.31699],[-99.06258,18.32041],[-99.06386,18.32025],[-99.0659,18.31898],[-99.06715,18.32082],[-99.06884,18.32572],[-99.069,18.32668],[-99.06742,18.32849],[-99.06608,18.32972],[-99.0656,18.33071],[-99.06455,18.33228],[-99.0646,18.33271],[-99.06387,18.33237],[-99.06335,18.3325],[-99.06283,18.33283],[-99.06176,18.3339],[-99.06093,18.33489],[-99.06022,18.33592],[-99.05991,18.33679],[-99.05809,18.33784],[-99.05775,18.33816],[-99.05765,18.33851],[-99.05775,18.34165],[-99.05816,18.34319],[-99.05875,18.34439],[-99.05908,18.34599],[-99.0591,18.3466],[-99.05894,18.34802],[-99.05864,18.34863],[-99.05826,18.34894],[-99.05771,18.34915],[-99.0563,18.34926],[-99.05476,18.3492],[-99.05342,18.34968],[-99.05009,18.35053],[-99.04903,18.35062],[-99.04849,18.35079],[-99.04806,18.35113],[-99.04769,18.35166],[-99.04748,18.35328],[-99.04702,18.35436],[-99.04665,18.3548],[-99.04621,18.35508],[-99.04585,18.35514],[-99.04507,18.35508],[-99.04427,18.35481],[-99.04393,18.3548],[-99.04323,18.3551],[-99.0428,18.35548],[-99.04285,18.35578],[-99.04381,18.35653],[-99.044,18.35685],[-99.0443,18.35786],[-99.04426,18.35826],[-99.04401,18.35862],[-99.04333,18.35897],[-99.04244,18.35906],[-99.0416,18.35894],[-99.03994,18.35828],[-99.03913,18.3582],[-99.03849,18.35834],[-99.03747,18.35932],[-99.03488,18.36299],[-99.03489,18.36351],[-99.03589,18.36447],[-99.03596,18.36464],[-99.03586,18.36477],[-99.03551,18.36492],[-99.03489,18.36495],[-99.03411,18.36485],[-99.032,18.36432],[-99.03159,18.36434],[-99.03134,18.3645],[-99.03113,18.36481],[-99.03108,18.36507],[-99.03128,18.36696],[-99.03123,18.36721],[-99.03096,18.36761],[-99.03045,18.3679],[-99.02937,18.36809],[-99.02815,18.36852],[-99.02753,18.36888],[-99.027,18.3696],[-99.02618,18.37149],[-99.02576,18.372],[-99.02482,18.37231],[-99.02394,18.37194],[-99.02328,18.37251],[-99.02319,18.3728],[-99.02322,18.37315],[-99.02395,18.37538],[-99.02395,18.37578],[-99.02378,18.37608],[-99.02343,18.37633],[-99.0231,18.37642],[-99.02102,18.37649],[-99.02077,18.37662],[-99.0205,18.37697],[-99.01881,18.38134],[-99.01877,18.38238],[-99.01904,18.3854],[-99.01867,18.3867],[-99.01795,18.38779],[-99.01775,18.38783],[-99.01681,18.38755],[-99.01659,18.38718],[-99.01618,18.38688],[-99.0148,18.38629],[-99.01451,18.38636],[-99.01387,18.38755],[-99.01346,18.38788],[-99.01271,18.38795],[-99.01278,18.38675],[-99.01249,18.38634],[-99.0122,18.38621],[-99.00984,18.38593],[-99.00914,18.38608],[-99.00856,18.38645],[-99.00816,18.38632],[-99.00781,18.38702],[-99.00791,18.38813],[-99.00744,18.38871],[-99.00669,18.38911],[-99.00593,18.38926],[-99.00524,18.38979],[-99.00431,18.38966],[-99.00344,18.38981],[-99.00316,18.38972],[-99.00229,18.38983],[-99.00177,18.3895],[-99.00114,18.38879],[-99.00074,18.38861],[-98.99987,18.38885],[-98.99779,18.38882],[-98.99738,18.38948],[-98.9976,18.3906],[-98.99829,18.39135],[-98.99822,18.39218],[-98.99713,18.39175],[-98.99666,18.39178],[-98.99517,18.39151],[-98.99419,18.39047],[-98.99384,18.39083],[-98.9928,18.39115],[-98.99263,18.3909],[-98.99263,18.39053],[-98.99218,18.38986],[-98.99143,18.38985],[-98.98998,18.39029],[-98.98951,18.39065],[-98.98859,18.39089],[-98.9883,18.39072],[-98.98726,18.39041],[-98.98628,18.39032],[-98.98593,18.39052],[-98.98524,18.39063],[-98.98443,18.39037],[-98.9842,18.39021],[-98.98264,18.39064],[-98.98236,18.38993],[-98.98184,18.38959],[-98.98149,18.38967],[-98.98114,18.39008],[-98.97164,18.41235],[-98.96006,18.41185],[-98.94155,18.41403],[-98.93379,18.43041],[-98.92551,18.43811],[-98.92116,18.44245],[-98.92052,18.4419],[-98.91914,18.44135],[-98.9181,18.44118],[-98.91734,18.44159],[-98.91589,18.44162],[-98.91554,18.44203],[-98.91523,18.44327],[-98.91531,18.44696],[-98.91512,18.44812],[-98.91534,18.44862],[-98.9154,18.44924],[-98.91521,18.44999],[-98.91561,18.45086],[-98.91559,18.45235],[-98.91575,18.45347],[-98.91568,18.4543],[-98.91496,18.45666],[-98.91419,18.45785],[-98.91042,18.45861],[-98.9111,18.45932],[-98.9126,18.45987],[-98.91328,18.46112],[-98.91339,18.4615],[-98.9131,18.46207],[-98.91298,18.46261],[-98.91204,18.46339],[-98.91133,18.46422],[-98.91074,18.46512],[-98.90888,18.46573],[-98.90771,18.46663],[-98.9062,18.46683],[-98.90539,18.46719],[-98.90283,18.46779],[-98.90184,18.46845],[-98.90119,18.46923],[-98.9,18.47183],[-98.89964,18.47299],[-98.89945,18.47423],[-98.89817,18.47435],[-98.89735,18.47496],[-98.89689,18.475],[-98.89643,18.47479],[-98.8959,18.47503],[-98.89451,18.47514],[-98.89312,18.47538],[-98.89259,18.47596],[-98.89207,18.4757],[-98.8905,18.47644],[-98.88753,18.47687],[-98.88707,18.47707],[-98.88461,18.47863],[-98.88327,18.47924],[-98.88275,18.47923],[-98.88211,18.47944],[-98.8803,18.48062],[-98.87948,18.48103],[-98.87902,18.4809],[-98.87832,18.48114],[-98.87664,18.48121],[-98.87612,18.48146],[-98.87541,18.48207],[-98.87431,18.48231],[-98.87396,18.48272],[-98.87245,18.48255],[-98.87181,18.48283],[-98.87134,18.48357],[-98.87011,18.48468],[-98.86819,18.485],[-98.86755,18.48499],[-98.86698,18.4847],[-98.86646,18.48424],[-98.86577,18.48398],[-98.86193,18.48486],[-98.86042,18.48557],[-98.85937,18.48583],[-98.85879,18.48587],[-98.85745,18.48661],[-98.85606,18.48664],[-98.85329,18.48549],[-98.85305,18.4857],[-98.85265,18.48569],[-98.85073,18.48618],[-98.84991,18.48704],[-98.84944,18.48695],[-98.84886,18.48703],[-98.84851,18.48723],[-98.84799,18.48735],[-98.84683,18.48743],[-98.84625,18.48784],[-98.84582,18.48916],[-98.84519,18.48903],[-98.84484,18.48911],[-98.84413,18.49018],[-98.84331,18.49071],[-98.84166,18.49265],[-98.84005,18.49222],[-98.83935,18.49213],[-98.83883,18.49229],[-98.83737,18.49344],[-98.83602,18.49467],[-98.8341,18.49519],[-98.83466,18.49694],[-98.835,18.49698],[-98.83581,18.49741],[-98.83627,18.49799],[-98.83707,18.49845],[-98.83741,18.49887],[-98.83752,18.49937],[-98.83751,18.50061],[-98.83762,18.50095],[-98.83808,18.50124],[-98.83877,18.50199],[-98.83939,18.50299],[-98.84139,18.50517],[-98.8418,18.50533],[-98.84068,18.50686],[-98.8394,18.50672],[-98.83888,18.50688],[-98.83714,18.51135],[-98.83667,18.51196],[-98.83602,18.51312],[-98.83618,18.51403],[-98.83641,18.51433],[-98.83686,18.51557],[-98.83741,18.51798],[-98.83647,18.51914],[-98.83612,18.51922],[-98.83565,18.51954],[-98.83505,18.52095],[-98.83372,18.5211],[-98.83332,18.52085],[-98.83228,18.52059],[-98.83181,18.52079],[-98.83081,18.52157],[-98.83023,18.5219],[-98.82901,18.52189],[-98.82797,18.52167],[-98.82739,18.52192],[-98.8264,18.52183],[-98.82566,18.5212],[-98.82532,18.52074],[-98.8248,18.52069],[-98.82445,18.52052],[-98.82306,18.52039],[-98.82219,18.5205],[-98.82158,18.52045],[-98.82091,18.52024],[-98.82015,18.5204],[-98.81987,18.52036],[-98.81928,18.5211],[-98.818,18.52159],[-98.81754,18.52129],[-98.81727,18.51992],[-98.81698,18.5195],[-98.81682,18.51901],[-98.81642,18.51834],[-98.8159,18.51804],[-98.81502,18.51866],[-98.81438,18.51898],[-98.81357,18.51894],[-98.81305,18.51881],[-98.81177,18.51917],[-98.8109,18.51924],[-98.81055,18.51895],[-98.81068,18.51787],[-98.81092,18.51742],[-98.81123,18.5161],[-98.81112,18.51535],[-98.81083,18.5151],[-98.80956,18.51509],[-98.80916,18.51492],[-98.80876,18.51379],[-98.80877,18.51342],[-98.80953,18.51256],[-98.81006,18.51227],[-98.81035,18.51198],[-98.81047,18.51157],[-98.8099,18.51086],[-98.80771,18.5101],[-98.80725,18.5093],[-98.80715,18.50856],[-98.80721,18.50794],[-98.8071,18.50756],[-98.80468,18.50621],[-98.80411,18.50579],[-98.80308,18.50479],[-98.80303,18.504],[-98.80321,18.50363],[-98.80398,18.50264],[-98.8034,18.50214],[-98.80294,18.50205],[-98.80207,18.50209],[-98.8012,18.50229],[-98.79998,18.50219],[-98.79972,18.50193],[-98.79964,18.50159],[-98.79954,18.50082],[-98.7995,18.49879],[-98.79876,18.49779],[-98.79737,18.49765],[-98.79675,18.49726],[-98.79416,18.49743],[-98.79329,18.49725],[-98.79311,18.49678],[-98.79305,18.49595],[-98.79359,18.49438],[-98.79342,18.49417],[-98.79117,18.49266],[-98.79072,18.4917],[-98.79015,18.49116],[-98.78957,18.49091],[-98.78899,18.49086],[-98.78864,18.49127],[-98.78828,18.4923],[-98.78781,18.49247],[-98.78706,18.49225],[-98.78696,18.49167],[-98.78725,18.49122],[-98.7872,18.49047],[-98.78606,18.48901],[-98.78457,18.48808],[-98.78393,18.48783],[-98.7837,18.48754],[-98.78412,18.48688],[-98.78681,18.48499],[-98.7867,18.48458],[-98.7867,18.48404],[-98.78469,18.48319],[-98.78296,18.48202],[-98.78204,18.48151],[-98.78015,18.48008],[-98.77869,18.48057],[-98.77485,18.48243],[-98.77413,18.48188],[-98.77203,18.47866],[-98.77103,18.47805],[-98.77017,18.47776],[-98.76818,18.47766],[-98.76712,18.47737],[-98.76522,18.47636],[-98.76474,18.4769],[-98.76122,18.48208],[-98.75335,18.47978],[-98.74825,18.47681],[-98.74497,18.47463],[-98.74429,18.47367],[-98.7436,18.4732],[-98.74367,18.4725],[-98.74316,18.47167],[-98.7427,18.47125],[-98.74253,18.47096],[-98.74259,18.47046],[-98.74289,18.47013],[-98.74371,18.46972],[-98.74418,18.46906],[-98.74448,18.46836],[-98.74409,18.4672],[-98.74357,18.46682],[-98.74346,18.46661],[-98.74363,18.46628],[-98.74347,18.46566],[-98.74289,18.46549],[-98.74237,18.46577],[-98.74209,18.46469],[-98.74227,18.46436],[-98.7423,18.46212],[-98.74218,18.46179],[-98.74172,18.46174],[-98.74185,18.461],[-98.74208,18.46063],[-98.74238,18.46042],[-98.74232,18.45997],[-98.74181,18.45946],[-98.74164,18.45913],[-98.74194,18.45851],[-98.74223,18.45818],[-98.742,18.45797],[-98.7416,18.45789],[-98.74091,18.45747],[-98.74044,18.45779],[-98.74009,18.45787],[-98.7401,18.45746],[-98.74039,18.4568],[-98.74104,18.45581],[-98.7407,18.45543],[-98.7392,18.45534],[-98.73879,18.455],[-98.73876,18.45326],[-98.73784,18.45263],[-98.73808,18.45218],[-98.73814,18.45168],[-98.73757,18.45084],[-98.73799,18.45018],[-98.73793,18.44981],[-98.73724,18.44951],[-98.73713,18.44935],[-98.73708,18.44885],[-98.73685,18.44852],[-98.73674,18.44814],[-98.736,18.44735],[-98.73595,18.44681],[-98.73666,18.4457],[-98.73661,18.44499],[-98.73638,18.4449],[-98.73602,18.44527],[-98.73556,18.44531],[-98.73539,18.44519],[-98.73545,18.44448],[-98.73528,18.44411],[-98.73523,18.44357],[-98.73506,18.44332],[-98.73443,18.44302],[-98.73408,18.44306],[-98.73368,18.44293],[-98.73328,18.44206],[-98.73225,18.44126],[-98.73185,18.44055],[-98.73059,18.43979],[-98.73001,18.43966],[-98.7285,18.43977],[-98.72764,18.4391],[-98.72735,18.43918],[-98.72689,18.4391],[-98.72586,18.43793],[-98.7254,18.43776],[-98.72476,18.438],[-98.72447,18.43783],[-98.72442,18.43746],[-98.72419,18.43725],[-98.72355,18.43703],[-98.72293,18.43578],[-98.72242,18.43541],[-98.7216,18.4359],[-98.72113,18.43602],[-98.72097,18.43543],[-98.72068,18.43493],[-98.719,18.435],[-98.71716,18.43411],[-98.71583,18.43394],[-98.71549,18.43331],[-98.71441,18.43348],[-98.71123,18.43352],[-98.7092,18.43397],[-98.70853,18.43423],[-98.70835,18.43452],[-98.70839,18.43519],[-98.70786,18.43602],[-98.70704,18.43618],[-98.70655,18.43604],[-98.70615,18.43571],[-98.70527,18.43493],[-98.70433,18.43388],[-98.70341,18.43356],[-98.70282,18.43367],[-98.70255,18.43398],[-98.7024,18.43436],[-98.70243,18.43522],[-98.70302,18.43583],[-98.70371,18.43699],[-98.70385,18.43788],[-98.70451,18.43927],[-98.70512,18.44007],[-98.70552,18.44041],[-98.70592,18.44051],[-98.70621,18.44047],[-98.70707,18.44062],[-98.70829,18.44057],[-98.70879,18.44096],[-98.70924,18.44155],[-98.70939,18.44209],[-98.7092,18.44275],[-98.70889,18.44336],[-98.70677,18.44438],[-98.70618,18.44478],[-98.70618,18.44499],[-98.70672,18.44612],[-98.70663,18.44703],[-98.70638,18.44773],[-98.70648,18.44814],[-98.7067,18.44832],[-98.70756,18.44863],[-98.70903,18.4497],[-98.70997,18.45089],[-98.71049,18.45098],[-98.71083,18.45116],[-98.71117,18.45142],[-98.71139,18.45188],[-98.71132,18.45221],[-98.71114,18.45249],[-98.70995,18.45333],[-98.70931,18.45365],[-98.70849,18.454],[-98.70756,18.45414],[-98.70697,18.45437],[-98.70603,18.45446],[-98.70534,18.4563],[-98.70613,18.45702],[-98.70747,18.45695],[-98.70905,18.4565],[-98.70979,18.45683],[-98.70987,18.45753],[-98.7092,18.45772],[-98.70834,18.45813],[-98.7081,18.45942],[-98.70955,18.46211],[-98.70993,18.46308],[-98.70984,18.46357],[-98.70922,18.46393],[-98.70665,18.46345],[-98.70583,18.46415],[-98.70652,18.46514],[-98.70805,18.46567],[-98.70927,18.46592],[-98.70975,18.46661],[-98.70966,18.4675],[-98.70938,18.46845],[-98.70887,18.4692],[-98.70779,18.46924],[-98.70675,18.46903],[-98.70583,18.46923],[-98.70579,18.47001],[-98.70544,18.47102],[-98.70461,18.47106],[-98.70408,18.47181],[-98.70478,18.47228],[-98.70595,18.47285],[-98.70638,18.47372],[-98.70511,18.47469],[-98.70506,18.47609],[-98.70561,18.47707],[-98.70691,18.47738],[-98.70739,18.47847],[-98.70657,18.47872],[-98.70459,18.47871],[-98.70343,18.47908],[-98.70237,18.47991],[-98.70232,18.48069],[-98.70342,18.48123],[-98.70332,18.48201],[-98.70213,18.48339],[-98.70174,18.48405],[-98.70238,18.48446],[-98.70309,18.48535],[-98.70287,18.48638],[-98.70248,18.48705],[-98.70111,18.48814],[-98.69987,18.49001],[-98.69972,18.49101],[-98.69944,18.49204],[-98.6992,18.4946],[-98.70048,18.49507],[-98.70126,18.49703],[-98.70264,18.49681],[-98.7024,18.49639],[-98.70388,18.49488],[-98.70544,18.49415],[-98.70703,18.49443],[-98.70723,18.4957],[-98.7069,18.49635],[-98.70632,18.49659],[-98.70545,18.49672],[-98.7047,18.49705],[-98.70451,18.49803],[-98.70502,18.49816],[-98.70595,18.49791],[-98.7074,18.49784],[-98.70796,18.49815],[-98.70778,18.49873],[-98.70643,18.4997],[-98.70575,18.50041],[-98.70535,18.50189],[-98.70395,18.50301],[-98.70317,18.50405],[-98.70275,18.50503],[-98.70268,18.50625],[-98.70344,18.50696],[-98.70452,18.50731],[-98.70516,18.50771],[-98.7053,18.50791],[-98.70559,18.5092],[-98.7056,18.51019],[-98.70598,18.51096],[-98.70602,18.51199],[-98.7053,18.51242],[-98.7044,18.51229],[-98.70333,18.51175],[-98.70246,18.51098],[-98.70141,18.51089],[-98.70104,18.51232],[-98.7014,18.51343],[-98.70245,18.51416],[-98.70387,18.51438],[-98.70655,18.51421],[-98.70799,18.51446],[-98.70865,18.51481],[-98.70934,18.51566],[-98.71004,18.51617],[-98.71105,18.51717],[-98.71161,18.51859],[-98.71158,18.51982],[-98.71139,18.52128],[-98.71232,18.52243],[-98.71187,18.52289],[-98.71072,18.52344],[-98.7101,18.52428],[-98.70949,18.52581],[-98.70869,18.52636],[-98.70748,18.52654],[-98.70685,18.52676],[-98.70611,18.52735],[-98.70543,18.52818],[-98.70539,18.52942],[-98.70616,18.53073],[-98.70647,18.53154],[-98.70492,18.53215],[-98.70278,18.53222],[-98.70244,18.53284],[-98.70315,18.53366],[-98.70363,18.53451],[-98.70353,18.5355],[-98.7032,18.53633],[-98.70315,18.53707],[-98.70323,18.53823],[-98.70395,18.54003],[-98.70471,18.54018],[-98.70564,18.54066],[-98.70662,18.54089],[-98.70838,18.54189],[-98.70851,18.54288],[-98.70841,18.54387],[-98.70741,18.5464],[-98.7076,18.54709],[-98.70715,18.54784],[-98.70635,18.54872],[-98.70573,18.54972],[-98.70552,18.55046],[-98.70547,18.55137],[-98.70572,18.55211],[-98.70595,18.55243],[-98.70717,18.55274],[-98.70852,18.55391],[-98.70917,18.55469],[-98.71122,18.55618],[-98.71199,18.55732],[-98.71223,18.55789],[-98.71067,18.55791],[-98.71004,18.55801],[-98.70924,18.55877],[-98.70935,18.55915],[-98.70957,18.55938],[-98.70989,18.55968],[-98.71226,18.55981],[-98.71326,18.56011],[-98.71389,18.56007],[-98.71416,18.56016],[-98.71404,18.56133],[-98.71438,18.56211],[-98.71542,18.56282],[-98.71565,18.56324],[-98.71603,18.56429],[-98.71634,18.56572],[-98.71609,18.56623],[-98.71578,18.56625],[-98.71537,18.56612],[-98.71388,18.56509],[-98.71341,18.56503],[-98.71327,18.56535],[-98.71374,18.56689],[-98.71361,18.56744],[-98.71294,18.5679],[-98.71258,18.56839],[-98.71233,18.56882],[-98.71233,18.56924],[-98.71246,18.5698],[-98.71262,18.56995],[-98.713,18.56995],[-98.71457,18.56873],[-98.71497,18.56865],[-98.71526,18.56876],[-98.71544,18.5691],[-98.71479,18.57053],[-98.71476,18.5711],[-98.71505,18.57185],[-98.71548,18.5722],[-98.71651,18.57276],[-98.71655,18.57316],[-98.71642,18.57366],[-98.71613,18.57374],[-98.71528,18.5735],[-98.71441,18.57303],[-98.7132,18.57273],[-98.71266,18.57282],[-98.71219,18.5732],[-98.71181,18.5738],[-98.71171,18.57478],[-98.70588,18.57875],[-98.70298,18.58155],[-98.70291,18.58452],[-98.703,18.58629],[-98.70228,18.58815],[-98.70141,18.5913],[-98.70099,18.59398],[-98.70098,18.59695],[-98.70049,18.59864],[-98.69982,18.59989],[-98.6981,18.60074],[-98.69706,18.60096],[-98.69573,18.6009],[-98.69435,18.60154],[-98.6921,18.60137],[-98.69144,18.60044],[-98.6896,18.60092],[-98.68835,18.59847],[-98.68678,18.5875],[-98.68515,18.58715],[-98.68423,18.58721],[-98.68353,18.58693],[-98.68127,18.58689],[-98.68033,18.58595],[-98.67923,18.58597],[-98.6789,18.58668],[-98.67699,18.58683],[-98.6766,18.58762],[-98.67517,18.58859],[-98.67471,18.58847],[-98.67367,18.58849],[-98.67281,18.58879],[-98.66925,18.59066],[-98.66851,18.59133],[-98.66818,18.59241],[-98.66701,18.59469],[-98.66357,18.59973],[-98.66031,18.59846],[-98.65909,18.59815],[-98.66074,18.59343],[-98.66032,18.59216],[-98.6586,18.58955],[-98.63885,18.58406],[-98.63826,18.58324],[-98.63733,18.58293],[-98.63425,18.58541],[-98.63264,18.58576],[-98.63212,18.58602],[-98.63178,18.58656],[-98.62206,18.5856],[-98.61148,18.59618],[-98.6096,18.59432],[-98.60825,18.59323],[-98.60789,18.5927],[-98.60661,18.5919],[-98.60446,18.59106],[-98.59773,18.58956],[-98.59558,18.58894],[-98.59487,18.58845],[-98.59398,18.5869],[-98.59374,18.586],[-98.59239,18.58466]]]}},{"type":"Feature","properties":{"id":15,"distrito_f":15,"nombre":"Distrito Federal 15","entidad":21},"geometry":{"type":"Polygon","coordinates":[[[-97.35493,18.82146],[-97.3522,18.82072],[-97.34936,18.81948],[-97.34814,18.81911],[-97.34582,18.81804],[-97.34101,18.81651],[-97.33845,18.81582],[-97.337,18.81524],[-97.33451,18.81446],[-97.33288,18.81367],[-97.33248,18.81334],[-97.33178,18.81305],[-97.3312,18.81268],[-97.32958,18.81227],[-97.32859,18.81182],[-97.32807,18.81144],[-97.32816,18.81062],[-97.32833,18.8102],[-97.32879,18.80958],[-97.33111,18.8086],[-97.33145,18.80823],[-97.33227,18.80665],[-97.33337,18.80484],[-97.33371,18.80368],[-97.33423,18.8026],[-97.33493,18.80165],[-97.33551,18.80037],[-97.33593,18.79901],[-97.33658,18.79783],[-97.33563,18.7949],[-97.33547,18.7935],[-97.33577,18.79251],[-97.33624,18.79231],[-97.33734,18.79207],[-97.33781,18.79178],[-97.33823,18.79084],[-97.33911,18.78944],[-97.33981,18.78895],[-97.34057,18.78859],[-97.34086,18.78822],[-97.34099,18.7874],[-97.34065,18.78703],[-97.33961,18.78665],[-97.33876,18.78614],[-97.33897,18.78574],[-97.33986,18.78492],[-97.3401,18.78426],[-97.34009,18.7801],[-97.34035,18.7778],[-97.33937,18.77755],[-97.33914,18.77722],[-97.33892,18.77643],[-97.33852,18.77618],[-97.338,18.77618],[-97.33759,18.77683],[-97.33694,18.77732],[-97.33648,18.77716],[-97.33568,18.77662],[-97.33562,18.77629],[-97.33649,18.77613],[-97.33708,18.77531],[-97.3372,18.77506],[-97.33722,18.77358],[-97.33757,18.77321],[-97.33775,18.7728],[-97.33775,18.77243],[-97.33747,18.77218],[-97.33712,18.77214],[-97.33654,18.77217],[-97.33614,18.7723],[-97.33567,18.77262],[-97.33485,18.7736],[-97.3345,18.77356],[-97.3333,18.77256],[-97.33249,18.77248],[-97.33155,18.77288],[-97.33091,18.77337],[-97.33021,18.77361],[-97.329,18.77344],[-97.32807,18.77347],[-97.32761,18.77322],[-97.32728,18.7724],[-97.32746,18.77191],[-97.3281,18.7715],[-97.32833,18.77125],[-97.32835,18.77014],[-97.32847,18.76961],[-97.3294,18.76912],[-97.32964,18.76813],[-97.33,18.76785],[-97.33053,18.76678],[-97.33053,18.76662],[-97.33013,18.76595],[-97.3297,18.76553],[-97.32964,18.765],[-97.33016,18.76458],[-97.33039,18.76396],[-97.33051,18.76386],[-97.33045,18.76367],[-97.33056,18.76347],[-97.33259,18.76169],[-97.3345,18.76083],[-97.336,18.7598],[-97.33606,18.75963],[-97.33693,18.75885],[-97.33779,18.75832],[-97.3386,18.75766],[-97.34063,18.75427],[-97.34109,18.75377],[-97.34132,18.75328],[-97.34173,18.75286],[-97.34207,18.75216],[-97.34294,18.75088],[-97.34375,18.74918],[-97.34399,18.74774],[-97.34324,18.74525],[-97.34289,18.74459],[-97.34214,18.74226],[-97.34185,18.74048],[-97.34179,18.73908],[-97.34237,18.73767],[-97.34336,18.73639],[-97.34446,18.7354],[-97.34498,18.7347],[-97.34527,18.73399],[-97.34584,18.73325],[-97.34602,18.73271],[-97.34642,18.73081],[-97.34631,18.72998],[-97.34631,18.7289],[-97.34614,18.72861],[-97.34619,18.72775],[-97.34602,18.72675],[-97.3463,18.72658],[-97.34618,18.72646],[-97.34607,18.72596],[-97.34638,18.72481],[-97.34656,18.72354],[-97.34652,18.72283],[-97.3467,18.72222],[-97.34763,18.72169],[-97.34775,18.72136],[-97.34776,18.72078],[-97.34811,18.72009],[-97.34922,18.71939],[-97.35027,18.71854],[-97.35157,18.71669],[-97.35186,18.71653],[-97.35175,18.7162],[-97.34888,18.71375],[-97.34842,18.71325],[-97.34791,18.71243],[-97.34758,18.71123],[-97.34776,18.71057],[-97.34929,18.70885],[-97.34923,18.70848],[-97.34768,18.70749],[-97.34688,18.70686],[-97.34642,18.70636],[-97.34603,18.70566],[-97.34542,18.70352],[-97.34254,18.70255],[-97.34666,18.69636],[-97.34402,18.69441],[-97.34321,18.69428],[-97.34276,18.69382],[-97.34166,18.69349],[-97.34103,18.69295],[-97.3418,18.69143],[-97.34245,18.69049],[-97.34339,18.68926],[-97.34433,18.68823],[-97.3447,18.68577],[-97.34524,18.68441],[-97.34571,18.68355],[-97.34056,18.67915],[-97.33781,18.67728],[-97.33718,18.67649],[-97.33616,18.6748],[-97.33502,18.67322],[-97.33399,18.67198],[-97.33353,18.67165],[-97.33284,18.67148],[-97.33256,18.67115],[-97.33211,18.66987],[-97.33217,18.6695],[-97.33235,18.66921],[-97.3323,18.66876],[-97.33132,18.66805],[-97.32995,18.66635],[-97.32961,18.66573],[-97.32934,18.66446],[-97.3294,18.66409],[-97.32929,18.66363],[-97.32895,18.66314],[-97.32838,18.66288],[-97.32682,18.66275],[-97.32571,18.66295],[-97.32443,18.66343],[-97.32392,18.66331],[-97.32287,18.66359],[-97.32166,18.66354],[-97.32062,18.66316],[-97.32027,18.66316],[-97.32004,18.66349],[-97.31991,18.66472],[-97.31967,18.66525],[-97.31879,18.66582],[-97.3185,18.66648],[-97.31831,18.66788],[-97.31807,18.66858],[-97.31771,18.66911],[-97.31713,18.66948],[-97.31654,18.67005],[-97.3162,18.66996],[-97.31551,18.66905],[-97.31477,18.66864],[-97.31437,18.66765],[-97.31397,18.66764],[-97.31374,18.66789],[-97.31319,18.67003],[-97.31249,18.67072],[-97.31223,18.67245],[-97.31205,18.67319],[-97.31175,18.67385],[-97.3103,18.67425],[-97.31019,18.67388],[-97.30996,18.67363],[-97.30968,18.67284],[-97.30911,18.67226],[-97.30819,18.67226],[-97.30708,18.67241],[-97.30616,18.67261],[-97.30488,18.67314],[-97.30418,18.67322],[-97.30378,18.67309],[-97.30349,18.67272],[-97.3031,18.67218],[-97.30287,18.67148],[-97.30109,18.67044],[-97.30005,18.67018],[-97.29983,18.66985],[-97.29932,18.66902],[-97.29904,18.66774],[-97.29941,18.66606],[-97.29942,18.66536],[-97.29614,18.66361],[-97.29597,18.66332],[-97.29592,18.66291],[-97.29541,18.662],[-97.29537,18.66088],[-97.29476,18.65824],[-97.29425,18.65742],[-97.29374,18.65704],[-97.29265,18.65584],[-97.29231,18.65526],[-97.29238,18.65465],[-97.29221,18.6544],[-97.29128,18.65427],[-97.29053,18.65402],[-97.29013,18.65364],[-97.28904,18.6531],[-97.28742,18.65292],[-97.28645,18.65246],[-97.28552,18.65237],[-97.28408,18.65187],[-97.2835,18.65191],[-97.28276,18.65132],[-97.28259,18.65087],[-97.28261,18.64943],[-97.28193,18.64807],[-97.28127,18.64543],[-97.28081,18.64493],[-97.27989,18.64443],[-97.27887,18.64302],[-97.27905,18.64261],[-97.279,18.64199],[-97.27883,18.6415],[-97.27839,18.63919],[-97.27801,18.63787],[-97.27743,18.63741],[-97.27715,18.63692],[-97.27543,18.63571],[-97.27388,18.63446],[-97.27413,18.63356],[-97.27454,18.63266],[-97.27437,18.63224],[-97.27373,18.63208],[-97.27434,18.63055],[-97.27427,18.6291],[-97.2745,18.62769],[-97.27362,18.62397],[-97.27309,18.62293],[-97.27186,18.61937],[-97.2704,18.6164],[-97.26976,18.61474],[-97.26987,18.61218],[-97.27014,18.60965],[-97.27008,18.60907],[-97.27072,18.6094],[-97.27136,18.61015],[-97.2716,18.61102],[-97.27322,18.61134],[-97.2742,18.61114],[-97.27703,18.61014],[-97.27923,18.60923],[-97.28032,18.60807],[-97.28049,18.6074],[-97.2835,18.60657],[-97.28557,18.60549],[-97.28696,18.60429],[-97.29042,18.60267],[-97.29123,18.6016],[-97.29134,18.60023],[-97.29174,18.59919],[-97.29295,18.59741],[-97.29236,18.5958],[-97.29114,18.59489],[-97.28923,18.59448],[-97.28813,18.59411],[-97.28634,18.59411],[-97.28542,18.59482],[-97.28449,18.59486],[-97.28374,18.59465],[-97.28056,18.59685],[-97.27865,18.59565],[-97.27854,18.59623],[-97.27838,18.59655],[-97.27764,18.59692],[-97.27717,18.59693],[-97.27688,18.5968],[-97.27612,18.59614],[-97.27467,18.59428],[-97.27415,18.59412],[-97.27275,18.59396],[-97.27165,18.59343],[-97.2713,18.5931],[-97.27095,18.59252],[-97.27084,18.59206],[-97.2706,18.59173],[-97.27025,18.59169],[-97.26973,18.59261],[-97.2695,18.59282],[-97.26916,18.59294],[-97.26834,18.59286],[-97.26799,18.59245],[-97.26759,18.59162],[-97.26654,18.59088],[-97.26578,18.59006],[-97.26572,18.58972],[-97.26538,18.58944],[-97.26416,18.5887],[-97.26358,18.5887],[-97.26259,18.58845],[-97.26212,18.58804],[-97.26177,18.58755],[-97.26143,18.58734],[-97.25887,18.58694],[-97.25748,18.58711],[-97.25667,18.58711],[-97.25557,18.58704],[-97.25516,18.58683],[-97.25453,18.58716],[-97.25319,18.58821],[-97.2525,18.58896],[-97.25152,18.58958],[-97.24955,18.59158],[-97.24926,18.5922],[-97.24956,18.5934],[-97.24886,18.5942],[-97.24857,18.59436],[-97.24776,18.59424],[-97.24712,18.59453],[-97.24678,18.59487],[-97.24655,18.59545],[-97.24585,18.59591],[-97.2458,18.59649],[-97.24551,18.59719],[-97.24551,18.59757],[-97.24487,18.59857],[-97.24331,18.60023],[-97.24163,18.60057],[-97.24065,18.60057],[-97.24007,18.6007],[-97.23798,18.60258],[-97.23688,18.6025],[-97.23444,18.60185],[-97.23276,18.60073],[-97.23055,18.59971],[-97.22788,18.59785],[-97.22695,18.59707],[-97.22469,18.59708],[-97.22219,18.59684],[-97.22185,18.59664],[-97.22155,18.59631],[-97.22178,18.59552],[-97.22225,18.59498],[-97.22474,18.59389],[-97.22566,18.59339],[-97.22653,18.59114],[-97.22693,18.59044],[-97.22716,18.59019],[-97.22884,18.58902],[-97.22948,18.5884],[-97.23098,18.58565],[-97.23161,18.58345],[-97.2319,18.58296],[-97.2334,18.5815],[-97.23404,18.58067],[-97.23438,18.57992],[-97.23478,18.57764],[-97.23507,18.57714],[-97.23617,18.57589],[-97.2364,18.57543],[-97.23669,18.57427],[-97.23668,18.57328],[-97.23686,18.57274],[-97.23714,18.57228],[-97.23738,18.57207],[-97.23755,18.57141],[-97.23731,18.5688],[-97.2373,18.56714],[-97.23788,18.56685],[-97.2391,18.56651],[-97.2398,18.56692],[-97.24159,18.56654],[-97.24223,18.56649],[-97.24322,18.56695],[-97.24409,18.56698],[-97.24496,18.56719],[-97.24542,18.56702],[-97.24588,18.56702],[-97.2467,18.56743],[-97.24722,18.56738],[-97.24768,18.56676],[-97.24884,18.56717],[-97.24954,18.56754],[-97.25157,18.56898],[-97.25326,18.56947],[-97.25465,18.56959],[-97.25581,18.56954],[-97.25743,18.56929],[-97.25888,18.56895],[-97.26137,18.56773],[-97.26206,18.56757],[-97.26374,18.56756],[-97.26409,18.56739],[-97.26513,18.5661],[-97.26628,18.56377],[-97.26709,18.56174],[-97.26714,18.5607],[-97.26691,18.55987],[-97.26685,18.559],[-97.26696,18.55838],[-97.26743,18.55768],[-97.26789,18.55734],[-97.26864,18.55593],[-97.2695,18.55481],[-97.26926,18.55295],[-97.26996,18.55232],[-97.27071,18.55132],[-97.2714,18.55016],[-97.27226,18.54936],[-97.27613,18.54636],[-97.27815,18.54502],[-97.27925,18.54381],[-97.28011,18.54252],[-97.28121,18.54131],[-97.283,18.54014],[-97.28462,18.53922],[-97.28675,18.53767],[-97.28785,18.53667],[-97.28889,18.53488],[-97.28894,18.53434],[-97.28964,18.53342],[-97.29137,18.5325],[-97.29177,18.53208],[-97.29223,18.53129],[-97.29235,18.53067],[-97.29234,18.52777],[-97.29251,18.52628],[-97.2928,18.52482],[-97.29401,18.52415],[-97.29523,18.52373],[-97.29754,18.52355],[-97.29863,18.52309],[-97.29979,18.52229],[-97.30118,18.52258],[-97.30227,18.52302],[-97.30349,18.52322],[-97.30436,18.52322],[-97.30794,18.52378],[-97.30869,18.52448],[-97.31025,18.52633],[-97.31141,18.52711],[-97.31263,18.52773],[-97.31332,18.52793],[-97.31598,18.52796],[-97.31742,18.52716],[-97.31777,18.52658],[-97.31777,18.5255],[-97.31742,18.525],[-97.31718,18.52364],[-97.31742,18.52322],[-97.31753,18.52247],[-97.31736,18.52194],[-97.31747,18.52136],[-97.31735,18.52082],[-97.31683,18.51991],[-97.31457,18.51743],[-97.31376,18.5174],[-97.31324,18.51666],[-97.31272,18.51529],[-97.3107,18.51335],[-97.31052,18.51294],[-97.3107,18.51046],[-97.31187,18.50968],[-97.31396,18.50718],[-97.31538,18.5064],[-97.31663,18.50554],[-97.31821,18.50421],[-97.31938,18.50265],[-97.3208,18.50171],[-97.32197,18.50046],[-97.32176,18.49857],[-97.32201,18.49635],[-97.32055,18.49334],[-97.31982,18.49152],[-97.31762,18.48858],[-97.31678,18.48824],[-97.31666,18.4877],[-97.3162,18.48679],[-97.31584,18.4843],[-97.31536,18.48296],[-97.31428,18.48129],[-97.31445,18.48054],[-97.31432,18.47868],[-97.31525,18.47743],[-97.31767,18.47493],[-97.319,18.47391],[-97.31771,18.47074],[-97.31692,18.4695],[-97.31668,18.46842],[-97.31691,18.46663],[-97.31622,18.4656],[-97.31523,18.46453],[-97.31332,18.46309],[-97.31118,18.46087],[-97.30736,18.4572],[-97.30713,18.45666],[-97.3062,18.44965],[-97.30561,18.44262],[-97.30444,18.44261],[-97.30614,18.44144],[-97.30819,18.43961],[-97.30942,18.43975],[-97.31039,18.43889],[-97.31078,18.43808],[-97.31267,18.43839],[-97.31364,18.43728],[-97.31428,18.43619],[-97.31492,18.43242],[-97.31497,18.43011],[-97.31458,18.429],[-97.31453,18.42806],[-97.31542,18.42744],[-97.31628,18.42719],[-97.31656,18.42631],[-97.31753,18.42617],[-97.31906,18.42611],[-97.32003,18.42622],[-97.32089,18.42667],[-97.3215,18.42681],[-97.32203,18.42658],[-97.32381,18.42531],[-97.32417,18.42496],[-97.3238,18.42472],[-97.32329,18.42418],[-97.3227,18.42136],[-97.3217,18.41949],[-97.31885,18.41733],[-97.31829,18.41522],[-97.31814,18.41404],[-97.31784,18.41299],[-97.31702,18.41219],[-97.31572,18.41145],[-97.31464,18.41067],[-97.31289,18.40975],[-97.3119,18.40964],[-97.31118,18.40924],[-97.31034,18.40839],[-97.30894,18.40786],[-97.30735,18.40703],[-97.30524,18.40569],[-97.30239,18.40508],[-97.30006,18.40392],[-97.29923,18.4034],[-97.29721,18.40143],[-97.29771,18.40023],[-97.29895,18.39963],[-97.29957,18.39956],[-97.30034,18.39987],[-97.30155,18.39957],[-97.30259,18.39915],[-97.30374,18.39864],[-97.30599,18.39739],[-97.3087,18.39538],[-97.31095,18.39445],[-97.31251,18.39419],[-97.31367,18.39452],[-97.31464,18.39535],[-97.31494,18.39547],[-97.31246,18.39282],[-97.30877,18.39111],[-97.30906,18.38999],[-97.30895,18.38863],[-97.30912,18.38805],[-97.30918,18.38652],[-97.30958,18.38495],[-97.3097,18.38362],[-97.31039,18.38209],[-97.31073,18.38097],[-97.31114,18.38023],[-97.31125,18.37944],[-97.31189,18.378],[-97.31212,18.37701],[-97.31246,18.37626],[-97.31258,18.37556],[-97.31338,18.37469],[-97.31367,18.3737],[-97.31384,18.37171],[-97.31419,18.3713],[-97.31494,18.37076],[-97.31644,18.37031],[-97.31793,18.37003],[-97.31972,18.36987],[-97.32028,18.36994],[-97.32106,18.37022],[-97.322,18.37042],[-97.32303,18.37022],[-97.32433,18.37014],[-97.32479,18.37038],[-97.32513,18.37038],[-97.32554,18.37009],[-97.32582,18.37005],[-97.32657,18.37022],[-97.32761,18.37005],[-97.32819,18.37022],[-97.32824,18.36981],[-97.32761,18.36894],[-97.32819,18.36637],[-97.32813,18.36596],[-97.32819,18.36496],[-97.32801,18.36368],[-97.3276,18.36202],[-97.33592,18.36269],[-97.35081,18.36458],[-97.35427,18.37042],[-97.3567,18.37434],[-97.35769,18.37571],[-97.35993,18.37366],[-97.35808,18.37156],[-97.35565,18.36772],[-97.35495,18.3664],[-97.35437,18.36569],[-97.35422,18.365],[-97.35958,18.36561],[-97.36183,18.36507],[-97.3654,18.36558],[-97.36725,18.36557],[-97.37187,18.366],[-97.37297,18.36628],[-97.37481,18.3644],[-97.37388,18.36341],[-97.37209,18.36081],[-97.37145,18.36011],[-97.37012,18.35917],[-97.37041,18.35894],[-97.37174,18.35899],[-97.37336,18.35943],[-97.37596,18.36054],[-97.37787,18.36235],[-97.37856,18.36342],[-97.3792,18.36416],[-97.37966,18.36495],[-97.38076,18.36606],[-97.38313,18.36762],[-97.38492,18.36836],[-97.38643,18.36888],[-97.38723,18.36896],[-97.3881,18.36937],[-97.38891,18.37003],[-97.39169,18.37171],[-97.39996,18.3782],[-97.40147,18.38188],[-97.40187,18.38263],[-97.40315,18.3839],[-97.40367,18.38465],[-97.40425,18.38589],[-97.40448,18.38713],[-97.40512,18.38924],[-97.40611,18.39064],[-97.4075,18.39188],[-97.40888,18.39245],[-97.41195,18.39297],[-97.41472,18.39361],[-97.41559,18.39398],[-97.41639,18.39418],[-97.41792,18.39486],[-97.41751,18.39573],[-97.41762,18.39623],[-97.41726,18.39713],[-97.41707,18.39817],[-97.41739,18.40045],[-97.41686,18.4009],[-97.41465,18.40168],[-97.41378,18.40252],[-97.41336,18.4033],[-97.41341,18.404],[-97.41328,18.40529],[-97.41336,18.40777],[-97.41393,18.40815],[-97.41491,18.40858],[-97.41588,18.40933],[-97.41686,18.4103],[-97.41772,18.4106],[-97.41823,18.41147],[-97.41857,18.4116],[-97.41914,18.41236],[-97.41989,18.41249],[-97.42081,18.41291],[-97.42145,18.4128],[-97.42208,18.41289],[-97.42283,18.41335],[-97.42346,18.41361],[-97.42398,18.41357],[-97.42485,18.41396],[-97.42531,18.41405],[-97.42679,18.41499],[-97.42766,18.41532],[-97.42887,18.41546],[-97.42951,18.41588],[-97.43008,18.41605],[-97.4306,18.41635],[-97.43364,18.41825],[-97.43503,18.4181],[-97.43508,18.4183],[-97.43578,18.41819],[-97.43665,18.41787],[-97.43845,18.41768],[-97.43966,18.41774],[-97.44196,18.41839],[-97.44225,18.41893],[-97.44466,18.42032],[-97.44569,18.42079],[-97.44724,18.42181],[-97.44873,18.42319],[-97.44942,18.42361],[-97.44993,18.42407],[-97.45033,18.42482],[-97.45124,18.42533],[-97.45129,18.42595],[-97.45176,18.42588],[-97.45246,18.42535],[-97.45357,18.42395],[-97.4551,18.42244],[-97.45534,18.42132],[-97.45582,18.42025],[-97.45664,18.41939],[-97.46215,18.41826],[-97.4647,18.41762],[-97.46493,18.41808],[-97.46609,18.41797],[-97.4673,18.4177],[-97.46852,18.41717],[-97.47067,18.41658],[-97.47322,18.41615],[-97.47456,18.41579],[-97.47531,18.41543],[-97.47665,18.41516],[-97.47734,18.41483],[-97.48154,18.41211],[-97.4827,18.41171],[-97.4834,18.41163],[-97.48462,18.41127],[-97.48561,18.41075],[-97.48654,18.41043],[-97.48677,18.41043],[-97.4877,18.4099],[-97.4888,18.40954],[-97.49119,18.40849],[-97.49259,18.40735],[-97.49341,18.40686],[-97.49561,18.40618],[-97.49614,18.4059],[-97.49712,18.4057],[-97.49876,18.40215],[-97.49955,18.39854],[-97.50154,18.39654],[-97.50381,18.39656],[-97.50593,18.39542],[-97.50868,18.39255],[-97.50978,18.38822],[-97.51389,18.38508],[-97.51801,18.38135],[-97.52075,18.37907],[-97.52168,18.37662],[-97.52366,18.37548],[-97.52685,18.37333],[-97.53034,18.37249],[-97.53248,18.36948],[-97.53476,18.36892],[-97.53717,18.36951],[-97.53824,18.3688],[-97.53947,18.3665],[-97.54129,18.36593],[-97.54363,18.36665],[-97.54506,18.36755],[-97.5458,18.36915],[-97.54749,18.3654],[-97.54756,18.35775],[-97.5485,18.35342],[-97.54688,18.34806],[-97.54661,18.34387],[-97.54725,18.33969],[-97.54835,18.33536],[-97.55186,18.33221],[-97.55581,18.32935],[-97.56014,18.326],[-97.56219,18.32387],[-97.56265,18.32387],[-97.56312,18.32367],[-97.56433,18.32343],[-97.56514,18.3234],[-97.56583,18.32358],[-97.56936,18.32386],[-97.57092,18.32376],[-97.57284,18.3238],[-97.57386,18.32433],[-97.57818,18.32554],[-97.57985,18.32585],[-97.58176,18.32607],[-97.58361,18.32654],[-97.58416,18.32689],[-97.58901,18.32931],[-97.58949,18.33029],[-97.58949,18.33133],[-97.58914,18.33486],[-97.58886,18.33583],[-97.58683,18.33958],[-97.58461,18.34218],[-97.58238,18.34427],[-97.58404,18.34635],[-97.58447,18.34763],[-97.58771,18.3512],[-97.58825,18.35235],[-97.58851,18.35402],[-97.58853,18.35512],[-97.59037,18.35794],[-97.59128,18.36019],[-97.59192,18.36099],[-97.59372,18.36207],[-97.59564,18.36358],[-97.5972,18.36576],[-97.59961,18.37348],[-97.60104,18.37595],[-97.60136,18.37789],[-97.60204,18.38008],[-97.60276,18.38156],[-97.60329,18.38209],[-97.60353,18.38288],[-97.60425,18.38424],[-97.60537,18.38551],[-97.60632,18.38709],[-97.60363,18.38924],[-97.60597,18.39031],[-97.60899,18.39052],[-97.61004,18.3908],[-97.61017,18.3915],[-97.61053,18.39237],[-97.61097,18.3944],[-97.61069,18.39539],[-97.60999,18.39679],[-97.60955,18.4039],[-97.61046,18.40631],[-97.61118,18.40773],[-97.61161,18.40912],[-97.61208,18.40971],[-97.61293,18.41213],[-97.61418,18.4142],[-97.61637,18.41698],[-97.61733,18.41844],[-97.61811,18.41998],[-97.6187,18.42064],[-97.61906,18.42142],[-97.62,18.42242],[-97.62013,18.42331],[-97.62073,18.42467],[-97.62115,18.42539],[-97.62134,18.42647],[-97.622,18.42796],[-97.62089,18.43089],[-97.61912,18.43252],[-97.61808,18.43318],[-97.61733,18.4335],[-97.61641,18.43367],[-97.61569,18.43392],[-97.61397,18.43306],[-97.61217,18.43258],[-97.61056,18.43339],[-97.60936,18.43478],[-97.60848,18.43538],[-97.60786,18.43547],[-97.60741,18.43538],[-97.60715,18.43514],[-97.60638,18.43344],[-97.60614,18.43325],[-97.60586,18.43323],[-97.60565,18.43336],[-97.60543,18.43389],[-97.60511,18.43532],[-97.60428,18.43681],[-97.60317,18.43941],[-97.60311,18.44081],[-97.60319,18.44273],[-97.60309,18.44296],[-97.60261,18.44331],[-97.60183,18.44336],[-97.6015,18.44374],[-97.6013,18.44553],[-97.60074,18.44697],[-97.59914,18.44908],[-97.59843,18.45017],[-97.59784,18.45252],[-97.59708,18.45408],[-97.596,18.45583],[-97.59433,18.45794],[-97.59275,18.46022],[-97.58958,18.46792],[-97.58861,18.46964],[-97.58736,18.47111],[-97.58575,18.47244],[-97.58736,18.47227],[-97.5884,18.47166],[-97.58955,18.47124],[-97.59042,18.47127],[-97.59401,18.47079],[-97.59448,18.47099],[-97.59535,18.47086],[-97.59628,18.47089],[-97.5992,18.47225],[-97.59997,18.47292],[-97.60137,18.4734],[-97.60299,18.4731],[-97.60578,18.46992],[-97.60591,18.46904],[-97.60702,18.46742],[-97.60754,18.46708],[-97.60859,18.46781],[-97.60996,18.4695],[-97.61113,18.47019],[-97.61154,18.47076],[-97.61639,18.47156],[-97.618,18.47214],[-97.61823,18.4723],[-97.61864,18.47238],[-97.62154,18.47171],[-97.62222,18.47511],[-97.62201,18.47574],[-97.62207,18.47593],[-97.62254,18.47633],[-97.6226,18.47649],[-97.62187,18.47779],[-97.62194,18.47814],[-97.62264,18.47834],[-97.62276,18.47849],[-97.62259,18.47896],[-97.62162,18.48032],[-97.62022,18.48269],[-97.62079,18.48284],[-97.62167,18.48341],[-97.62349,18.48392],[-97.62441,18.48374],[-97.62488,18.48381],[-97.62611,18.48429],[-97.62681,18.48436],[-97.62745,18.48419],[-97.62872,18.48363],[-97.62906,18.48317],[-97.6294,18.48292],[-97.62993,18.48324],[-97.63106,18.48486],[-97.6313,18.48502],[-97.63194,18.48538],[-97.6348,18.48569],[-97.63527,18.48618],[-97.63581,18.48704],[-97.63619,18.48858],[-97.63614,18.48932],[-97.63581,18.49054],[-97.63588,18.49139],[-97.63636,18.49244],[-97.63714,18.49367],[-97.63735,18.49422],[-97.6373,18.49539],[-97.63783,18.49674],[-97.63796,18.49744],[-97.63805,18.49901],[-97.63777,18.50005],[-97.63767,18.50092],[-97.63695,18.50296],[-97.63679,18.50415],[-97.63716,18.50522],[-97.63723,18.50604],[-97.6365,18.50721],[-97.63633,18.5078],[-97.63618,18.50912],[-97.63613,18.50981],[-97.63655,18.51092],[-97.63669,18.51185],[-97.63782,18.51361],[-97.639,18.51446],[-97.63941,18.51462],[-97.63965,18.51495],[-97.64013,18.51598],[-97.64028,18.51792],[-97.64047,18.51879],[-97.64129,18.51894],[-97.64152,18.51889],[-97.64188,18.51943],[-97.64254,18.52083],[-97.64198,18.52195],[-97.64252,18.52318],[-97.64242,18.52385],[-97.64271,18.52418],[-97.64434,18.52734],[-97.64486,18.52766],[-97.64558,18.52848],[-97.64582,18.52918],[-97.64572,18.53009],[-97.6462,18.53071],[-97.64656,18.53153],[-97.64691,18.53508],[-97.64743,18.5347],[-97.64772,18.53478],[-97.64813,18.53523],[-97.64837,18.53527],[-97.649,18.53484],[-97.65063,18.53482],[-97.65139,18.5351],[-97.65043,18.53677],[-97.64982,18.5386],[-97.64966,18.53951],[-97.6495,18.54411],[-97.64828,18.54425],[-97.64819,18.54541],[-97.64833,18.54682],[-97.64829,18.54781],[-97.64808,18.54914],[-97.64752,18.55064],[-97.64695,18.55131],[-97.64621,18.55248],[-97.64612,18.55372],[-97.64579,18.55493],[-97.64506,18.55639],[-97.64472,18.55693],[-97.64363,18.55802],[-97.64282,18.55841],[-97.6426,18.55928],[-97.64315,18.56093],[-97.64405,18.56257],[-97.64611,18.56395],[-97.647,18.56497],[-97.64777,18.56566],[-97.64878,18.56689],[-97.65043,18.56831],[-97.65186,18.57003],[-97.65324,18.57262],[-97.65325,18.57324],[-97.65297,18.57386],[-97.65263,18.57432],[-97.65235,18.57528],[-97.65254,18.57577],[-97.65319,18.57647],[-97.65372,18.57671],[-97.65442,18.57723],[-97.65694,18.58167],[-97.65732,18.58328],[-97.65704,18.58386],[-97.65683,18.58535],[-97.65685,18.58647],[-97.65573,18.5893],[-97.65489,18.59089],[-97.65435,18.59141],[-97.64986,18.59528],[-97.64771,18.59687],[-97.63841,18.59416],[-97.62289,18.58818],[-97.62126,18.58779],[-97.62439,18.5911],[-97.62452,18.59163],[-97.62404,18.59704],[-97.62294,18.59794],[-97.62118,18.59848],[-97.61943,18.59833],[-97.61748,18.59857],[-97.61485,18.59823],[-97.61403,18.59787],[-97.61309,18.59723],[-97.60959,18.59339],[-97.60935,18.59277],[-97.60946,18.5921],[-97.60925,18.59012],[-97.6093,18.58954],[-97.60018,18.59088],[-97.59228,18.59314],[-97.58836,18.59403],[-97.58496,18.59565],[-97.58189,18.5969],[-97.57986,18.59747],[-97.57719,18.59771],[-97.5759,18.59728],[-97.57561,18.59736],[-97.57475,18.59796],[-97.57465,18.59899],[-97.57479,18.60065],[-97.57468,18.6009],[-97.57447,18.60235],[-97.57425,18.60276],[-97.574,18.60182],[-97.57382,18.60157],[-97.56985,18.60465],[-97.56553,18.60691],[-97.56449,18.60754],[-97.56195,18.60866],[-97.56103,18.60933],[-97.56058,18.61025],[-97.55933,18.61221],[-97.55899,18.61305],[-97.55848,18.61363],[-97.55726,18.61411],[-97.55676,18.61527],[-97.55602,18.61619],[-97.5548,18.61667],[-97.55487,18.6172],[-97.55435,18.61742],[-97.55437,18.61887],[-97.55427,18.61974],[-97.55388,18.62069],[-97.55353,18.62111],[-97.5529,18.62162],[-97.5514,18.62251],[-97.54979,18.62365],[-97.54974,18.62411],[-97.54957,18.6244],[-97.5497,18.62494],[-97.5465,18.62863],[-97.54473,18.63089],[-97.54445,18.6318],[-97.54413,18.63346],[-97.54379,18.63429],[-97.54229,18.63129],[-97.54158,18.63081],[-97.541,18.63086],[-97.54022,18.62946],[-97.53974,18.62831],[-97.53956,18.62781],[-97.53936,18.62649],[-97.53836,18.62547],[-97.53746,18.62416],[-97.53699,18.62392],[-97.53647,18.62384],[-97.53571,18.62398],[-97.5334,18.6248],[-97.53282,18.62518],[-97.53224,18.62519],[-97.53137,18.62537],[-97.53047,18.62704],[-97.52989,18.62758],[-97.52933,18.629],[-97.52772,18.62997],[-97.52521,18.63311],[-97.52319,18.63463],[-97.52251,18.63551],[-97.5223,18.63667],[-97.52178,18.63709],[-97.52131,18.63706],[-97.52104,18.6381],[-97.52024,18.6389],[-97.51979,18.63985],[-97.51986,18.64076],[-97.5194,18.64152],[-97.51842,18.64194],[-97.51769,18.64353],[-97.51708,18.64515],[-97.51634,18.64632],[-97.51624,18.64756],[-97.51642,18.64785],[-97.51642,18.6481],[-97.51608,18.64848],[-97.5162,18.64876],[-97.51721,18.64987],[-97.51757,18.6504],[-97.51796,18.65313],[-97.51796,18.65673],[-97.51815,18.65759],[-97.51737,18.66001],[-97.51681,18.66101],[-97.51635,18.66143],[-97.51489,18.66132],[-97.51472,18.66141],[-97.51449,18.66183],[-97.51433,18.66245],[-97.51403,18.66245],[-97.51358,18.66292],[-97.51288,18.66313],[-97.51107,18.66279],[-97.51019,18.66251],[-97.50937,18.66186],[-97.50838,18.66171],[-97.50809,18.66225],[-97.50711,18.66276],[-97.50648,18.66302],[-97.50531,18.6632],[-97.50335,18.66422],[-97.50182,18.66473],[-97.50072,18.66555],[-97.49021,18.67009],[-97.49067,18.67319],[-97.49056,18.67369],[-97.49056,18.67435],[-97.49005,18.67573],[-97.48911,18.67749],[-97.48813,18.67865],[-97.4857,18.6808],[-97.48524,18.68154],[-97.48501,18.68274],[-97.48466,18.68353],[-97.48334,18.68481],[-97.48235,18.68514],[-97.48068,18.68551],[-97.47871,18.68554],[-97.47825,18.6862],[-97.47785,18.68649],[-97.47854,18.68832],[-97.47987,18.68927],[-97.48068,18.68973],[-97.48126,18.69081],[-97.4823,18.69334],[-97.48305,18.69371],[-97.48467,18.69525],[-97.48565,18.69583],[-97.48779,18.69765],[-97.48912,18.69902],[-97.49166,18.7011],[-97.49386,18.70264],[-97.49443,18.70318],[-97.49513,18.70426],[-97.49698,18.70567],[-97.49802,18.70662],[-97.50114,18.70899],[-97.50403,18.7116],[-97.506,18.71372],[-97.51264,18.71903],[-97.51397,18.71987],[-97.51536,18.72107],[-97.51646,18.72132],[-97.51698,18.72215],[-97.52022,18.72439],[-97.52149,18.72502],[-97.52184,18.72539],[-97.52328,18.72626],[-97.52363,18.72659],[-97.52438,18.72838],[-97.52455,18.72846],[-97.52461,18.72867],[-97.5238,18.73032],[-97.5238,18.73069],[-97.52548,18.73529],[-97.52554,18.73633],[-97.52586,18.73729],[-97.52574,18.7382],[-97.52592,18.73998],[-97.52557,18.74185],[-97.52552,18.74259],[-97.52528,18.74326],[-97.52523,18.74376],[-97.52511,18.74363],[-97.52465,18.74558],[-97.52459,18.74633],[-97.52424,18.74803],[-97.52389,18.74861],[-97.52366,18.74923],[-97.52337,18.75077],[-97.52314,18.75131],[-97.52297,18.75209],[-97.52313,18.75335],[-97.52216,18.75467],[-97.5203,18.75683],[-97.51798,18.75978],[-97.51676,18.76061],[-97.51595,18.76103],[-97.51497,18.76202],[-97.51444,18.76306],[-97.51386,18.76439],[-97.51323,18.76634],[-97.51294,18.76763],[-97.51271,18.76974],[-97.51213,18.77169],[-97.51213,18.77293],[-97.51195,18.77372],[-97.51184,18.77567],[-97.51137,18.77613],[-97.51068,18.77634],[-97.50952,18.77564],[-97.50859,18.77527],[-97.50754,18.77452],[-97.50673,18.77428],[-97.5065,18.77461],[-97.50528,18.77681],[-97.50476,18.77743],[-97.50395,18.77884],[-97.5032,18.78042],[-97.50314,18.78088],[-97.5043,18.78183],[-97.5047,18.78228],[-97.50465,18.78265],[-97.50331,18.78303],[-97.50291,18.78303],[-97.50215,18.78287],[-97.50134,18.78254],[-97.50012,18.78221],[-97.49722,18.78156],[-97.4947,18.77833],[-97.49363,18.7771],[-97.49283,18.7764],[-97.49046,18.77492],[-97.4888,18.77404],[-97.48274,18.77042],[-97.47656,18.76632],[-97.46861,18.76154],[-97.46722,18.7605],[-97.4667,18.7603],[-97.46617,18.76076],[-97.46345,18.76449],[-97.462,18.76607],[-97.46049,18.76927],[-97.45782,18.77371],[-97.45724,18.77446],[-97.45614,18.77529],[-97.45486,18.77583],[-97.45103,18.777],[-97.45092,18.77734],[-97.45074,18.77974],[-97.45063,18.78322],[-97.45063,18.7838],[-97.45074,18.78422],[-97.45103,18.78405],[-97.45156,18.78343],[-97.45237,18.78272],[-97.45283,18.78255],[-97.45649,18.7818],[-97.45834,18.78088],[-97.45933,18.78059],[-97.46032,18.78042],[-97.4609,18.7805],[-97.46206,18.7812],[-97.46299,18.78207],[-97.46409,18.78364],[-97.46484,18.78542],[-97.46473,18.78629],[-97.46415,18.78704],[-97.46334,18.78766],[-97.46206,18.78821],[-97.45985,18.78879],[-97.45782,18.78992],[-97.45539,18.79224],[-97.45301,18.79424],[-97.45214,18.79486],[-97.45121,18.79578],[-97.45051,18.79632],[-97.44912,18.79823],[-97.4479,18.80113],[-97.44761,18.80151],[-97.44686,18.80184],[-97.44477,18.80214],[-97.44291,18.80276],[-97.44129,18.80273],[-97.44001,18.80236],[-97.43867,18.80261],[-97.43728,18.80369],[-97.43647,18.80452],[-97.43531,18.80539],[-97.43316,18.80652],[-97.43212,18.80698],[-97.43009,18.80698],[-97.428,18.8074],[-97.42695,18.8072],[-97.42481,18.80654],[-97.42353,18.80559],[-97.42092,18.80419],[-97.41976,18.80386],[-97.41842,18.80382],[-97.41668,18.80391],[-97.41523,18.80412],[-97.41424,18.80412],[-97.41247,18.81393],[-97.41254,18.81603],[-97.41169,18.81884],[-97.41069,18.81888],[-97.41012,18.81851],[-97.40925,18.81827],[-97.40774,18.81823],[-97.40681,18.81802],[-97.406,18.81774],[-97.40501,18.81724],[-97.40165,18.81625],[-97.39881,18.81589],[-97.3966,18.81548],[-97.39561,18.81515],[-97.39544,18.81498],[-97.39498,18.81478],[-97.39408,18.8145],[-97.39389,18.81418],[-97.3925,18.81408],[-97.38994,18.81318],[-97.3899,18.81302],[-97.3879,18.81218],[-97.38717,18.812],[-97.38613,18.81193],[-97.3843,18.81211],[-97.38209,18.81261],[-97.38099,18.81319],[-97.38,18.81336],[-97.37937,18.81361],[-97.37722,18.81399],[-97.376,18.81441],[-97.37408,18.81445],[-97.37339,18.81437],[-97.37252,18.81413],[-97.37043,18.81293],[-97.36857,18.81252],[-97.36753,18.8124],[-97.36561,18.81273],[-97.36468,18.81273],[-97.36416,18.8129],[-97.36329,18.81352],[-97.3626,18.81365],[-97.36184,18.81394],[-97.3608,18.8139],[-97.36022,18.81366],[-97.35935,18.81308],[-97.35824,18.81204],[-97.35795,18.81159],[-97.35749,18.81117],[-97.35697,18.8116],[-97.35698,18.81203],[-97.35662,18.81307],[-97.35547,18.81417],[-97.35464,18.81669],[-97.35453,18.81852],[-97.35482,18.82005],[-97.35493,18.82146]]]}},{"type":"Feature","properties":{"id":16,"distrito_f":16,"nombre":"Distrito Federal 16","entidad":21},"geometry":{"type":"Polygon","coordinates":[[[-97.8241,18.90716],[-97.78795,18.89558],[-97.78894,18.89372],[-97.78944,18.89201],[-97.79045,18.8881],[-97.79184,18.88098],[-97.80106,18.85905],[-97.80375,18.85147],[-97.79999,18.84973],[-97.80277,18.84424],[-97.7982,18.84448],[-97.79118,18.84827],[-97.78991,18.84654],[-97.79403,18.84249],[-97.80227,18.82812],[-97.79694,18.82316],[-97.79017,18.81539],[-97.78814,18.81357],[-97.78664,18.81261],[-97.78151,18.81006],[-97.77176,18.8064],[-97.77321,18.80343],[-97.77344,18.80248],[-97.77473,18.80072],[-97.77627,18.79794],[-97.78017,18.79241],[-97.78,18.79117],[-97.78029,18.79055],[-97.78145,18.78608],[-97.7833,18.78311],[-97.78321,18.78246],[-97.78274,18.78213],[-97.78175,18.78173],[-97.78099,18.78115],[-97.78099,18.7807],[-97.78144,18.77949],[-97.78144,18.77924],[-97.78107,18.77875],[-97.78068,18.77846],[-97.78027,18.7783],[-97.77958,18.77826],[-97.77819,18.77881],[-97.77617,18.7794],[-97.77357,18.77922],[-97.77339,18.77926],[-97.77317,18.77992],[-97.77265,18.78067],[-97.77161,18.78076],[-97.77126,18.78068],[-97.77137,18.77973],[-97.77223,18.77865],[-97.77251,18.77794],[-97.77245,18.77748],[-97.77198,18.77682],[-97.7714,18.77641],[-97.77064,18.77605],[-97.76972,18.7758],[-97.76885,18.77627],[-97.76637,18.77695],[-97.76457,18.77663],[-97.76295,18.77656],[-97.76185,18.77607],[-97.76126,18.77553],[-97.76085,18.775],[-97.76073,18.77463],[-97.75956,18.77302],[-97.75869,18.77248],[-97.75846,18.7724],[-97.75666,18.77254],[-97.75614,18.7725],[-97.75539,18.77222],[-97.75498,18.77189],[-97.75446,18.77165],[-97.75405,18.77115],[-97.75324,18.77111],[-97.75237,18.77162],[-97.75169,18.77295],[-97.75129,18.77345],[-97.7499,18.77396],[-97.74858,18.77467],[-97.74765,18.77493],[-97.74724,18.77406],[-97.74671,18.77332],[-97.74636,18.77299],[-97.74613,18.77253],[-97.7434,18.77193],[-97.74282,18.77114],[-97.74118,18.76974],[-97.74059,18.76954],[-97.74835,18.75114],[-97.74881,18.74906],[-97.74941,18.74797],[-97.75016,18.74595],[-97.75052,18.74538],[-97.75132,18.74356],[-97.75191,18.74113],[-97.75221,18.74056],[-97.75222,18.74023],[-97.75164,18.74002],[-97.75085,18.73928],[-97.74949,18.73826],[-97.74846,18.73775],[-97.74766,18.73772],[-97.7458,18.73783],[-97.74435,18.73809],[-97.74324,18.73852],[-97.73948,18.73859],[-97.73885,18.73833],[-97.73755,18.73685],[-97.73681,18.73639],[-97.73243,18.73571],[-97.73146,18.73545],[-97.73083,18.73515],[-97.72839,18.73316],[-97.72743,18.73257],[-97.72651,18.73231],[-97.72525,18.7318],[-97.72315,18.73014],[-97.72184,18.72934],[-97.72111,18.72872],[-97.72036,18.72834],[-97.71929,18.72723],[-97.71878,18.72685],[-97.71849,18.72681],[-97.71758,18.72638],[-97.7166,18.72621],[-97.71454,18.72554],[-97.71183,18.72495],[-97.71178,18.72458],[-97.71203,18.72422],[-97.71216,18.7234],[-97.71252,18.72288],[-97.71359,18.72184],[-97.71367,18.72121],[-97.71351,18.72053],[-97.71238,18.7197],[-97.71159,18.71891],[-97.7106,18.71668],[-97.71021,18.71643],[-97.70945,18.7165],[-97.70864,18.71665],[-97.70846,18.71689],[-97.70654,18.7171],[-97.70615,18.71669],[-97.70549,18.71521],[-97.7051,18.71463],[-97.70297,18.71203],[-97.70264,18.71137],[-97.70141,18.70989],[-97.69995,18.70844],[-97.69796,18.7071],[-97.69738,18.70705],[-97.69492,18.70811],[-97.69468,18.70852],[-97.69467,18.70901],[-97.69494,18.7095],[-97.69562,18.71014],[-97.69571,18.7112],[-97.69613,18.71257],[-97.69623,18.71323],[-97.69617,18.71339],[-97.69599,18.71359],[-97.69424,18.71417],[-97.69371,18.71449],[-97.69289,18.71481],[-97.69195,18.71552],[-97.69129,18.71625],[-97.69092,18.71742],[-97.6902,18.71819],[-97.68887,18.72061],[-97.68845,18.72109],[-97.68763,18.72132],[-97.687,18.72111],[-97.68527,18.72092],[-97.68434,18.72107],[-97.68185,18.72107],[-97.67828,18.72048],[-97.67714,18.72009],[-97.67505,18.71806],[-97.67459,18.7181],[-97.67439,18.71879],[-97.67332,18.72016],[-97.67229,18.72181],[-97.6696,18.72503],[-97.66834,18.72676],[-97.66743,18.72837],[-97.66747,18.72907],[-97.66727,18.72988],[-97.66661,18.73085],[-97.66476,18.7331],[-97.66402,18.7348],[-97.66296,18.73644],[-97.66259,18.73721],[-97.66239,18.7374],[-97.66074,18.73629],[-97.66045,18.73521],[-97.65942,18.7335],[-97.6551,18.7307],[-97.65335,18.73029],[-97.6525,18.72971],[-97.65187,18.72941],[-97.65159,18.72884],[-97.65155,18.72814],[-97.65128,18.72765],[-97.65103,18.7261],[-97.65096,18.72542],[-97.65101,18.72379],[-97.65091,18.72309],[-97.65064,18.7224],[-97.6503,18.72211],[-97.64439,18.72674],[-97.64249,18.72854],[-97.6399,18.73037],[-97.63747,18.73245],[-97.63449,18.73566],[-97.63348,18.73658],[-97.63129,18.73647],[-97.63013,18.73665],[-97.62839,18.73675],[-97.62469,18.73885],[-97.6238,18.73952],[-97.62297,18.74032],[-97.62181,18.74039],[-97.62128,18.74087],[-97.62124,18.74213],[-97.62063,18.74326],[-97.61997,18.74415],[-97.62003,18.74435],[-97.62065,18.74497],[-97.61956,18.74654],[-97.61926,18.74719],[-97.61377,18.75057],[-97.61184,18.75226],[-97.61102,18.75408],[-97.61025,18.75451],[-97.60686,18.75481],[-97.60448,18.75644],[-97.60359,18.75745],[-97.60324,18.75769],[-97.60166,18.75831],[-97.60101,18.75883],[-97.59898,18.76092],[-97.59729,18.76234],[-97.59671,18.76205],[-97.59602,18.76201],[-97.59161,18.76202],[-97.59079,18.76182],[-97.59045,18.76149],[-97.58987,18.76066],[-97.58957,18.75959],[-97.5894,18.75768],[-97.58824,18.75669],[-97.58737,18.75636],[-97.58655,18.75624],[-97.58493,18.75562],[-97.58284,18.7553],[-97.58185,18.75534],[-97.58017,18.75448],[-97.57907,18.75357],[-97.57721,18.75266],[-97.57599,18.75238],[-97.57309,18.75214],[-97.56949,18.75132],[-97.56862,18.75075],[-97.5675,18.74971],[-97.56611,18.74924],[-97.56507,18.74876],[-97.56459,18.74836],[-97.56392,18.74746],[-97.56236,18.74594],[-97.562,18.74547],[-97.56084,18.7446],[-97.55992,18.7436],[-97.55852,18.74125],[-97.55556,18.73911],[-97.55477,18.73883],[-97.55184,18.73843],[-97.54997,18.7368],[-97.5457,18.7347],[-97.54263,18.73242],[-97.54242,18.73206],[-97.54236,18.73171],[-97.5427,18.73136],[-97.54269,18.7308],[-97.54256,18.7306],[-97.54178,18.73039],[-97.54105,18.73007],[-97.53926,18.72958],[-97.53667,18.72905],[-97.53566,18.72897],[-97.53438,18.72905],[-97.53316,18.72918],[-97.53259,18.72935],[-97.53108,18.73031],[-97.5298,18.73156],[-97.52835,18.73342],[-97.52748,18.73475],[-97.52714,18.73509],[-97.52586,18.73729],[-97.52554,18.73633],[-97.52548,18.73529],[-97.5238,18.73069],[-97.5238,18.73032],[-97.52461,18.72867],[-97.52455,18.72846],[-97.52438,18.72838],[-97.52363,18.72659],[-97.52328,18.72626],[-97.52184,18.72539],[-97.52149,18.72502],[-97.52022,18.72439],[-97.51698,18.72215],[-97.51646,18.72132],[-97.51536,18.72107],[-97.51397,18.71987],[-97.51264,18.71903],[-97.506,18.71372],[-97.50403,18.7116],[-97.50114,18.70899],[-97.49802,18.70662],[-97.49698,18.70567],[-97.49513,18.70426],[-97.49443,18.70318],[-97.49386,18.70264],[-97.49166,18.7011],[-97.48912,18.69902],[-97.48779,18.69765],[-97.48565,18.69583],[-97.48467,18.69525],[-97.48305,18.69371],[-97.4823,18.69334],[-97.48126,18.69081],[-97.48068,18.68973],[-97.47987,18.68927],[-97.47854,18.68832],[-97.47785,18.68649],[-97.47825,18.6862],[-97.47871,18.68554],[-97.48068,18.68551],[-97.48235,18.68514],[-97.48334,18.68481],[-97.48466,18.68353],[-97.48501,18.68274],[-97.48524,18.68154],[-97.4857,18.6808],[-97.48813,18.67865],[-97.48911,18.67749],[-97.49005,18.67573],[-97.49056,18.67435],[-97.49056,18.67369],[-97.49067,18.67319],[-97.49021,18.67009],[-97.50072,18.66555],[-97.50182,18.66473],[-97.50335,18.66422],[-97.50531,18.6632],[-97.50648,18.66302],[-97.50711,18.66276],[-97.50809,18.66225],[-97.50838,18.66171],[-97.50937,18.66186],[-97.51019,18.66251],[-97.51107,18.66279],[-97.51288,18.66313],[-97.51358,18.66292],[-97.51403,18.66245],[-97.51433,18.66245],[-97.51449,18.66183],[-97.51472,18.66141],[-97.51489,18.66132],[-97.51635,18.66143],[-97.51681,18.66101],[-97.51737,18.66001],[-97.51815,18.65759],[-97.51796,18.65673],[-97.51796,18.65313],[-97.51757,18.6504],[-97.51721,18.64987],[-97.5162,18.64876],[-97.51608,18.64848],[-97.51642,18.6481],[-97.51642,18.64785],[-97.51624,18.64756],[-97.51634,18.64632],[-97.51708,18.64515],[-97.51769,18.64353],[-97.51842,18.64194],[-97.5194,18.64152],[-97.51986,18.64076],[-97.51979,18.63985],[-97.52024,18.6389],[-97.52104,18.6381],[-97.52131,18.63706],[-97.52178,18.63709],[-97.5223,18.63667],[-97.52251,18.63551],[-97.52319,18.63463],[-97.52521,18.63311],[-97.52772,18.62997],[-97.52933,18.629],[-97.52989,18.62758],[-97.53047,18.62704],[-97.53137,18.62537],[-97.53224,18.62519],[-97.53282,18.62518],[-97.5334,18.6248],[-97.53571,18.62398],[-97.53647,18.62384],[-97.53699,18.62392],[-97.53746,18.62416],[-97.53836,18.62547],[-97.53936,18.62649],[-97.53956,18.62781],[-97.53974,18.62831],[-97.54022,18.62946],[-97.541,18.63086],[-97.54158,18.63081],[-97.54229,18.63129],[-97.54379,18.63429],[-97.54413,18.63346],[-97.54445,18.6318],[-97.54473,18.63089],[-97.5465,18.62863],[-97.5497,18.62494],[-97.54957,18.6244],[-97.54974,18.62411],[-97.54979,18.62365],[-97.5514,18.62251],[-97.5529,18.62162],[-97.55353,18.62111],[-97.55388,18.62069],[-97.55427,18.61974],[-97.55437,18.61887],[-97.55435,18.61742],[-97.55487,18.6172],[-97.5548,18.61667],[-97.55602,18.61619],[-97.55676,18.61527],[-97.55726,18.61411],[-97.55848,18.61363],[-97.55899,18.61305],[-97.55933,18.61221],[-97.56058,18.61025],[-97.56103,18.60933],[-97.56195,18.60866],[-97.56449,18.60754],[-97.56553,18.60691],[-97.56985,18.60465],[-97.57382,18.60157],[-97.574,18.60182],[-97.57425,18.60276],[-97.57447,18.60235],[-97.57468,18.6009],[-97.57479,18.60065],[-97.57465,18.59899],[-97.57475,18.59796],[-97.57561,18.59736],[-97.5759,18.59728],[-97.57719,18.59771],[-97.57986,18.59747],[-97.58189,18.5969],[-97.58496,18.59565],[-97.58836,18.59403],[-97.59228,18.59314],[-97.60018,18.59088],[-97.6093,18.58954],[-97.60925,18.59012],[-97.60946,18.5921],[-97.60935,18.59277],[-97.60959,18.59339],[-97.61309,18.59723],[-97.61403,18.59787],[-97.61485,18.59823],[-97.61748,18.59857],[-97.61943,18.59833],[-97.62118,18.59848],[-97.62294,18.59794],[-97.62404,18.59704],[-97.62452,18.59163],[-97.62439,18.5911],[-97.62126,18.58779],[-97.62289,18.58818],[-97.63841,18.59416],[-97.64771,18.59687],[-97.64986,18.59528],[-97.65489,18.59089],[-97.65573,18.5893],[-97.65685,18.58647],[-97.65683,18.58535],[-97.65704,18.58386],[-97.65732,18.58328],[-97.65694,18.58167],[-97.65442,18.57723],[-97.65372,18.57671],[-97.65319,18.57647],[-97.65254,18.57577],[-97.65235,18.57528],[-97.65246,18.57478],[-97.65325,18.57324],[-97.65324,18.57262],[-97.65276,18.57184],[-97.65228,18.57073],[-97.65186,18.57003],[-97.65043,18.56831],[-97.64878,18.56689],[-97.64777,18.56566],[-97.647,18.56497],[-97.64611,18.56395],[-97.64405,18.56257],[-97.64315,18.56093],[-97.6426,18.55928],[-97.64282,18.55841],[-97.64363,18.55802],[-97.64472,18.55693],[-97.64506,18.55639],[-97.64579,18.55493],[-97.64612,18.55372],[-97.64621,18.55248],[-97.64695,18.55131],[-97.64752,18.55064],[-97.64808,18.54914],[-97.64829,18.54781],[-97.64833,18.54682],[-97.64819,18.54541],[-97.64828,18.54425],[-97.6495,18.54411],[-97.64966,18.53951],[-97.64982,18.5386],[-97.65043,18.53677],[-97.65139,18.5351],[-97.65063,18.53482],[-97.649,18.53484],[-97.64837,18.53527],[-97.64813,18.53523],[-97.64772,18.53478],[-97.64743,18.5347],[-97.64691,18.53508],[-97.64656,18.53153],[-97.6462,18.53071],[-97.64572,18.53009],[-97.64582,18.52918],[-97.64558,18.52848],[-97.64486,18.52766],[-97.64434,18.52734],[-97.64271,18.52418],[-97.64242,18.52385],[-97.64252,18.52318],[-97.64198,18.52195],[-97.64254,18.52083],[-97.64188,18.51943],[-97.64152,18.51889],[-97.64129,18.51894],[-97.64047,18.51879],[-97.64028,18.51792],[-97.64013,18.51598],[-97.63965,18.51495],[-97.63941,18.51462],[-97.639,18.51446],[-97.63782,18.51361],[-97.63669,18.51185],[-97.63655,18.51092],[-97.63613,18.50981],[-97.63618,18.50912],[-97.63633,18.5078],[-97.6365,18.50721],[-97.63723,18.50604],[-97.63716,18.50522],[-97.63679,18.50415],[-97.63695,18.50296],[-97.63767,18.50092],[-97.63777,18.50005],[-97.63805,18.49901],[-97.63796,18.49744],[-97.63783,18.49674],[-97.6373,18.49539],[-97.63735,18.49422],[-97.63714,18.49367],[-97.63636,18.49244],[-97.63588,18.49139],[-97.63581,18.49054],[-97.63614,18.48932],[-97.63619,18.48858],[-97.63581,18.48704],[-97.63527,18.48618],[-97.6348,18.48569],[-97.63194,18.48538],[-97.6313,18.48502],[-97.63106,18.48486],[-97.62993,18.48324],[-97.6294,18.48292],[-97.62906,18.48317],[-97.62872,18.48363],[-97.62745,18.48419],[-97.62681,18.48436],[-97.62611,18.48429],[-97.62488,18.48381],[-97.62441,18.48374],[-97.62349,18.48392],[-97.62167,18.48341],[-97.62079,18.48284],[-97.62022,18.48269],[-97.62162,18.48032],[-97.62259,18.47896],[-97.62276,18.47849],[-97.62264,18.47834],[-97.62194,18.47814],[-97.62187,18.47779],[-97.6226,18.47649],[-97.62254,18.47633],[-97.62207,18.47593],[-97.62201,18.47574],[-97.62222,18.47511],[-97.62154,18.47171],[-97.61864,18.47238],[-97.61823,18.4723],[-97.618,18.47214],[-97.61639,18.47156],[-97.61154,18.47076],[-97.61113,18.47019],[-97.60996,18.4695],[-97.60859,18.46781],[-97.60754,18.46708],[-97.60702,18.46742],[-97.60591,18.46904],[-97.60578,18.46992],[-97.60299,18.4731],[-97.60137,18.4734],[-97.59997,18.47292],[-97.5992,18.47225],[-97.59628,18.47089],[-97.59535,18.47086],[-97.59448,18.47099],[-97.59401,18.47079],[-97.59042,18.47127],[-97.58955,18.47124],[-97.5884,18.47166],[-97.58736,18.47227],[-97.58575,18.47244],[-97.58736,18.47111],[-97.58861,18.46964],[-97.58958,18.46792],[-97.59275,18.46022],[-97.59433,18.45794],[-97.596,18.45583],[-97.59708,18.45408],[-97.59784,18.45252],[-97.59843,18.45017],[-97.59914,18.44908],[-97.60074,18.44697],[-97.6013,18.44553],[-97.6015,18.44374],[-97.60183,18.44336],[-97.60261,18.44331],[-97.60309,18.44296],[-97.60319,18.44273],[-97.60311,18.44081],[-97.60317,18.43941],[-97.60428,18.43681],[-97.60511,18.43532],[-97.60543,18.43389],[-97.60565,18.43336],[-97.60586,18.43323],[-97.60614,18.43325],[-97.60638,18.43344],[-97.60715,18.43514],[-97.60741,18.43538],[-97.60786,18.43547],[-97.60848,18.43538],[-97.60936,18.43478],[-97.61056,18.43339],[-97.61217,18.43258],[-97.61397,18.43306],[-97.61569,18.43392],[-97.61641,18.43367],[-97.61733,18.4335],[-97.61808,18.43318],[-97.61912,18.43252],[-97.62089,18.43089],[-97.622,18.42796],[-97.62134,18.42647],[-97.62115,18.42539],[-97.62073,18.42467],[-97.62013,18.42331],[-97.62,18.42242],[-97.61906,18.42142],[-97.6187,18.42064],[-97.61811,18.41998],[-97.61733,18.41844],[-97.61637,18.41698],[-97.61418,18.4142],[-97.61293,18.41213],[-97.61208,18.40971],[-97.61161,18.40912],[-97.61118,18.40773],[-97.61046,18.40631],[-97.60955,18.4039],[-97.60999,18.39679],[-97.61069,18.39539],[-97.61097,18.3944],[-97.61053,18.39237],[-97.61017,18.3915],[-97.61004,18.3908],[-97.60899,18.39052],[-97.60597,18.39031],[-97.60363,18.38924],[-97.60632,18.38709],[-97.60537,18.38551],[-97.60425,18.38424],[-97.60353,18.38288],[-97.60329,18.38209],[-97.60276,18.38156],[-97.60204,18.38008],[-97.60136,18.37789],[-97.60104,18.37595],[-97.59961,18.37348],[-97.5972,18.36576],[-97.59564,18.36358],[-97.59372,18.36207],[-97.59192,18.36099],[-97.59128,18.36019],[-97.59037,18.35794],[-97.58853,18.35512],[-97.58851,18.35402],[-97.58825,18.35235],[-97.58771,18.3512],[-97.58447,18.34763],[-97.58404,18.34635],[-97.58238,18.34427],[-97.58461,18.34218],[-97.58683,18.33958],[-97.58886,18.33583],[-97.58914,18.33486],[-97.58949,18.33133],[-97.58949,18.33029],[-97.58901,18.32931],[-97.58416,18.32689],[-97.58361,18.32654],[-97.58176,18.32607],[-97.57985,18.32585],[-97.57818,18.32554],[-97.57386,18.32433],[-97.57284,18.3238],[-97.57092,18.32376],[-97.56936,18.32386],[-97.56583,18.32358],[-97.56514,18.3234],[-97.56433,18.32343],[-97.56312,18.32367],[-97.56265,18.32387],[-97.56219,18.32387],[-97.56014,18.326],[-97.55581,18.32935],[-97.55186,18.33221],[-97.54835,18.33536],[-97.54725,18.33969],[-97.54661,18.34387],[-97.54688,18.34806],[-97.5485,18.35342],[-97.54756,18.35775],[-97.54749,18.3654],[-97.5458,18.36915],[-97.54506,18.36755],[-97.54363,18.36665],[-97.54129,18.36593],[-97.53947,18.3665],[-97.53824,18.3688],[-97.53717,18.36951],[-97.53476,18.36892],[-97.53248,18.36948],[-97.53034,18.37249],[-97.52685,18.37333],[-97.52366,18.37548],[-97.52168,18.37662],[-97.52075,18.37907],[-97.51801,18.38135],[-97.51389,18.38508],[-97.50978,18.38822],[-97.50868,18.39255],[-97.50593,18.39542],[-97.50381,18.39656],[-97.50154,18.39654],[-97.49955,18.39854],[-97.49876,18.40215],[-97.49712,18.4057],[-97.49614,18.4059],[-97.49561,18.40618],[-97.49341,18.40686],[-97.49259,18.40735],[-97.49119,18.40849],[-97.4888,18.40954],[-97.4877,18.4099],[-97.48677,18.41043],[-97.48654,18.41043],[-97.48561,18.41075],[-97.48462,18.41127],[-97.4834,18.41163],[-97.4827,18.41171],[-97.48154,18.41211],[-97.47734,18.41483],[-97.47665,18.41516],[-97.47531,18.41543],[-97.47456,18.41579],[-97.47322,18.41615],[-97.47067,18.41658],[-97.46852,18.41717],[-97.4673,18.4177],[-97.46609,18.41797],[-97.46493,18.41808],[-97.4647,18.41762],[-97.46215,18.41826],[-97.45664,18.41939],[-97.45582,18.42025],[-97.45534,18.42132],[-97.4551,18.42244],[-97.45357,18.42395],[-97.45246,18.42535],[-97.45176,18.42588],[-97.45129,18.42595],[-97.45124,18.42533],[-97.45033,18.42482],[-97.44993,18.42407],[-97.44942,18.42361],[-97.44873,18.42319],[-97.44724,18.42181],[-97.44569,18.42079],[-97.44466,18.42032],[-97.44225,18.41893],[-97.44196,18.41839],[-97.43966,18.41774],[-97.43845,18.41768],[-97.43665,18.41787],[-97.43578,18.41819],[-97.43508,18.4183],[-97.43503,18.4181],[-97.43364,18.41825],[-97.4306,18.41635],[-97.43008,18.41605],[-97.42951,18.41588],[-97.42887,18.41546],[-97.42766,18.41532],[-97.42679,18.41499],[-97.42531,18.41405],[-97.42485,18.41396],[-97.42398,18.41357],[-97.42346,18.41361],[-97.42283,18.41335],[-97.42208,18.41289],[-97.42145,18.4128],[-97.42081,18.41291],[-97.41989,18.41249],[-97.41914,18.41236],[-97.41857,18.4116],[-97.41823,18.41147],[-97.41772,18.4106],[-97.41686,18.4103],[-97.41588,18.40933],[-97.41491,18.40858],[-97.41393,18.40815],[-97.41336,18.40777],[-97.41328,18.40529],[-97.41341,18.404],[-97.41336,18.4033],[-97.41378,18.40252],[-97.41465,18.40168],[-97.41686,18.4009],[-97.41739,18.40045],[-97.41707,18.39817],[-97.41726,18.39713],[-97.41762,18.39623],[-97.41751,18.39573],[-97.41792,18.39486],[-97.41639,18.39418],[-97.41559,18.39398],[-97.41472,18.39361],[-97.41195,18.39297],[-97.40888,18.39245],[-97.4075,18.39188],[-97.40611,18.39064],[-97.40512,18.38924],[-97.40448,18.38713],[-97.40425,18.38589],[-97.40367,18.38465],[-97.40315,18.3839],[-97.40187,18.38263],[-97.40147,18.38188],[-97.39996,18.3782],[-97.39169,18.37171],[-97.38891,18.37003],[-97.3881,18.36937],[-97.38723,18.36896],[-97.38643,18.36888],[-97.38492,18.36836],[-97.38313,18.36762],[-97.38186,18.36684],[-97.38076,18.36606],[-97.37966,18.36495],[-97.3792,18.36416],[-97.37856,18.36342],[-97.37787,18.36235],[-97.37596,18.36054],[-97.37336,18.35943],[-97.37174,18.35899],[-97.37041,18.35894],[-97.37012,18.35917],[-97.37145,18.36011],[-97.37209,18.36081],[-97.37388,18.36341],[-97.37481,18.3644],[-97.37297,18.36628],[-97.37187,18.366],[-97.36725,18.36557],[-97.3654,18.36558],[-97.36183,18.36507],[-97.35958,18.36561],[-97.35422,18.365],[-97.35437,18.36569],[-97.35495,18.3664],[-97.35565,18.36772],[-97.35808,18.37156],[-97.35993,18.37366],[-97.35769,18.37571],[-97.3567,18.37434],[-97.35427,18.37042],[-97.35081,18.36458],[-97.33592,18.36269],[-97.3276,18.36202],[-97.32801,18.36368],[-97.32819,18.36496],[-97.32813,18.36596],[-97.32819,18.36637],[-97.32761,18.36894],[-97.32824,18.36981],[-97.32819,18.37022],[-97.32761,18.37005],[-97.32657,18.37022],[-97.32582,18.37005],[-97.32554,18.37009],[-97.32513,18.37038],[-97.32479,18.37038],[-97.32433,18.37014],[-97.32303,18.37022],[-97.322,18.37042],[-97.32106,18.37022],[-97.32028,18.36994],[-97.31972,18.36987],[-97.31793,18.37003],[-97.31644,18.37031],[-97.31494,18.37076],[-97.31419,18.3713],[-97.31384,18.37171],[-97.31367,18.3737],[-97.31338,18.37469],[-97.31258,18.37556],[-97.31246,18.37626],[-97.31212,18.37701],[-97.31189,18.378],[-97.31125,18.37944],[-97.31114,18.38023],[-97.31073,18.38097],[-97.31039,18.38209],[-97.3097,18.38362],[-97.30958,18.38495],[-97.30918,18.38652],[-97.30912,18.38805],[-97.30895,18.38863],[-97.30906,18.38999],[-97.30877,18.39111],[-97.31246,18.39282],[-97.31494,18.39547],[-97.31464,18.39535],[-97.31367,18.39452],[-97.31251,18.39419],[-97.31095,18.39445],[-97.3087,18.39538],[-97.30599,18.39739],[-97.30374,18.39864],[-97.30259,18.39915],[-97.30155,18.39957],[-97.30034,18.39987],[-97.29957,18.39956],[-97.29895,18.39963],[-97.29771,18.40023],[-97.29721,18.40143],[-97.29923,18.4034],[-97.30006,18.40392],[-97.30239,18.40508],[-97.30524,18.40569],[-97.30735,18.40703],[-97.30894,18.40786],[-97.31034,18.40839],[-97.31118,18.40924],[-97.3119,18.40964],[-97.31289,18.40975],[-97.31464,18.41067],[-97.31572,18.41145],[-97.31702,18.41219],[-97.31784,18.41299],[-97.31814,18.41404],[-97.31829,18.41522],[-97.31885,18.41733],[-97.3217,18.41949],[-97.3227,18.42136],[-97.32329,18.42418],[-97.3238,18.42472],[-97.32417,18.42496],[-97.32381,18.42531],[-97.32203,18.42658],[-97.3215,18.42681],[-97.32089,18.42667],[-97.32003,18.42622],[-97.31906,18.42611],[-97.31753,18.42617],[-97.31656,18.42631],[-97.31628,18.42719],[-97.31542,18.42744],[-97.31453,18.42806],[-97.31458,18.429],[-97.31497,18.43011],[-97.31492,18.43242],[-97.31428,18.43619],[-97.31364,18.43728],[-97.31267,18.43839],[-97.31078,18.43808],[-97.31039,18.43889],[-97.30942,18.43975],[-97.30819,18.43961],[-97.30614,18.44144],[-97.30444,18.44261],[-97.30561,18.44262],[-97.3062,18.44965],[-97.30713,18.45666],[-97.30736,18.4572],[-97.31118,18.46087],[-97.31332,18.46309],[-97.31523,18.46453],[-97.31622,18.4656],[-97.31691,18.46663],[-97.31668,18.46842],[-97.31692,18.4695],[-97.31771,18.47074],[-97.319,18.47391],[-97.31767,18.47493],[-97.31525,18.47743],[-97.31432,18.47868],[-97.31445,18.48054],[-97.31428,18.48129],[-97.31536,18.48296],[-97.31584,18.4843],[-97.3162,18.48679],[-97.31666,18.4877],[-97.31678,18.48824],[-97.31762,18.48858],[-97.31982,18.49152],[-97.32055,18.49334],[-97.32201,18.49635],[-97.32176,18.49857],[-97.32197,18.50046],[-97.3208,18.50171],[-97.31938,18.50265],[-97.31821,18.50421],[-97.31663,18.50554],[-97.31538,18.5064],[-97.31396,18.50718],[-97.31187,18.50968],[-97.3107,18.51046],[-97.31052,18.51294],[-97.3107,18.51335],[-97.31272,18.51529],[-97.31324,18.51666],[-97.31376,18.5174],[-97.31457,18.51743],[-97.31683,18.51991],[-97.31735,18.52082],[-97.31747,18.52136],[-97.31736,18.52194],[-97.31753,18.52247],[-97.31742,18.52322],[-97.31718,18.52364],[-97.31742,18.525],[-97.31777,18.5255],[-97.31777,18.52658],[-97.31742,18.52716],[-97.31598,18.52796],[-97.31332,18.52793],[-97.31263,18.52773],[-97.31141,18.52711],[-97.31025,18.52633],[-97.30869,18.52448],[-97.30794,18.52378],[-97.30436,18.52322],[-97.30349,18.52322],[-97.30227,18.52302],[-97.30181,18.52278],[-97.30019,18.52233],[-97.29979,18.52229],[-97.29863,18.52309],[-97.29754,18.52355],[-97.29523,18.52373],[-97.29401,18.52415],[-97.2928,18.52482],[-97.29251,18.52628],[-97.29234,18.52777],[-97.29235,18.53067],[-97.29223,18.53129],[-97.29177,18.53208],[-97.29137,18.5325],[-97.28964,18.53342],[-97.28894,18.53434],[-97.28889,18.53488],[-97.28785,18.53667],[-97.28675,18.53767],[-97.28462,18.53922],[-97.283,18.54014],[-97.28121,18.54131],[-97.28011,18.54252],[-97.27925,18.54381],[-97.27815,18.54502],[-97.27613,18.54636],[-97.27226,18.54936],[-97.2714,18.55016],[-97.27071,18.55132],[-97.26996,18.55232],[-97.26926,18.55295],[-97.2695,18.55481],[-97.26864,18.55593],[-97.26789,18.55734],[-97.26743,18.55768],[-97.26696,18.55838],[-97.26685,18.559],[-97.26691,18.55987],[-97.26714,18.5607],[-97.26709,18.56174],[-97.26628,18.56377],[-97.26513,18.5661],[-97.26409,18.56739],[-97.26374,18.56756],[-97.26206,18.56757],[-97.26137,18.56773],[-97.25888,18.56895],[-97.25743,18.56929],[-97.25581,18.56954],[-97.25465,18.56959],[-97.25326,18.56947],[-97.25157,18.56898],[-97.24954,18.56754],[-97.24884,18.56717],[-97.24768,18.56676],[-97.24722,18.56738],[-97.2467,18.56743],[-97.24588,18.56702],[-97.24542,18.56702],[-97.24496,18.56719],[-97.24409,18.56698],[-97.24322,18.56695],[-97.24223,18.56649],[-97.24159,18.56654],[-97.2398,18.56692],[-97.2391,18.56651],[-97.23788,18.56685],[-97.2373,18.56714],[-97.23731,18.5688],[-97.23755,18.57141],[-97.23738,18.57207],[-97.23714,18.57228],[-97.23686,18.57274],[-97.23668,18.57328],[-97.23669,18.57427],[-97.2364,18.57543],[-97.23617,18.57589],[-97.23507,18.57714],[-97.23478,18.57764],[-97.23438,18.57992],[-97.23404,18.58067],[-97.2334,18.5815],[-97.2319,18.58296],[-97.23161,18.58345],[-97.23098,18.58565],[-97.22948,18.5884],[-97.22884,18.58902],[-97.22716,18.59019],[-97.22693,18.59044],[-97.22653,18.59114],[-97.22566,18.59339],[-97.22474,18.59389],[-97.22225,18.59498],[-97.22178,18.59552],[-97.22155,18.59631],[-97.22185,18.59664],[-97.22219,18.59684],[-97.22469,18.59708],[-97.22695,18.59707],[-97.22788,18.59785],[-97.23055,18.59971],[-97.23276,18.60073],[-97.23444,18.60185],[-97.23688,18.6025],[-97.23798,18.60258],[-97.24007,18.6007],[-97.24065,18.60057],[-97.24163,18.60057],[-97.24331,18.60023],[-97.24487,18.59857],[-97.24551,18.59757],[-97.24551,18.59719],[-97.2458,18.59649],[-97.24585,18.59591],[-97.24655,18.59545],[-97.24678,18.59487],[-97.24712,18.59453],[-97.24776,18.59424],[-97.24857,18.59436],[-97.24886,18.5942],[-97.24956,18.5934],[-97.24926,18.5922],[-97.24955,18.59158],[-97.25152,18.58958],[-97.2525,18.58896],[-97.25319,18.58821],[-97.25453,18.58716],[-97.25516,18.58683],[-97.25557,18.58704],[-97.25667,18.58711],[-97.25748,18.58711],[-97.25887,18.58694],[-97.26143,18.58734],[-97.26177,18.58755],[-97.26212,18.58804],[-97.26259,18.58845],[-97.26358,18.5887],[-97.26416,18.5887],[-97.26538,18.58944],[-97.26572,18.58972],[-97.26578,18.59006],[-97.26654,18.59088],[-97.26759,18.59162],[-97.26799,18.59245],[-97.26834,18.59286],[-97.26916,18.59294],[-97.2695,18.59282],[-97.26973,18.59261],[-97.27025,18.59169],[-97.2706,18.59173],[-97.27084,18.59206],[-97.27095,18.59252],[-97.2713,18.5931],[-97.27165,18.59343],[-97.27275,18.59396],[-97.27415,18.59412],[-97.27467,18.59428],[-97.27612,18.59614],[-97.27688,18.5968],[-97.27717,18.59693],[-97.27764,18.59692],[-97.27838,18.59655],[-97.27854,18.59623],[-97.27865,18.59565],[-97.28056,18.59685],[-97.28374,18.59465],[-97.28449,18.59486],[-97.28542,18.59482],[-97.28634,18.59411],[-97.28813,18.59411],[-97.28923,18.59448],[-97.29114,18.59489],[-97.29236,18.5958],[-97.29295,18.59741],[-97.29174,18.59919],[-97.29134,18.60023],[-97.29123,18.6016],[-97.29042,18.60267],[-97.28696,18.60429],[-97.28557,18.60549],[-97.2835,18.60657],[-97.28049,18.6074],[-97.28032,18.60807],[-97.27923,18.60923],[-97.27703,18.61014],[-97.2742,18.61114],[-97.27322,18.61134],[-97.2716,18.61102],[-97.27136,18.61015],[-97.27072,18.6094],[-97.27008,18.60907],[-97.27014,18.60965],[-97.26987,18.61218],[-97.26976,18.61474],[-97.2704,18.6164],[-97.27186,18.61937],[-97.27309,18.62293],[-97.27362,18.62397],[-97.2745,18.62769],[-97.27427,18.6291],[-97.27434,18.63055],[-97.27373,18.63208],[-97.27398,18.63109],[-97.27382,18.63051],[-97.27377,18.62985],[-97.27339,18.62791],[-97.2731,18.6277],[-97.27294,18.62684],[-97.27282,18.62671],[-97.27236,18.62659],[-97.27167,18.62667],[-97.27137,18.62695],[-97.27114,18.62744],[-97.27091,18.62728],[-97.27038,18.62756],[-97.27026,18.62785],[-97.26997,18.62814],[-97.26968,18.62801],[-97.26934,18.62801],[-97.26905,18.6278],[-97.26929,18.6271],[-97.26929,18.62681],[-97.26883,18.62669],[-97.26681,18.62655],[-97.26623,18.62675],[-97.26502,18.62658],[-97.26456,18.62628],[-97.26393,18.62562],[-97.26198,18.62425],[-97.2617,18.62375],[-97.26141,18.6235],[-97.26072,18.62329],[-97.26031,18.62345],[-97.25943,18.62452],[-97.25751,18.62574],[-97.25618,18.62581],[-97.25467,18.62568],[-97.25369,18.62584],[-97.25316,18.62616],[-97.25264,18.62686],[-97.25085,18.63088],[-97.24914,18.63321],[-97.24813,18.63559],[-97.2473,18.63678],[-97.24695,18.63777],[-97.24607,18.63871],[-97.24379,18.64046],[-97.24303,18.6412],[-97.24232,18.64243],[-97.24086,18.64312],[-97.24051,18.64315],[-97.23873,18.64281],[-97.23717,18.64264],[-97.23607,18.64275],[-97.23623,18.64239],[-97.23537,18.64205],[-97.23502,18.64168],[-97.23404,18.64118],[-97.23346,18.64072],[-97.23191,18.64001],[-97.23064,18.63926],[-97.22636,18.63749],[-97.22481,18.63628],[-97.22435,18.6357],[-97.22372,18.63512],[-97.2232,18.63421],[-97.22304,18.63367],[-97.22263,18.63309],[-97.22155,18.63109],[-97.22047,18.62869],[-97.21984,18.62831],[-97.21938,18.6279],[-97.2188,18.62715],[-97.21811,18.62694],[-97.2173,18.62636],[-97.21649,18.62594],[-97.21609,18.6256],[-97.21528,18.62518],[-97.21424,18.62485],[-97.21315,18.62463],[-97.21187,18.62454],[-97.21077,18.6247],[-97.20996,18.62495],[-97.20833,18.62601],[-97.20791,18.62667],[-97.20733,18.627],[-97.20612,18.6262],[-97.20566,18.62632],[-97.20519,18.62678],[-97.20443,18.62731],[-97.20397,18.6271],[-97.20409,18.62656],[-97.20334,18.62664],[-97.20252,18.62701],[-97.20171,18.62783],[-97.20106,18.62832],[-97.20008,18.62844],[-97.1995,18.62798],[-97.19875,18.62839],[-97.19763,18.62998],[-97.19636,18.62957],[-97.1956,18.62883],[-97.19409,18.6266],[-97.19234,18.62482],[-97.1917,18.62367],[-97.19083,18.62276],[-97.19036,18.62235],[-97.18932,18.6221],[-97.18827,18.62148],[-97.1881,18.62128],[-97.1881,18.62049],[-97.18746,18.61987],[-97.18653,18.61992],[-97.18572,18.61971],[-97.18473,18.61885],[-97.18467,18.6186],[-97.1842,18.61794],[-97.1842,18.6174],[-97.18455,18.61619],[-97.18432,18.61615],[-97.18177,18.61687],[-97.18072,18.61696],[-97.17701,18.6166],[-97.17614,18.61613],[-97.17556,18.616],[-97.17527,18.61584],[-97.17499,18.61542],[-97.17465,18.61389],[-97.17466,18.61298],[-97.17484,18.61224],[-97.17427,18.61103],[-97.17469,18.60988],[-97.17481,18.60893],[-97.17453,18.6081],[-97.1746,18.60711],[-97.1742,18.60632],[-97.17368,18.60574],[-97.17322,18.60561],[-97.17264,18.60569],[-97.17148,18.60539],[-97.17027,18.60481],[-97.16946,18.60484],[-97.16853,18.60533],[-97.16754,18.6057],[-97.16685,18.60561],[-97.16609,18.60573],[-97.16517,18.60543],[-97.16372,18.60534],[-97.1625,18.60542],[-97.1617,18.60508],[-97.16094,18.60491],[-97.16026,18.60396],[-97.15945,18.60387],[-97.15847,18.60328],[-97.15784,18.6027],[-97.15663,18.60096],[-97.15514,18.59962],[-97.15422,18.59896],[-97.15341,18.59866],[-97.15255,18.59883],[-97.15168,18.59871],[-97.15127,18.59847],[-97.15063,18.59764],[-97.15017,18.59727],[-97.14825,18.59603],[-97.14785,18.59583],[-97.14616,18.59554],[-97.14483,18.59484],[-97.14465,18.59426],[-97.14459,18.59364],[-97.14602,18.59262],[-97.14667,18.59048],[-97.14692,18.58863],[-97.14852,18.58526],[-97.14847,18.58423],[-97.14801,18.58365],[-97.14634,18.58236],[-97.14554,18.58141],[-97.14486,18.58029],[-97.14469,18.57942],[-97.1447,18.57794],[-97.14494,18.57715],[-97.14547,18.57609],[-97.14664,18.57523],[-97.14722,18.57466],[-97.14775,18.57368],[-97.14799,18.57302],[-97.14998,18.57097],[-97.15108,18.5702],[-97.15201,18.56971],[-97.15416,18.56899],[-97.15573,18.56822],[-97.1566,18.56798],[-97.15545,18.56715],[-97.15458,18.56743],[-97.15383,18.5673],[-97.15233,18.56683],[-97.15164,18.56621],[-97.15086,18.56327],[-97.15024,18.56174],[-97.15002,18.56001],[-97.14985,18.55935],[-97.14968,18.55914],[-97.14975,18.55819],[-97.14998,18.55758],[-97.1511,18.55528],[-97.15169,18.55442],[-97.1524,18.55302],[-97.15386,18.55163],[-97.15444,18.55127],[-97.15435,18.54988],[-97.15417,18.54934],[-97.15359,18.54864],[-97.1533,18.54843],[-97.15243,18.54814],[-97.15075,18.54728],[-97.14982,18.54666],[-97.14901,18.54596],[-97.14808,18.5448],[-97.14767,18.54364],[-97.1472,18.54282],[-97.14645,18.5427],[-97.14622,18.54257],[-97.14581,18.54212],[-97.14558,18.54158],[-97.14459,18.54088],[-97.1443,18.53964],[-97.14348,18.53885],[-97.1422,18.53737],[-97.1418,18.53708],[-97.14081,18.53592],[-97.14058,18.53551],[-97.13976,18.53551],[-97.13959,18.53543],[-97.13936,18.53497],[-97.13941,18.53448],[-97.13918,18.53423],[-97.13849,18.53398],[-97.1379,18.53328],[-97.13755,18.53258],[-97.13721,18.53241],[-97.13663,18.53241],[-97.13634,18.53229],[-97.13535,18.53217],[-97.13408,18.53222],[-97.13315,18.53243],[-97.13257,18.53268],[-97.13199,18.5331],[-97.13118,18.53401],[-97.13026,18.5348],[-97.12979,18.53489],[-97.1291,18.53456],[-97.12881,18.53423],[-97.12863,18.53356],[-97.12863,18.53319],[-97.1284,18.53257],[-97.12753,18.53245],[-97.12677,18.53171],[-97.12642,18.53125],[-97.12613,18.53022],[-97.12572,18.52997],[-97.1248,18.52977],[-97.12398,18.52898],[-97.12381,18.52869],[-97.12317,18.5282],[-97.12288,18.52812],[-97.12224,18.52828],[-97.12149,18.52783],[-97.12079,18.52763],[-97.12039,18.52788],[-97.11963,18.52767],[-97.11923,18.52718],[-97.11853,18.52589],[-97.11777,18.5254],[-97.11737,18.52486],[-97.11713,18.52403],[-97.11684,18.5237],[-97.1162,18.52213],[-97.11591,18.5218],[-97.11544,18.52143],[-97.11376,18.52102],[-97.11328,18.52148],[-97.11321,18.52058],[-97.1135,18.52013],[-97.11374,18.51989],[-97.11455,18.51981],[-97.11484,18.51965],[-97.11525,18.51854],[-97.11647,18.51793],[-97.11688,18.51711],[-97.11736,18.51505],[-97.11723,18.51438],[-97.11635,18.5131],[-97.11542,18.51094],[-97.11507,18.50983],[-97.11413,18.50374],[-97.11343,18.50233],[-97.11256,18.50184],[-97.11216,18.50176],[-97.11123,18.5013],[-97.11053,18.50068],[-97.10862,18.49965],[-97.10821,18.49895],[-97.10734,18.49701],[-97.10629,18.49581],[-97.10611,18.49465],[-97.10559,18.49407],[-97.10507,18.49374],[-97.10408,18.49275],[-97.10431,18.49101],[-97.10425,18.49068],[-97.10384,18.49035],[-97.10216,18.48952],[-97.09996,18.48862],[-97.0948,18.48781],[-97.09433,18.48761],[-97.09294,18.48624],[-97.09242,18.48645],[-97.09167,18.48704],[-97.09155,18.48704],[-97.08952,18.48613],[-97.09004,18.48538],[-97.09143,18.48405],[-97.09224,18.48297],[-97.09247,18.48252],[-97.0927,18.48086],[-97.09316,18.47899],[-97.0931,18.4782],[-97.09327,18.47667],[-97.09298,18.47563],[-97.09286,18.47418],[-97.09309,18.47315],[-97.09419,18.47161],[-97.09471,18.47111],[-97.09667,18.46978],[-97.09754,18.46998],[-97.09777,18.46977],[-97.09789,18.46902],[-97.0976,18.46811],[-97.09759,18.46612],[-97.0969,18.46575],[-97.09608,18.46335],[-97.09544,18.46269],[-97.09394,18.46266],[-97.09283,18.46191],[-97.0915,18.46184],[-97.0893,18.46209],[-97.08715,18.4621],[-97.08646,18.46239],[-97.086,18.46281],[-97.08432,18.46476],[-97.08322,18.46527],[-97.08189,18.4656],[-97.08062,18.46627],[-97.07827,18.46694],[-97.07673,18.46697],[-97.0758,18.4666],[-97.07523,18.46673],[-97.07488,18.46657],[-97.0743,18.4667],[-97.07396,18.46695],[-97.07373,18.46732],[-97.07344,18.46757],[-97.07252,18.46786],[-97.07205,18.46778],[-97.07159,18.46795],[-97.07125,18.46849],[-97.07044,18.46912],[-97.06981,18.46937],[-97.06946,18.46974],[-97.06941,18.47016],[-97.06918,18.47062],[-97.06843,18.47095],[-97.06832,18.47122],[-97.06773,18.4717],[-97.0679,18.47211],[-97.0679,18.47265],[-97.06772,18.47285],[-97.06749,18.47298],[-97.06639,18.47305],[-97.06569,18.47329],[-97.06529,18.47354],[-97.06459,18.47423],[-97.0636,18.47435],[-97.06314,18.47521],[-97.06157,18.47632],[-97.06016,18.47812],[-97.05964,18.47816],[-97.05924,18.47799],[-97.05889,18.47824],[-97.05825,18.47893],[-97.05807,18.47939],[-97.05836,18.4798],[-97.0587,18.48058],[-97.05847,18.48087],[-97.0576,18.48115],[-97.05707,18.48148],[-97.05637,18.48218],[-97.05578,18.48228],[-97.05556,18.48265],[-97.05539,18.48357],[-97.05522,18.4839],[-97.05481,18.48402],[-97.05417,18.48382],[-97.05377,18.48415],[-97.0532,18.48494],[-97.05285,18.48515],[-97.05182,18.48615],[-97.04939,18.49293],[-97.04962,18.49376],[-97.04922,18.49449],[-97.04696,18.49738],[-97.04685,18.49812],[-97.0469,18.5003],[-97.04656,18.50116],[-97.04511,18.50262],[-97.04378,18.50298],[-97.04129,18.50406],[-97.04059,18.50479],[-97.04002,18.50565],[-97.03926,18.50708],[-97.03851,18.50728],[-97.037,18.50706],[-97.03688,18.50753],[-97.03719,18.50797],[-97.03708,18.50837],[-97.03575,18.50849],[-97.03535,18.50865],[-97.03395,18.50971],[-97.03331,18.50983],[-97.03226,18.51123],[-97.0318,18.51172],[-97.03133,18.51204],[-97.0311,18.51204],[-97.02971,18.51253],[-97.02878,18.51293],[-97.02843,18.51318],[-97.02714,18.51511],[-97.02614,18.51704],[-97.02597,18.5172],[-97.02447,18.5167],[-97.02395,18.51591],[-97.02361,18.515],[-97.02362,18.51459],[-97.02322,18.51385],[-97.02299,18.51368],[-97.02276,18.51327],[-97.0223,18.51277],[-97.02167,18.51248],[-97.02086,18.51247],[-97.01911,18.51403],[-97.01772,18.51505],[-97.01748,18.51534],[-97.01719,18.51603],[-97.01712,18.51661],[-97.01718,18.51711],[-97.01682,18.51842],[-97.01478,18.52088],[-97.01344,18.52141],[-97.01251,18.52194],[-97.00973,18.52291],[-97.00909,18.52299],[-97.00845,18.52323],[-97.00626,18.52313],[-97.00503,18.52481],[-97.00432,18.52609],[-97.0038,18.52641],[-97.00287,18.52669],[-97.0027,18.5269],[-97.00246,18.52747],[-97.00256,18.52904],[-97.00239,18.52933],[-97.00116,18.53076],[-96.99966,18.53096],[-96.999,18.53196],[-96.99755,18.52894],[-96.99755,18.52808],[-96.99599,18.52924],[-96.9946,18.53061],[-96.99355,18.53126],[-96.99293,18.53152],[-96.99241,18.53127],[-96.9916,18.53119],[-96.99073,18.5307],[-96.99015,18.53058],[-96.98888,18.53107],[-96.98663,18.53302],[-96.98576,18.53323],[-96.98553,18.53357],[-96.98518,18.53386],[-96.9838,18.53605],[-96.98334,18.53655],[-96.9827,18.53667],[-96.98224,18.53692],[-96.98155,18.53784],[-96.98126,18.53767],[-96.98109,18.53788],[-96.97981,18.53788],[-96.97773,18.53755],[-96.97628,18.53793],[-96.97374,18.53835],[-96.97293,18.53819],[-96.97281,18.53843],[-96.97345,18.53885],[-96.97409,18.53909],[-96.97473,18.53918],[-96.97554,18.53955],[-96.97635,18.53975],[-96.9771,18.54016],[-96.97739,18.54082],[-96.97687,18.5412],[-96.97612,18.54199],[-96.97289,18.54373],[-96.97162,18.54448],[-96.97092,18.54506],[-96.97046,18.54481],[-96.97028,18.5444],[-96.96976,18.54403],[-96.96889,18.54407],[-96.96808,18.54341],[-96.96745,18.54374],[-96.966,18.54412],[-96.96554,18.54441],[-96.96444,18.54553],[-96.963,18.54632],[-96.96011,18.54608],[-96.95912,18.54657],[-96.95826,18.54678],[-96.95774,18.54703],[-96.95832,18.54786],[-96.95809,18.54893],[-96.95838,18.55013],[-96.95798,18.55051],[-96.9574,18.55055],[-96.95636,18.55026],[-96.95474,18.5501],[-96.95288,18.54924],[-96.9519,18.54911],[-96.9512,18.54845],[-96.94883,18.5492],[-96.94889,18.55028],[-96.9471,18.54974],[-96.94652,18.55032],[-96.94606,18.55008],[-96.94594,18.54962],[-96.94524,18.54884],[-96.94443,18.54855],[-96.94409,18.54801],[-96.94339,18.54735],[-96.94304,18.54661],[-96.9424,18.54582],[-96.94136,18.54495],[-96.93985,18.54388],[-96.93952,18.54399],[-96.93478,18.54149],[-96.93375,18.54109],[-96.93329,18.54092],[-96.93173,18.54079],[-96.93098,18.54044],[-96.92997,18.53933],[-96.92805,18.53775],[-96.92761,18.53707],[-96.92714,18.5371],[-96.92634,18.53679],[-96.92538,18.53581],[-96.92442,18.53504],[-96.92373,18.53498],[-96.92261,18.53544],[-96.9215,18.53575],[-96.91809,18.53764],[-96.91498,18.53872],[-96.90944,18.54209],[-96.90913,18.5425],[-96.90813,18.54322],[-96.90776,18.54383],[-96.90692,18.54488],[-96.90625,18.54615],[-96.90528,18.54758],[-96.90457,18.54793],[-96.9037,18.54795],[-96.90277,18.54821],[-96.90153,18.54892],[-96.90094,18.54966],[-96.90053,18.55049],[-96.90029,18.54991],[-96.89977,18.54921],[-96.89844,18.54632],[-96.89733,18.54508],[-96.89675,18.54405],[-96.89554,18.54339],[-96.89449,18.54227],[-96.89362,18.54182],[-96.89171,18.53996],[-96.8902,18.53913],[-96.88916,18.53806],[-96.88742,18.53711],[-96.88348,18.5343],[-96.88308,18.53434],[-96.8821,18.5348],[-96.88123,18.53538],[-96.87996,18.53592],[-96.87961,18.53596],[-96.87932,18.53584],[-96.87839,18.53381],[-96.87868,18.53278],[-96.87839,18.53125],[-96.87815,18.53088],[-96.87734,18.53059],[-96.87711,18.53001],[-96.87653,18.52935],[-96.87572,18.52803],[-96.87531,18.52761],[-96.87258,18.52199],[-96.86998,18.52162],[-96.86701,18.52069],[-96.86643,18.52044],[-96.86597,18.52011],[-96.86522,18.51986],[-96.86424,18.51933],[-96.86355,18.51912],[-96.8628,18.51813],[-96.86274,18.51735],[-96.86274,18.51623],[-96.86292,18.51578],[-96.86303,18.51504],[-96.8639,18.51338],[-96.86402,18.51268],[-96.86396,18.51202],[-96.8635,18.51128],[-96.86379,18.50955],[-96.86345,18.50868],[-96.86293,18.5081],[-96.86212,18.50769],[-96.86085,18.50748],[-96.86045,18.50757],[-96.85987,18.50753],[-96.85947,18.50695],[-96.85889,18.50641],[-96.85768,18.50625],[-96.85158,18.49977],[-96.85085,18.49746],[-96.85005,18.49109],[-96.84932,18.49009],[-96.84698,18.49081],[-96.84639,18.49121],[-96.84451,18.49207],[-96.8413,18.49285],[-96.83839,18.49311],[-96.83641,18.49351],[-96.83535,18.4941],[-96.83446,18.49482],[-96.83397,18.49576],[-96.83336,18.49666],[-96.8326,18.49713],[-96.83131,18.49747],[-96.82958,18.4973],[-96.82655,18.49771],[-96.8252,18.49838],[-96.82479,18.49849],[-96.82425,18.49914],[-96.82447,18.50167],[-96.82612,18.50247],[-96.82697,18.50336],[-96.82569,18.50531],[-96.82467,18.50661],[-96.82446,18.50781],[-96.82465,18.5091],[-96.82497,18.50994],[-96.82453,18.51109],[-96.8229,18.51158],[-96.82168,18.51167],[-96.82017,18.51163],[-96.81865,18.512],[-96.81728,18.5135],[-96.81611,18.51587],[-96.81539,18.51659],[-96.81386,18.51742],[-96.81201,18.51721],[-96.81116,18.51762],[-96.81081,18.51737],[-96.81041,18.51741],[-96.80995,18.5177],[-96.80914,18.51774],[-96.80833,18.51692],[-96.80735,18.51655],[-96.80683,18.51605],[-96.80631,18.51539],[-96.80585,18.51395],[-96.80482,18.51349],[-96.80418,18.51275],[-96.80401,18.51234],[-96.80361,18.51192],[-96.80234,18.51184],[-96.79968,18.51197],[-96.79812,18.51217],[-96.79714,18.51205],[-96.79679,18.5118],[-96.79575,18.51065],[-96.79564,18.50908],[-96.7953,18.50834],[-96.79536,18.50776],[-96.79565,18.50693],[-96.79548,18.50598],[-96.79392,18.50334],[-96.79416,18.50206],[-96.7945,18.50157],[-96.79508,18.50116],[-96.79589,18.50099],[-96.79722,18.49971],[-96.79774,18.49872],[-96.79792,18.49798],[-96.79792,18.49719],[-96.797,18.49587],[-96.79619,18.49538],[-96.79463,18.49464],[-96.794,18.49414],[-96.79296,18.49278],[-96.79302,18.49162],[-96.79337,18.491],[-96.79447,18.48948],[-96.79661,18.48684],[-96.79696,18.48618],[-96.79708,18.48531],[-96.79685,18.48461],[-96.79645,18.48411],[-96.79616,18.48333],[-96.79605,18.48106],[-96.79576,18.48019],[-96.79524,18.4797],[-96.79282,18.47838],[-96.79063,18.47586],[-96.79064,18.47421],[-96.79128,18.47099],[-96.79099,18.46942],[-96.79076,18.46876],[-96.79019,18.4679],[-96.78898,18.46699],[-96.78782,18.46674],[-96.78678,18.46682],[-96.78603,18.46658],[-96.78505,18.46649],[-96.78378,18.46678],[-96.78291,18.46683],[-96.78199,18.46645],[-96.7813,18.466],[-96.78072,18.46513],[-96.78044,18.46357],[-96.7809,18.46291],[-96.78223,18.46158],[-96.78356,18.4608],[-96.78431,18.46047],[-96.78507,18.46035],[-96.78616,18.46002],[-96.78634,18.45952],[-96.78634,18.45903],[-96.78611,18.45861],[-96.78623,18.45754],[-96.78606,18.45655],[-96.78519,18.45457],[-96.78445,18.45362],[-96.78312,18.45288],[-96.78214,18.45284],[-96.78035,18.45185],[-96.7796,18.45131],[-96.77868,18.4511],[-96.77764,18.45065],[-96.77689,18.44982],[-96.77637,18.44958],[-96.77585,18.44912],[-96.77539,18.44846],[-96.77678,18.4464],[-96.77788,18.44611],[-96.77996,18.4459],[-96.78308,18.44574],[-96.78417,18.44545],[-96.78487,18.44467],[-96.7851,18.44355],[-96.7851,18.44244],[-96.78528,18.44128],[-96.78511,18.44046],[-96.78465,18.43922],[-96.78419,18.43872],[-96.78315,18.43856],[-96.77906,18.43608],[-96.77865,18.43575],[-96.77825,18.43505],[-96.77785,18.43253],[-96.77814,18.43175],[-96.77889,18.43097],[-96.7812,18.4308],[-96.78167,18.43039],[-96.78184,18.4296],[-96.78109,18.42878],[-96.77925,18.42812],[-96.77827,18.42758],[-96.77706,18.42717],[-96.77533,18.4263],[-96.77383,18.4263],[-96.77354,18.42659],[-96.77325,18.42734],[-96.77261,18.42837],[-96.77203,18.42882],[-96.76932,18.4294],[-96.76516,18.42849],[-96.7636,18.42775],[-96.76349,18.42668],[-96.76349,18.42511],[-96.76396,18.42428],[-96.76471,18.42375],[-96.76621,18.42313],[-96.76973,18.42404],[-96.77048,18.42412],[-96.77089,18.42387],[-96.77135,18.42304],[-96.77152,18.42243],[-96.77118,18.42156],[-96.77095,18.42123],[-96.76957,18.42024],[-96.76841,18.4197],[-96.76772,18.41921],[-96.76686,18.41851],[-96.76651,18.41793],[-96.76628,18.41735],[-96.76617,18.41632],[-96.76635,18.41562],[-96.76698,18.41529],[-96.76716,18.41471],[-96.76727,18.41368],[-96.7671,18.41327],[-96.76618,18.41281],[-96.76174,18.4117],[-96.76116,18.41129],[-96.7599,18.40914],[-96.75933,18.40789],[-96.75872,18.40717],[-96.75719,18.40775],[-96.75617,18.40913],[-96.7555,18.41027],[-96.75396,18.41131],[-96.75274,18.41131],[-96.7512,18.41057],[-96.75001,18.40983],[-96.74713,18.40917],[-96.74611,18.4086],[-96.74492,18.4077],[-96.74337,18.40716],[-96.74021,18.40653],[-96.73806,18.4068],[-96.73607,18.40741],[-96.73432,18.40781],[-96.73147,18.40823],[-96.72793,18.40842],[-96.72653,18.40876],[-96.72574,18.4082],[-96.72495,18.40743],[-96.72467,18.40705],[-96.72511,18.40598],[-96.72547,18.40554],[-96.72677,18.40458],[-96.72765,18.40419],[-96.72879,18.4031],[-96.73032,18.40219],[-96.7311,18.40147],[-96.73143,18.39994],[-96.73116,18.39923],[-96.72824,18.3973],[-96.7283,18.39594],[-96.72876,18.39494],[-96.72946,18.394],[-96.73113,18.39329],[-96.73235,18.39247],[-96.73448,18.39177],[-96.73598,18.39144],[-96.73847,18.38892],[-96.73934,18.38727],[-96.74038,18.38653],[-96.74119,18.38496],[-96.74154,18.3838],[-96.74206,18.3829],[-96.74166,18.38244],[-96.73543,18.38067],[-96.73451,18.38017],[-96.73375,18.3792],[-96.73365,18.37838],[-96.7362,18.37797],[-96.73916,18.37731],[-96.7434,18.37691],[-96.74664,18.37692],[-96.74663,18.37733],[-96.7468,18.37787],[-96.74719,18.37837],[-96.74788,18.37879],[-96.7485,18.37974],[-96.74861,18.38012],[-96.74907,18.38062],[-96.74976,18.38066],[-96.7499,18.37954],[-96.7506,18.37917],[-96.75397,18.37814],[-96.75495,18.37843],[-96.75609,18.37943],[-96.75869,18.37994],[-96.76048,18.38011],[-96.76123,18.38044],[-96.7618,18.38048],[-96.76285,18.38032],[-96.76326,18.3797],[-96.76358,18.37771],[-96.76426,18.37481],[-96.76453,18.37236],[-96.7661,18.37216],[-96.76715,18.37183],[-96.76819,18.37142],[-96.76931,18.37063],[-96.76989,18.37014],[-96.77054,18.36931],[-96.77272,18.36708],[-96.77508,18.36426],[-96.77596,18.36335],[-96.77707,18.36248],[-96.77724,18.36253],[-96.77904,18.36224],[-96.77992,18.36179],[-96.78085,18.36158],[-96.78126,18.36138],[-96.78173,18.36088],[-96.78203,18.35984],[-96.78224,18.35756],[-96.7822,18.3564],[-96.7825,18.35553],[-96.78338,18.35462],[-96.78592,18.35508],[-96.7862,18.3536],[-96.7854,18.35129],[-96.7848,18.35008],[-96.78464,18.34949],[-96.78446,18.34787],[-96.78408,18.34695],[-96.78414,18.34309],[-96.78471,18.33946],[-96.7851,18.33823],[-96.78569,18.33766],[-96.78471,18.33584],[-96.78513,18.33484],[-96.78575,18.33454],[-96.78589,18.33431],[-96.78671,18.33385],[-96.78799,18.33328],[-96.79101,18.33287],[-96.79176,18.33287],[-96.79493,18.33211],[-96.79552,18.33158],[-96.79564,18.33116],[-96.79527,18.33031],[-96.79523,18.32948],[-96.79582,18.32865],[-96.79692,18.32836],[-96.7978,18.32787],[-96.79903,18.32687],[-96.80007,18.3265],[-96.80176,18.32609],[-96.80635,18.32696],[-96.80794,18.32665],[-96.8091,18.32653],[-96.81026,18.32616],[-96.81091,18.32553],[-96.81169,18.32388],[-96.81205,18.32284],[-96.81264,18.32197],[-96.81584,18.32069],[-96.81851,18.32],[-96.82132,18.31834],[-96.82202,18.31768],[-96.82238,18.31665],[-96.82251,18.31565],[-96.82226,18.31362],[-96.82188,18.31196],[-96.82165,18.31138],[-96.8216,18.31092],[-96.82173,18.31026],[-96.82215,18.30914],[-96.82234,18.3081],[-96.82241,18.30694],[-96.82219,18.30628],[-96.8215,18.30586],[-96.82001,18.30519],[-96.81882,18.3037],[-96.81831,18.30262],[-96.81749,18.29992],[-96.81738,18.29909],[-96.81746,18.29805],[-96.81806,18.29665],[-96.81829,18.29648],[-96.81893,18.29623],[-96.82032,18.29624],[-96.82118,18.29649],[-96.82188,18.29649],[-96.82258,18.29616],[-96.82562,18.29397],[-96.82685,18.29248],[-96.82716,18.29161],[-96.82742,18.28953],[-96.82859,18.28849],[-96.82891,18.28763],[-96.83,18.28579],[-96.83157,18.28161],[-96.83297,18.2792],[-96.83418,18.27741],[-96.83539,18.2757],[-96.83634,18.2749],[-96.8378,18.27253],[-96.83875,18.27181],[-96.84071,18.27203],[-96.84251,18.27175],[-96.84293,18.27122],[-96.84215,18.27008],[-96.84136,18.26965],[-96.84011,18.26866],[-96.83995,18.26824],[-96.83997,18.26754],[-96.84123,18.26591],[-96.84254,18.26487],[-96.84268,18.26392],[-96.84259,18.26297],[-96.842,18.2615],[-96.84197,18.26063],[-96.84258,18.25801],[-96.84242,18.25763],[-96.84242,18.25726],[-96.84273,18.2561],[-96.84263,18.2549],[-96.8427,18.25394],[-96.84358,18.25291],[-96.84475,18.25221],[-96.84481,18.252],[-96.8447,18.25158],[-96.84472,18.25055],[-96.84496,18.24993],[-96.84679,18.24761],[-96.84674,18.24653],[-96.84641,18.24574],[-96.84634,18.2428],[-96.84837,18.24255],[-96.84895,18.2423],[-96.85132,18.24206],[-96.85461,18.23891],[-96.85491,18.23985],[-96.85526,18.24047],[-96.85498,18.24113],[-96.85747,18.24356],[-96.85799,18.24339],[-96.85919,18.24244],[-96.8608,18.24168],[-96.86316,18.24142],[-96.86378,18.24117],[-96.86499,18.24115],[-96.86793,18.24156],[-96.86965,18.2419],[-96.87492,18.24387],[-96.87625,18.2439],[-96.87746,18.24381],[-96.88066,18.24328],[-96.88165,18.24326],[-96.88291,18.24342],[-96.88425,18.24333],[-96.88608,18.24206],[-96.8879,18.24115],[-96.88901,18.24081],[-96.89121,18.24062],[-96.89225,18.24065],[-96.89434,18.2405],[-96.8969,18.24007],[-96.90039,18.23925],[-96.90157,18.23833],[-96.90449,18.23738],[-96.90642,18.23584],[-96.90803,18.23641],[-96.90902,18.23703],[-96.91,18.23743],[-96.91104,18.23768],[-96.91214,18.23887],[-96.9133,18.23895],[-96.91422,18.23845],[-96.91433,18.23791],[-96.91338,18.23378],[-96.91378,18.23291],[-96.91481,18.23203],[-96.91538,18.23116],[-96.91561,18.23037],[-96.9163,18.22954],[-96.91728,18.22958],[-96.91774,18.23061],[-96.91844,18.23106],[-96.91878,18.2311],[-96.9193,18.23155],[-96.91931,18.23205],[-96.91954,18.23271],[-96.92018,18.23407],[-96.92019,18.2349],[-96.92065,18.2354],[-96.92049,18.23718],[-96.91974,18.23768],[-96.91905,18.23793],[-96.91842,18.2383],[-96.91819,18.23868],[-96.91872,18.23901],[-96.91941,18.23962],[-96.9201,18.24003],[-96.92062,18.23999],[-96.92143,18.23974],[-96.92218,18.23982],[-96.92287,18.2394],[-96.9231,18.23886],[-96.9235,18.23853],[-96.92438,18.23834],[-96.92564,18.23782],[-96.92656,18.2369],[-96.92719,18.23636],[-96.92771,18.23607],[-96.92794,18.23578],[-96.92919,18.23308],[-96.92923,18.2311],[-96.92859,18.23027],[-96.92919,18.22999],[-96.92974,18.22923],[-96.92956,18.22774],[-96.92944,18.22745],[-96.92944,18.22667],[-96.93024,18.22501],[-96.93167,18.22335],[-96.9319,18.22272],[-96.93217,18.22082],[-96.93234,18.2202],[-96.93257,18.22011],[-96.93286,18.22015],[-96.93443,18.22093],[-96.93512,18.22093],[-96.93639,18.22059],[-96.93673,18.22005],[-96.93678,18.21819],[-96.93619,18.21716],[-96.93608,18.21662],[-96.9359,18.21633],[-96.93613,18.21567],[-96.93774,18.21566],[-96.93769,18.21574],[-96.93862,18.21665],[-96.93932,18.21892],[-96.93956,18.21917],[-96.94025,18.21937],[-96.9406,18.21937],[-96.94181,18.21928],[-96.94221,18.21903],[-96.94308,18.21944],[-96.94436,18.22038],[-96.94476,18.22055],[-96.94592,18.22075],[-96.94736,18.22086],[-96.94765,18.22066],[-96.94782,18.22036],[-96.94828,18.22007],[-96.94897,18.21974],[-96.95047,18.21927],[-96.95104,18.21886],[-96.95145,18.21869],[-96.95307,18.21926],[-96.95498,18.22029],[-96.95527,18.22061],[-96.95556,18.22123],[-96.95597,18.22181],[-96.95655,18.22206],[-96.95684,18.22276],[-96.95824,18.22499],[-96.95911,18.22581],[-96.95964,18.22618],[-96.95998,18.22634],[-96.96027,18.22626],[-96.96149,18.2265],[-96.96294,18.22769],[-96.96369,18.22794],[-96.96427,18.22839],[-96.96502,18.22872],[-96.96624,18.22867],[-96.96728,18.22903],[-96.96808,18.22841],[-96.97004,18.22786],[-96.97113,18.22703],[-96.97188,18.22673],[-96.97257,18.22661],[-96.97326,18.22606],[-96.97396,18.22577],[-96.9743,18.22552],[-96.97464,18.22502],[-96.97493,18.2249],[-96.97551,18.22498],[-96.97689,18.22468],[-96.9773,18.22447],[-96.97758,18.22447],[-96.97828,18.22422],[-96.97925,18.22376],[-96.97972,18.22371],[-96.98046,18.22305],[-96.98231,18.22221],[-96.98259,18.22192],[-96.98311,18.22171],[-96.98369,18.22199],[-96.98398,18.22199],[-96.98421,18.22183],[-96.98473,18.22141],[-96.98564,18.22016],[-96.98622,18.21983],[-96.98708,18.21904],[-96.98851,18.21729],[-96.99017,18.2143],[-96.99084,18.21206],[-96.99222,18.21061],[-96.99331,18.20924],[-96.99411,18.2089],[-96.99457,18.20857],[-96.99532,18.20757],[-96.99555,18.20744],[-96.99681,18.20599],[-96.99813,18.20474],[-96.99842,18.20453],[-96.99876,18.20445],[-96.99916,18.20399],[-96.99997,18.20336],[-97.00037,18.20336],[-97.00176,18.20381],[-97.00332,18.20318],[-97.00493,18.20238],[-97.00532,18.20163],[-97.00864,18.20273],[-97.00888,18.20228],[-97.0088,18.20067],[-97.00887,18.19988],[-97.00912,18.19894],[-97.01026,18.19697],[-97.01096,18.19662],[-97.01241,18.19623],[-97.01305,18.19596],[-97.01364,18.19543],[-97.01441,18.19426],[-97.01536,18.19357],[-97.01636,18.19264],[-97.01702,18.19149],[-97.01715,18.19075],[-97.01782,18.18907],[-97.01853,18.18809],[-97.01877,18.18789],[-97.02261,18.1864],[-97.0244,18.18619],[-97.02469,18.18599],[-97.02517,18.18509],[-97.02547,18.18489],[-97.02879,18.18334],[-97.02978,18.1827],[-97.03064,18.18179],[-97.03151,18.18152],[-97.03209,18.1815],[-97.0326,18.18053],[-97.0333,18.18005],[-97.03412,18.17965],[-97.035,18.17901],[-97.03565,18.17824],[-97.03583,18.17787],[-97.04292,18.17798],[-97.04352,18.17924],[-97.0442,18.17987],[-97.04442,18.18037],[-97.04436,18.18074],[-97.04278,18.18146],[-97.04254,18.18195],[-97.04402,18.18272],[-97.04442,18.18306],[-97.04423,18.18376],[-97.04433,18.18435],[-97.04513,18.18478],[-97.04592,18.18562],[-97.04672,18.18597],[-97.04936,18.18644],[-97.04987,18.18683],[-97.05026,18.18733],[-97.05059,18.18808],[-97.05063,18.18895],[-97.05116,18.1888],[-97.0518,18.18832],[-97.05267,18.18792],[-97.05311,18.188],[-97.05392,18.18782],[-97.0538,18.18761],[-97.05334,18.18752],[-97.0527,18.18723],[-97.05271,18.18669],[-97.05253,18.18665],[-97.05213,18.18632],[-97.05144,18.18632],[-97.05121,18.18598],[-97.0511,18.18598],[-97.05058,18.18549],[-97.05052,18.18524],[-97.05064,18.1842],[-97.05047,18.18362],[-97.05047,18.18329],[-97.05058,18.18317],[-97.05064,18.18271],[-97.05007,18.18238],[-97.04926,18.18238],[-97.04857,18.1827],[-97.04794,18.18233],[-97.04736,18.18258],[-97.04725,18.18233],[-97.04736,18.18179],[-97.04771,18.18129],[-97.04765,18.18047],[-97.04777,18.1798],[-97.04794,18.17972],[-97.04834,18.17976],[-97.04909,18.18018],[-97.04972,18.17994],[-97.05007,18.17944],[-97.05059,18.17799],[-97.05019,18.17758],[-97.05053,18.17679],[-97.05048,18.17547],[-97.05059,18.17522],[-97.05077,18.17514],[-97.05094,18.17522],[-97.05249,18.17717],[-97.05347,18.17701],[-97.05381,18.17747],[-97.0541,18.17764],[-97.05433,18.17755],[-97.05473,18.17689],[-97.05519,18.1764],[-97.05565,18.17628],[-97.05617,18.17545],[-97.05646,18.17529],[-97.05704,18.17471],[-97.05704,18.17425],[-97.05589,18.17392],[-97.05514,18.1735],[-97.05491,18.17325],[-97.05503,18.1728],[-97.05497,18.17234],[-97.05503,18.17205],[-97.05578,18.17135],[-97.05601,18.17131],[-97.0563,18.17102],[-97.05647,18.17053],[-97.05641,18.17011],[-97.05503,18.1687],[-97.05469,18.16862],[-97.054,18.16866],[-97.0536,18.16841],[-97.05354,18.16807],[-97.05365,18.16778],[-97.05446,18.16675],[-97.05492,18.16584],[-97.05498,18.16522],[-97.05487,18.16502],[-97.05492,18.16469],[-97.05527,18.16419],[-97.05665,18.16345],[-97.05671,18.16308],[-97.05659,18.16283],[-97.05619,18.1627],[-97.05464,18.16249],[-97.05452,18.16216],[-97.05349,18.16124],[-97.05228,18.16124],[-97.05228,18.16095],[-97.05286,18.16004],[-97.05263,18.1593],[-97.05321,18.15913],[-97.05349,18.15918],[-97.0539,18.1588],[-97.05407,18.15814],[-97.05401,18.15785],[-97.0535,18.15735],[-97.05378,18.15715],[-97.05603,18.15728],[-97.05643,18.15737],[-97.05666,18.15753],[-97.05925,18.15676],[-97.06276,18.15694],[-97.06345,18.15723],[-97.06379,18.15748],[-97.06655,18.15815],[-97.06719,18.15766],[-97.06862,18.15713],[-97.06909,18.15684],[-97.06955,18.15639],[-97.06989,18.1551],[-97.07001,18.15415],[-97.06984,18.15341],[-97.06995,18.15349],[-97.0707,18.15279],[-97.07185,18.15255],[-97.07231,18.15205],[-97.07335,18.15127],[-97.07473,18.1514],[-97.07634,18.15033],[-97.07744,18.14946],[-97.08001,18.14642],[-97.08114,18.14605],[-97.08158,18.14518],[-97.08436,18.14977],[-97.10733,18.14302],[-97.13116,18.13931],[-97.13169,18.14429],[-97.13143,18.14569],[-97.13159,18.1464],[-97.13294,18.14787],[-97.13542,18.15029],[-97.13841,18.15366],[-97.13943,18.15422],[-97.14368,18.15787],[-97.14427,18.16227],[-97.14464,18.16675],[-97.14492,18.16734],[-97.14559,18.16802],[-97.14472,18.16876],[-97.14489,18.1693],[-97.14667,18.17067],[-97.14701,18.17129],[-97.14724,18.17212],[-97.14695,18.1734],[-97.14695,18.17415],[-97.1473,18.17469],[-97.14799,18.17535],[-97.14856,18.17564],[-97.14885,18.17602],[-97.14862,18.17705],[-97.14862,18.17755],[-97.14879,18.17763],[-97.15017,18.1776],[-97.15086,18.17781],[-97.15138,18.17851],[-97.15161,18.17905],[-97.15305,18.18013],[-97.15282,18.18092],[-97.1527,18.18187],[-97.15316,18.18253],[-97.15373,18.18299],[-97.15477,18.18337],[-97.15575,18.18391],[-97.15684,18.18482],[-97.15713,18.18524],[-97.15713,18.18623],[-97.15741,18.18751],[-97.15758,18.18789],[-97.15908,18.18864],[-97.16023,18.18889],[-97.16282,18.19014],[-97.16351,18.1906],[-97.16385,18.1911],[-97.16414,18.1918],[-97.16414,18.19313],[-97.1646,18.19371],[-97.16535,18.19379],[-97.16621,18.19375],[-97.16707,18.19401],[-97.16753,18.1943],[-97.16765,18.19475],[-97.16747,18.19562],[-97.16776,18.19732],[-97.16759,18.1979],[-97.16764,18.19806],[-97.16753,18.19868],[-97.16759,18.19922],[-97.16724,18.2003],[-97.18269,18.19657],[-97.18874,18.18956],[-97.21023,18.15944],[-97.21632,18.16026],[-97.21698,18.16242],[-97.21802,18.16284],[-97.21949,18.16475],[-97.22062,18.167],[-97.22292,18.16817],[-97.22476,18.16892],[-97.22682,18.17042],[-97.22819,18.17226],[-97.23061,18.17285],[-97.23286,18.17028],[-97.23495,18.16995],[-97.23654,18.17179],[-97.2383,18.17088],[-97.23992,18.17122],[-97.24283,18.17031],[-97.24614,18.16634],[-97.24841,18.16959],[-97.25029,18.16801],[-97.25136,18.16636],[-97.25334,18.16578],[-97.25473,18.16612],[-97.25648,18.16496],[-97.25778,18.16347],[-97.25884,18.16248],[-97.25989,18.16207],[-97.26059,18.16223],[-97.26256,18.16183],[-97.26582,18.16134],[-97.26781,18.16002],[-97.26876,18.15894],[-97.26993,18.15811],[-97.27155,18.15837],[-97.27317,18.15846],[-97.27585,18.15755],[-97.27889,18.15582],[-97.28006,18.15557],[-97.28096,18.15732],[-97.2821,18.15848],[-97.28382,18.1594],[-97.28558,18.15816],[-97.28687,18.15767],[-97.28837,18.15809],[-97.28974,18.15901],[-97.29182,18.15976],[-97.29403,18.15944],[-97.29541,18.15986],[-97.29662,18.16014],[-97.29726,18.16019],[-97.29767,18.15936],[-97.29831,18.15857],[-97.29907,18.15805],[-97.30101,18.15732],[-97.3013,18.15732],[-97.30147,18.15719],[-97.3017,18.15719],[-97.30211,18.15744],[-97.30246,18.15839],[-97.30315,18.15905],[-97.3035,18.15905],[-97.30373,18.15872],[-97.30378,18.15789],[-97.30395,18.15744],[-97.30453,18.15682],[-97.3047,18.15649],[-97.30505,18.15632],[-97.30597,18.15652],[-97.30724,18.15656],[-97.3077,18.15648],[-97.30856,18.15594],[-97.30891,18.15561],[-97.3092,18.15511],[-97.30948,18.15367],[-97.30982,18.15309],[-97.31207,18.15201],[-97.31218,18.15168],[-97.31206,18.1511],[-97.31223,18.15068],[-97.31344,18.1499],[-97.31413,18.14923],[-97.31563,18.14828],[-97.31591,18.14762],[-97.31614,18.14749],[-97.31735,18.14745],[-97.31764,18.14736],[-97.31781,18.14716],[-97.31793,18.14662],[-97.31827,18.14596],[-97.31867,18.14567],[-97.31919,18.14583],[-97.32029,18.14657],[-97.32075,18.14632],[-97.32133,18.14566],[-97.32386,18.14479],[-97.32542,18.14524],[-97.32698,18.14528],[-97.32819,18.14548],[-97.33114,18.1451],[-97.33218,18.14535],[-97.33246,18.14469],[-97.33321,18.14357],[-97.33378,18.14316],[-97.33469,18.14134],[-97.33509,18.13985],[-97.3352,18.13898],[-97.3356,18.13765],[-97.33629,18.1367],[-97.33698,18.13666],[-97.33721,18.13653],[-97.33744,18.13608],[-97.33846,18.13331],[-97.33863,18.1324],[-97.33909,18.13132],[-97.3392,18.1307],[-97.33949,18.12991],[-97.33989,18.12958],[-97.34075,18.12925],[-97.34155,18.12813],[-97.34167,18.12776],[-97.34235,18.12656],[-97.34501,18.12593],[-97.34632,18.12423],[-97.3477,18.12332],[-97.34811,18.12311],[-97.3488,18.12303],[-97.34938,18.12315],[-97.35019,18.12361],[-97.351,18.12369],[-97.35169,18.12356],[-97.3524,18.12328],[-97.35421,18.12207],[-97.35469,18.12091],[-97.35574,18.12067],[-97.35598,18.12042],[-97.35765,18.11702],[-97.35919,18.11495],[-97.3606,18.11395],[-97.36142,18.11312],[-97.36283,18.11205],[-97.3639,18.11031],[-97.36508,18.10923],[-97.36604,18.10699],[-97.36768,18.10575],[-97.36828,18.10451],[-97.36911,18.1031],[-97.36994,18.10227],[-97.36938,18.10085],[-97.3687,18.09985],[-97.36952,18.09903],[-97.3708,18.09861],[-97.37163,18.09762],[-97.37287,18.1002],[-97.37437,18.10062],[-97.37565,18.09996],[-97.37613,18.09921],[-97.37614,18.09821],[-97.37662,18.09722],[-97.37791,18.09647],[-97.37827,18.09564],[-97.37829,18.09432],[-97.3796,18.09224],[-97.38017,18.09283],[-97.38237,18.0925],[-97.38306,18.09341],[-97.3813,18.09482],[-97.38233,18.09566],[-97.38383,18.09558],[-97.38475,18.09608],[-97.3859,18.09708],[-97.38658,18.09816],[-97.38715,18.09849],[-97.38876,18.09916],[-97.38968,18.09975],[-97.39013,18.10091],[-97.39047,18.10116],[-97.39153,18.1005],[-97.3921,18.10116],[-97.39279,18.101],[-97.3935,18.1005],[-97.39454,18.10042],[-97.395,18.10067],[-97.39616,18.10051],[-97.39697,18.10109],[-97.39855,18.10351],[-97.39947,18.10401],[-97.40017,18.10401],[-97.4018,18.10368],[-97.40137,18.10533],[-97.40161,18.10595],[-97.40265,18.10648],[-97.40409,18.10557],[-97.40391,18.10524],[-97.40489,18.10469],[-97.40541,18.10366],[-97.40511,18.10204],[-97.40609,18.10191],[-97.40863,18.10236],[-97.40984,18.10235],[-97.41048,18.10231],[-97.41088,18.10193],[-97.41076,18.10156],[-97.41082,18.10164],[-97.41105,18.10114],[-97.41099,18.10032],[-97.4111,18.09961],[-97.41119,18.09713],[-97.41189,18.09679],[-97.41293,18.09691],[-97.41385,18.09678],[-97.41419,18.09579],[-97.4143,18.09484],[-97.41441,18.09467],[-97.41429,18.09446],[-97.41435,18.09339],[-97.41469,18.09285],[-97.41457,18.09273],[-97.41514,18.0921],[-97.41561,18.09185],[-97.41658,18.09052],[-97.41761,18.08961],[-97.41789,18.08849],[-97.41737,18.08837],[-97.41714,18.08779],[-97.41563,18.08693],[-97.41557,18.08631],[-97.41753,18.08588],[-97.4181,18.08546],[-97.41879,18.08467],[-97.41936,18.08364],[-97.41935,18.08285],[-97.4197,18.08206],[-97.42056,18.0816],[-97.42096,18.0809],[-97.42136,18.08048],[-97.42153,18.08011],[-97.4217,18.08002],[-97.42187,18.07944],[-97.4233,18.07762],[-97.42347,18.07724],[-97.42335,18.07571],[-97.42357,18.0748],[-97.42397,18.07459],[-97.42507,18.07438],[-97.42588,18.07408],[-97.42599,18.07388],[-97.42587,18.07355],[-97.42564,18.07342],[-97.42534,18.07235],[-97.42517,18.0721],[-97.42539,18.07115],[-97.42568,18.0709],[-97.42574,18.07044],[-97.42602,18.07007],[-97.42521,18.06904],[-97.42538,18.06879],[-97.42642,18.06887],[-97.42688,18.06936],[-97.42827,18.06931],[-97.42896,18.06919],[-97.42913,18.06931],[-97.43069,18.06905],[-97.4315,18.06847],[-97.43219,18.06834],[-97.43231,18.06909],[-97.43341,18.06958],[-97.43428,18.07019],[-97.4348,18.06957],[-97.43473,18.06853],[-97.43566,18.06874],[-97.43635,18.06911],[-97.43676,18.06919],[-97.4378,18.06906],[-97.43751,18.06972],[-97.43827,18.0703],[-97.43822,18.07125],[-97.4392,18.07133],[-97.44047,18.07173],[-97.44111,18.07177],[-97.44134,18.07156],[-97.44144,18.07049],[-97.44184,18.06883],[-97.44241,18.0687],[-97.44322,18.06828],[-97.44379,18.06783],[-97.44379,18.06704],[-97.44367,18.06646],[-97.44372,18.06613],[-97.44412,18.06546],[-97.44412,18.06443],[-97.44428,18.06381],[-97.44533,18.06413],[-97.44579,18.06479],[-97.44603,18.06533],[-97.44678,18.06603],[-97.44748,18.06607],[-97.44799,18.06495],[-97.44776,18.06474],[-97.44699,18.0633],[-97.44762,18.06255],[-97.44762,18.06242],[-97.44699,18.06235],[-97.44641,18.06202],[-97.4464,18.0616],[-97.44675,18.06115],[-97.44721,18.06098],[-97.44767,18.0611],[-97.44825,18.06155],[-97.44952,18.06126],[-97.4494,18.06059],[-97.44911,18.05981],[-97.4487,18.05948],[-97.4487,18.05886],[-97.4477,18.05659],[-97.44769,18.05617],[-97.44786,18.05559],[-97.44757,18.05448],[-97.44716,18.05374],[-97.44715,18.0534],[-97.44732,18.05287],[-97.44761,18.05266],[-97.44882,18.0524],[-97.44917,18.05224],[-97.45003,18.05161],[-97.45106,18.05103],[-97.45129,18.05061],[-97.45129,18.05024],[-97.45209,18.04932],[-97.45278,18.04899],[-97.45405,18.04865],[-97.45503,18.04782],[-97.45524,18.04595],[-97.45489,18.04558],[-97.45455,18.04546],[-97.45368,18.04538],[-97.45327,18.04485],[-97.45286,18.04402],[-97.45407,18.04352],[-97.45563,18.04401],[-97.45615,18.04384],[-97.45644,18.04355],[-97.45638,18.04338],[-97.45493,18.04244],[-97.45469,18.04161],[-97.45486,18.0414],[-97.4555,18.04111],[-97.45723,18.04077],[-97.45757,18.0406],[-97.45831,18.03944],[-97.45947,18.03898],[-97.45981,18.03815],[-97.45934,18.03736],[-97.45933,18.03654],[-97.45904,18.03612],[-97.4595,18.03608],[-97.46026,18.03674],[-97.46113,18.03727],[-97.46176,18.03748],[-97.46251,18.03743],[-97.46309,18.03722],[-97.46308,18.03631],[-97.46314,18.03577],[-97.46325,18.03556],[-97.46446,18.03498],[-97.46428,18.03432],[-97.46393,18.03399],[-97.46381,18.03341],[-97.46387,18.03312],[-97.46404,18.03295],[-97.46456,18.03274],[-97.46502,18.03204],[-97.46507,18.03117],[-97.46541,18.03096],[-97.4657,18.03092],[-97.46674,18.03083],[-97.46738,18.03095],[-97.46807,18.03082],[-97.46858,18.03016],[-97.46644,18.02897],[-97.46569,18.02901],[-97.46516,18.0281],[-97.46528,18.02794],[-97.46631,18.02748],[-97.46648,18.0271],[-97.46642,18.02681],[-97.46538,18.02661],[-97.46445,18.02563],[-97.46462,18.02529],[-97.46635,18.02466],[-97.46681,18.02441],[-97.46721,18.02354],[-97.46726,18.02317],[-97.46703,18.0228],[-97.46599,18.02268],[-97.46552,18.02252],[-97.46546,18.0221],[-97.46598,18.0214],[-97.4673,18.02081],[-97.46787,18.01998],[-97.46814,18.01733],[-97.46813,18.01629],[-97.46848,18.01613],[-97.46847,18.01497],[-97.46794,18.01381],[-97.46781,18.01174],[-97.46786,18.01062],[-97.46808,18.00901],[-97.46773,18.00818],[-97.46697,18.00703],[-97.46585,18.00389],[-97.46532,18.00273],[-97.46467,18.00071],[-97.46368,17.99856],[-97.46361,17.99782],[-97.46372,17.9962],[-97.46348,17.99517],[-97.46301,17.99401],[-97.46184,17.9927],[-97.46178,17.99232],[-97.46143,17.9917],[-97.46097,17.99117],[-97.46073,17.99047],[-97.46019,17.98807],[-97.46035,17.98633],[-97.46023,17.98571],[-97.45982,17.98488],[-97.4593,17.98414],[-97.45889,17.98377],[-97.45848,17.98278],[-97.45911,17.98125],[-97.45955,17.97901],[-97.45989,17.9781],[-97.46058,17.97743],[-97.46069,17.97685],[-97.46056,17.97544],[-97.46004,17.97449],[-97.46003,17.97387],[-97.45974,17.9733],[-97.45973,17.97239],[-97.46082,17.97106],[-97.46163,17.97101],[-97.46203,17.97088],[-97.46278,17.97022],[-97.46445,17.96984],[-97.4652,17.9695],[-97.46583,17.96966],[-97.46734,17.9704],[-97.46803,17.9706],[-97.46861,17.97043],[-97.46907,17.97002],[-97.46953,17.96989],[-97.47114,17.96967],[-97.47218,17.96979],[-97.47276,17.96962],[-97.4731,17.96971],[-97.47403,17.9697],[-97.47547,17.9692],[-97.47616,17.96886],[-97.47708,17.96865],[-97.47985,17.96897],[-97.48049,17.96867],[-97.48377,17.96758],[-97.48423,17.96729],[-97.48567,17.96703],[-97.4867,17.96665],[-97.48855,17.96639],[-97.48912,17.96598],[-97.48976,17.96618],[-97.49051,17.96655],[-97.49063,17.96675],[-97.49109,17.967],[-97.49208,17.96778],[-97.49272,17.96798],[-97.49388,17.96889],[-97.49521,17.96934],[-97.49573,17.96971],[-97.49614,17.96987],[-97.49712,17.97057],[-97.49759,17.97106],[-97.49903,17.97117],[-97.49788,17.97185],[-97.49841,17.97234],[-97.49847,17.97267],[-97.49842,17.97375],[-97.49854,17.97519],[-97.49866,17.97565],[-97.49867,17.97668],[-97.49897,17.97821],[-97.49893,17.98074],[-97.49946,17.98276],[-97.49947,17.98347],[-97.49959,17.984],[-97.4996,17.98512],[-97.49926,17.98661],[-97.49939,17.98785],[-97.4994,17.98914],[-97.50017,17.99157],[-97.50063,17.99232],[-97.50075,17.99281],[-97.50174,17.99388],[-97.50255,17.99429],[-97.50471,17.99693],[-97.50587,17.99742],[-97.50772,17.99786],[-97.50841,17.99844],[-97.50928,17.9986],[-97.50986,17.9986],[-97.51027,17.99893],[-97.51201,17.99995],[-97.51259,18.00057],[-97.51305,18.00127],[-97.51392,18.0018],[-97.51497,18.00271],[-97.51578,18.00312],[-97.51642,18.00324],[-97.51711,18.00323],[-97.51786,18.00339],[-97.5189,18.00302],[-97.51919,18.00306],[-97.52034,18.00346],[-97.5211,18.00387],[-97.52133,18.00412],[-97.52205,18.0073],[-97.52246,18.00792],[-97.5231,18.00949],[-97.52305,18.01032],[-97.52254,18.01098],[-97.52219,18.01115],[-97.52202,18.0114],[-97.52174,18.01231],[-97.5214,18.01289],[-97.52117,18.01368],[-97.52083,18.01422],[-97.51974,18.01543],[-97.51894,18.01597],[-97.51865,18.01659],[-97.51746,18.0185],[-97.51706,18.01962],[-97.51674,18.02244],[-97.51617,18.02335],[-97.51479,18.02481],[-97.51462,18.02531],[-97.51405,18.0263],[-97.51349,18.02842],[-97.51315,18.02904],[-97.51315,18.02945],[-97.51282,18.03078],[-97.51247,18.03144],[-97.5122,18.03331],[-97.51163,18.03451],[-97.51175,18.03517],[-97.5125,18.03558],[-97.51331,18.03583],[-97.51638,18.03602],[-97.51707,18.03614],[-97.52007,18.03571],[-97.52093,18.03549],[-97.52145,18.03545],[-97.52249,18.03569],[-97.52376,18.03515],[-97.52807,18.03256],[-97.53025,18.03064],[-97.53336,18.02938],[-97.53399,18.02929],[-97.53486,18.02941],[-97.53764,18.03023],[-97.53805,18.0306],[-97.53973,18.0317],[-97.5406,18.03195],[-97.54141,18.03281],[-97.54252,18.03327],[-97.54297,18.0333],[-97.54402,18.03375],[-97.54483,18.03387],[-97.54506,18.03399],[-97.54518,18.03394],[-97.54587,18.0356],[-97.54639,18.03589],[-97.54709,18.03651],[-97.54743,18.03692],[-97.54767,18.03783],[-97.54801,18.0382],[-97.54871,18.03866],[-97.549,18.03973],[-97.54952,18.04073],[-97.54969,18.04313],[-97.54964,18.04408],[-97.54872,18.04604],[-97.5482,18.04753],[-97.54693,18.04832],[-97.5452,18.04915],[-97.54381,18.05094],[-97.54283,18.05152],[-97.54185,18.0526],[-97.54006,18.0541],[-97.53995,18.05513],[-97.53937,18.057],[-97.53885,18.05754],[-97.53874,18.05816],[-97.53909,18.05998],[-97.53897,18.06218],[-97.53863,18.0626],[-97.53713,18.06554],[-97.53655,18.06845],[-97.53656,18.07052],[-97.53621,18.07143],[-97.53627,18.07255],[-97.53708,18.07624],[-97.53726,18.07881],[-97.53686,18.0798],[-97.53576,18.08063],[-97.53595,18.08131],[-97.53676,18.08172],[-97.53816,18.08262],[-97.53833,18.08295],[-97.53886,18.08344],[-97.53921,18.08402],[-97.5395,18.08423],[-97.5402,18.08517],[-97.54142,18.08649],[-97.54189,18.08756],[-97.54288,18.08901],[-97.54317,18.08901],[-97.54364,18.08933],[-97.54387,18.08983],[-97.5451,18.09123],[-97.54609,18.09271],[-97.54632,18.09325],[-97.54629,18.09404],[-97.54745,18.09515],[-97.54745,18.09606],[-97.54716,18.09718],[-97.54733,18.09797],[-97.54756,18.0983],[-97.54814,18.09867],[-97.54826,18.09892],[-97.54786,18.09971],[-97.54797,18.10017],[-97.54843,18.10087],[-97.56924,18.10778],[-97.56683,18.12196],[-97.56759,18.12213],[-97.5692,18.12225],[-97.56967,18.12237],[-97.5703,18.12282],[-97.57186,18.12299],[-97.57279,18.12294],[-97.5736,18.12277],[-97.57493,18.12298],[-97.57608,18.1238],[-97.57655,18.12401],[-97.57735,18.12368],[-97.57782,18.12359],[-97.57822,18.12359],[-97.5788,18.12376],[-97.57915,18.12421],[-97.57978,18.12462],[-97.58146,18.1252],[-97.58192,18.12586],[-97.58227,18.12615],[-97.58418,18.12706],[-97.58493,18.12842],[-97.58528,18.12954],[-97.5858,18.12991],[-97.58615,18.13186],[-97.58655,18.13314],[-97.58777,18.13571],[-97.58766,18.13666],[-97.58743,18.13745],[-97.58708,18.13803],[-97.58679,18.1392],[-97.58703,18.13932],[-97.58743,18.13973],[-97.58784,18.14031],[-97.58824,18.14056],[-97.5887,18.14064],[-97.58957,18.14118],[-97.59021,18.14225],[-97.5916,18.14374],[-97.59229,18.14391],[-97.59316,18.14461],[-97.59443,18.14523],[-97.5953,18.14522],[-97.59518,18.14647],[-97.59524,18.14684],[-97.59547,18.14721],[-97.59588,18.14746],[-97.59634,18.14754],[-97.59634,18.14792],[-97.59692,18.14849],[-97.59756,18.14845],[-97.5979,18.14824],[-97.59837,18.14824],[-97.59883,18.14791],[-97.59958,18.14845],[-97.59975,18.1489],[-97.60028,18.14969],[-97.60085,18.15018],[-97.60109,18.15027],[-97.60247,18.15026],[-97.60311,18.15088],[-97.60375,18.15192],[-97.60409,18.15196],[-97.60565,18.15166],[-97.60606,18.15195],[-97.60629,18.15228],[-97.60669,18.15241],[-97.6071,18.15228],[-97.60878,18.15323],[-97.60912,18.15356],[-97.60947,18.15331],[-97.61039,18.15343],[-97.61097,18.15326],[-97.61201,18.15247],[-97.61236,18.15268],[-97.61247,18.15289],[-97.61259,18.15359],[-97.61282,18.15363],[-97.6134,18.15293],[-97.61369,18.15288],[-97.61398,18.15322],[-97.6149,18.1535],[-97.61612,18.15325],[-97.61681,18.15346],[-97.61751,18.15453],[-97.61803,18.15499],[-97.61918,18.15527],[-97.61982,18.15569],[-97.61947,18.15664],[-97.61942,18.15705],[-97.61971,18.15755],[-97.62028,18.15759],[-97.62069,18.15776],[-97.62237,18.15775],[-97.62341,18.15812],[-97.62352,18.15841],[-97.62393,18.15878],[-97.62404,18.15903],[-97.62439,18.15928],[-97.62578,18.15907],[-97.62653,18.15981],[-97.62694,18.15994],[-97.62734,18.15989],[-97.62792,18.15997],[-97.62809,18.16109],[-97.62821,18.16134],[-97.6289,18.16134],[-97.62954,18.16113],[-97.63035,18.16121],[-97.63104,18.16142],[-97.63139,18.16166],[-97.63266,18.16295],[-97.63359,18.16464],[-97.63469,18.16509],[-97.63584,18.16505],[-97.63631,18.16513],[-97.63706,18.16554],[-97.63839,18.16566],[-97.63978,18.16753],[-97.64296,18.16789],[-97.64388,18.16789],[-97.64458,18.16847],[-97.64574,18.16921],[-97.64614,18.16921],[-97.64666,18.16941],[-97.6473,18.16995],[-97.64811,18.17028],[-97.64886,18.17119],[-97.64996,18.17123],[-97.65054,18.17172],[-97.65071,18.17205],[-97.65071,18.17247],[-97.65112,18.17292],[-97.65095,18.17408],[-97.64997,18.17595],[-97.64951,18.17666],[-97.64858,18.17778],[-97.64824,18.17849],[-97.64818,18.1796],[-97.64824,18.18089],[-97.64917,18.18259],[-97.64952,18.18346],[-97.64929,18.18457],[-97.64894,18.18545],[-97.64802,18.18682],[-97.64785,18.1881],[-97.64664,18.18856],[-97.64577,18.18877],[-97.64531,18.18823],[-97.64461,18.18848],[-97.64166,18.18704],[-97.64114,18.18696],[-97.64027,18.18734],[-97.63958,18.18721],[-97.63883,18.18676],[-97.63825,18.18684],[-97.63733,18.18734],[-97.63646,18.18739],[-97.63577,18.1876],[-97.63496,18.1876],[-97.63432,18.18773],[-97.63409,18.18793],[-97.63357,18.18872],[-97.63311,18.18959],[-97.63288,18.19034],[-97.63242,18.19096],[-97.63126,18.19213],[-97.62936,18.19582],[-97.6289,18.19752],[-97.6289,18.19802],[-97.62827,18.19918],[-97.6281,18.20051],[-97.62769,18.20105],[-97.627,18.20229],[-97.6266,18.20391],[-97.62683,18.2052],[-97.62736,18.20665],[-97.62759,18.20669],[-97.62875,18.2078],[-97.62915,18.20867],[-97.62869,18.21046],[-97.62922,18.21244],[-97.6287,18.21286],[-97.62818,18.21311],[-97.62598,18.21382],[-97.62131,18.21988],[-97.60631,18.24189],[-97.61545,18.2632],[-97.65156,18.26731],[-97.65324,18.26704],[-97.65364,18.26712],[-97.6554,18.26834],[-97.65623,18.26908],[-97.65688,18.27023],[-97.65731,18.2713],[-97.65852,18.27209],[-97.65892,18.27283],[-97.65939,18.27329],[-97.66008,18.27428],[-97.66037,18.27515],[-97.66188,18.27738],[-97.66304,18.27945],[-97.66432,18.28098],[-97.66507,18.28268],[-97.66657,18.28072],[-97.66703,18.27911],[-97.66744,18.27848],[-97.66796,18.27811],[-97.66911,18.27761],[-97.67056,18.27744],[-97.67275,18.2764],[-97.67356,18.27511],[-97.67443,18.27453],[-97.67535,18.27311],[-97.67604,18.27257],[-97.67668,18.27079],[-97.67731,18.26971],[-97.67829,18.26913],[-97.67864,18.26846],[-97.67927,18.2678],[-97.68048,18.26609],[-97.68181,18.26476],[-97.68227,18.26402],[-97.68458,18.26185],[-97.68504,18.26086],[-97.68504,18.26007],[-97.68579,18.25953],[-97.68614,18.25911],[-97.68614,18.25857],[-97.68747,18.25753],[-97.68851,18.25766],[-97.68961,18.25761],[-97.69047,18.25719],[-97.69186,18.25619],[-97.69255,18.25598],[-97.6933,18.25557],[-97.69359,18.25598],[-97.69319,18.25631],[-97.69325,18.2566],[-97.69365,18.25693],[-97.694,18.25793],[-97.69395,18.25867],[-97.69412,18.25905],[-97.69389,18.25963],[-97.69389,18.26083],[-97.69413,18.26195],[-97.69441,18.26211],[-97.69505,18.26286],[-97.69586,18.26356],[-97.69893,18.26591],[-97.70021,18.26798],[-97.70108,18.26889],[-97.70131,18.26926],[-97.70137,18.27026],[-97.70311,18.27091],[-97.70334,18.27212],[-97.70398,18.27415],[-97.70462,18.27526],[-97.70508,18.27634],[-97.7052,18.27708],[-97.70515,18.27812],[-97.70735,18.28097],[-97.70804,18.2813],[-97.70868,18.28304],[-97.7095,18.28428],[-97.71008,18.2849],[-97.7106,18.28511],[-97.71158,18.28581],[-97.71187,18.2866],[-97.71383,18.28833],[-97.71486,18.28745],[-97.7156,18.28661],[-97.71588,18.28553],[-97.71587,18.28512],[-97.71649,18.28432],[-97.71798,18.28281],[-97.71867,18.28243],[-97.72035,18.28254],[-97.72173,18.28173],[-97.72306,18.28188],[-97.72521,18.28169],[-97.72771,18.28212],[-97.72984,18.28131],[-97.73223,18.28194],[-97.73327,18.28185],[-97.73792,18.28262],[-97.74,18.28226],[-97.74163,18.28262],[-97.745,18.28303],[-97.74576,18.28331],[-97.74641,18.28384],[-97.74793,18.28461],[-97.74804,18.28416],[-97.74762,18.28333],[-97.74714,18.28276],[-97.74677,18.28123],[-97.74617,18.2802],[-97.74593,18.27938],[-97.74608,18.27825],[-97.74581,18.27585],[-97.74257,18.27287],[-97.74285,18.27233],[-97.74355,18.2724],[-97.74717,18.2741],[-97.74981,18.27601],[-97.75051,18.27621],[-97.75138,18.27591],[-97.75267,18.27693],[-97.75325,18.27701],[-97.75682,18.27854],[-97.76067,18.2804],[-97.76259,18.28058],[-97.76322,18.28087],[-97.76386,18.28145],[-97.76543,18.28422],[-97.76734,18.28678],[-97.76792,18.28732],[-97.77001,18.28864],[-97.77065,18.2893],[-97.77111,18.28996],[-97.77227,18.29025],[-97.77551,18.29045],[-97.77649,18.29065],[-97.77811,18.29073],[-97.77852,18.2911],[-97.78083,18.29184],[-97.78303,18.29237],[-97.78384,18.29212],[-97.78477,18.29141],[-97.78535,18.29124],[-97.78595,18.29214],[-97.78584,18.2929],[-97.78552,18.2936],[-97.78522,18.29474],[-97.78453,18.29624],[-97.78397,18.29694],[-97.78149,18.29887],[-97.78048,18.30039],[-97.78007,18.3016],[-97.77938,18.30238],[-97.77829,18.3026],[-97.77745,18.30236],[-97.77616,18.30445],[-97.77572,18.3057],[-97.77556,18.30653],[-97.77581,18.3076],[-97.77512,18.30819],[-97.77472,18.30874],[-97.77539,18.31026],[-97.77639,18.31141],[-97.7764,18.31203],[-97.77665,18.31302],[-97.77747,18.31367],[-97.77841,18.31404],[-97.77894,18.31457],[-97.7793,18.31539],[-97.77978,18.31601],[-97.78002,18.31658],[-97.78043,18.31699],[-97.78096,18.31732],[-97.78173,18.31847],[-97.78232,18.31879],[-97.78499,18.31897],[-97.78587,18.31991],[-97.78617,18.3204],[-97.78706,18.32122],[-97.78741,18.3218],[-97.7883,18.32245],[-97.78884,18.32348],[-97.78925,18.32389],[-97.79012,18.32409],[-97.7906,18.3247],[-97.79084,18.32549],[-97.79247,18.326],[-97.79283,18.32617],[-97.79347,18.3267],[-97.79372,18.32736],[-97.79368,18.32843],[-97.79515,18.32966],[-97.79598,18.33077],[-97.7965,18.33101],[-97.79705,18.33216],[-97.79909,18.33309],[-97.7994,18.33404],[-97.79987,18.33478],[-97.80012,18.33552],[-97.80124,18.3365],[-97.8024,18.33666],[-97.80252,18.33707],[-97.80242,18.33765],[-97.80307,18.33826],[-97.80337,18.33901],[-97.80414,18.34016],[-97.80527,18.34147],[-97.80756,18.34301],[-97.80797,18.34347],[-97.80862,18.34387],[-97.80943,18.34419],[-97.80985,18.34473],[-97.80992,18.34526],[-97.80981,18.34568],[-97.81017,18.34671],[-97.81059,18.34741],[-97.81177,18.34839],[-97.81217,18.34843],[-97.81247,18.34863],[-97.81254,18.34925],[-97.81243,18.34971],[-97.81261,18.35024],[-97.81315,18.35107],[-97.81344,18.35135],[-97.81422,18.35263],[-97.81451,18.35291],[-97.81521,18.35315],[-97.81592,18.35356],[-97.8161,18.35385],[-97.81483,18.36132],[-97.8149,18.36165],[-97.81531,18.3621],[-97.81852,18.36335],[-97.81888,18.36396],[-97.81991,18.36656],[-97.82055,18.36684],[-97.82062,18.36705],[-97.82057,18.368],[-97.8211,18.3682],[-97.82182,18.36989],[-97.82201,18.3706],[-97.82183,18.37354],[-97.82269,18.37639],[-97.82324,18.37771],[-97.82367,18.37936],[-97.82369,18.38044],[-97.82381,18.38106],[-97.8218,18.3885],[-97.82226,18.38878],[-97.82423,18.38818],[-97.82463,18.38772],[-97.82491,18.38722],[-97.82548,18.38667],[-97.82583,18.38659],[-97.82773,18.37976],[-97.82942,18.37151],[-97.83056,18.36931],[-97.83092,18.36879],[-97.83125,18.36798],[-97.83139,18.36726],[-97.83451,18.3661],[-97.83728,18.36465],[-97.83866,18.36372],[-97.83935,18.36338],[-97.84056,18.36291],[-97.84154,18.36265],[-97.84274,18.3616],[-97.84355,18.36109],[-97.84459,18.36128],[-97.84501,18.36161],[-97.84785,18.36153],[-97.84983,18.3618],[-97.85035,18.36212],[-97.85195,18.36041],[-97.85331,18.35848],[-97.85394,18.35818],[-97.85639,18.35583],[-97.85764,18.3542],[-97.8589,18.3529],[-97.85917,18.35174],[-97.85996,18.35078],[-97.86071,18.3506],[-97.86175,18.35001],[-97.86244,18.34975],[-97.86336,18.34953],[-97.86435,18.34948],[-97.86533,18.34918],[-97.86656,18.34663],[-97.86807,18.34637],[-97.8687,18.34607],[-97.86922,18.3461],[-97.86997,18.34572],[-97.87037,18.34538],[-97.87118,18.34562],[-97.87217,18.34536],[-97.87309,18.34493],[-97.87365,18.34406],[-97.8744,18.34355],[-97.87514,18.34275],[-97.8753,18.34192],[-97.87674,18.34166],[-97.87861,18.34209],[-97.87919,18.34237],[-97.87932,18.34278],[-97.8821,18.34287],[-97.88256,18.34274],[-97.884,18.34206],[-97.88447,18.34201],[-97.88529,18.34283],[-97.88554,18.34353],[-97.88589,18.34403],[-97.88636,18.34406],[-97.88693,18.34389],[-97.88762,18.34351],[-97.88832,18.34346],[-97.89022,18.3426],[-97.89194,18.34159],[-97.89223,18.34125],[-97.8928,18.34091],[-97.89303,18.34062],[-97.89378,18.34028],[-97.89482,18.34014],[-97.89592,18.34021],[-97.89727,18.3409],[-97.89773,18.34089],[-97.89836,18.34064],[-97.89882,18.34005],[-97.89928,18.33967],[-97.90003,18.33946],[-97.90067,18.33965],[-97.90293,18.33975],[-97.90391,18.33916],[-97.90455,18.33948],[-97.9056,18.33976],[-97.90728,18.33936],[-97.90786,18.33965],[-97.90821,18.33964],[-97.90856,18.33984],[-97.90949,18.33991],[-97.91001,18.33949],[-97.9104,18.33895],[-97.9112,18.33844],[-97.91177,18.33773],[-97.91292,18.33709],[-97.91327,18.33717],[-97.91381,18.33808],[-97.91381,18.33824],[-97.91469,18.33873],[-97.91781,18.33823],[-97.92008,18.33816],[-97.92226,18.33677],[-97.92337,18.33754],[-97.92425,18.3379],[-97.92431,18.33807],[-97.92554,18.33863],[-97.92572,18.33929],[-97.92602,18.33983],[-97.92644,18.34028],[-97.9269,18.34035],[-97.92737,18.34064],[-97.9287,18.34033],[-97.92945,18.33999],[-97.93275,18.33991],[-97.93453,18.33881],[-97.93563,18.33834],[-97.93707,18.33811],[-97.93898,18.33755],[-97.94095,18.3376],[-97.94181,18.33722],[-97.94278,18.33625],[-97.94359,18.33575],[-97.94451,18.33569],[-97.94509,18.3354],[-97.9463,18.33501],[-97.94693,18.33446],[-97.94732,18.33392],[-97.94828,18.33216],[-97.94954,18.33225],[-97.95047,18.33205],[-97.95203,18.33245],[-97.95324,18.33313],[-97.95405,18.33314],[-97.9544,18.33298],[-97.9551,18.33241],[-97.95587,18.3313],[-97.95634,18.33089],[-97.95694,18.32924],[-97.95734,18.32966],[-97.95792,18.32967],[-97.95896,18.3301],[-97.95959,18.33052],[-97.9597,18.33086],[-97.95968,18.33218],[-97.9599,18.33301],[-97.95995,18.33397],[-97.95977,18.33446],[-97.95959,18.33462],[-97.95935,18.33537],[-97.95975,18.33608],[-97.9612,18.33589],[-97.9623,18.33619],[-97.9627,18.33661],[-97.9628,18.3374],[-97.96267,18.33823],[-97.96272,18.33914],[-97.96301,18.33939],[-97.96347,18.33961],[-97.96399,18.33957],[-97.96445,18.33941],[-97.9655,18.33939],[-97.96642,18.33969],[-97.96676,18.34052],[-97.96664,18.34077],[-97.96541,18.3415],[-97.96499,18.3424],[-97.9651,18.34282],[-97.96551,18.34312],[-97.96626,18.34313],[-97.96649,18.34305],[-97.967,18.34384],[-97.96694,18.3445],[-97.96721,18.34562],[-97.96749,18.346],[-97.96755,18.3465],[-97.96748,18.3472],[-97.96729,18.3479],[-97.96664,18.34918],[-97.96606,18.34942],[-97.9649,18.34928],[-97.96361,18.34996],[-97.96349,18.35042],[-97.96383,18.35084],[-97.96539,18.3516],[-97.96567,18.35211],[-97.96549,18.35285],[-97.96519,18.35322],[-97.9649,18.35317],[-97.96374,18.35349],[-97.96257,18.35413],[-97.96133,18.35569],[-97.96015,18.35683],[-97.95915,18.35823],[-97.95839,18.35884],[-97.95757,18.35899],[-97.95754,18.3616],[-97.95712,18.36259],[-97.9563,18.3632],[-97.956,18.3639],[-97.95626,18.36568],[-97.95609,18.36589],[-97.95545,18.36584],[-97.95492,18.36633],[-97.95456,18.36698],[-97.9549,18.36744],[-97.95559,18.36803],[-97.95628,18.36883],[-97.95627,18.36962],[-97.95609,18.3699],[-97.95562,18.37035],[-97.95481,18.37042],[-97.95446,18.37054],[-97.95428,18.37091],[-97.95479,18.37125],[-97.95619,18.37102],[-97.95676,18.37157],[-97.9572,18.37319],[-97.95725,18.37386],[-97.95712,18.37485],[-97.95742,18.37846],[-97.9573,18.37899],[-97.95665,18.37927],[-97.9552,18.37946],[-97.95485,18.37987],[-97.9546,18.38069],[-97.9546,18.38119],[-97.95545,18.38253],[-97.95504,18.38294],[-97.95397,18.38445],[-97.95337,18.3861],[-97.95278,18.38705],[-97.95195,18.38807],[-97.95067,18.38834],[-97.94991,18.3887],[-97.94914,18.38965],[-97.94943,18.39023],[-97.9504,18.39082],[-97.95045,18.39136],[-97.94987,18.39202],[-97.94933,18.39329],[-97.94947,18.39561],[-97.95021,18.39658],[-97.95055,18.39724],[-97.95093,18.39862],[-97.95133,18.39929],[-97.95144,18.39983],[-97.95118,18.40202],[-97.95146,18.40277],[-97.95174,18.40314],[-97.95266,18.40378],[-97.95364,18.40404],[-97.95486,18.40397],[-97.95597,18.40366],[-97.95666,18.40358],[-97.95748,18.40364],[-97.95823,18.4039],[-97.95978,18.40508],[-97.96023,18.40579],[-97.96081,18.40605],[-97.96115,18.40646],[-97.96154,18.40746],[-97.96234,18.40847],[-97.96268,18.40872],[-97.96338,18.40902],[-97.96354,18.40948],[-97.96324,18.41026],[-97.96324,18.4108],[-97.96393,18.41085],[-97.96363,18.41147],[-97.96467,18.41211],[-97.96512,18.41261],[-97.96518,18.41302],[-97.96511,18.41335],[-97.96464,18.41401],[-97.96446,18.41467],[-97.96468,18.41534],[-97.96565,18.4163],[-97.96684,18.41876],[-97.96706,18.41939],[-97.96688,18.42009],[-97.96687,18.42071],[-97.96698,18.42125],[-97.96737,18.42184],[-97.96794,18.42309],[-97.96838,18.42462],[-97.96861,18.425],[-97.96887,18.42674],[-97.96881,18.42712],[-97.96892,18.42761],[-97.96891,18.42815],[-97.96918,18.42977],[-97.96898,18.43138],[-97.96967,18.43201],[-97.96995,18.43285],[-97.96982,18.43413],[-97.96963,18.43483],[-97.96984,18.43641],[-97.97105,18.43717],[-97.97382,18.43845],[-97.97491,18.43909],[-97.97617,18.4401],[-97.97646,18.44023],[-97.97686,18.44061],[-97.97709,18.44111],[-97.97783,18.44203],[-97.97845,18.4432],[-97.97954,18.44379],[-97.98023,18.44442],[-97.98197,18.44494],[-97.98248,18.44524],[-97.98414,18.44684],[-97.98553,18.44764],[-97.98633,18.44832],[-97.98684,18.44903],[-97.98753,18.44966],[-97.98764,18.44991],[-97.98827,18.45054],[-97.99057,18.45239],[-97.99136,18.45361],[-97.99239,18.45453],[-97.99437,18.45456],[-97.99529,18.45478],[-97.99621,18.45521],[-97.99661,18.45554],[-97.99782,18.45622],[-97.99817,18.45656],[-97.99862,18.45731],[-97.99931,18.45765],[-98.00645,18.45796],[-98.00813,18.45753],[-98.00883,18.45766],[-98.01021,18.45813],[-98.01182,18.45965],[-98.01228,18.4599],[-98.0146,18.46018],[-98.01702,18.46125],[-98.01817,18.46164],[-98.0184,18.46198],[-98.01904,18.46227],[-98.01973,18.46237],[-98.02007,18.46287],[-98.02185,18.46426],[-98.02277,18.46494],[-98.02582,18.46688],[-98.0261,18.46738],[-98.02656,18.46768],[-98.02678,18.46847],[-98.02718,18.46922],[-98.02775,18.46997],[-98.02902,18.47086],[-98.02935,18.47169],[-98.03067,18.47275],[-98.03178,18.47231],[-98.03277,18.47224],[-98.03323,18.47229],[-98.03444,18.4728],[-98.03473,18.4728],[-98.0352,18.47264],[-98.03667,18.47097],[-98.03708,18.47072],[-98.0379,18.47065],[-98.03934,18.47104],[-98.04134,18.47347],[-98.0415,18.47435],[-98.04138,18.47459],[-98.0405,18.47537],[-98.04044,18.47549],[-98.04061,18.47599],[-98.04084,18.47628],[-98.04113,18.47645],[-98.04192,18.47754],[-98.04267,18.47821],[-98.04284,18.47867],[-98.04498,18.47903],[-98.04503,18.4797],[-98.04565,18.48111],[-98.04754,18.48288],[-98.04829,18.48314],[-98.04858,18.48335],[-98.04896,18.48509],[-98.04965,18.48539],[-98.04965,18.48589],[-98.04947,18.48609],[-98.04952,18.48647],[-98.04981,18.48672],[-98.05067,18.4871],[-98.0509,18.48752],[-98.05113,18.48773],[-98.05217,18.48795],[-98.05263,18.48825],[-98.05274,18.48858],[-98.05308,18.48908],[-98.05314,18.48954],[-98.05302,18.48987],[-98.05313,18.49012],[-98.0533,18.49008],[-98.05376,18.4905],[-98.05468,18.49097],[-98.05498,18.49093],[-98.05532,18.49106],[-98.05585,18.49082],[-98.05631,18.49082],[-98.05677,18.491],[-98.05728,18.492],[-98.05745,18.49254],[-98.05791,18.493],[-98.05837,18.49313],[-98.05854,18.4933],[-98.05903,18.49427],[-98.0588,18.49431],[-98.05805,18.49414],[-98.05747,18.49355],[-98.0553,18.49613],[-98.0515,18.49878],[-98.04987,18.49934],[-98.04906,18.49908],[-98.04751,18.49765],[-98.04705,18.49744],[-98.04584,18.49742],[-98.04416,18.49694],[-98.04353,18.49652],[-98.04301,18.49631],[-98.04238,18.49576],[-98.04242,18.49671],[-98.04368,18.49793],[-98.04397,18.49839],[-98.04518,18.49895],[-98.0454,18.49957],[-98.04528,18.50069],[-98.04351,18.50253],[-98.04287,18.50348],[-98.04191,18.50591],[-98.04183,18.50769],[-98.04205,18.50861],[-98.04233,18.50928],[-98.04249,18.51065],[-98.04271,18.51148],[-98.04194,18.51309],[-98.04017,18.51559],[-98.04039,18.51696],[-98.0402,18.51804],[-98.04013,18.51953],[-98.04144,18.52141],[-98.04207,18.52188],[-98.04207,18.52225],[-98.04241,18.52271],[-98.04199,18.52349],[-98.04234,18.52379],[-98.04233,18.52454],[-98.04244,18.52512],[-98.04284,18.52554],[-98.04365,18.52567],[-98.04398,18.5268],[-98.0449,18.52743],[-98.04513,18.52785],[-98.04546,18.5291],[-98.04587,18.5291],[-98.04598,18.52968],[-98.04586,18.5303],[-98.04613,18.53134],[-98.04648,18.53176],[-98.04717,18.53231],[-98.0475,18.53327],[-98.04755,18.53402],[-98.04772,18.53452],[-98.04731,18.53455],[-98.04616,18.53425],[-98.04517,18.53394],[-98.0446,18.53365],[-98.04384,18.53368],[-98.04199,18.5332],[-98.04118,18.53319],[-98.03968,18.53284],[-98.0367,18.53002],[-98.03618,18.52976],[-98.03566,18.52926],[-98.03474,18.52879],[-98.03325,18.52769],[-98.03209,18.52722],[-98.03146,18.52717],[-98.03111,18.52729],[-98.0307,18.52766],[-98.03052,18.52807],[-98.03045,18.52861],[-98.03062,18.52936],[-98.03165,18.53053],[-98.03135,18.53107],[-98.03152,18.53186],[-98.0322,18.53245],[-98.03155,18.53393],[-98.03171,18.53476],[-98.03257,18.53556],[-98.03286,18.53619],[-98.03319,18.5376],[-98.0337,18.53873],[-98.03374,18.53973],[-98.03523,18.54136],[-98.03575,18.54162],[-98.03655,18.54275],[-98.03707,18.54309],[-98.03723,18.54354],[-98.03787,18.54376],[-98.03821,18.54439],[-98.03871,18.54593],[-98.03889,18.54585],[-98.03882,18.5468],[-98.03909,18.5483],[-98.03867,18.5492],[-98.03849,18.55049],[-98.03691,18.55121],[-98.03639,18.551],[-98.03385,18.55038],[-98.03228,18.55028],[-98.03026,18.54967],[-98.02957,18.54904],[-98.02836,18.54824],[-98.02704,18.5476],[-98.02652,18.54709],[-98.02635,18.54676],[-98.02571,18.54717],[-98.02501,18.54724],[-98.02374,18.54706],[-98.02369,18.54639],[-98.02393,18.54607],[-98.02341,18.54531],[-98.02278,18.54485],[-98.02224,18.54613],[-98.01814,18.5447],[-98.01779,18.54482],[-98.01645,18.55098],[-98.01696,18.55132],[-98.01736,18.55216],[-98.01736,18.55245],[-98.01776,18.55274],[-98.01734,18.55353],[-98.01779,18.55482],[-98.01755,18.55523],[-98.01715,18.55526],[-98.01662,18.55571],[-98.01655,18.55646],[-98.01665,18.55804],[-98.01693,18.55875],[-98.01785,18.56],[-98.01836,18.56104],[-98.01829,18.56154],[-98.01811,18.56187],[-98.01765,18.5622],[-98.01764,18.5624],[-98.01809,18.5634],[-98.01872,18.56408],[-98.01976,18.56471],[-98.02005,18.56476],[-98.02098,18.56448],[-98.02196,18.56503],[-98.02417,18.56494],[-98.02456,18.5656],[-98.02537,18.56566],[-98.02607,18.56587],[-98.02548,18.56645],[-98.02524,18.56702],[-98.0268,18.56746],[-98.02726,18.56809],[-98.02731,18.56896],[-98.02655,18.56957],[-98.02478,18.57141],[-98.02327,18.57226],[-98.02245,18.57242],[-98.02181,18.57324],[-98.02098,18.57397],[-98.02011,18.57454],[-98.01922,18.57565],[-98.01869,18.57652],[-98.01737,18.57559],[-98.01605,18.57432],[-98.01035,18.57097],[-98.01017,18.57172],[-98.0094,18.57308],[-98.00934,18.57324],[-98.00968,18.5737],[-98.00956,18.5742],[-98.00954,18.57536],[-98.00918,18.57635],[-98.00837,18.57667],[-98.0083,18.57742],[-98.00783,18.5782],[-98.00764,18.57894],[-98.00675,18.5808],[-98.00692,18.58117],[-98.00743,18.58197],[-98.00772,18.58226],[-98.01002,18.58391],[-98.01059,18.58491],[-98.01145,18.5855],[-98.01208,18.58617],[-98.01249,18.58626],[-98.0126,18.58651],[-98.01329,18.58698],[-98.01328,18.58743],[-98.01351,18.58814],[-98.01431,18.58861],[-98.01582,18.58896],[-98.01657,18.58938],[-98.01662,18.59005],[-98.01626,18.59067],[-98.01631,18.59129],[-98.0174,18.59221],[-98.0178,18.59313],[-98.01971,18.59361],[-98.02051,18.59454],[-98.0205,18.59495],[-98.02015,18.59528],[-98.01805,18.59629],[-98.01758,18.59669],[-98.01705,18.59727],[-98.01575,18.59916],[-98.01447,18.60001],[-98.01325,18.60033],[-98.01221,18.59986],[-98.00994,18.60041],[-98.0093,18.60073],[-98.00789,18.60167],[-98.00627,18.60131],[-98.00581,18.60143],[-98.00557,18.60172],[-98.00539,18.60234],[-98.00452,18.60287],[-98.00388,18.60278],[-98.00261,18.60239],[-98.00033,18.60352],[-97.99529,18.60295],[-97.99379,18.60268],[-97.99304,18.60234],[-97.99195,18.60133],[-97.99114,18.60128],[-97.99067,18.60161],[-97.9902,18.60226],[-97.98955,18.60263],[-97.9888,18.60258],[-97.98881,18.602],[-97.98898,18.60187],[-97.9887,18.60141],[-97.9876,18.60132],[-97.98632,18.60146],[-97.98523,18.60079],[-97.98331,18.60093],[-97.98319,18.60101],[-97.98319,18.60126],[-97.98284,18.60134],[-97.98209,18.60116],[-97.98037,18.59985],[-97.97962,18.59951],[-97.97898,18.59929],[-97.97834,18.59928],[-97.97748,18.59902],[-97.97684,18.59877],[-97.97598,18.59818],[-97.9743,18.59761],[-97.97285,18.59768],[-97.97233,18.59738],[-97.97136,18.59633],[-97.9702,18.59594],[-97.96894,18.59514],[-97.96848,18.59509],[-97.96714,18.59524],[-97.96651,18.59461],[-97.96547,18.59422],[-97.96361,18.59436],[-97.96286,18.59423],[-97.96129,18.5942],[-97.9574,18.59494],[-97.95671,18.59476],[-97.95526,18.59466],[-97.95444,18.59498],[-97.95426,18.59535],[-97.95321,18.59584],[-97.95119,18.59552],[-97.9506,18.59576],[-97.94927,18.59595],[-97.94903,18.59611],[-97.94765,18.59568],[-97.94676,18.59695],[-97.9471,18.59787],[-97.94714,18.59874],[-97.94702,18.59949],[-97.94632,18.59993],[-97.94504,18.6],[-97.94354,18.59911],[-97.94279,18.59914],[-97.94261,18.59947],[-97.94272,18.60001],[-97.94295,18.60026],[-97.943,18.60088],[-97.94242,18.60116],[-97.94174,18.6009],[-97.94074,18.60031],[-97.94029,18.59993],[-97.93988,18.59997],[-97.93929,18.60067],[-97.93893,18.60137],[-97.93892,18.60228],[-97.93834,18.60285],[-97.93712,18.60292],[-97.936,18.60402],[-97.93588,18.60452],[-97.93552,18.60522],[-97.93499,18.60587],[-97.93371,18.60606],[-97.93301,18.60639],[-97.93242,18.60758],[-97.93264,18.60837],[-97.9324,18.60891],[-97.93193,18.60956],[-97.93111,18.60984],[-97.93053,18.60975],[-97.92967,18.60924],[-97.92868,18.60815],[-97.92816,18.60786],[-97.92618,18.60712],[-97.9254,18.60735],[-97.9245,18.60803],[-97.92384,18.60867],[-97.92341,18.60933],[-97.9232,18.60991],[-97.92291,18.61033],[-97.92292,18.61048],[-97.92419,18.61265],[-97.92849,18.6184],[-97.92882,18.61941],[-97.92858,18.62055],[-97.92734,18.62243],[-97.92635,18.62507],[-97.92501,18.6298],[-97.92408,18.63379],[-97.92327,18.63627],[-97.92145,18.64322],[-97.92088,18.64394],[-97.92044,18.64424],[-97.91947,18.64469],[-97.91475,18.6475],[-97.91409,18.6482],[-97.9107,18.65487],[-97.9098,18.65718],[-97.90992,18.65926],[-97.90924,18.66085],[-97.90886,18.6629],[-97.90849,18.66337],[-97.90745,18.66372],[-97.9062,18.66439],[-97.90555,18.66672],[-97.90487,18.66838],[-97.90389,18.67021],[-97.90414,18.67489],[-97.90465,18.6903],[-97.90643,18.6936],[-97.90594,18.69527],[-97.90688,18.69496],[-97.90851,18.69608],[-97.90926,18.69728],[-97.91019,18.69827],[-97.91158,18.69848],[-97.91251,18.69835],[-97.91303,18.69852],[-97.91315,18.69897],[-97.91367,18.6996],[-97.91431,18.70005],[-97.91477,18.70022],[-97.91512,18.70022],[-97.91582,18.69947],[-97.91646,18.70017],[-97.91692,18.70021],[-97.91779,18.69996],[-97.9182,18.70005],[-97.91907,18.70054],[-97.91994,18.70207],[-97.92006,18.70245],[-97.92011,18.7034],[-97.92023,18.70382],[-97.9204,18.70398],[-97.92122,18.70406],[-97.92156,18.70394],[-97.92226,18.70431],[-97.92302,18.70497],[-97.92476,18.70592],[-97.9254,18.70659],[-97.92621,18.70712],[-97.9269,18.70812],[-97.9276,18.70882],[-97.92934,18.70977],[-97.9312,18.71118],[-97.93172,18.71134],[-97.93259,18.71143],[-97.93474,18.71233],[-97.93532,18.71283],[-97.937,18.71519],[-97.93793,18.71581],[-97.93928,18.71644],[-97.93938,18.71664],[-97.93967,18.71672],[-97.94084,18.71747],[-97.94205,18.71858],[-97.94229,18.71891],[-97.9424,18.72003],[-97.94258,18.72074],[-97.94275,18.72115],[-97.94304,18.72144],[-97.94339,18.72173],[-97.94496,18.72231],[-97.94542,18.72239],[-97.94641,18.72297],[-97.94653,18.72355],[-97.94595,18.72475],[-97.94583,18.72529],[-97.94554,18.72575],[-97.94461,18.72608],[-97.94409,18.7265],[-97.94363,18.727],[-97.94363,18.72741],[-97.94334,18.72787],[-97.94252,18.7282],[-97.94206,18.72816],[-97.94107,18.72866],[-97.94061,18.7287],[-97.94026,18.72887],[-97.93974,18.72845],[-97.93933,18.72837],[-97.93887,18.72837],[-97.93817,18.72858],[-97.93707,18.72908],[-97.9351,18.72979],[-97.9344,18.73095],[-97.93359,18.73149],[-97.93307,18.73166],[-97.93133,18.73166],[-97.93057,18.73191],[-97.92924,18.73299],[-97.92837,18.73332],[-97.92802,18.73374],[-97.92785,18.73432],[-97.92808,18.73527],[-97.92797,18.73625],[-97.92739,18.736],[-97.92692,18.73614],[-97.92622,18.73602],[-97.92589,18.73586],[-97.92552,18.73598],[-97.92406,18.73561],[-97.92355,18.73594],[-97.9232,18.73644],[-97.92315,18.73681],[-97.92286,18.73714],[-97.92251,18.73801],[-97.92245,18.73884],[-97.92216,18.73984],[-97.92123,18.741],[-97.91996,18.74229],[-97.91903,18.74395],[-97.91781,18.74556],[-97.91671,18.74834],[-97.91648,18.74868],[-97.91648,18.74938],[-97.91671,18.75071],[-97.91601,18.75245],[-97.91561,18.75423],[-97.91561,18.7549],[-97.91596,18.75647],[-97.91642,18.7578],[-97.91741,18.75937],[-97.91787,18.76041],[-97.91816,18.76177],[-97.9177,18.76281],[-97.91605,18.76406],[-97.91535,18.76352],[-97.91431,18.76347],[-97.91419,18.76293],[-97.91425,18.76269],[-97.91396,18.76235],[-97.91332,18.76227],[-97.91124,18.76255],[-97.90845,18.76338],[-97.90648,18.76312],[-97.90066,18.77372],[-97.89886,18.77665],[-97.89619,18.77619],[-97.89403,18.77593],[-97.89144,18.786],[-97.89148,18.78633],[-97.89188,18.78658],[-97.89235,18.78737],[-97.89245,18.78787],[-97.89159,18.79023],[-97.89147,18.79081],[-97.89147,18.79168],[-97.89135,18.79242],[-97.89123,18.79304],[-97.89088,18.79383],[-97.88994,18.79992],[-97.88953,18.80166],[-97.88953,18.80199],[-97.88982,18.8029],[-97.88988,18.80423],[-97.8904,18.8056],[-97.89115,18.8061],[-97.89127,18.80631],[-97.89237,18.80726],[-97.89289,18.8076],[-97.89358,18.80851],[-97.89399,18.80955],[-97.89393,18.81087],[-97.89404,18.81162],[-97.89433,18.81224],[-97.89566,18.81361],[-97.89624,18.81465],[-97.89658,18.81594],[-97.8971,18.81673],[-97.89728,18.81718],[-97.89728,18.81756],[-97.89699,18.81797],[-97.89658,18.81822],[-97.89617,18.81934],[-97.89599,18.82079],[-97.89605,18.8212],[-97.89588,18.82178],[-97.89593,18.82269],[-97.8957,18.82427],[-97.89575,18.82539],[-97.89558,18.82617],[-97.89564,18.82642],[-97.89789,18.82778],[-97.89648,18.83762],[-97.89453,18.83713],[-97.88488,18.83516],[-97.88111,18.8428],[-97.87172,18.83866],[-97.86632,18.84616],[-97.86695,18.84655],[-97.86411,18.85658],[-97.86314,18.85721],[-97.86314,18.85742],[-97.86244,18.85944],[-97.86076,18.86287],[-97.86001,18.86423],[-97.85838,18.86646],[-97.85815,18.86733],[-97.85855,18.86831],[-97.85572,18.87047],[-97.85357,18.87063],[-97.85183,18.87356],[-97.85021,18.87538],[-97.84893,18.87794],[-97.84824,18.8779],[-97.84719,18.87806],[-97.8447,18.87933],[-97.84216,18.88617],[-97.84187,18.88672],[-97.84185,18.88756],[-97.83824,18.89762],[-97.83777,18.89823],[-97.83756,18.89877],[-97.82962,18.89363],[-97.82875,18.8952],[-97.82945,18.89569],[-97.8241,18.90716]]]}}]}