{"type": "FeatureCollection", "name": "pue_secciones", "features": [{"type": "Feature", "id": 1, "properties": {"seccion": 1, "id": 1, "municipio": 1, "nombre": "Acajete", "distrito_l": 12, "distrito_f": 1}, "geometry": {"type": "Polygon", "coordinates": [[[-97.928093, 19.02236], [-97.894156, 19.02236], [-97.894156, 19.073467], [-97.928093, 19.073467], [-97.928093, 19.02236]]]}}, {"type": "Feature", "id": 2, "properties": {"seccion": 2, "id": 2, "municipio": 1, "nombre": "Acajete", "distrito_l": 12, "distrito_f": 1}, "geometry": {"type": "Polygon", "coordinates": [[[-97.894156, 19.02236], [-97.860219, 19.02236], [-97.860219, 19.073467], [-97.894156, 19.073467], [-97.894156, 19.02236]]]}}, {"type": "Feature", "id": 3, "properties": {"seccion": 3, "id": 3, "municipio": 1, "nombre": "Acajete", "distrito_l": 12, "distrito_f": 1}, "geometry": {"type": "Polygon", "coordinates": [[[-97.860219, 19.02236], [-97.826282, 19.02236], [-97.826282, 19.073467], [-97.860219, 19.073467], [-97.860219, 19.02236]]]}}, {"type": "Feature", "id": 4, "properties": {"seccion": 4, "id": 4, "municipio": 1, "nombre": "Acajete", "distrito_l": 12, "distrito_f": 1}, "geometry": {"type": "Polygon", "coordinates": [[[-97.826282, 19.02236], [-97.792345, 19.02236], [-97.792345, 19.073467], [-97.826282, 19.073467], [-97.826282, 19.02236]]]}}, {"type": "Feature", "id": 5, "properties": {"seccion": 5, "id": 5, "municipio": 1, "nombre": "Acajete", "distrito_l": 12, "distrito_f": 1}, "geometry": {"type": "Polygon", "coordinates": [[[-97.792345, 19.02236], [-97.758408, 19.02236], [-97.758408, 19.073467], [-97.792345, 19.073467], [-97.792345, 19.02236]]]}}, {"type": "Feature", "id": 6, "properties": {"seccion": 6, "id": 6, "municipio": 1, "nombre": "Acajete", "distrito_l": 12, "distrito_f": 1}, "geometry": {"type": "Polygon", "coordinates": [[[-97.928093, 19.073467], [-97.894156, 19.073467], [-97.894156, 19.124574], [-97.928093, 19.124574], [-97.928093, 19.073467]]]}}, {"type": "Feature", "id": 7, "properties": {"seccion": 7, "id": 7, "municipio": 1, "nombre": "Acajete", "distrito_l": 12, "distrito_f": 1}, "geometry": {"type": "Polygon", "coordinates": [[[-97.894156, 19.073467], [-97.860219, 19.073467], [-97.860219, 19.124574], [-97.894156, 19.124574], [-97.894156, 19.073467]]]}}, {"type": "Feature", "id": 8, "properties": {"seccion": 8, "id": 8, "municipio": 1, "nombre": "Acajete", "distrito_l": 12, "distrito_f": 1}, "geometry": {"type": "Polygon", "coordinates": [[[-97.860219, 19.073467], [-97.826282, 19.073467], [-97.826282, 19.124574], [-97.860219, 19.124574], [-97.860219, 19.073467]]]}}, {"type": "Feature", "id": 9, "properties": {"seccion": 9, "id": 9, "municipio": 1, "nombre": "Acajete", "distrito_l": 12, "distrito_f": 1}, "geometry": {"type": "Polygon", "coordinates": [[[-97.826282, 19.073467], [-97.792345, 19.073467], [-97.792345, 19.124574], [-97.826282, 19.124574], [-97.826282, 19.073467]]]}}, {"type": "Feature", "id": 10, "properties": {"seccion": 10, "id": 10, "municipio": 1, "nombre": "Acajete", "distrito_l": 12, "distrito_f": 1}, "geometry": {"type": "Polygon", "coordinates": [[[-97.792345, 19.073467], [-97.758408, 19.073467], [-97.758408, 19.124574], [-97.792345, 19.124574], [-97.792345, 19.073467]]]}}, {"type": "Feature", "id": 11, "properties": {"seccion": 11, "id": 11, "municipio": 1, "nombre": "Acajete", "distrito_l": 12, "distrito_f": 1}, "geometry": {"type": "Polygon", "coordinates": [[[-97.928093, 19.124575], [-97.894156, 19.124575], [-97.894156, 19.175682], [-97.928093, 19.175682], [-97.928093, 19.124575]]]}}, {"type": "Feature", "id": 12, "properties": {"seccion": 12, "id": 12, "municipio": 1, "nombre": "Acajete", "distrito_l": 12, "distrito_f": 1}, "geometry": {"type": "Polygon", "coordinates": [[[-97.894156, 19.124575], [-97.860219, 19.124575], [-97.860219, 19.175682], [-97.894156, 19.175682], [-97.894156, 19.124575]]]}}, {"type": "Feature", "id": 13, "properties": {"seccion": 13, "id": 13, "municipio": 1, "nombre": "Acajete", "distrito_l": 12, "distrito_f": 1}, "geometry": {"type": "Polygon", "coordinates": [[[-97.860219, 19.124575], [-97.826282, 19.124575], [-97.826282, 19.175682], [-97.860219, 19.175682], [-97.860219, 19.124575]]]}}, {"type": "Feature", "id": 14, "properties": {"seccion": 14, "id": 14, "municipio": 1, "nombre": "Acajete", "distrito_l": 12, "distrito_f": 1}, "geometry": {"type": "Polygon", "coordinates": [[[-97.826282, 19.124575], [-97.792345, 19.124575], [-97.792345, 19.175682], [-97.826282, 19.175682], [-97.826282, 19.124575]]]}}, {"type": "Feature", "id": 16, "properties": {"seccion": 16, "id": 16, "municipio": 1, "nombre": "Acajete", "distrito_l": 12, "distrito_f": 1}, "geometry": {"type": "Polygon", "coordinates": [[[-97.792345, 19.124575], [-97.758408, 19.124575], [-97.758408, 19.175682], [-97.792345, 19.175682], [-97.792345, 19.124575]]]}}, {"type": "Feature", "id": 17, "properties": {"seccion": 17, "id": 17, "municipio": 1, "nombre": "Acajete", "distrito_l": 12, "distrito_f": 1}, "geometry": {"type": "Polygon", "coordinates": [[[-97.928093, 19.175682], [-97.894156, 19.175682], [-97.894156, 19.226789], [-97.928093, 19.226789], [-97.928093, 19.175682]]]}}, {"type": "Feature", "id": 18, "properties": {"seccion": 18, "id": 18, "municipio": 1, "nombre": "Acajete", "distrito_l": 12, "distrito_f": 1}, "geometry": {"type": "Polygon", "coordinates": [[[-97.894156, 19.175682], [-97.860219, 19.175682], [-97.860219, 19.226789], [-97.894156, 19.226789], [-97.894156, 19.175682]]]}}, {"type": "Feature", "id": 19, "properties": {"seccion": 19, "id": 19, "municipio": 1, "nombre": "Acajete", "distrito_l": 12, "distrito_f": 1}, "geometry": {"type": "Polygon", "coordinates": [[[-97.860219, 19.175682], [-97.826282, 19.175682], [-97.826282, 19.226789], [-97.860219, 19.226789], [-97.860219, 19.175682]]]}}, {"type": "Feature", "id": 2688, "properties": {"seccion": 2688, "id": 2688, "municipio": 1, "nombre": "Acajete", "distrito_l": 12, "distrito_f": 1}, "geometry": {"type": "Polygon", "coordinates": [[[-97.826282, 19.175682], [-97.792345, 19.175682], [-97.792345, 19.226789], [-97.826282, 19.226789], [-97.826282, 19.175682]]]}}, {"type": "Feature", "id": 2689, "properties": {"seccion": 2689, "id": 2689, "municipio": 1, "nombre": "Acajete", "distrito_l": 12, "distrito_f": 1}, "geometry": {"type": "Polygon", "coordinates": [[[-97.792345, 19.175682], [-97.758408, 19.175682], [-97.758408, 19.226789], [-97.792345, 19.226789], [-97.792345, 19.175682]]]}}, {"type": "Feature", "id": 20, "properties": {"seccion": 20, "id": 20, "municipio": 2, "nombre": "Acateno", "distrito_l": 6, "distrito_f": 1}, "geometry": {"type": "Polygon", "coordinates": [[[-97.208267, 20.0896], [-97.167635, 20.0896], [-97.167635, 20.13401], [-97.208267, 20.13401], [-97.208267, 20.0896]]]}}, {"type": "Feature", "id": 21, "properties": {"seccion": 21, "id": 21, "municipio": 2, "nombre": "Acateno", "distrito_l": 6, "distrito_f": 1}, "geometry": {"type": "Polygon", "coordinates": [[[-97.167636, 20.0896], [-97.127004, 20.0896], [-97.127004, 20.13401], [-97.167636, 20.13401], [-97.167636, 20.0896]]]}}, {"type": "Feature", "id": 22, "properties": {"seccion": 22, "id": 22, "municipio": 2, "nombre": "Acateno", "distrito_l": 6, "distrito_f": 1}, "geometry": {"type": "Polygon", "coordinates": [[[-97.127004, 20.0896], [-97.086372, 20.0896], [-97.086372, 20.13401], [-97.127004, 20.13401], [-97.127004, 20.0896]]]}}, {"type": "Feature", "id": 23, "properties": {"seccion": 23, "id": 23, "municipio": 2, "nombre": "Acateno", "distrito_l": 6, "distrito_f": 1}, "geometry": {"type": "Polygon", "coordinates": [[[-97.208267, 20.13401], [-97.167635, 20.13401], [-97.167635, 20.17842], [-97.208267, 20.17842], [-97.208267, 20.13401]]]}}, {"type": "Feature", "id": 24, "properties": {"seccion": 24, "id": 24, "municipio": 2, "nombre": "Acateno", "distrito_l": 6, "distrito_f": 1}, "geometry": {"type": "Polygon", "coordinates": [[[-97.167636, 20.13401], [-97.127004, 20.13401], [-97.127004, 20.17842], [-97.167636, 20.17842], [-97.167636, 20.13401]]]}}, {"type": "Feature", "id": 25, "properties": {"seccion": 25, "id": 25, "municipio": 2, "nombre": "Acateno", "distrito_l": 6, "distrito_f": 1}, "geometry": {"type": "Polygon", "coordinates": [[[-97.127004, 20.13401], [-97.086372, 20.13401], [-97.086372, 20.17842], [-97.127004, 20.17842], [-97.127004, 20.13401]]]}}, {"type": "Feature", "id": 26, "properties": {"seccion": 26, "id": 26, "municipio": 2, "nombre": "Acateno", "distrito_l": 6, "distrito_f": 1}, "geometry": {"type": "Polygon", "coordinates": [[[-97.208267, 20.17842], [-97.167635, 20.17842], [-97.167635, 20.22283], [-97.208267, 20.22283], [-97.208267, 20.17842]]]}}, {"type": "Feature", "id": 27, "properties": {"seccion": 27, "id": 27, "municipio": 2, "nombre": "Acateno", "distrito_l": 6, "distrito_f": 1}, "geometry": {"type": "Polygon", "coordinates": [[[-97.167636, 20.17842], [-97.127004, 20.17842], [-97.127004, 20.22283], [-97.167636, 20.22283], [-97.167636, 20.17842]]]}}, {"type": "Feature", "id": 28, "properties": {"seccion": 28, "id": 28, "municipio": 3, "nombre": "Acatlan", "distrito_l": 23, "distrito_f": 1}, "geometry": {"type": "Polygon", "coordinates": [[[-98.02906, 18.11141], [-97.99035, 18.11141], [-97.99035, 18.186005], [-98.02906, 18.186005], [-98.02906, 18.11141]]]}}, {"type": "Feature", "id": 29, "properties": {"seccion": 29, "id": 29, "municipio": 3, "nombre": "Acatlan", "distrito_l": 23, "distrito_f": 1}, "geometry": {"type": "Polygon", "coordinates": [[[-97.99035, 18.11141], [-97.95164, 18.11141], [-97.95164, 18.186005], [-97.99035, 18.186005], [-97.99035, 18.11141]]]}}, {"type": "Feature", "id": 30, "properties": {"seccion": 30, "id": 30, "municipio": 3, "nombre": "Acatlan", "distrito_l": 23, "distrito_f": 1}, "geometry": {"type": "Polygon", "coordinates": [[[-97.95164, 18.11141], [-97.91293, 18.11141], [-97.91293, 18.186005], [-97.95164, 18.186005], [-97.95164, 18.11141]]]}}, {"type": "Feature", "id": 31, "properties": {"seccion": 31, "id": 31, "municipio": 3, "nombre": "Acatlan", "distrito_l": 23, "distrito_f": 1}, "geometry": {"type": "Polygon", "coordinates": [[[-97.91293, 18.11141], [-97.87422, 18.11141], [-97.87422, 18.186005], [-97.91293, 18.186005], [-97.91293, 18.11141]]]}}, {"type": "Feature", "id": 32, "properties": {"seccion": 32, "id": 32, "municipio": 3, "nombre": "Acatlan", "distrito_l": 23, "distrito_f": 1}, "geometry": {"type": "Polygon", "coordinates": [[[-97.87422, 18.11141], [-97.83551, 18.11141], [-97.83551, 18.186005], [-97.87422, 18.186005], [-97.87422, 18.11141]]]}}, {"type": "Feature", "id": 33, "properties": {"seccion": 33, "id": 33, "municipio": 3, "nombre": "Acatlan", "distrito_l": 23, "distrito_f": 1}, "geometry": {"type": "Polygon", "coordinates": [[[-98.02906, 18.186005], [-97.99035, 18.186005], [-97.99035, 18.2606], [-98.02906, 18.2606], [-98.02906, 18.186005]]]}}, {"type": "Feature", "id": 35, "properties": {"seccion": 35, "id": 35, "municipio": 3, "nombre": "Acatlan", "distrito_l": 23, "distrito_f": 1}, "geometry": {"type": "Polygon", "coordinates": [[[-97.99035, 18.186005], [-97.95164, 18.186005], [-97.95164, 18.2606], [-97.99035, 18.2606], [-97.99035, 18.186005]]]}}, {"type": "Feature", "id": 36, "properties": {"seccion": 36, "id": 36, "municipio": 3, "nombre": "Acatlan", "distrito_l": 23, "distrito_f": 1}, "geometry": {"type": "Polygon", "coordinates": [[[-97.95164, 18.186005], [-97.91293, 18.186005], [-97.91293, 18.2606], [-97.95164, 18.2606], [-97.95164, 18.186005]]]}}, {"type": "Feature", "id": 37, "properties": {"seccion": 37, "id": 37, "municipio": 3, "nombre": "Acatlan", "distrito_l": 23, "distrito_f": 1}, "geometry": {"type": "Polygon", "coordinates": [[[-97.91293, 18.186005], [-97.87422, 18.186005], [-97.87422, 18.2606], [-97.91293, 18.2606], [-97.91293, 18.186005]]]}}, {"type": "Feature", "id": 38, "properties": {"seccion": 38, "id": 38, "municipio": 3, "nombre": "Acatlan", "distrito_l": 23, "distrito_f": 1}, "geometry": {"type": "Polygon", "coordinates": [[[-97.87422, 18.186005], [-97.83551, 18.186005], [-97.83551, 18.2606], [-97.87422, 18.2606], [-97.87422, 18.186005]]]}}, {"type": "Feature", "id": 39, "properties": {"seccion": 39, "id": 39, "municipio": 3, "nombre": "Acatlan", "distrito_l": 23, "distrito_f": 1}, "geometry": {"type": "Polygon", "coordinates": [[[-98.02906, 18.2606], [-97.99035, 18.2606], [-97.99035, 18.335195], [-98.02906, 18.335195], [-98.02906, 18.2606]]]}}, {"type": "Feature", "id": 40, "properties": {"seccion": 40, "id": 40, "municipio": 3, "nombre": "Acatlan", "distrito_l": 23, "distrito_f": 1}, "geometry": {"type": "Polygon", "coordinates": [[[-97.99035, 18.2606], [-97.95164, 18.2606], [-97.95164, 18.335195], [-97.99035, 18.335195], [-97.99035, 18.2606]]]}}, {"type": "Feature", "id": 41, "properties": {"seccion": 41, "id": 41, "municipio": 3, "nombre": "Acatlan", "distrito_l": 23, "distrito_f": 1}, "geometry": {"type": "Polygon", "coordinates": [[[-97.95164, 18.2606], [-97.91293, 18.2606], [-97.91293, 18.335195], [-97.95164, 18.335195], [-97.95164, 18.2606]]]}}, {"type": "Feature", "id": 42, "properties": {"seccion": 42, "id": 42, "municipio": 3, "nombre": "Acatlan", "distrito_l": 23, "distrito_f": 1}, "geometry": {"type": "Polygon", "coordinates": [[[-97.91293, 18.2606], [-97.87422, 18.2606], [-97.87422, 18.335195], [-97.91293, 18.335195], [-97.91293, 18.2606]]]}}, {"type": "Feature", "id": 43, "properties": {"seccion": 43, "id": 43, "municipio": 3, "nombre": "Acatlan", "distrito_l": 23, "distrito_f": 1}, "geometry": {"type": "Polygon", "coordinates": [[[-97.87422, 18.2606], [-97.83551, 18.2606], [-97.83551, 18.335195], [-97.87422, 18.335195], [-97.87422, 18.2606]]]}}, {"type": "Feature", "id": 44, "properties": {"seccion": 44, "id": 44, "municipio": 3, "nombre": "Acatlan", "distrito_l": 23, "distrito_f": 1}, "geometry": {"type": "Polygon", "coordinates": [[[-98.02906, 18.335195], [-97.99035, 18.335195], [-97.99035, 18.40979], [-98.02906, 18.40979], [-98.02906, 18.335195]]]}}, {"type": "Feature", "id": 2701, "properties": {"seccion": 2701, "id": 2701, "municipio": 3, "nombre": "Acatlan", "distrito_l": 23, "distrito_f": 1}, "geometry": {"type": "Polygon", "coordinates": [[[-97.99035, 18.335195], [-97.95164, 18.335195], [-97.95164, 18.40979], [-97.99035, 18.40979], [-97.99035, 18.335195]]]}}, {"type": "Feature", "id": 2702, "properties": {"seccion": 2702, "id": 2702, "municipio": 3, "nombre": "Acatlan", "distrito_l": 23, "distrito_f": 1}, "geometry": {"type": "Polygon", "coordinates": [[[-97.95164, 18.335195], [-97.91293, 18.335195], [-97.91293, 18.40979], [-97.95164, 18.40979], [-97.95164, 18.335195]]]}}, {"type": "Feature", "id": 45, "properties": {"seccion": 45, "id": 45, "municipio": 4, "nombre": "Acatzingo", "distrito_l": 13, "distrito_f": 1}, "geometry": {"type": "Polygon", "coordinates": [[[-97.740807, 19.009541], [-97.717724, 19.009541], [-97.717724, 19.046861], [-97.740807, 19.046861], [-97.740807, 19.009541]]]}}, {"type": "Feature", "id": 46, "properties": {"seccion": 46, "id": 46, "municipio": 4, "nombre": "Acatzingo", "distrito_l": 13, "distrito_f": 1}, "geometry": {"type": "Polygon", "coordinates": [[[-97.717723, 19.009541], [-97.69464, 19.009541], [-97.69464, 19.046861], [-97.717723, 19.046861], [-97.717723, 19.009541]]]}}, {"type": "Feature", "id": 47, "properties": {"seccion": 47, "id": 47, "municipio": 4, "nombre": "Acatzingo", "distrito_l": 13, "distrito_f": 1}, "geometry": {"type": "Polygon", "coordinates": [[[-97.69464, 19.009541], [-97.671557, 19.009541], [-97.671557, 19.046861], [-97.69464, 19.046861], [-97.69464, 19.009541]]]}}, {"type": "Feature", "id": 48, "properties": {"seccion": 48, "id": 48, "municipio": 4, "nombre": "Acatzingo", "distrito_l": 13, "distrito_f": 1}, "geometry": {"type": "Polygon", "coordinates": [[[-97.671556, 19.009541], [-97.648473, 19.009541], [-97.648473, 19.046861], [-97.671556, 19.046861], [-97.671556, 19.009541]]]}}, {"type": "Feature", "id": 49, "properties": {"seccion": 49, "id": 49, "municipio": 4, "nombre": "Acatzingo", "distrito_l": 13, "distrito_f": 1}, "geometry": {"type": "Polygon", "coordinates": [[[-97.648473, 19.009541], [-97.62539, 19.009541], [-97.62539, 19.046861], [-97.648473, 19.046861], [-97.648473, 19.009541]]]}}, {"type": "Feature", "id": 51, "properties": {"seccion": 51, "id": 51, "municipio": 4, "nombre": "Acatzingo", "distrito_l": 13, "distrito_f": 1}, "geometry": {"type": "Polygon", "coordinates": [[[-97.740807, 19.046861], [-97.717724, 19.046861], [-97.717724, 19.084181], [-97.740807, 19.084181], [-97.740807, 19.046861]]]}}, {"type": "Feature", "id": 52, "properties": {"seccion": 52, "id": 52, "municipio": 4, "nombre": "Acatzingo", "distrito_l": 13, "distrito_f": 1}, "geometry": {"type": "Polygon", "coordinates": [[[-97.717723, 19.046861], [-97.69464, 19.046861], [-97.69464, 19.084181], [-97.717723, 19.084181], [-97.717723, 19.046861]]]}}, {"type": "Feature", "id": 53, "properties": {"seccion": 53, "id": 53, "municipio": 4, "nombre": "Acatzingo", "distrito_l": 13, "distrito_f": 1}, "geometry": {"type": "Polygon", "coordinates": [[[-97.69464, 19.046861], [-97.671557, 19.046861], [-97.671557, 19.084181], [-97.69464, 19.084181], [-97.69464, 19.046861]]]}}, {"type": "Feature", "id": 54, "properties": {"seccion": 54, "id": 54, "municipio": 4, "nombre": "Acatzingo", "distrito_l": 13, "distrito_f": 1}, "geometry": {"type": "Polygon", "coordinates": [[[-97.671556, 19.046861], [-97.648473, 19.046861], [-97.648473, 19.084181], [-97.671556, 19.084181], [-97.671556, 19.046861]]]}}, {"type": "Feature", "id": 55, "properties": {"seccion": 55, "id": 55, "municipio": 4, "nombre": "Acatzingo", "distrito_l": 13, "distrito_f": 1}, "geometry": {"type": "Polygon", "coordinates": [[[-97.648473, 19.046861], [-97.62539, 19.046861], [-97.62539, 19.084181], [-97.648473, 19.084181], [-97.648473, 19.046861]]]}}, {"type": "Feature", "id": 56, "properties": {"seccion": 56, "id": 56, "municipio": 4, "nombre": "Acatzingo", "distrito_l": 13, "distrito_f": 1}, "geometry": {"type": "Polygon", "coordinates": [[[-97.740807, 19.084181], [-97.717724, 19.084181], [-97.717724, 19.121501], [-97.740807, 19.121501], [-97.740807, 19.084181]]]}}, {"type": "Feature", "id": 57, "properties": {"seccion": 57, "id": 57, "municipio": 4, "nombre": "Acatzingo", "distrito_l": 13, "distrito_f": 1}, "geometry": {"type": "Polygon", "coordinates": [[[-97.717723, 19.084181], [-97.69464, 19.084181], [-97.69464, 19.121501], [-97.717723, 19.121501], [-97.717723, 19.084181]]]}}, {"type": "Feature", "id": 58, "properties": {"seccion": 58, "id": 58, "municipio": 4, "nombre": "Acatzingo", "distrito_l": 13, "distrito_f": 1}, "geometry": {"type": "Polygon", "coordinates": [[[-97.69464, 19.084181], [-97.671557, 19.084181], [-97.671557, 19.121501], [-97.69464, 19.121501], [-97.69464, 19.084181]]]}}, {"type": "Feature", "id": 59, "properties": {"seccion": 59, "id": 59, "municipio": 4, "nombre": "Acatzingo", "distrito_l": 13, "distrito_f": 1}, "geometry": {"type": "Polygon", "coordinates": [[[-97.671556, 19.084181], [-97.648473, 19.084181], [-97.648473, 19.121501], [-97.671556, 19.121501], [-97.671556, 19.084181]]]}}, {"type": "Feature", "id": 60, "properties": {"seccion": 60, "id": 60, "municipio": 4, "nombre": "Acatzingo", "distrito_l": 13, "distrito_f": 1}, "geometry": {"type": "Polygon", "coordinates": [[[-97.648473, 19.084181], [-97.62539, 19.084181], [-97.62539, 19.121501], [-97.648473, 19.121501], [-97.648473, 19.084181]]]}}, {"type": "Feature", "id": 2904, "properties": {"seccion": 2904, "id": 2904, "municipio": 4, "nombre": "Acatzingo", "distrito_l": 13, "distrito_f": 1}, "geometry": {"type": "Polygon", "coordinates": [[[-97.740807, 19.121501], [-97.717724, 19.121501], [-97.717724, 19.158821], [-97.740807, 19.158821], [-97.740807, 19.121501]]]}}, {"type": "Feature", "id": 2905, "properties": {"seccion": 2905, "id": 2905, "municipio": 4, "nombre": "Acatzingo", "distrito_l": 13, "distrito_f": 1}, "geometry": {"type": "Polygon", "coordinates": [[[-97.717723, 19.121501], [-97.69464, 19.121501], [-97.69464, 19.158821], [-97.717723, 19.158821], [-97.717723, 19.121501]]]}}, {"type": "Feature", "id": 61, "properties": {"seccion": 61, "id": 61, "municipio": 5, "nombre": "Acteopan", "distrito_l": 22, "distrito_f": 1}, "geometry": {"type": "Polygon", "coordinates": [[[-98.628143, 18.657431], [-98.580223, 18.657431], [-98.580223, 18.732971], [-98.628143, 18.732971], [-98.628143, 18.657431]]]}}, {"type": "Feature", "id": 62, "properties": {"seccion": 62, "id": 62, "municipio": 5, "nombre": "Acteopan", "distrito_l": 22, "distrito_f": 1}, "geometry": {"type": "Polygon", "coordinates": [[[-98.580223, 18.657431], [-98.532303, 18.657431], [-98.532303, 18.732971], [-98.580223, 18.732971], [-98.580223, 18.657431]]]}}, {"type": "Feature", "id": 63, "properties": {"seccion": 63, "id": 63, "municipio": 5, "nombre": "Acteopan", "distrito_l": 22, "distrito_f": 1}, "geometry": {"type": "Polygon", "coordinates": [[[-98.628143, 18.73297], [-98.580223, 18.73297], [-98.580223, 18.80851], [-98.628143, 18.80851], [-98.628143, 18.73297]]]}}, {"type": "Feature", "id": 64, "properties": {"seccion": 64, "id": 64, "municipio": 6, "nombre": "Ahuacatlan", "distrito_l": 3, "distrito_f": 1}, "geometry": {"type": "Polygon", "coordinates": [[[-97.866043, 20.00848], [-97.830109, 20.00848], [-97.830109, 20.049787], [-97.866043, 20.049787], [-97.866043, 20.00848]]]}}, {"type": "Feature", "id": 65, "properties": {"seccion": 65, "id": 65, "municipio": 6, "nombre": "Ahuacatlan", "distrito_l": 3, "distrito_f": 1}, "geometry": {"type": "Polygon", "coordinates": [[[-97.830109, 20.00848], [-97.794175, 20.00848], [-97.794175, 20.049787], [-97.830109, 20.049787], [-97.830109, 20.00848]]]}}, {"type": "Feature", "id": 66, "properties": {"seccion": 66, "id": 66, "municipio": 6, "nombre": "Ahuacatlan", "distrito_l": 3, "distrito_f": 1}, "geometry": {"type": "Polygon", "coordinates": [[[-97.794174, 20.00848], [-97.75824, 20.00848], [-97.75824, 20.049787], [-97.794174, 20.049787], [-97.794174, 20.00848]]]}}, {"type": "Feature", "id": 67, "properties": {"seccion": 67, "id": 67, "municipio": 6, "nombre": "Ahuacatlan", "distrito_l": 3, "distrito_f": 1}, "geometry": {"type": "Polygon", "coordinates": [[[-97.866043, 20.049787], [-97.830109, 20.049787], [-97.830109, 20.091094], [-97.866043, 20.091094], [-97.866043, 20.049787]]]}}, {"type": "Feature", "id": 68, "properties": {"seccion": 68, "id": 68, "municipio": 6, "nombre": "Ahuacatlan", "distrito_l": 3, "distrito_f": 1}, "geometry": {"type": "Polygon", "coordinates": [[[-97.830109, 20.049787], [-97.794175, 20.049787], [-97.794175, 20.091094], [-97.830109, 20.091094], [-97.830109, 20.049787]]]}}, {"type": "Feature", "id": 69, "properties": {"seccion": 69, "id": 69, "municipio": 6, "nombre": "Ahuacatlan", "distrito_l": 3, "distrito_f": 1}, "geometry": {"type": "Polygon", "coordinates": [[[-97.794174, 20.049787], [-97.75824, 20.049787], [-97.75824, 20.091094], [-97.794174, 20.091094], [-97.794174, 20.049787]]]}}, {"type": "Feature", "id": 70, "properties": {"seccion": 70, "id": 70, "municipio": 6, "nombre": "Ahuacatlan", "distrito_l": 3, "distrito_f": 1}, "geometry": {"type": "Polygon", "coordinates": [[[-97.866043, 20.091094], [-97.830109, 20.091094], [-97.830109, 20.132401], [-97.866043, 20.132401], [-97.866043, 20.091094]]]}}, {"type": "Feature", "id": 71, "properties": {"seccion": 71, "id": 71, "municipio": 7, "nombre": "Ahuatlan", "distrito_l": 23, "distrito_f": 1}, "geometry": {"type": "Polygon", "coordinates": [[[-98.294357, 18.571268], [-98.189098, 18.571268], [-98.189098, 18.654934], [-98.294357, 18.654934], [-98.294357, 18.571268]]]}}, {"type": "Feature", "id": 72, "properties": {"seccion": 72, "id": 72, "municipio": 7, "nombre": "Ahuatlan", "distrito_l": 23, "distrito_f": 1}, "geometry": {"type": "Polygon", "coordinates": [[[-98.189098, 18.571268], [-98.083839, 18.571268], [-98.083839, 18.654934], [-98.189098, 18.654934], [-98.189098, 18.571268]]]}}, {"type": "Feature", "id": 73, "properties": {"seccion": 73, "id": 73, "municipio": 7, "nombre": "Ahuatlan", "distrito_l": 23, "distrito_f": 1}, "geometry": {"type": "Polygon", "coordinates": [[[-98.294357, 18.654934], [-98.189098, 18.654934], [-98.189098, 18.7386], [-98.294357, 18.7386], [-98.294357, 18.654934]]]}}, {"type": "Feature", "id": 74, "properties": {"seccion": 74, "id": 74, "municipio": 7, "nombre": "Ahuatlan", "distrito_l": 23, "distrito_f": 1}, "geometry": {"type": "Polygon", "coordinates": [[[-98.189098, 18.654934], [-98.083839, 18.654934], [-98.083839, 18.7386], [-98.189098, 18.7386], [-98.189098, 18.654934]]]}}, {"type": "Feature", "id": 75, "properties": {"seccion": 75, "id": 75, "municipio": 8, "nombre": "Ahuazotepec", "distrito_l": 2, "distrito_f": 1}, "geometry": {"type": "Polygon", "coordinates": [[[-98.123718, 20.042301], [-98.084217, 20.042301], [-98.084217, 20.099006], [-98.123718, 20.099006], [-98.123718, 20.042301]]]}}, {"type": "Feature", "id": 76, "properties": {"seccion": 76, "id": 76, "municipio": 8, "nombre": "Ahuazotepec", "distrito_l": 2, "distrito_f": 1}, "geometry": {"type": "Polygon", "coordinates": [[[-98.084217, 20.042301], [-98.044716, 20.042301], [-98.044716, 20.099006], [-98.084217, 20.099006], [-98.084217, 20.042301]]]}}, {"type": "Feature", "id": 77, "properties": {"seccion": 77, "id": 77, "municipio": 8, "nombre": "Ahuazotepec", "distrito_l": 2, "distrito_f": 1}, "geometry": {"type": "Polygon", "coordinates": [[[-98.123718, 20.099006], [-98.084217, 20.099006], [-98.084217, 20.155711], [-98.123718, 20.155711], [-98.123718, 20.099006]]]}}, {"type": "Feature", "id": 78, "properties": {"seccion": 78, "id": 78, "municipio": 8, "nombre": "Ahuazotepec", "distrito_l": 2, "distrito_f": 1}, "geometry": {"type": "Polygon", "coordinates": [[[-98.084217, 20.099006], [-98.044716, 20.099006], [-98.044716, 20.155711], [-98.084217, 20.155711], [-98.084217, 20.099006]]]}}, {"type": "Feature", "id": 79, "properties": {"seccion": 79, "id": 79, "municipio": 9, "nombre": "Ahuehuetitla", "distrito_l": 23, "distrito_f": 1}, "geometry": {"type": "Polygon", "coordinates": [[[-98.0159530639648, 18.2605991363526], [-98.0213623046875, 18.2539691925049], [-98.0235824584961, 18.2503204345704], [-98.0250701904297, 18.2464694976807], [-98.0263061523438, 18.2426109313966], [-98.0273132324218, 18.2369499206543], [-98.0278167724608, 18.2322006225587], [-98.0280761718749, 18.2290401458741], [-98.0293273925781, 18.2240505218506], [-98.0310363769531, 18.2224502563477], [-98.0327682495117, 18.2206211090089], [-98.0344772338867, 18.2185611724853], [-98.0376968383789, 18.2146797180176], [-98.040412902832, 18.2112503051757], [-98.0423889160156, 18.2071609497071], [-98.0441131591796, 18.2039718627931], [-98.0465774536132, 18.1991996765137], [-98.0483169555663, 18.1960105895997], [-98.0512771606444, 18.1916694641114], [-98.0544815063477, 18.1884708404541], [-98.0574264526367, 18.1850395202636], [-98.0606384277344, 18.1809310913085], [-98.063346862793, 18.1754703521729], [-98.0638732910156, 18.1713981628419], [-98.0638809204102, 18.1682415008546], [-98.0626678466797, 18.1646518707276], [-98.0614624023437, 18.1608390808105], [-98.0595169067383, 18.156810760498], [-98.0658874511719, 18.1560306549072], [-98.0685882568359, 18.1557712554933], [-98.0720291137695, 18.1550407409669], [-98.0747299194335, 18.1536407470704], [-98.0830764770508, 18.1476516723633], [-98.0857925415038, 18.1455707550049], [-98.088752746582, 18.143497467041], [-98.0948867797852, 18.1398029327393], [-98.0978393554688, 18.1384029388428], [-98.1025085449219, 18.1369705200196], [-98.1049575805663, 18.1364803314209], [-98.108642578125, 18.1364307403565], [-98.1132965087891, 18.1370296478271], [-98.1179580688477, 18.1383094787597], [-98.1272659301757, 18.1410884857178], [-98.1326599121094, 18.1428108215333], [-98.1358261108398, 18.1441097259521], [-98.1385269165038, 18.1454200744629], [-98.1436691284179, 18.1487312316895], [-98.1451263427734, 18.150281906128], [-98.1478271484375, 18.15385055542], [-98.150749206543, 18.1583099365235], [-98.1531677246094, 18.1648197174072], [-98.1570663452148, 18.1683597564698], [-98.1595306396484, 18.1696796417237], [-98.1622161865234, 18.1709880828857], [-98.165168762207, 18.1716175079347], [-98.1678619384766, 18.1722507476807], [-98.1700668334961, 18.1726703643799], [-98.1720275878906, 18.1739902496338], [-98.1722564697266, 18.1776008605956], [-98.171257019043, 18.1805400848389], [-98.1697769165039, 18.1832809448242], [-98.1678009033203, 18.1853408813477], [-98.1660766601562, 18.1871719360353], [-98.1628799438477, 18.1903800964355], [-98.1609115600586, 18.1922225952148], [-98.1579513549805, 18.1956481933594], [-98.1549758911133, 18.1997604370118], [-98.1530075073242, 18.2029495239258], [-98.1512832641601, 18.2065925598144], [-98.1498031616211, 18.2097702026367], [-98.1485366821288, 18.2152080535888], [-98.1480407714843, 18.2188301086426], [-98.1480331420898, 18.2210884094238], [-98.1482620239257, 18.2235603332519], [-98.1484909057617, 18.2276210784912], [-98.1487274169921, 18.2298793792726], [-98.1489562988281, 18.2337112426759], [-98.1486968994141, 18.2362003326417], [-98.148452758789, 18.2398109436035], [-98.1481781005859, 18.2441101074219], [-98.1484069824219, 18.2488498687745], [-98.1481399536132, 18.254270553589], [-98.1478729248046, 18.2592506408691], [-98.1473617553711, 18.2633228302003], [-98.1458663940429, 18.2680797576904], [-98.1441421508788, 18.2721710205078], [-98.1424026489258, 18.2769393920898], [-98.1423873901367, 18.2798805236816], [-98.1408767700195, 18.2871284484863], [-98.1389160156249, 18.2876091003419], [-98.1337585449218, 18.2895011901857], [-98.1273803710936, 18.2916412353516], [-98.118782043457, 18.293800354004], [-98.1143569946289, 18.2945499420167], [-98.1072463989257, 18.2946701049805], [-98.1030807495117, 18.2940502166748], [-98.0962219238281, 18.292350769043], [-98.0888671875, 18.2906608581544], [-98.0837326049805, 18.2889308929444], [-98.0807876586914, 18.2878494262696], [-98.0781021118164, 18.2867603302003], [-98.0754089355469, 18.2849884033204], [-98.0737075805664, 18.2829914093019], [-98.0707702636719, 18.2794208526611], [-98.0688095092773, 18.2783203125001], [-98.0653762817382, 18.2779197692871], [-98.0619506835937, 18.2786502838135], [-98.0572891235352, 18.2791709899903], [-98.0545959472656, 18.2783107757569], [-98.0514068603516, 18.2776794433594], [-98.0477294921874, 18.2777385711671], [-98.0452880859375, 18.2779998779298], [-98.0408630371093, 18.27986907959], [-98.0361862182617, 18.2831001281738], [-98.0317687988281, 18.2865600585939], [-98.0290603637695, 18.2886295318604], [-98.0251693725586, 18.2791996002197], [-98.0215301513672, 18.2729301452638], [-98.0181274414062, 18.2655296325683], [-98.0159530639648, 18.2605991363526]]]}}, {"type": "Feature", "id": 80, "properties": {"seccion": 80, "id": 80, "municipio": 10, "nombre": "Ajalpan", "distrito_l": 26, "distrito_f": 1}, "geometry": {"type": "Polygon", "coordinates": [[[-97.219513, 18.34264], [-97.162037, 18.34264], [-97.162037, 18.376654], [-97.219513, 18.376654], [-97.219513, 18.34264]]]}}, {"type": "Feature", "id": 81, "properties": {"seccion": 81, "id": 81, "municipio": 10, "nombre": "Ajalpan", "distrito_l": 26, "distrito_f": 1}, "geometry": {"type": "Polygon", "coordinates": [[[-97.162037, 18.34264], [-97.104561, 18.34264], [-97.104561, 18.376654], [-97.162037, 18.376654], [-97.162037, 18.34264]]]}}, {"type": "Feature", "id": 82, "properties": {"seccion": 82, "id": 82, "municipio": 10, "nombre": "Ajalpan", "distrito_l": 26, "distrito_f": 1}, "geometry": {"type": "Polygon", "coordinates": [[[-97.104561, 18.34264], [-97.047085, 18.34264], [-97.047085, 18.376654], [-97.104561, 18.376654], [-97.104561, 18.34264]]]}}, {"type": "Feature", "id": 83, "properties": {"seccion": 83, "id": 83, "municipio": 10, "nombre": "Ajalpan", "distrito_l": 26, "distrito_f": 1}, "geometry": {"type": "Polygon", "coordinates": [[[-97.047085, 18.34264], [-96.989609, 18.34264], [-96.989609, 18.376654], [-97.047085, 18.376654], [-97.047085, 18.34264]]]}}, {"type": "Feature", "id": 84, "properties": {"seccion": 84, "id": 84, "municipio": 10, "nombre": "Ajalpan", "distrito_l": 26, "distrito_f": 1}, "geometry": {"type": "Polygon", "coordinates": [[[-96.989609, 18.34264], [-96.932133, 18.34264], [-96.932133, 18.376654], [-96.989609, 18.376654], [-96.989609, 18.34264]]]}}, {"type": "Feature", "id": 85, "properties": {"seccion": 85, "id": 85, "municipio": 10, "nombre": "Ajalpan", "distrito_l": 26, "distrito_f": 1}, "geometry": {"type": "Polygon", "coordinates": [[[-96.932133, 18.34264], [-96.874657, 18.34264], [-96.874657, 18.376654], [-96.932133, 18.376654], [-96.932133, 18.34264]]]}}, {"type": "Feature", "id": 86, "properties": {"seccion": 86, "id": 86, "municipio": 10, "nombre": "Ajalpan", "distrito_l": 26, "distrito_f": 1}, "geometry": {"type": "Polygon", "coordinates": [[[-97.219513, 18.376654], [-97.162037, 18.376654], [-97.162037, 18.410668], [-97.219513, 18.410668], [-97.219513, 18.376654]]]}}, {"type": "Feature", "id": 87, "properties": {"seccion": 87, "id": 87, "municipio": 10, "nombre": "Ajalpan", "distrito_l": 26, "distrito_f": 1}, "geometry": {"type": "Polygon", "coordinates": [[[-97.162037, 18.376654], [-97.104561, 18.376654], [-97.104561, 18.410668], [-97.162037, 18.410668], [-97.162037, 18.376654]]]}}, {"type": "Feature", "id": 88, "properties": {"seccion": 88, "id": 88, "municipio": 10, "nombre": "Ajalpan", "distrito_l": 26, "distrito_f": 1}, "geometry": {"type": "Polygon", "coordinates": [[[-97.104561, 18.376654], [-97.047085, 18.376654], [-97.047085, 18.410668], [-97.104561, 18.410668], [-97.104561, 18.376654]]]}}, {"type": "Feature", "id": 89, "properties": {"seccion": 89, "id": 89, "municipio": 10, "nombre": "Ajalpan", "distrito_l": 26, "distrito_f": 1}, "geometry": {"type": "Polygon", "coordinates": [[[-97.047085, 18.376654], [-96.989609, 18.376654], [-96.989609, 18.410668], [-97.047085, 18.410668], [-97.047085, 18.376654]]]}}, {"type": "Feature", "id": 90, "properties": {"seccion": 90, "id": 90, "municipio": 10, "nombre": "Ajalpan", "distrito_l": 26, "distrito_f": 1}, "geometry": {"type": "Polygon", "coordinates": [[[-96.989609, 18.376654], [-96.932133, 18.376654], [-96.932133, 18.410668], [-96.989609, 18.410668], [-96.989609, 18.376654]]]}}, {"type": "Feature", "id": 91, "properties": {"seccion": 91, "id": 91, "municipio": 10, "nombre": "Ajalpan", "distrito_l": 26, "distrito_f": 1}, "geometry": {"type": "Polygon", "coordinates": [[[-96.932133, 18.376654], [-96.874657, 18.376654], [-96.874657, 18.410668], [-96.932133, 18.410668], [-96.932133, 18.376654]]]}}, {"type": "Feature", "id": 92, "properties": {"seccion": 92, "id": 92, "municipio": 10, "nombre": "Ajalpan", "distrito_l": 26, "distrito_f": 1}, "geometry": {"type": "Polygon", "coordinates": [[[-97.219513, 18.410668], [-97.162037, 18.410668], [-97.162037, 18.444682], [-97.219513, 18.444682], [-97.219513, 18.410668]]]}}, {"type": "Feature", "id": 93, "properties": {"seccion": 93, "id": 93, "municipio": 10, "nombre": "Ajalpan", "distrito_l": 26, "distrito_f": 1}, "geometry": {"type": "Polygon", "coordinates": [[[-97.162037, 18.410668], [-97.104561, 18.410668], [-97.104561, 18.444682], [-97.162037, 18.444682], [-97.162037, 18.410668]]]}}, {"type": "Feature", "id": 94, "properties": {"seccion": 94, "id": 94, "municipio": 10, "nombre": "Ajalpan", "distrito_l": 26, "distrito_f": 1}, "geometry": {"type": "Polygon", "coordinates": [[[-97.104561, 18.410668], [-97.047085, 18.410668], [-97.047085, 18.444682], [-97.104561, 18.444682], [-97.104561, 18.410668]]]}}, {"type": "Feature", "id": 95, "properties": {"seccion": 95, "id": 95, "municipio": 10, "nombre": "Ajalpan", "distrito_l": 26, "distrito_f": 1}, "geometry": {"type": "Polygon", "coordinates": [[[-97.047085, 18.410668], [-96.989609, 18.410668], [-96.989609, 18.444682], [-97.047085, 18.444682], [-97.047085, 18.410668]]]}}, {"type": "Feature", "id": 97, "properties": {"seccion": 97, "id": 97, "municipio": 10, "nombre": "Ajalpan", "distrito_l": 26, "distrito_f": 1}, "geometry": {"type": "Polygon", "coordinates": [[[-96.989609, 18.410668], [-96.932133, 18.410668], [-96.932133, 18.444682], [-96.989609, 18.444682], [-96.989609, 18.410668]]]}}, {"type": "Feature", "id": 98, "properties": {"seccion": 98, "id": 98, "municipio": 10, "nombre": "Ajalpan", "distrito_l": 26, "distrito_f": 1}, "geometry": {"type": "Polygon", "coordinates": [[[-96.932133, 18.410668], [-96.874657, 18.410668], [-96.874657, 18.444682], [-96.932133, 18.444682], [-96.932133, 18.410668]]]}}, {"type": "Feature", "id": 99, "properties": {"seccion": 99, "id": 99, "municipio": 10, "nombre": "Ajalpan", "distrito_l": 26, "distrito_f": 1}, "geometry": {"type": "Polygon", "coordinates": [[[-97.219513, 18.444682], [-97.162037, 18.444682], [-97.162037, 18.478696], [-97.219513, 18.478696], [-97.219513, 18.444682]]]}}, {"type": "Feature", "id": 100, "properties": {"seccion": 100, "id": 100, "municipio": 10, "nombre": "Ajalpan", "distrito_l": 26, "distrito_f": 1}, "geometry": {"type": "Polygon", "coordinates": [[[-97.162037, 18.444682], [-97.104561, 18.444682], [-97.104561, 18.478696], [-97.162037, 18.478696], [-97.162037, 18.444682]]]}}, {"type": "Feature", "id": 101, "properties": {"seccion": 101, "id": 101, "municipio": 10, "nombre": "Ajalpan", "distrito_l": 26, "distrito_f": 1}, "geometry": {"type": "Polygon", "coordinates": [[[-97.104561, 18.444682], [-97.047085, 18.444682], [-97.047085, 18.478696], [-97.104561, 18.478696], [-97.104561, 18.444682]]]}}, {"type": "Feature", "id": 2684, "properties": {"seccion": 2684, "id": 2684, "municipio": 10, "nombre": "Ajalpan", "distrito_l": 26, "distrito_f": 1}, "geometry": {"type": "Polygon", "coordinates": [[[-97.047085, 18.444682], [-96.989609, 18.444682], [-96.989609, 18.478696], [-97.047085, 18.478696], [-97.047085, 18.444682]]]}}, {"type": "Feature", "id": 2685, "properties": {"seccion": 2685, "id": 2685, "municipio": 10, "nombre": "Ajalpan", "distrito_l": 26, "distrito_f": 1}, "geometry": {"type": "Polygon", "coordinates": [[[-96.989609, 18.444682], [-96.932133, 18.444682], [-96.932133, 18.478696], [-96.989609, 18.478696], [-96.989609, 18.444682]]]}}, {"type": "Feature", "id": 2686, "properties": {"seccion": 2686, "id": 2686, "municipio": 10, "nombre": "Ajalpan", "distrito_l": 26, "distrito_f": 1}, "geometry": {"type": "Polygon", "coordinates": [[[-96.932133, 18.444682], [-96.874657, 18.444682], [-96.874657, 18.478696], [-96.932133, 18.478696], [-96.932133, 18.444682]]]}}, {"type": "Feature", "id": 2687, "properties": {"seccion": 2687, "id": 2687, "municipio": 10, "nombre": "Ajalpan", "distrito_l": 26, "distrito_f": 1}, "geometry": {"type": "Polygon", "coordinates": [[[-97.219513, 18.478696], [-97.162037, 18.478696], [-97.162037, 18.51271], [-97.219513, 18.51271], [-97.219513, 18.478696]]]}}, {"type": "Feature", "id": 2740, "properties": {"seccion": 2740, "id": 2740, "municipio": 10, "nombre": "Ajalpan", "distrito_l": 26, "distrito_f": 1}, "geometry": {"type": "Polygon", "coordinates": [[[-97.162037, 18.478696], [-97.104561, 18.478696], [-97.104561, 18.51271], [-97.162037, 18.51271], [-97.162037, 18.478696]]]}}, {"type": "Feature", "id": 102, "properties": {"seccion": 102, "id": 102, "municipio": 11, "nombre": "Albino Zertuche", "distrito_l": 23, "distrito_f": 1}, "geometry": {"type": "Polygon", "coordinates": [[[-98.3996658325195, 18.0824527740479], [-98.3992004394531, 18.077039718628], [-98.3957977294922, 18.0660591125488], [-98.3931198120117, 18.0609207153321], [-98.3906784057617, 18.0569095611573], [-98.3884811401367, 18.0533409118653], [-98.3845672607421, 18.0491275787355], [-98.3818664550781, 18.0475997924804], [-98.3754730224609, 18.0461311340333], [-98.3725433349609, 18.0452804565431], [-98.3695907592773, 18.0433006286622], [-98.3678665161132, 18.0415306091309], [-98.3666458129882, 18.0386180877686], [-98.3669128417968, 18.0332107543946], [-98.3681716918945, 18.0286808013917], [-98.3696517944336, 18.0243797302247], [-98.3754501342773, 18.0114784240723], [-98.3793869018555, 18.0164909362793], [-98.3823471069336, 18.018440246582], [-98.3855590820312, 18.0192604064943], [-98.3887557983398, 18.0198612213135], [-98.394172668457, 18.020399093628], [-98.4037628173828, 18.0197200775146], [-98.4106369018555, 18.0177497863769], [-98.4167861938476, 18.0162506103516], [-98.4207229614257, 18.0154781341554], [-98.4271163940429, 18.0144309997559], [-98.4349670410156, 18.0126495361329], [-98.4411163330078, 18.0111503601074], [-98.4430770874023, 18.0099811553956], [-98.4452896118164, 18.0083503723145], [-98.4489669799805, 18.0042095184327], [-98.4511795043945, 18.0016803741455], [-98.4548416137695, 17.9977607727051], [-98.4560699462891, 17.9957008361816], [-98.4589996337891, 17.9904594421388], [-98.4616775512695, 17.9870204925538], [-98.4648666381835, 17.9835605621337], [-98.4678115844726, 17.9810104370118], [-98.4719772338867, 17.9779911041261], [-98.4754333496094, 17.9781303405762], [-98.48233795166, 17.9813308715821], [-98.4870223999023, 17.9841403961181], [-98.4902420043945, 17.9872207641602], [-98.4939422607421, 17.9884815216066], [-98.5005874633789, 17.9880905151367], [-98.5094528198242, 17.9862995147705], [-98.5180358886719, 17.9836101531984], [-98.5286102294922, 17.9797496795655], [-98.5320510864258, 17.9785404205323], [-98.5369796752929, 17.9770698547364], [-98.5404205322266, 17.9763107299805], [-98.5460815429688, 17.9755001068115], [-98.5502777099609, 17.976749420166], [-98.5515289306641, 17.980770111084], [-98.5505676269531, 17.9857406616212], [-98.5469131469727, 17.9937000274658], [-98.5459518432617, 17.9995803833008], [-98.5459823608398, 18.0061111450196], [-98.548973083496, 18.0127811431885], [-98.5551528930664, 18.0175819396973], [-98.5615615844726, 18.0187797546387], [-98.5684661865234, 18.0201797485352], [-98.5625686645508, 18.0255508422852], [-98.5596008300781, 18.0267295837402], [-98.555419921875, 18.0277004241944], [-98.5507431030273, 18.0289096832277], [-98.5460510253906, 18.0305595397949], [-98.5408706665038, 18.0329093933106], [-98.5388870239257, 18.0342903137208], [-98.5349273681641, 18.0384101867676], [-98.5304870605468, 18.0438995361329], [-98.5262908935546, 18.0482501983643], [-98.522819519043, 18.0523681640624], [-98.5191192626953, 18.0546798706055], [-98.5161666870117, 18.0556411743164], [-98.5107421874999, 18.0573101043701], [-98.5063095092773, 18.0589618682861], [-98.5003814697266, 18.0615406036378], [-98.4947128295898, 18.0652503967285], [-98.4902572631836, 18.0691509246826], [-98.4863128662109, 18.0728282928467], [-98.478889465332, 18.0810718536377], [-98.4761734008789, 18.0840511322021], [-98.4744415283203, 18.0863304138184], [-98.4739379882812, 18.088592529297], [-98.4692611694335, 18.0893516540527], [-98.4626159667969, 18.0890197753906], [-98.4581909179687, 18.0886402130128], [-98.4554672241211, 18.0882415771484], [-98.4500732421874, 18.0878810882569], [-98.4456481933594, 18.0868301391602], [-98.4390182495117, 18.0846900939943], [-98.433120727539, 18.0827674865724], [-98.4284515380859, 18.0815010070801], [-98.4230422973633, 18.080909729004], [-98.4181213378906, 18.0807704925537], [-98.4124603271484, 18.0811004638672], [-98.4092559814453, 18.0813808441162], [-98.4063110351562, 18.0818805694581], [-98.4033508300781, 18.0826110839844], [-98.3996658325195, 18.0849304199219], [-98.3996658325195, 18.0824527740479]]]}}, {"type": "Feature", "id": 103, "properties": {"seccion": 103, "id": 103, "municipio": 12, "nombre": "Aljojuca", "distrito_l": 14, "distrito_f": 1}, "geometry": {"type": "Polygon", "coordinates": [[[-97.466827, 19.0756], [-97.428344, 19.0756], [-97.428344, 19.12116], [-97.466827, 19.12116], [-97.466827, 19.0756]]]}}, {"type": "Feature", "id": 104, "properties": {"seccion": 104, "id": 104, "municipio": 12, "nombre": "Aljojuca", "distrito_l": 14, "distrito_f": 1}, "geometry": {"type": "Polygon", "coordinates": [[[-97.428345, 19.0756], [-97.389862, 19.0756], [-97.389862, 19.12116], [-97.428345, 19.12116], [-97.428345, 19.0756]]]}}, {"type": "Feature", "id": 105, "properties": {"seccion": 105, "id": 105, "municipio": 12, "nombre": "Aljojuca", "distrito_l": 14, "distrito_f": 1}, "geometry": {"type": "Polygon", "coordinates": [[[-97.466827, 19.12116], [-97.428344, 19.12116], [-97.428344, 19.16672], [-97.466827, 19.16672], [-97.466827, 19.12116]]]}}, {"type": "Feature", "id": 106, "properties": {"seccion": 106, "id": 106, "municipio": 12, "nombre": "Aljojuca", "distrito_l": 14, "distrito_f": 1}, "geometry": {"type": "Polygon", "coordinates": [[[-97.428345, 19.12116], [-97.389862, 19.12116], [-97.389862, 19.16672], [-97.428345, 19.16672], [-97.428345, 19.12116]]]}}, {"type": "Feature", "id": 107, "properties": {"seccion": 107, "id": 107, "municipio": 13, "nombre": "Altepexi", "distrito_l": 26, "distrito_f": 1}, "geometry": {"type": "Polygon", "coordinates": [[[-97.2509, 18.33279], [-97.230924, 18.33279], [-97.230924, 18.371095], [-97.2509, 18.371095], [-97.2509, 18.33279]]]}}, {"type": "Feature", "id": 108, "properties": {"seccion": 108, "id": 108, "municipio": 13, "nombre": "Altepexi", "distrito_l": 26, "distrito_f": 1}, "geometry": {"type": "Polygon", "coordinates": [[[-97.230924, 18.33279], [-97.210948, 18.33279], [-97.210948, 18.371095], [-97.230924, 18.371095], [-97.230924, 18.33279]]]}}, {"type": "Feature", "id": 109, "properties": {"seccion": 109, "id": 109, "municipio": 13, "nombre": "Altepexi", "distrito_l": 26, "distrito_f": 1}, "geometry": {"type": "Polygon", "coordinates": [[[-97.210948, 18.33279], [-97.190972, 18.33279], [-97.190972, 18.371095], [-97.210948, 18.371095], [-97.210948, 18.33279]]]}}, {"type": "Feature", "id": 110, "properties": {"seccion": 110, "id": 110, "municipio": 13, "nombre": "Altepexi", "distrito_l": 26, "distrito_f": 1}, "geometry": {"type": "Polygon", "coordinates": [[[-97.2509, 18.371096], [-97.230924, 18.371096], [-97.230924, 18.409401], [-97.2509, 18.409401], [-97.2509, 18.371096]]]}}, {"type": "Feature", "id": 111, "properties": {"seccion": 111, "id": 111, "municipio": 13, "nombre": "Altepexi", "distrito_l": 26, "distrito_f": 1}, "geometry": {"type": "Polygon", "coordinates": [[[-97.230924, 18.371096], [-97.210948, 18.371096], [-97.210948, 18.409401], [-97.230924, 18.409401], [-97.230924, 18.371096]]]}}, {"type": "Feature", "id": 112, "properties": {"seccion": 112, "id": 112, "municipio": 13, "nombre": "Altepexi", "distrito_l": 26, "distrito_f": 1}, "geometry": {"type": "Polygon", "coordinates": [[[-97.210948, 18.371096], [-97.190972, 18.371096], [-97.190972, 18.409401], [-97.210948, 18.409401], [-97.210948, 18.371096]]]}}, {"type": "Feature", "id": 113, "properties": {"seccion": 113, "id": 113, "municipio": 14, "nombre": "Amixtlan", "distrito_l": 3, "distrito_f": 1}, "geometry": {"type": "Polygon", "coordinates": [[[-97.770073, 20.03981], [-97.740826, 20.03981], [-97.740826, 20.073855], [-97.770073, 20.073855], [-97.770073, 20.03981]]]}}, {"type": "Feature", "id": 114, "properties": {"seccion": 114, "id": 114, "municipio": 14, "nombre": "Amixtlan", "distrito_l": 3, "distrito_f": 1}, "geometry": {"type": "Polygon", "coordinates": [[[-97.740826, 20.03981], [-97.711579, 20.03981], [-97.711579, 20.073855], [-97.740826, 20.073855], [-97.740826, 20.03981]]]}}, {"type": "Feature", "id": 115, "properties": {"seccion": 115, "id": 115, "municipio": 14, "nombre": "Amixtlan", "distrito_l": 3, "distrito_f": 1}, "geometry": {"type": "Polygon", "coordinates": [[[-97.770073, 20.073855], [-97.740826, 20.073855], [-97.740826, 20.1079], [-97.770073, 20.1079], [-97.770073, 20.073855]]]}}, {"type": "Feature", "id": 116, "properties": {"seccion": 116, "id": 116, "municipio": 15, "nombre": "Amozoc", "distrito_l": 12, "distrito_f": 1}, "geometry": {"type": "Polygon", "coordinates": [[[-98.031052, 19.041941], [-98.008461, 19.041941], [-98.008461, 19.071811], [-98.031052, 19.071811], [-98.031052, 19.041941]]]}}, {"type": "Feature", "id": 117, "properties": {"seccion": 117, "id": 117, "municipio": 15, "nombre": "Amozoc", "distrito_l": 12, "distrito_f": 1}, "geometry": {"type": "Polygon", "coordinates": [[[-98.008461, 19.041941], [-97.98587, 19.041941], [-97.98587, 19.071811], [-98.008461, 19.071811], [-98.008461, 19.041941]]]}}, {"type": "Feature", "id": 118, "properties": {"seccion": 118, "id": 118, "municipio": 15, "nombre": "Amozoc", "distrito_l": 12, "distrito_f": 1}, "geometry": {"type": "Polygon", "coordinates": [[[-97.98587, 19.041941], [-97.963279, 19.041941], [-97.963279, 19.071811], [-97.98587, 19.071811], [-97.98587, 19.041941]]]}}, {"type": "Feature", "id": 119, "properties": {"seccion": 119, "id": 119, "municipio": 15, "nombre": "Amozoc", "distrito_l": 12, "distrito_f": 1}, "geometry": {"type": "Polygon", "coordinates": [[[-97.96328, 19.041941], [-97.940689, 19.041941], [-97.940689, 19.071811], [-97.96328, 19.071811], [-97.96328, 19.041941]]]}}, {"type": "Feature", "id": 120, "properties": {"seccion": 120, "id": 120, "municipio": 15, "nombre": "Amozoc", "distrito_l": 12, "distrito_f": 1}, "geometry": {"type": "Polygon", "coordinates": [[[-97.940689, 19.041941], [-97.918098, 19.041941], [-97.918098, 19.071811], [-97.940689, 19.071811], [-97.940689, 19.041941]]]}}, {"type": "Feature", "id": 121, "properties": {"seccion": 121, "id": 121, "municipio": 15, "nombre": "Amozoc", "distrito_l": 12, "distrito_f": 1}, "geometry": {"type": "Polygon", "coordinates": [[[-98.031052, 19.071811], [-98.008461, 19.071811], [-98.008461, 19.101681], [-98.031052, 19.101681], [-98.031052, 19.071811]]]}}, {"type": "Feature", "id": 122, "properties": {"seccion": 122, "id": 122, "municipio": 15, "nombre": "Amozoc", "distrito_l": 12, "distrito_f": 1}, "geometry": {"type": "Polygon", "coordinates": [[[-98.008461, 19.071811], [-97.98587, 19.071811], [-97.98587, 19.101681], [-98.008461, 19.101681], [-98.008461, 19.071811]]]}}, {"type": "Feature", "id": 123, "properties": {"seccion": 123, "id": 123, "municipio": 15, "nombre": "Amozoc", "distrito_l": 12, "distrito_f": 1}, "geometry": {"type": "Polygon", "coordinates": [[[-97.98587, 19.071811], [-97.963279, 19.071811], [-97.963279, 19.101681], [-97.98587, 19.101681], [-97.98587, 19.071811]]]}}, {"type": "Feature", "id": 124, "properties": {"seccion": 124, "id": 124, "municipio": 15, "nombre": "Amozoc", "distrito_l": 12, "distrito_f": 1}, "geometry": {"type": "Polygon", "coordinates": [[[-97.96328, 19.071811], [-97.940689, 19.071811], [-97.940689, 19.101681], [-97.96328, 19.101681], [-97.96328, 19.071811]]]}}, {"type": "Feature", "id": 125, "properties": {"seccion": 125, "id": 125, "municipio": 15, "nombre": "Amozoc", "distrito_l": 12, "distrito_f": 1}, "geometry": {"type": "Polygon", "coordinates": [[[-97.940689, 19.071811], [-97.918098, 19.071811], [-97.918098, 19.101681], [-97.940689, 19.101681], [-97.940689, 19.071811]]]}}, {"type": "Feature", "id": 126, "properties": {"seccion": 126, "id": 126, "municipio": 15, "nombre": "Amozoc", "distrito_l": 12, "distrito_f": 1}, "geometry": {"type": "Polygon", "coordinates": [[[-98.031052, 19.10168], [-98.008461, 19.10168], [-98.008461, 19.13155], [-98.031052, 19.13155], [-98.031052, 19.10168]]]}}, {"type": "Feature", "id": 127, "properties": {"seccion": 127, "id": 127, "municipio": 15, "nombre": "Amozoc", "distrito_l": 12, "distrito_f": 1}, "geometry": {"type": "Polygon", "coordinates": [[[-98.008461, 19.10168], [-97.98587, 19.10168], [-97.98587, 19.13155], [-98.008461, 19.13155], [-98.008461, 19.10168]]]}}, {"type": "Feature", "id": 128, "properties": {"seccion": 128, "id": 128, "municipio": 15, "nombre": "Amozoc", "distrito_l": 12, "distrito_f": 1}, "geometry": {"type": "Polygon", "coordinates": [[[-97.98587, 19.10168], [-97.963279, 19.10168], [-97.963279, 19.13155], [-97.98587, 19.13155], [-97.98587, 19.10168]]]}}, {"type": "Feature", "id": 130, "properties": {"seccion": 130, "id": 130, "municipio": 15, "nombre": "Amozoc", "distrito_l": 12, "distrito_f": 1}, "geometry": {"type": "Polygon", "coordinates": [[[-97.96328, 19.10168], [-97.940689, 19.10168], [-97.940689, 19.13155], [-97.96328, 19.13155], [-97.96328, 19.10168]]]}}, {"type": "Feature", "id": 131, "properties": {"seccion": 131, "id": 131, "municipio": 15, "nombre": "Amozoc", "distrito_l": 12, "distrito_f": 1}, "geometry": {"type": "Polygon", "coordinates": [[[-97.940689, 19.10168], [-97.918098, 19.10168], [-97.918098, 19.13155], [-97.940689, 19.13155], [-97.940689, 19.10168]]]}}, {"type": "Feature", "id": 132, "properties": {"seccion": 132, "id": 132, "municipio": 15, "nombre": "Amozoc", "distrito_l": 12, "distrito_f": 1}, "geometry": {"type": "Polygon", "coordinates": [[[-98.031052, 19.13155], [-98.008461, 19.13155], [-98.008461, 19.16142], [-98.031052, 19.16142], [-98.031052, 19.13155]]]}}, {"type": "Feature", "id": 133, "properties": {"seccion": 133, "id": 133, "municipio": 15, "nombre": "Amozoc", "distrito_l": 12, "distrito_f": 1}, "geometry": {"type": "Polygon", "coordinates": [[[-98.008461, 19.13155], [-97.98587, 19.13155], [-97.98587, 19.16142], [-98.008461, 19.16142], [-98.008461, 19.13155]]]}}, {"type": "Feature", "id": 2835, "properties": {"seccion": 2835, "id": 2835, "municipio": 15, "nombre": "Amozoc", "distrito_l": 12, "distrito_f": 1}, "geometry": {"type": "Polygon", "coordinates": [[[-97.98587, 19.13155], [-97.963279, 19.13155], [-97.963279, 19.16142], [-97.98587, 19.16142], [-97.98587, 19.13155]]]}}, {"type": "Feature", "id": 2836, "properties": {"seccion": 2836, "id": 2836, "municipio": 15, "nombre": "Amozoc", "distrito_l": 12, "distrito_f": 1}, "geometry": {"type": "Polygon", "coordinates": [[[-97.96328, 19.13155], [-97.940689, 19.13155], [-97.940689, 19.16142], [-97.96328, 19.16142], [-97.96328, 19.13155]]]}}, {"type": "Feature", "id": 2837, "properties": {"seccion": 2837, "id": 2837, "municipio": 15, "nombre": "Amozoc", "distrito_l": 12, "distrito_f": 1}, "geometry": {"type": "Polygon", "coordinates": [[[-97.940689, 19.13155], [-97.918098, 19.13155], [-97.918098, 19.16142], [-97.940689, 19.16142], [-97.940689, 19.13155]]]}}, {"type": "Feature", "id": 2838, "properties": {"seccion": 2838, "id": 2838, "municipio": 15, "nombre": "Amozoc", "distrito_l": 12, "distrito_f": 1}, "geometry": {"type": "Polygon", "coordinates": [[[-98.031052, 19.16142], [-98.008461, 19.16142], [-98.008461, 19.19129], [-98.031052, 19.19129], [-98.031052, 19.16142]]]}}, {"type": "Feature", "id": 2839, "properties": {"seccion": 2839, "id": 2839, "municipio": 15, "nombre": "Amozoc", "distrito_l": 12, "distrito_f": 1}, "geometry": {"type": "Polygon", "coordinates": [[[-98.008461, 19.16142], [-97.98587, 19.16142], [-97.98587, 19.19129], [-98.008461, 19.19129], [-98.008461, 19.16142]]]}}, {"type": "Feature", "id": 134, "properties": {"seccion": 134, "id": 134, "municipio": 16, "nombre": "Aquixtla", "distrito_l": 3, "distrito_f": 1}, "geometry": {"type": "Polygon", "coordinates": [[[-97.892723, 19.701771], [-97.844732, 19.701771], [-97.844732, 19.774631], [-97.892723, 19.774631], [-97.892723, 19.701771]]]}}, {"type": "Feature", "id": 135, "properties": {"seccion": 135, "id": 135, "municipio": 16, "nombre": "Aquixtla", "distrito_l": 3, "distrito_f": 1}, "geometry": {"type": "Polygon", "coordinates": [[[-97.844732, 19.701771], [-97.796741, 19.701771], [-97.796741, 19.774631], [-97.844732, 19.774631], [-97.844732, 19.701771]]]}}, {"type": "Feature", "id": 136, "properties": {"seccion": 136, "id": 136, "municipio": 16, "nombre": "Aquixtla", "distrito_l": 3, "distrito_f": 1}, "geometry": {"type": "Polygon", "coordinates": [[[-97.79674, 19.701771], [-97.748749, 19.701771], [-97.748749, 19.774631], [-97.79674, 19.774631], [-97.79674, 19.701771]]]}}, {"type": "Feature", "id": 137, "properties": {"seccion": 137, "id": 137, "municipio": 16, "nombre": "Aquixtla", "distrito_l": 3, "distrito_f": 1}, "geometry": {"type": "Polygon", "coordinates": [[[-97.892723, 19.774631], [-97.844732, 19.774631], [-97.844732, 19.847491], [-97.892723, 19.847491], [-97.892723, 19.774631]]]}}, {"type": "Feature", "id": 138, "properties": {"seccion": 138, "id": 138, "municipio": 16, "nombre": "Aquixtla", "distrito_l": 3, "distrito_f": 1}, "geometry": {"type": "Polygon", "coordinates": [[[-97.844732, 19.774631], [-97.796741, 19.774631], [-97.796741, 19.847491], [-97.844732, 19.847491], [-97.844732, 19.774631]]]}}, {"type": "Feature", "id": 139, "properties": {"seccion": 139, "id": 139, "municipio": 17, "nombre": "Atempan", "distrito_l": 6, "distrito_f": 1}, "geometry": {"type": "Polygon", "coordinates": [[[-97.420181, 19.810631], [-97.402973, 19.810631], [-97.402973, 19.832814], [-97.420181, 19.832814], [-97.420181, 19.810631]]]}}, {"type": "Feature", "id": 140, "properties": {"seccion": 140, "id": 140, "municipio": 17, "nombre": "Atempan", "distrito_l": 6, "distrito_f": 1}, "geometry": {"type": "Polygon", "coordinates": [[[-97.402973, 19.810631], [-97.385765, 19.810631], [-97.385765, 19.832814], [-97.402973, 19.832814], [-97.402973, 19.810631]]]}}, {"type": "Feature", "id": 141, "properties": {"seccion": 141, "id": 141, "municipio": 17, "nombre": "Atempan", "distrito_l": 6, "distrito_f": 1}, "geometry": {"type": "Polygon", "coordinates": [[[-97.385765, 19.810631], [-97.368557, 19.810631], [-97.368557, 19.832814], [-97.385765, 19.832814], [-97.385765, 19.810631]]]}}, {"type": "Feature", "id": 142, "properties": {"seccion": 142, "id": 142, "municipio": 17, "nombre": "Atempan", "distrito_l": 6, "distrito_f": 1}, "geometry": {"type": "Polygon", "coordinates": [[[-97.368557, 19.810631], [-97.351349, 19.810631], [-97.351349, 19.832814], [-97.368557, 19.832814], [-97.368557, 19.810631]]]}}, {"type": "Feature", "id": 143, "properties": {"seccion": 143, "id": 143, "municipio": 17, "nombre": "Atempan", "distrito_l": 6, "distrito_f": 1}, "geometry": {"type": "Polygon", "coordinates": [[[-97.420181, 19.832814], [-97.402973, 19.832814], [-97.402973, 19.854997], [-97.420181, 19.854997], [-97.420181, 19.832814]]]}}, {"type": "Feature", "id": 144, "properties": {"seccion": 144, "id": 144, "municipio": 17, "nombre": "Atempan", "distrito_l": 6, "distrito_f": 1}, "geometry": {"type": "Polygon", "coordinates": [[[-97.402973, 19.832814], [-97.385765, 19.832814], [-97.385765, 19.854997], [-97.402973, 19.854997], [-97.402973, 19.832814]]]}}, {"type": "Feature", "id": 146, "properties": {"seccion": 146, "id": 146, "municipio": 17, "nombre": "Atempan", "distrito_l": 6, "distrito_f": 1}, "geometry": {"type": "Polygon", "coordinates": [[[-97.385765, 19.832814], [-97.368557, 19.832814], [-97.368557, 19.854997], [-97.385765, 19.854997], [-97.385765, 19.832814]]]}}, {"type": "Feature", "id": 147, "properties": {"seccion": 147, "id": 147, "municipio": 17, "nombre": "Atempan", "distrito_l": 6, "distrito_f": 1}, "geometry": {"type": "Polygon", "coordinates": [[[-97.368557, 19.832814], [-97.351349, 19.832814], [-97.351349, 19.854997], [-97.368557, 19.854997], [-97.368557, 19.832814]]]}}, {"type": "Feature", "id": 2674, "properties": {"seccion": 2674, "id": 2674, "municipio": 17, "nombre": "Atempan", "distrito_l": 6, "distrito_f": 1}, "geometry": {"type": "Polygon", "coordinates": [[[-97.420181, 19.854997], [-97.402973, 19.854997], [-97.402973, 19.87718], [-97.420181, 19.87718], [-97.420181, 19.854997]]]}}, {"type": "Feature", "id": 2675, "properties": {"seccion": 2675, "id": 2675, "municipio": 17, "nombre": "Atempan", "distrito_l": 6, "distrito_f": 1}, "geometry": {"type": "Polygon", "coordinates": [[[-97.402973, 19.854997], [-97.385765, 19.854997], [-97.385765, 19.87718], [-97.402973, 19.87718], [-97.402973, 19.854997]]]}}, {"type": "Feature", "id": 2728, "properties": {"seccion": 2728, "id": 2728, "municipio": 17, "nombre": "Atempan", "distrito_l": 6, "distrito_f": 1}, "geometry": {"type": "Polygon", "coordinates": [[[-97.385765, 19.854997], [-97.368557, 19.854997], [-97.368557, 19.87718], [-97.385765, 19.87718], [-97.385765, 19.854997]]]}}, {"type": "Feature", "id": 148, "properties": {"seccion": 148, "id": 148, "municipio": 18, "nombre": "Atexcal", "distrito_l": 24, "distrito_f": 1}, "geometry": {"type": "Polygon", "coordinates": [[[-97.657753, 18.345032], [-97.584686, 18.345032], [-97.584686, 18.448846], [-97.657753, 18.448846], [-97.657753, 18.345032]]]}}, {"type": "Feature", "id": 149, "properties": {"seccion": 149, "id": 149, "municipio": 18, "nombre": "Atexcal", "distrito_l": 24, "distrito_f": 1}, "geometry": {"type": "Polygon", "coordinates": [[[-97.584686, 18.345032], [-97.511619, 18.345032], [-97.511619, 18.448846], [-97.584686, 18.448846], [-97.584686, 18.345032]]]}}, {"type": "Feature", "id": 150, "properties": {"seccion": 150, "id": 150, "municipio": 18, "nombre": "Atexcal", "distrito_l": 24, "distrito_f": 1}, "geometry": {"type": "Polygon", "coordinates": [[[-97.51162, 18.345032], [-97.438553, 18.345032], [-97.438553, 18.448846], [-97.51162, 18.448846], [-97.51162, 18.345032]]]}}, {"type": "Feature", "id": 151, "properties": {"seccion": 151, "id": 151, "municipio": 18, "nombre": "Atexcal", "distrito_l": 24, "distrito_f": 1}, "geometry": {"type": "Polygon", "coordinates": [[[-97.657753, 18.448846], [-97.584686, 18.448846], [-97.584686, 18.55266], [-97.657753, 18.55266], [-97.657753, 18.448846]]]}}, {"type": "Feature", "id": 152, "properties": {"seccion": 152, "id": 152, "municipio": 18, "nombre": "Atexcal", "distrito_l": 24, "distrito_f": 1}, "geometry": {"type": "Polygon", "coordinates": [[[-97.584686, 18.448846], [-97.511619, 18.448846], [-97.511619, 18.55266], [-97.584686, 18.55266], [-97.584686, 18.448846]]]}}, {"type": "Feature", "id": 153, "properties": {"seccion": 153, "id": 153, "municipio": 18, "nombre": "Atexcal", "distrito_l": 24, "distrito_f": 1}, "geometry": {"type": "Polygon", "coordinates": [[[-97.51162, 18.448846], [-97.438553, 18.448846], [-97.438553, 18.55266], [-97.51162, 18.55266], [-97.51162, 18.448846]]]}}, {"type": "Feature", "id": 154, "properties": {"seccion": 154, "id": 154, "municipio": 19, "nombre": "Atlixco", "distrito_l": 21, "distrito_f": 1}, "geometry": {"type": "Polygon", "coordinates": [[[-98.471962, 18.81748], [-98.447374, 18.81748], [-98.447374, 18.837059], [-98.471962, 18.837059], [-98.471962, 18.81748]]]}}, {"type": "Feature", "id": 155, "properties": {"seccion": 155, "id": 155, "municipio": 19, "nombre": "Atlixco", "distrito_l": 21, "distrito_f": 1}, "geometry": {"type": "Polygon", "coordinates": [[[-98.447374, 18.81748], [-98.422786, 18.81748], [-98.422786, 18.837059], [-98.447374, 18.837059], [-98.447374, 18.81748]]]}}, {"type": "Feature", "id": 156, "properties": {"seccion": 156, "id": 156, "municipio": 19, "nombre": "Atlixco", "distrito_l": 21, "distrito_f": 1}, "geometry": {"type": "Polygon", "coordinates": [[[-98.422786, 18.81748], [-98.398198, 18.81748], [-98.398198, 18.837059], [-98.422786, 18.837059], [-98.422786, 18.81748]]]}}, {"type": "Feature", "id": 157, "properties": {"seccion": 157, "id": 157, "municipio": 19, "nombre": "Atlixco", "distrito_l": 21, "distrito_f": 1}, "geometry": {"type": "Polygon", "coordinates": [[[-98.398198, 18.81748], [-98.37361, 18.81748], [-98.37361, 18.837059], [-98.398198, 18.837059], [-98.398198, 18.81748]]]}}, {"type": "Feature", "id": 158, "properties": {"seccion": 158, "id": 158, "municipio": 19, "nombre": "Atlixco", "distrito_l": 21, "distrito_f": 1}, "geometry": {"type": "Polygon", "coordinates": [[[-98.373611, 18.81748], [-98.349023, 18.81748], [-98.349023, 18.837059], [-98.373611, 18.837059], [-98.373611, 18.81748]]]}}, {"type": "Feature", "id": 159, "properties": {"seccion": 159, "id": 159, "municipio": 19, "nombre": "Atlixco", "distrito_l": 21, "distrito_f": 1}, "geometry": {"type": "Polygon", "coordinates": [[[-98.349023, 18.81748], [-98.324435, 18.81748], [-98.324435, 18.837059], [-98.349023, 18.837059], [-98.349023, 18.81748]]]}}, {"type": "Feature", "id": 160, "properties": {"seccion": 160, "id": 160, "municipio": 19, "nombre": "Atlixco", "distrito_l": 21, "distrito_f": 1}, "geometry": {"type": "Polygon", "coordinates": [[[-98.324435, 18.81748], [-98.299847, 18.81748], [-98.299847, 18.837059], [-98.324435, 18.837059], [-98.324435, 18.81748]]]}}, {"type": "Feature", "id": 161, "properties": {"seccion": 161, "id": 161, "municipio": 19, "nombre": "Atlixco", "distrito_l": 21, "distrito_f": 1}, "geometry": {"type": "Polygon", "coordinates": [[[-98.299847, 18.81748], [-98.275259, 18.81748], [-98.275259, 18.837059], [-98.299847, 18.837059], [-98.299847, 18.81748]]]}}, {"type": "Feature", "id": 162, "properties": {"seccion": 162, "id": 162, "municipio": 19, "nombre": "Atlixco", "distrito_l": 21, "distrito_f": 1}, "geometry": {"type": "Polygon", "coordinates": [[[-98.275259, 18.81748], [-98.250671, 18.81748], [-98.250671, 18.837059], [-98.275259, 18.837059], [-98.275259, 18.81748]]]}}, {"type": "Feature", "id": 164, "properties": {"seccion": 164, "id": 164, "municipio": 19, "nombre": "Atlixco", "distrito_l": 21, "distrito_f": 1}, "geometry": {"type": "Polygon", "coordinates": [[[-98.471962, 18.837059], [-98.447374, 18.837059], [-98.447374, 18.856638], [-98.471962, 18.856638], [-98.471962, 18.837059]]]}}, {"type": "Feature", "id": 165, "properties": {"seccion": 165, "id": 165, "municipio": 19, "nombre": "Atlixco", "distrito_l": 21, "distrito_f": 1}, "geometry": {"type": "Polygon", "coordinates": [[[-98.447374, 18.837059], [-98.422786, 18.837059], [-98.422786, 18.856638], [-98.447374, 18.856638], [-98.447374, 18.837059]]]}}, {"type": "Feature", "id": 166, "properties": {"seccion": 166, "id": 166, "municipio": 19, "nombre": "Atlixco", "distrito_l": 21, "distrito_f": 1}, "geometry": {"type": "Polygon", "coordinates": [[[-98.422786, 18.837059], [-98.398198, 18.837059], [-98.398198, 18.856638], [-98.422786, 18.856638], [-98.422786, 18.837059]]]}}, {"type": "Feature", "id": 167, "properties": {"seccion": 167, "id": 167, "municipio": 19, "nombre": "Atlixco", "distrito_l": 21, "distrito_f": 1}, "geometry": {"type": "Polygon", "coordinates": [[[-98.398198, 18.837059], [-98.37361, 18.837059], [-98.37361, 18.856638], [-98.398198, 18.856638], [-98.398198, 18.837059]]]}}, {"type": "Feature", "id": 168, "properties": {"seccion": 168, "id": 168, "municipio": 19, "nombre": "Atlixco", "distrito_l": 21, "distrito_f": 1}, "geometry": {"type": "Polygon", "coordinates": [[[-98.373611, 18.837059], [-98.349023, 18.837059], [-98.349023, 18.856638], [-98.373611, 18.856638], [-98.373611, 18.837059]]]}}, {"type": "Feature", "id": 169, "properties": {"seccion": 169, "id": 169, "municipio": 19, "nombre": "Atlixco", "distrito_l": 21, "distrito_f": 1}, "geometry": {"type": "Polygon", "coordinates": [[[-98.349023, 18.837059], [-98.324435, 18.837059], [-98.324435, 18.856638], [-98.349023, 18.856638], [-98.349023, 18.837059]]]}}, {"type": "Feature", "id": 170, "properties": {"seccion": 170, "id": 170, "municipio": 19, "nombre": "Atlixco", "distrito_l": 21, "distrito_f": 1}, "geometry": {"type": "Polygon", "coordinates": [[[-98.324435, 18.837059], [-98.299847, 18.837059], [-98.299847, 18.856638], [-98.324435, 18.856638], [-98.324435, 18.837059]]]}}, {"type": "Feature", "id": 171, "properties": {"seccion": 171, "id": 171, "municipio": 19, "nombre": "Atlixco", "distrito_l": 21, "distrito_f": 1}, "geometry": {"type": "Polygon", "coordinates": [[[-98.299847, 18.837059], [-98.275259, 18.837059], [-98.275259, 18.856638], [-98.299847, 18.856638], [-98.299847, 18.837059]]]}}, {"type": "Feature", "id": 172, "properties": {"seccion": 172, "id": 172, "municipio": 19, "nombre": "Atlixco", "distrito_l": 21, "distrito_f": 1}, "geometry": {"type": "Polygon", "coordinates": [[[-98.275259, 18.837059], [-98.250671, 18.837059], [-98.250671, 18.856638], [-98.275259, 18.856638], [-98.275259, 18.837059]]]}}, {"type": "Feature", "id": 173, "properties": {"seccion": 173, "id": 173, "municipio": 19, "nombre": "Atlixco", "distrito_l": 21, "distrito_f": 1}, "geometry": {"type": "Polygon", "coordinates": [[[-98.471962, 18.856637], [-98.447374, 18.856637], [-98.447374, 18.876216], [-98.471962, 18.876216], [-98.471962, 18.856637]]]}}, {"type": "Feature", "id": 174, "properties": {"seccion": 174, "id": 174, "municipio": 19, "nombre": "Atlixco", "distrito_l": 21, "distrito_f": 1}, "geometry": {"type": "Polygon", "coordinates": [[[-98.447374, 18.856637], [-98.422786, 18.856637], [-98.422786, 18.876216], [-98.447374, 18.876216], [-98.447374, 18.856637]]]}}, {"type": "Feature", "id": 175, "properties": {"seccion": 175, "id": 175, "municipio": 19, "nombre": "Atlixco", "distrito_l": 21, "distrito_f": 1}, "geometry": {"type": "Polygon", "coordinates": [[[-98.422786, 18.856637], [-98.398198, 18.856637], [-98.398198, 18.876216], [-98.422786, 18.876216], [-98.422786, 18.856637]]]}}, {"type": "Feature", "id": 176, "properties": {"seccion": 176, "id": 176, "municipio": 19, "nombre": "Atlixco", "distrito_l": 21, "distrito_f": 1}, "geometry": {"type": "Polygon", "coordinates": [[[-98.398198, 18.856637], [-98.37361, 18.856637], [-98.37361, 18.876216], [-98.398198, 18.876216], [-98.398198, 18.856637]]]}}, {"type": "Feature", "id": 177, "properties": {"seccion": 177, "id": 177, "municipio": 19, "nombre": "Atlixco", "distrito_l": 21, "distrito_f": 1}, "geometry": {"type": "Polygon", "coordinates": [[[-98.373611, 18.856637], [-98.349023, 18.856637], [-98.349023, 18.876216], [-98.373611, 18.876216], [-98.373611, 18.856637]]]}}, {"type": "Feature", "id": 178, "properties": {"seccion": 178, "id": 178, "municipio": 19, "nombre": "Atlixco", "distrito_l": 21, "distrito_f": 1}, "geometry": {"type": "Polygon", "coordinates": [[[-98.349023, 18.856637], [-98.324435, 18.856637], [-98.324435, 18.876216], [-98.349023, 18.876216], [-98.349023, 18.856637]]]}}, {"type": "Feature", "id": 179, "properties": {"seccion": 179, "id": 179, "municipio": 19, "nombre": "Atlixco", "distrito_l": 21, "distrito_f": 1}, "geometry": {"type": "Polygon", "coordinates": [[[-98.324435, 18.856637], [-98.299847, 18.856637], [-98.299847, 18.876216], [-98.324435, 18.876216], [-98.324435, 18.856637]]]}}, {"type": "Feature", "id": 180, "properties": {"seccion": 180, "id": 180, "municipio": 19, "nombre": "Atlixco", "distrito_l": 21, "distrito_f": 1}, "geometry": {"type": "Polygon", "coordinates": [[[-98.299847, 18.856637], [-98.275259, 18.856637], [-98.275259, 18.876216], [-98.299847, 18.876216], [-98.299847, 18.856637]]]}}, {"type": "Feature", "id": 181, "properties": {"seccion": 181, "id": 181, "municipio": 19, "nombre": "Atlixco", "distrito_l": 21, "distrito_f": 1}, "geometry": {"type": "Polygon", "coordinates": [[[-98.275259, 18.856637], [-98.250671, 18.856637], [-98.250671, 18.876216], [-98.275259, 18.876216], [-98.275259, 18.856637]]]}}, {"type": "Feature", "id": 182, "properties": {"seccion": 182, "id": 182, "municipio": 19, "nombre": "Atlixco", "distrito_l": 21, "distrito_f": 1}, "geometry": {"type": "Polygon", "coordinates": [[[-98.471962, 18.876216], [-98.447374, 18.876216], [-98.447374, 18.895795], [-98.471962, 18.895795], [-98.471962, 18.876216]]]}}, {"type": "Feature", "id": 183, "properties": {"seccion": 183, "id": 183, "municipio": 19, "nombre": "Atlixco", "distrito_l": 21, "distrito_f": 1}, "geometry": {"type": "Polygon", "coordinates": [[[-98.447374, 18.876216], [-98.422786, 18.876216], [-98.422786, 18.895795], [-98.447374, 18.895795], [-98.447374, 18.876216]]]}}, {"type": "Feature", "id": 184, "properties": {"seccion": 184, "id": 184, "municipio": 19, "nombre": "Atlixco", "distrito_l": 21, "distrito_f": 1}, "geometry": {"type": "Polygon", "coordinates": [[[-98.422786, 18.876216], [-98.398198, 18.876216], [-98.398198, 18.895795], [-98.422786, 18.895795], [-98.422786, 18.876216]]]}}, {"type": "Feature", "id": 185, "properties": {"seccion": 185, "id": 185, "municipio": 19, "nombre": "Atlixco", "distrito_l": 21, "distrito_f": 1}, "geometry": {"type": "Polygon", "coordinates": [[[-98.398198, 18.876216], [-98.37361, 18.876216], [-98.37361, 18.895795], [-98.398198, 18.895795], [-98.398198, 18.876216]]]}}, {"type": "Feature", "id": 186, "properties": {"seccion": 186, "id": 186, "municipio": 19, "nombre": "Atlixco", "distrito_l": 21, "distrito_f": 1}, "geometry": {"type": "Polygon", "coordinates": [[[-98.373611, 18.876216], [-98.349023, 18.876216], [-98.349023, 18.895795], [-98.373611, 18.895795], [-98.373611, 18.876216]]]}}, {"type": "Feature", "id": 187, "properties": {"seccion": 187, "id": 187, "municipio": 19, "nombre": "Atlixco", "distrito_l": 21, "distrito_f": 1}, "geometry": {"type": "Polygon", "coordinates": [[[-98.349023, 18.876216], [-98.324435, 18.876216], [-98.324435, 18.895795], [-98.349023, 18.895795], [-98.349023, 18.876216]]]}}, {"type": "Feature", "id": 188, "properties": {"seccion": 188, "id": 188, "municipio": 19, "nombre": "Atlixco", "distrito_l": 21, "distrito_f": 1}, "geometry": {"type": "Polygon", "coordinates": [[[-98.324435, 18.876216], [-98.299847, 18.876216], [-98.299847, 18.895795], [-98.324435, 18.895795], [-98.324435, 18.876216]]]}}, {"type": "Feature", "id": 189, "properties": {"seccion": 189, "id": 189, "municipio": 19, "nombre": "Atlixco", "distrito_l": 21, "distrito_f": 1}, "geometry": {"type": "Polygon", "coordinates": [[[-98.299847, 18.876216], [-98.275259, 18.876216], [-98.275259, 18.895795], [-98.299847, 18.895795], [-98.299847, 18.876216]]]}}, {"type": "Feature", "id": 190, "properties": {"seccion": 190, "id": 190, "municipio": 19, "nombre": "Atlixco", "distrito_l": 21, "distrito_f": 1}, "geometry": {"type": "Polygon", "coordinates": [[[-98.275259, 18.876216], [-98.250671, 18.876216], [-98.250671, 18.895795], [-98.275259, 18.895795], [-98.275259, 18.876216]]]}}, {"type": "Feature", "id": 191, "properties": {"seccion": 191, "id": 191, "municipio": 19, "nombre": "Atlixco", "distrito_l": 21, "distrito_f": 1}, "geometry": {"type": "Polygon", "coordinates": [[[-98.471962, 18.895795], [-98.447374, 18.895795], [-98.447374, 18.915374], [-98.471962, 18.915374], [-98.471962, 18.895795]]]}}, {"type": "Feature", "id": 192, "properties": {"seccion": 192, "id": 192, "municipio": 19, "nombre": "Atlixco", "distrito_l": 21, "distrito_f": 1}, "geometry": {"type": "Polygon", "coordinates": [[[-98.447374, 18.895795], [-98.422786, 18.895795], [-98.422786, 18.915374], [-98.447374, 18.915374], [-98.447374, 18.895795]]]}}, {"type": "Feature", "id": 193, "properties": {"seccion": 193, "id": 193, "municipio": 19, "nombre": "Atlixco", "distrito_l": 21, "distrito_f": 1}, "geometry": {"type": "Polygon", "coordinates": [[[-98.422786, 18.895795], [-98.398198, 18.895795], [-98.398198, 18.915374], [-98.422786, 18.915374], [-98.422786, 18.895795]]]}}, {"type": "Feature", "id": 194, "properties": {"seccion": 194, "id": 194, "municipio": 19, "nombre": "Atlixco", "distrito_l": 21, "distrito_f": 1}, "geometry": {"type": "Polygon", "coordinates": [[[-98.398198, 18.895795], [-98.37361, 18.895795], [-98.37361, 18.915374], [-98.398198, 18.915374], [-98.398198, 18.895795]]]}}, {"type": "Feature", "id": 195, "properties": {"seccion": 195, "id": 195, "municipio": 19, "nombre": "Atlixco", "distrito_l": 21, "distrito_f": 1}, "geometry": {"type": "Polygon", "coordinates": [[[-98.373611, 18.895795], [-98.349023, 18.895795], [-98.349023, 18.915374], [-98.373611, 18.915374], [-98.373611, 18.895795]]]}}, {"type": "Feature", "id": 196, "properties": {"seccion": 196, "id": 196, "municipio": 19, "nombre": "Atlixco", "distrito_l": 21, "distrito_f": 1}, "geometry": {"type": "Polygon", "coordinates": [[[-98.349023, 18.895795], [-98.324435, 18.895795], [-98.324435, 18.915374], [-98.349023, 18.915374], [-98.349023, 18.895795]]]}}, {"type": "Feature", "id": 197, "properties": {"seccion": 197, "id": 197, "municipio": 19, "nombre": "Atlixco", "distrito_l": 21, "distrito_f": 1}, "geometry": {"type": "Polygon", "coordinates": [[[-98.324435, 18.895795], [-98.299847, 18.895795], [-98.299847, 18.915374], [-98.324435, 18.915374], [-98.324435, 18.895795]]]}}, {"type": "Feature", "id": 198, "properties": {"seccion": 198, "id": 198, "municipio": 19, "nombre": "Atlixco", "distrito_l": 21, "distrito_f": 1}, "geometry": {"type": "Polygon", "coordinates": [[[-98.299847, 18.895795], [-98.275259, 18.895795], [-98.275259, 18.915374], [-98.299847, 18.915374], [-98.299847, 18.895795]]]}}, {"type": "Feature", "id": 199, "properties": {"seccion": 199, "id": 199, "municipio": 19, "nombre": "Atlixco", "distrito_l": 21, "distrito_f": 1}, "geometry": {"type": "Polygon", "coordinates": [[[-98.275259, 18.895795], [-98.250671, 18.895795], [-98.250671, 18.915374], [-98.275259, 18.915374], [-98.275259, 18.895795]]]}}, {"type": "Feature", "id": 200, "properties": {"seccion": 200, "id": 200, "municipio": 19, "nombre": "Atlixco", "distrito_l": 21, "distrito_f": 1}, "geometry": {"type": "Polygon", "coordinates": [[[-98.471962, 18.915374], [-98.447374, 18.915374], [-98.447374, 18.934953], [-98.471962, 18.934953], [-98.471962, 18.915374]]]}}, {"type": "Feature", "id": 201, "properties": {"seccion": 201, "id": 201, "municipio": 19, "nombre": "Atlixco", "distrito_l": 21, "distrito_f": 1}, "geometry": {"type": "Polygon", "coordinates": [[[-98.447374, 18.915374], [-98.422786, 18.915374], [-98.422786, 18.934953], [-98.447374, 18.934953], [-98.447374, 18.915374]]]}}, {"type": "Feature", "id": 202, "properties": {"seccion": 202, "id": 202, "municipio": 19, "nombre": "Atlixco", "distrito_l": 21, "distrito_f": 1}, "geometry": {"type": "Polygon", "coordinates": [[[-98.422786, 18.915374], [-98.398198, 18.915374], [-98.398198, 18.934953], [-98.422786, 18.934953], [-98.422786, 18.915374]]]}}, {"type": "Feature", "id": 203, "properties": {"seccion": 203, "id": 203, "municipio": 19, "nombre": "Atlixco", "distrito_l": 21, "distrito_f": 1}, "geometry": {"type": "Polygon", "coordinates": [[[-98.398198, 18.915374], [-98.37361, 18.915374], [-98.37361, 18.934953], [-98.398198, 18.934953], [-98.398198, 18.915374]]]}}, {"type": "Feature", "id": 204, "properties": {"seccion": 204, "id": 204, "municipio": 19, "nombre": "Atlixco", "distrito_l": 21, "distrito_f": 1}, "geometry": {"type": "Polygon", "coordinates": [[[-98.373611, 18.915374], [-98.349023, 18.915374], [-98.349023, 18.934953], [-98.373611, 18.934953], [-98.373611, 18.915374]]]}}, {"type": "Feature", "id": 205, "properties": {"seccion": 205, "id": 205, "municipio": 19, "nombre": "Atlixco", "distrito_l": 21, "distrito_f": 1}, "geometry": {"type": "Polygon", "coordinates": [[[-98.349023, 18.915374], [-98.324435, 18.915374], [-98.324435, 18.934953], [-98.349023, 18.934953], [-98.349023, 18.915374]]]}}, {"type": "Feature", "id": 206, "properties": {"seccion": 206, "id": 206, "municipio": 19, "nombre": "Atlixco", "distrito_l": 21, "distrito_f": 1}, "geometry": {"type": "Polygon", "coordinates": [[[-98.324435, 18.915374], [-98.299847, 18.915374], [-98.299847, 18.934953], [-98.324435, 18.934953], [-98.324435, 18.915374]]]}}, {"type": "Feature", "id": 207, "properties": {"seccion": 207, "id": 207, "municipio": 19, "nombre": "Atlixco", "distrito_l": 21, "distrito_f": 1}, "geometry": {"type": "Polygon", "coordinates": [[[-98.299847, 18.915374], [-98.275259, 18.915374], [-98.275259, 18.934953], [-98.299847, 18.934953], [-98.299847, 18.915374]]]}}, {"type": "Feature", "id": 208, "properties": {"seccion": 208, "id": 208, "municipio": 19, "nombre": "Atlixco", "distrito_l": 21, "distrito_f": 1}, "geometry": {"type": "Polygon", "coordinates": [[[-98.275259, 18.915374], [-98.250671, 18.915374], [-98.250671, 18.934953], [-98.275259, 18.934953], [-98.275259, 18.915374]]]}}, {"type": "Feature", "id": 209, "properties": {"seccion": 209, "id": 209, "municipio": 19, "nombre": "Atlixco", "distrito_l": 21, "distrito_f": 1}, "geometry": {"type": "Polygon", "coordinates": [[[-98.471962, 18.934952], [-98.447374, 18.934952], [-98.447374, 18.954531], [-98.471962, 18.954531], [-98.471962, 18.934952]]]}}, {"type": "Feature", "id": 210, "properties": {"seccion": 210, "id": 210, "municipio": 19, "nombre": "Atlixco", "distrito_l": 21, "distrito_f": 1}, "geometry": {"type": "Polygon", "coordinates": [[[-98.447374, 18.934952], [-98.422786, 18.934952], [-98.422786, 18.954531], [-98.447374, 18.954531], [-98.447374, 18.934952]]]}}, {"type": "Feature", "id": 211, "properties": {"seccion": 211, "id": 211, "municipio": 19, "nombre": "Atlixco", "distrito_l": 21, "distrito_f": 1}, "geometry": {"type": "Polygon", "coordinates": [[[-98.422786, 18.934952], [-98.398198, 18.934952], [-98.398198, 18.954531], [-98.422786, 18.954531], [-98.422786, 18.934952]]]}}, {"type": "Feature", "id": 212, "properties": {"seccion": 212, "id": 212, "municipio": 19, "nombre": "Atlixco", "distrito_l": 21, "distrito_f": 1}, "geometry": {"type": "Polygon", "coordinates": [[[-98.398198, 18.934952], [-98.37361, 18.934952], [-98.37361, 18.954531], [-98.398198, 18.954531], [-98.398198, 18.934952]]]}}, {"type": "Feature", "id": 213, "properties": {"seccion": 213, "id": 213, "municipio": 19, "nombre": "Atlixco", "distrito_l": 21, "distrito_f": 1}, "geometry": {"type": "Polygon", "coordinates": [[[-98.373611, 18.934952], [-98.349023, 18.934952], [-98.349023, 18.954531], [-98.373611, 18.954531], [-98.373611, 18.934952]]]}}, {"type": "Feature", "id": 214, "properties": {"seccion": 214, "id": 214, "municipio": 19, "nombre": "Atlixco", "distrito_l": 21, "distrito_f": 1}, "geometry": {"type": "Polygon", "coordinates": [[[-98.349023, 18.934952], [-98.324435, 18.934952], [-98.324435, 18.954531], [-98.349023, 18.954531], [-98.349023, 18.934952]]]}}, {"type": "Feature", "id": 215, "properties": {"seccion": 215, "id": 215, "municipio": 19, "nombre": "Atlixco", "distrito_l": 21, "distrito_f": 1}, "geometry": {"type": "Polygon", "coordinates": [[[-98.324435, 18.934952], [-98.299847, 18.934952], [-98.299847, 18.954531], [-98.324435, 18.954531], [-98.324435, 18.934952]]]}}, {"type": "Feature", "id": 216, "properties": {"seccion": 216, "id": 216, "municipio": 19, "nombre": "Atlixco", "distrito_l": 21, "distrito_f": 1}, "geometry": {"type": "Polygon", "coordinates": [[[-98.299847, 18.934952], [-98.275259, 18.934952], [-98.275259, 18.954531], [-98.299847, 18.954531], [-98.299847, 18.934952]]]}}, {"type": "Feature", "id": 217, "properties": {"seccion": 217, "id": 217, "municipio": 19, "nombre": "Atlixco", "distrito_l": 21, "distrito_f": 1}, "geometry": {"type": "Polygon", "coordinates": [[[-98.275259, 18.934952], [-98.250671, 18.934952], [-98.250671, 18.954531], [-98.275259, 18.954531], [-98.275259, 18.934952]]]}}, {"type": "Feature", "id": 218, "properties": {"seccion": 218, "id": 218, "municipio": 19, "nombre": "Atlixco", "distrito_l": 21, "distrito_f": 1}, "geometry": {"type": "Polygon", "coordinates": [[[-98.471962, 18.954531], [-98.447374, 18.954531], [-98.447374, 18.97411], [-98.471962, 18.97411], [-98.471962, 18.954531]]]}}, {"type": "Feature", "id": 219, "properties": {"seccion": 219, "id": 219, "municipio": 19, "nombre": "Atlixco", "distrito_l": 21, "distrito_f": 1}, "geometry": {"type": "Polygon", "coordinates": [[[-98.447374, 18.954531], [-98.422786, 18.954531], [-98.422786, 18.97411], [-98.447374, 18.97411], [-98.447374, 18.954531]]]}}, {"type": "Feature", "id": 220, "properties": {"seccion": 220, "id": 220, "municipio": 19, "nombre": "Atlixco", "distrito_l": 21, "distrito_f": 1}, "geometry": {"type": "Polygon", "coordinates": [[[-98.422786, 18.954531], [-98.398198, 18.954531], [-98.398198, 18.97411], [-98.422786, 18.97411], [-98.422786, 18.954531]]]}}, {"type": "Feature", "id": 221, "properties": {"seccion": 221, "id": 221, "municipio": 19, "nombre": "Atlixco", "distrito_l": 21, "distrito_f": 1}, "geometry": {"type": "Polygon", "coordinates": [[[-98.398198, 18.954531], [-98.37361, 18.954531], [-98.37361, 18.97411], [-98.398198, 18.97411], [-98.398198, 18.954531]]]}}, {"type": "Feature", "id": 2874, "properties": {"seccion": 2874, "id": 2874, "municipio": 19, "nombre": "Atlixco", "distrito_l": 21, "distrito_f": 1}, "geometry": {"type": "Polygon", "coordinates": [[[-98.373611, 18.954531], [-98.349023, 18.954531], [-98.349023, 18.97411], [-98.373611, 18.97411], [-98.373611, 18.954531]]]}}, {"type": "Feature", "id": 2875, "properties": {"seccion": 2875, "id": 2875, "municipio": 19, "nombre": "Atlixco", "distrito_l": 21, "distrito_f": 1}, "geometry": {"type": "Polygon", "coordinates": [[[-98.349023, 18.954531], [-98.324435, 18.954531], [-98.324435, 18.97411], [-98.349023, 18.97411], [-98.349023, 18.954531]]]}}, {"type": "Feature", "id": 2876, "properties": {"seccion": 2876, "id": 2876, "municipio": 19, "nombre": "Atlixco", "distrito_l": 21, "distrito_f": 1}, "geometry": {"type": "Polygon", "coordinates": [[[-98.324435, 18.954531], [-98.299847, 18.954531], [-98.299847, 18.97411], [-98.324435, 18.97411], [-98.324435, 18.954531]]]}}, {"type": "Feature", "id": 222, "properties": {"seccion": 222, "id": 222, "municipio": 20, "nombre": "Atoyatempan", "distrito_l": 13, "distrito_f": 1}, "geometry": {"type": "Polygon", "coordinates": [[[-97.836517, 18.846491], [-97.780647, 18.846491], [-97.780647, 18.928789], [-97.836517, 18.928789], [-97.836517, 18.846491]]]}}, {"type": "Feature", "id": 223, "properties": {"seccion": 223, "id": 223, "municipio": 20, "nombre": "Atoyatempan", "distrito_l": 13, "distrito_f": 1}, "geometry": {"type": "Polygon", "coordinates": [[[-97.780647, 18.846491], [-97.724777, 18.846491], [-97.724777, 18.928789], [-97.780647, 18.928789], [-97.780647, 18.846491]]]}}, {"type": "Feature", "id": 224, "properties": {"seccion": 224, "id": 224, "municipio": 21, "nombre": "Atzala", "distrito_l": 22, "distrito_f": 1}, "geometry": {"type": "Polygon", "coordinates": [[[-98.3939132690429, 18.5646305084229], [-98.4020233154296, 18.5696907043458], [-98.4049530029297, 18.5719108581543], [-98.4076690673828, 18.572759628296], [-98.4125823974609, 18.5731296539306], [-98.4179992675781, 18.5721225738527], [-98.4219512939453, 18.567979812622], [-98.4234390258789, 18.5627403259277], [-98.424690246582, 18.5593204498292], [-98.4283828735352, 18.5563106536865], [-98.4360198974609, 18.555950164795], [-98.4453659057617, 18.5578212738037], [-98.4522628784179, 18.5585994720459], [-98.4559631347656, 18.5580806732178], [-98.4596481323242, 18.5566501617432], [-98.4630966186523, 18.5541019439697], [-98.4675369262695, 18.5497112274171], [-98.4695205688477, 18.5487728118898], [-98.4746932983398, 18.5464210510255], [-98.4788818359374, 18.5456619262695], [-98.4823303222656, 18.546501159668], [-98.4867477416992, 18.5527591705322], [-98.4894332885742, 18.559949874878], [-98.4908828735352, 18.5664901733399], [-98.4933319091797, 18.5734710693359], [-98.4962463378906, 18.5799808502198], [-98.4979782104491, 18.5828914642335], [-98.4913330078125, 18.5846004486085], [-98.4890975952148, 18.5862312316895], [-98.4849014282226, 18.5899295806885], [-98.4814529418945, 18.5920295715333], [-98.4789810180663, 18.5929794311523], [-98.4762725830078, 18.5937099456788], [-98.4723281860352, 18.5942325592042], [-98.468391418457, 18.5954399108888], [-98.4654312133788, 18.5972995758058], [-98.4627227783203, 18.6003017425537], [-98.4612274169921, 18.602819442749], [-98.4582595825195, 18.6076316833497], [-98.4560317993164, 18.6090297698976], [-98.4538192749023, 18.6093006134034], [-98.4488906860352, 18.6102905273438], [-98.443962097168, 18.6128826141359], [-98.4412460327148, 18.6147308349609], [-98.4353408813477, 18.6173305511475], [-98.4331283569335, 18.6157894134521], [-98.4309082031249, 18.6149196624756], [-98.4277114868164, 18.6138496398926], [-98.4252471923828, 18.6125316619873], [-98.4232864379882, 18.6114406585693], [-98.4210815429687, 18.6101226806641], [-98.4154281616211, 18.6079502105713], [-98.4104995727538, 18.6073627471924], [-98.4065780639648, 18.6072101593018], [-98.4041061401367, 18.6065711975098], [-98.4018859863281, 18.6052494049073], [-98.4006805419921, 18.6036891937257], [-98.3994522094726, 18.6019001007081], [-98.3960189819335, 18.5981101989747], [-98.3933181762695, 18.5965690612794], [-98.3896331787109, 18.5957298278809], [-98.3871612548827, 18.5955505371095], [-98.3842163085938, 18.5951499938965], [-98.3793029785156, 18.594102859497], [-98.3765869140625, 18.5930194854736], [-98.374641418457, 18.5903396606446], [-98.3741607666015, 18.5860404968262], [-98.3751602172852, 18.5830802917482], [-98.3778762817382, 18.5787296295166], [-98.3803482055664, 18.575969696045], [-98.3830566406249, 18.5729808807374], [-98.3867568969726, 18.5692806243896], [-98.3911972045898, 18.5662593841553], [-98.3939132690429, 18.5646305084229]]]}}, {"type": "Feature", "id": 225, "properties": {"seccion": 225, "id": 225, "municipio": 22, "nombre": "Atzitzihuacan", "distrito_l": 22, "distrito_f": 1}, "geometry": {"type": "Polygon", "coordinates": [[[-97.324547, 18.911921], [-97.271301, 18.911921], [-97.271301, 18.964101], [-97.324547, 18.964101], [-97.324547, 18.911921]]]}}, {"type": "Feature", "id": 226, "properties": {"seccion": 226, "id": 226, "municipio": 22, "nombre": "Atzitzihuacan", "distrito_l": 22, "distrito_f": 1}, "geometry": {"type": "Polygon", "coordinates": [[[-97.271301, 18.911921], [-97.218055, 18.911921], [-97.218055, 18.964101], [-97.271301, 18.964101], [-97.271301, 18.911921]]]}}, {"type": "Feature", "id": 227, "properties": {"seccion": 227, "id": 227, "municipio": 22, "nombre": "Atzitzihuacan", "distrito_l": 22, "distrito_f": 1}, "geometry": {"type": "Polygon", "coordinates": [[[-97.218056, 18.911921], [-97.16481, 18.911921], [-97.16481, 18.964101], [-97.218056, 18.964101], [-97.218056, 18.911921]]]}}, {"type": "Feature", "id": 228, "properties": {"seccion": 228, "id": 228, "municipio": 22, "nombre": "Atzitzihuacan", "distrito_l": 22, "distrito_f": 1}, "geometry": {"type": "Polygon", "coordinates": [[[-97.324547, 18.964101], [-97.271301, 18.964101], [-97.271301, 19.016281], [-97.324547, 19.016281], [-97.324547, 18.964101]]]}}, {"type": "Feature", "id": 229, "properties": {"seccion": 229, "id": 229, "municipio": 22, "nombre": "Atzitzihuacan", "distrito_l": 22, "distrito_f": 1}, "geometry": {"type": "Polygon", "coordinates": [[[-97.271301, 18.964101], [-97.218055, 18.964101], [-97.218055, 19.016281], [-97.271301, 19.016281], [-97.271301, 18.964101]]]}}, {"type": "Feature", "id": 230, "properties": {"seccion": 230, "id": 230, "municipio": 22, "nombre": "Atzitzihuacan", "distrito_l": 22, "distrito_f": 1}, "geometry": {"type": "Polygon", "coordinates": [[[-97.218056, 18.964101], [-97.16481, 18.964101], [-97.16481, 19.016281], [-97.218056, 19.016281], [-97.218056, 18.964101]]]}}, {"type": "Feature", "id": 231, "properties": {"seccion": 231, "id": 231, "municipio": 22, "nombre": "Atzitzihuacan", "distrito_l": 22, "distrito_f": 1}, "geometry": {"type": "Polygon", "coordinates": [[[-97.324547, 19.01628], [-97.271301, 19.01628], [-97.271301, 19.06846], [-97.324547, 19.06846], [-97.324547, 19.01628]]]}}, {"type": "Feature", "id": 232, "properties": {"seccion": 232, "id": 232, "municipio": 22, "nombre": "Atzitzihuacan", "distrito_l": 22, "distrito_f": 1}, "geometry": {"type": "Polygon", "coordinates": [[[-97.271301, 19.01628], [-97.218055, 19.01628], [-97.218055, 19.06846], [-97.271301, 19.06846], [-97.271301, 19.01628]]]}}, {"type": "Feature", "id": 233, "properties": {"seccion": 233, "id": 233, "municipio": 22, "nombre": "Atzitzihuacan", "distrito_l": 22, "distrito_f": 1}, "geometry": {"type": "Polygon", "coordinates": [[[-97.218056, 19.01628], [-97.16481, 19.01628], [-97.16481, 19.06846], [-97.218056, 19.06846], [-97.218056, 19.01628]]]}}, {"type": "Feature", "id": 239, "properties": {"seccion": 239, "id": 239, "municipio": 23, "nombre": "Axutla", "distrito_l": 23, "distrito_f": 1}, "geometry": {"type": "Polygon", "coordinates": [[[-98.336197, 18.099951], [-98.287163, 18.099951], [-98.287163, 18.291571], [-98.336197, 18.291571], [-98.336197, 18.099951]]]}}, {"type": "Feature", "id": 240, "properties": {"seccion": 240, "id": 240, "municipio": 23, "nombre": "Axutla", "distrito_l": 23, "distrito_f": 1}, "geometry": {"type": "Polygon", "coordinates": [[[-98.287163, 18.099951], [-98.238129, 18.099951], [-98.238129, 18.291571], [-98.287163, 18.291571], [-98.287163, 18.099951]]]}}, {"type": "Feature", "id": 241, "properties": {"seccion": 241, "id": 241, "municipio": 24, "nombre": "Ayotoxco De Guerrero", "distrito_l": 6, "distrito_f": 1}, "geometry": {"type": "Polygon", "coordinates": [[[-97.390182, 20.033958], [-97.331817, 20.033958], [-97.331817, 20.130158], [-97.390182, 20.130158], [-97.390182, 20.033958]]]}}, {"type": "Feature", "id": 242, "properties": {"seccion": 242, "id": 242, "municipio": 24, "nombre": "Ayotoxco De Guerrero", "distrito_l": 6, "distrito_f": 1}, "geometry": {"type": "Polygon", "coordinates": [[[-97.331818, 20.033958], [-97.273453, 20.033958], [-97.273453, 20.130158], [-97.331818, 20.130158], [-97.331818, 20.033958]]]}}, {"type": "Feature", "id": 243, "properties": {"seccion": 243, "id": 243, "municipio": 24, "nombre": "Ayotoxco De Guerrero", "distrito_l": 6, "distrito_f": 1}, "geometry": {"type": "Polygon", "coordinates": [[[-97.390182, 20.130158], [-97.331817, 20.130158], [-97.331817, 20.226358], [-97.390182, 20.226358], [-97.390182, 20.130158]]]}}, {"type": "Feature", "id": 244, "properties": {"seccion": 244, "id": 244, "municipio": 24, "nombre": "Ayotoxco De Guerrero", "distrito_l": 6, "distrito_f": 1}, "geometry": {"type": "Polygon", "coordinates": [[[-97.331818, 20.130158], [-97.273453, 20.130158], [-97.273453, 20.226358], [-97.331818, 20.226358], [-97.331818, 20.130158]]]}}, {"type": "Feature", "id": 245, "properties": {"seccion": 245, "id": 245, "municipio": 25, "nombre": "Calpan", "distrito_l": 8, "distrito_f": 1}, "geometry": {"type": "Polygon", "coordinates": [[[-98.502609, 19.103281], [-98.43175, 19.103281], [-98.43175, 19.134854], [-98.502609, 19.134854], [-98.502609, 19.103281]]]}}, {"type": "Feature", "id": 246, "properties": {"seccion": 246, "id": 246, "municipio": 25, "nombre": "Calpan", "distrito_l": 8, "distrito_f": 1}, "geometry": {"type": "Polygon", "coordinates": [[[-98.43175, 19.103281], [-98.360891, 19.103281], [-98.360891, 19.134854], [-98.43175, 19.134854], [-98.43175, 19.103281]]]}}, {"type": "Feature", "id": 247, "properties": {"seccion": 247, "id": 247, "municipio": 25, "nombre": "Calpan", "distrito_l": 8, "distrito_f": 1}, "geometry": {"type": "Polygon", "coordinates": [[[-98.360891, 19.103281], [-98.290032, 19.103281], [-98.290032, 19.134854], [-98.360891, 19.134854], [-98.360891, 19.103281]]]}}, {"type": "Feature", "id": 248, "properties": {"seccion": 248, "id": 248, "municipio": 25, "nombre": "Calpan", "distrito_l": 8, "distrito_f": 1}, "geometry": {"type": "Polygon", "coordinates": [[[-98.502609, 19.134854], [-98.43175, 19.134854], [-98.43175, 19.166427], [-98.502609, 19.166427], [-98.502609, 19.134854]]]}}, {"type": "Feature", "id": 249, "properties": {"seccion": 249, "id": 249, "municipio": 25, "nombre": "Calpan", "distrito_l": 8, "distrito_f": 1}, "geometry": {"type": "Polygon", "coordinates": [[[-98.43175, 19.134854], [-98.360891, 19.134854], [-98.360891, 19.166427], [-98.43175, 19.166427], [-98.43175, 19.134854]]]}}, {"type": "Feature", "id": 250, "properties": {"seccion": 250, "id": 250, "municipio": 25, "nombre": "Calpan", "distrito_l": 8, "distrito_f": 1}, "geometry": {"type": "Polygon", "coordinates": [[[-98.360891, 19.134854], [-98.290032, 19.134854], [-98.290032, 19.166427], [-98.360891, 19.166427], [-98.360891, 19.134854]]]}}, {"type": "Feature", "id": 251, "properties": {"seccion": 251, "id": 251, "municipio": 25, "nombre": "Calpan", "distrito_l": 8, "distrito_f": 1}, "geometry": {"type": "Polygon", "coordinates": [[[-98.502609, 19.166427], [-98.43175, 19.166427], [-98.43175, 19.198], [-98.502609, 19.198], [-98.502609, 19.166427]]]}}, {"type": "Feature", "id": 252, "properties": {"seccion": 252, "id": 252, "municipio": 25, "nombre": "Calpan", "distrito_l": 8, "distrito_f": 1}, "geometry": {"type": "Polygon", "coordinates": [[[-98.43175, 19.166427], [-98.360891, 19.166427], [-98.360891, 19.198], [-98.43175, 19.198], [-98.43175, 19.166427]]]}}, {"type": "Feature", "id": 253, "properties": {"seccion": 253, "id": 253, "municipio": 26, "nombre": "Caltepec", "distrito_l": 24, "distrito_f": 1}, "geometry": {"type": "Polygon", "coordinates": [[[-97.506561, 17.961752], [-97.420013, 17.961752], [-97.420013, 18.141956], [-97.506561, 18.141956], [-97.506561, 17.961752]]]}}, {"type": "Feature", "id": 254, "properties": {"seccion": 254, "id": 254, "municipio": 26, "nombre": "Caltepec", "distrito_l": 24, "distrito_f": 1}, "geometry": {"type": "Polygon", "coordinates": [[[-97.420013, 17.961752], [-97.333465, 17.961752], [-97.333465, 18.141956], [-97.420013, 18.141956], [-97.420013, 17.961752]]]}}, {"type": "Feature", "id": 255, "properties": {"seccion": 255, "id": 255, "municipio": 26, "nombre": "Caltepec", "distrito_l": 24, "distrito_f": 1}, "geometry": {"type": "Polygon", "coordinates": [[[-97.333466, 17.961752], [-97.246918, 17.961752], [-97.246918, 18.141956], [-97.333466, 18.141956], [-97.333466, 17.961752]]]}}, {"type": "Feature", "id": 256, "properties": {"seccion": 256, "id": 256, "municipio": 26, "nombre": "Caltepec", "distrito_l": 24, "distrito_f": 1}, "geometry": {"type": "Polygon", "coordinates": [[[-97.506561, 18.141956], [-97.420013, 18.141956], [-97.420013, 18.32216], [-97.506561, 18.32216], [-97.506561, 18.141956]]]}}, {"type": "Feature", "id": 257, "properties": {"seccion": 257, "id": 257, "municipio": 26, "nombre": "Caltepec", "distrito_l": 24, "distrito_f": 1}, "geometry": {"type": "Polygon", "coordinates": [[[-97.420013, 18.141956], [-97.333465, 18.141956], [-97.333465, 18.32216], [-97.420013, 18.32216], [-97.420013, 18.141956]]]}}, {"type": "Feature", "id": 258, "properties": {"seccion": 258, "id": 258, "municipio": 26, "nombre": "Caltepec", "distrito_l": 24, "distrito_f": 1}, "geometry": {"type": "Polygon", "coordinates": [[[-97.333466, 18.141956], [-97.246918, 18.141956], [-97.246918, 18.32216], [-97.333466, 18.32216], [-97.333466, 18.141956]]]}}, {"type": "Feature", "id": 260, "properties": {"seccion": 260, "id": 260, "municipio": 27, "nombre": "Camocuautla", "distrito_l": 3, "distrito_f": 1}, "geometry": {"type": "Polygon", "coordinates": [[[-97.729149, 20.02446], [-97.691986, 20.02446], [-97.691986, 20.06963], [-97.729149, 20.06963], [-97.729149, 20.02446]]]}}, {"type": "Feature", "id": 261, "properties": {"seccion": 261, "id": 261, "municipio": 27, "nombre": "Camocuautla", "distrito_l": 3, "distrito_f": 1}, "geometry": {"type": "Polygon", "coordinates": [[[-97.691986, 20.02446], [-97.654823, 20.02446], [-97.654823, 20.06963], [-97.691986, 20.06963], [-97.691986, 20.02446]]]}}, {"type": "Feature", "id": 271, "properties": {"seccion": 271, "id": 271, "municipio": 29, "nombre": "Caxhuacan", "distrito_l": 4, "distrito_f": 1}, "geometry": {"type": "Polygon", "coordinates": [[[-97.55909, 20.058401], [-97.538117, 20.058401], [-97.538117, 20.131691], [-97.55909, 20.131691], [-97.55909, 20.058401]]]}}, {"type": "Feature", "id": 272, "properties": {"seccion": 272, "id": 272, "municipio": 29, "nombre": "Caxhuacan", "distrito_l": 4, "distrito_f": 1}, "geometry": {"type": "Polygon", "coordinates": [[[-97.538116, 20.058401], [-97.517143, 20.058401], [-97.517143, 20.131691], [-97.538116, 20.131691], [-97.538116, 20.058401]]]}}, {"type": "Feature", "id": 371, "properties": {"seccion": 371, "id": 371, "municipio": 30, "nombre": "Chalchicomula De Sesma", "distrito_l": 14, "distrito_f": 1}, "geometry": {"type": "Polygon", "coordinates": [[[-97.443466, 18.93866], [-97.388484, 18.93866], [-97.388484, 18.970476], [-97.443466, 18.970476], [-97.443466, 18.93866]]]}}, {"type": "Feature", "id": 372, "properties": {"seccion": 372, "id": 372, "municipio": 30, "nombre": "Chalchicomula De Sesma", "distrito_l": 14, "distrito_f": 1}, "geometry": {"type": "Polygon", "coordinates": [[[-97.388484, 18.93866], [-97.333502, 18.93866], [-97.333502, 18.970476], [-97.388484, 18.970476], [-97.388484, 18.93866]]]}}, {"type": "Feature", "id": 373, "properties": {"seccion": 373, "id": 373, "municipio": 30, "nombre": "Chalchicomula De Sesma", "distrito_l": 14, "distrito_f": 1}, "geometry": {"type": "Polygon", "coordinates": [[[-97.333502, 18.93866], [-97.27852, 18.93866], [-97.27852, 18.970476], [-97.333502, 18.970476], [-97.333502, 18.93866]]]}}, {"type": "Feature", "id": 374, "properties": {"seccion": 374, "id": 374, "municipio": 30, "nombre": "Chalchicomula De Sesma", "distrito_l": 14, "distrito_f": 1}, "geometry": {"type": "Polygon", "coordinates": [[[-97.27852, 18.93866], [-97.223538, 18.93866], [-97.223538, 18.970476], [-97.27852, 18.970476], [-97.27852, 18.93866]]]}}, {"type": "Feature", "id": 375, "properties": {"seccion": 375, "id": 375, "municipio": 30, "nombre": "Chalchicomula De Sesma", "distrito_l": 14, "distrito_f": 1}, "geometry": {"type": "Polygon", "coordinates": [[[-97.223538, 18.93866], [-97.168556, 18.93866], [-97.168556, 18.970476], [-97.223538, 18.970476], [-97.223538, 18.93866]]]}}, {"type": "Feature", "id": 376, "properties": {"seccion": 376, "id": 376, "municipio": 30, "nombre": "Chalchicomula De Sesma", "distrito_l": 14, "distrito_f": 1}, "geometry": {"type": "Polygon", "coordinates": [[[-97.443466, 18.970476], [-97.388484, 18.970476], [-97.388484, 19.002292], [-97.443466, 19.002292], [-97.443466, 18.970476]]]}}, {"type": "Feature", "id": 377, "properties": {"seccion": 377, "id": 377, "municipio": 30, "nombre": "Chalchicomula De Sesma", "distrito_l": 14, "distrito_f": 1}, "geometry": {"type": "Polygon", "coordinates": [[[-97.388484, 18.970476], [-97.333502, 18.970476], [-97.333502, 19.002292], [-97.388484, 19.002292], [-97.388484, 18.970476]]]}}, {"type": "Feature", "id": 378, "properties": {"seccion": 378, "id": 378, "municipio": 30, "nombre": "Chalchicomula De Sesma", "distrito_l": 14, "distrito_f": 1}, "geometry": {"type": "Polygon", "coordinates": [[[-97.333502, 18.970476], [-97.27852, 18.970476], [-97.27852, 19.002292], [-97.333502, 19.002292], [-97.333502, 18.970476]]]}}, {"type": "Feature", "id": 379, "properties": {"seccion": 379, "id": 379, "municipio": 30, "nombre": "Chalchicomula De Sesma", "distrito_l": 14, "distrito_f": 1}, "geometry": {"type": "Polygon", "coordinates": [[[-97.27852, 18.970476], [-97.223538, 18.970476], [-97.223538, 19.002292], [-97.27852, 19.002292], [-97.27852, 18.970476]]]}}, {"type": "Feature", "id": 380, "properties": {"seccion": 380, "id": 380, "municipio": 30, "nombre": "Chalchicomula De Sesma", "distrito_l": 14, "distrito_f": 1}, "geometry": {"type": "Polygon", "coordinates": [[[-97.223538, 18.970476], [-97.168556, 18.970476], [-97.168556, 19.002292], [-97.223538, 19.002292], [-97.223538, 18.970476]]]}}, {"type": "Feature", "id": 381, "properties": {"seccion": 381, "id": 381, "municipio": 30, "nombre": "Chalchicomula De Sesma", "distrito_l": 14, "distrito_f": 1}, "geometry": {"type": "Polygon", "coordinates": [[[-97.443466, 19.002292], [-97.388484, 19.002292], [-97.388484, 19.034108], [-97.443466, 19.034108], [-97.443466, 19.002292]]]}}, {"type": "Feature", "id": 382, "properties": {"seccion": 382, "id": 382, "municipio": 30, "nombre": "Chalchicomula De Sesma", "distrito_l": 14, "distrito_f": 1}, "geometry": {"type": "Polygon", "coordinates": [[[-97.388484, 19.002292], [-97.333502, 19.002292], [-97.333502, 19.034108], [-97.388484, 19.034108], [-97.388484, 19.002292]]]}}, {"type": "Feature", "id": 383, "properties": {"seccion": 383, "id": 383, "municipio": 30, "nombre": "Chalchicomula De Sesma", "distrito_l": 14, "distrito_f": 1}, "geometry": {"type": "Polygon", "coordinates": [[[-97.333502, 19.002292], [-97.27852, 19.002292], [-97.27852, 19.034108], [-97.333502, 19.034108], [-97.333502, 19.002292]]]}}, {"type": "Feature", "id": 384, "properties": {"seccion": 384, "id": 384, "municipio": 30, "nombre": "Chalchicomula De Sesma", "distrito_l": 14, "distrito_f": 1}, "geometry": {"type": "Polygon", "coordinates": [[[-97.27852, 19.002292], [-97.223538, 19.002292], [-97.223538, 19.034108], [-97.27852, 19.034108], [-97.27852, 19.002292]]]}}, {"type": "Feature", "id": 385, "properties": {"seccion": 385, "id": 385, "municipio": 30, "nombre": "Chalchicomula De Sesma", "distrito_l": 14, "distrito_f": 1}, "geometry": {"type": "Polygon", "coordinates": [[[-97.223538, 19.002292], [-97.168556, 19.002292], [-97.168556, 19.034108], [-97.223538, 19.034108], [-97.223538, 19.002292]]]}}, {"type": "Feature", "id": 386, "properties": {"seccion": 386, "id": 386, "municipio": 30, "nombre": "Chalchicomula De Sesma", "distrito_l": 14, "distrito_f": 1}, "geometry": {"type": "Polygon", "coordinates": [[[-97.443466, 19.034108], [-97.388484, 19.034108], [-97.388484, 19.065924], [-97.443466, 19.065924], [-97.443466, 19.034108]]]}}, {"type": "Feature", "id": 387, "properties": {"seccion": 387, "id": 387, "municipio": 30, "nombre": "Chalchicomula De Sesma", "distrito_l": 14, "distrito_f": 1}, "geometry": {"type": "Polygon", "coordinates": [[[-97.388484, 19.034108], [-97.333502, 19.034108], [-97.333502, 19.065924], [-97.388484, 19.065924], [-97.388484, 19.034108]]]}}, {"type": "Feature", "id": 388, "properties": {"seccion": 388, "id": 388, "municipio": 30, "nombre": "Chalchicomula De Sesma", "distrito_l": 14, "distrito_f": 1}, "geometry": {"type": "Polygon", "coordinates": [[[-97.333502, 19.034108], [-97.27852, 19.034108], [-97.27852, 19.065924], [-97.333502, 19.065924], [-97.333502, 19.034108]]]}}, {"type": "Feature", "id": 389, "properties": {"seccion": 389, "id": 389, "municipio": 30, "nombre": "Chalchicomula De Sesma", "distrito_l": 14, "distrito_f": 1}, "geometry": {"type": "Polygon", "coordinates": [[[-97.27852, 19.034108], [-97.223538, 19.034108], [-97.223538, 19.065924], [-97.27852, 19.065924], [-97.27852, 19.034108]]]}}, {"type": "Feature", "id": 390, "properties": {"seccion": 390, "id": 390, "municipio": 30, "nombre": "Chalchicomula De Sesma", "distrito_l": 14, "distrito_f": 1}, "geometry": {"type": "Polygon", "coordinates": [[[-97.223538, 19.034108], [-97.168556, 19.034108], [-97.168556, 19.065924], [-97.223538, 19.065924], [-97.223538, 19.034108]]]}}, {"type": "Feature", "id": 391, "properties": {"seccion": 391, "id": 391, "municipio": 30, "nombre": "Chalchicomula De Sesma", "distrito_l": 14, "distrito_f": 1}, "geometry": {"type": "Polygon", "coordinates": [[[-97.443466, 19.065924], [-97.388484, 19.065924], [-97.388484, 19.09774], [-97.443466, 19.09774], [-97.443466, 19.065924]]]}}, {"type": "Feature", "id": 392, "properties": {"seccion": 392, "id": 392, "municipio": 30, "nombre": "Chalchicomula De Sesma", "distrito_l": 14, "distrito_f": 1}, "geometry": {"type": "Polygon", "coordinates": [[[-97.388484, 19.065924], [-97.333502, 19.065924], [-97.333502, 19.09774], [-97.388484, 19.09774], [-97.388484, 19.065924]]]}}, {"type": "Feature", "id": 393, "properties": {"seccion": 393, "id": 393, "municipio": 30, "nombre": "Chalchicomula De Sesma", "distrito_l": 14, "distrito_f": 1}, "geometry": {"type": "Polygon", "coordinates": [[[-97.333502, 19.065924], [-97.27852, 19.065924], [-97.27852, 19.09774], [-97.333502, 19.09774], [-97.333502, 19.065924]]]}}, {"type": "Feature", "id": 394, "properties": {"seccion": 394, "id": 394, "municipio": 30, "nombre": "Chalchicomula De Sesma", "distrito_l": 14, "distrito_f": 1}, "geometry": {"type": "Polygon", "coordinates": [[[-97.27852, 19.065924], [-97.223538, 19.065924], [-97.223538, 19.09774], [-97.27852, 19.09774], [-97.27852, 19.065924]]]}}, {"type": "Feature", "id": 395, "properties": {"seccion": 395, "id": 395, "municipio": 31, "nombre": "Chapulco", "distrito_l": 25, "distrito_f": 1}, "geometry": {"type": "Polygon", "coordinates": [[[-97.379242, 18.624493], [-97.310062, 18.624493], [-97.310062, 18.683867], [-97.379242, 18.683867], [-97.379242, 18.624493]]]}}, {"type": "Feature", "id": 396, "properties": {"seccion": 396, "id": 396, "municipio": 31, "nombre": "Chapulco", "distrito_l": 25, "distrito_f": 1}, "geometry": {"type": "Polygon", "coordinates": [[[-97.310062, 18.624493], [-97.240882, 18.624493], [-97.240882, 18.683867], [-97.310062, 18.683867], [-97.310062, 18.624493]]]}}, {"type": "Feature", "id": 397, "properties": {"seccion": 397, "id": 397, "municipio": 31, "nombre": "Chapulco", "distrito_l": 25, "distrito_f": 1}, "geometry": {"type": "Polygon", "coordinates": [[[-97.379242, 18.683867], [-97.310062, 18.683867], [-97.310062, 18.743241], [-97.379242, 18.743241], [-97.379242, 18.683867]]]}}, {"type": "Feature", "id": 398, "properties": {"seccion": 398, "id": 398, "municipio": 32, "nombre": "Chiautla", "distrito_l": 23, "distrito_f": 1}, "geometry": {"type": "Polygon", "coordinates": [[[-98.636047, 18.190573], [-98.568437, 18.190573], [-98.568437, 18.266527], [-98.636047, 18.266527], [-98.636047, 18.190573]]]}}, {"type": "Feature", "id": 399, "properties": {"seccion": 399, "id": 399, "municipio": 32, "nombre": "Chiautla", "distrito_l": 23, "distrito_f": 1}, "geometry": {"type": "Polygon", "coordinates": [[[-98.568437, 18.190573], [-98.500827, 18.190573], [-98.500827, 18.266527], [-98.568437, 18.266527], [-98.568437, 18.190573]]]}}, {"type": "Feature", "id": 400, "properties": {"seccion": 400, "id": 400, "municipio": 32, "nombre": "Chiautla", "distrito_l": 23, "distrito_f": 1}, "geometry": {"type": "Polygon", "coordinates": [[[-98.500827, 18.190573], [-98.433217, 18.190573], [-98.433217, 18.266527], [-98.500827, 18.266527], [-98.500827, 18.190573]]]}}, {"type": "Feature", "id": 401, "properties": {"seccion": 401, "id": 401, "municipio": 32, "nombre": "Chiautla", "distrito_l": 23, "distrito_f": 1}, "geometry": {"type": "Polygon", "coordinates": [[[-98.433217, 18.190573], [-98.365607, 18.190573], [-98.365607, 18.266527], [-98.433217, 18.266527], [-98.433217, 18.190573]]]}}, {"type": "Feature", "id": 402, "properties": {"seccion": 402, "id": 402, "municipio": 32, "nombre": "Chiautla", "distrito_l": 23, "distrito_f": 1}, "geometry": {"type": "Polygon", "coordinates": [[[-98.365607, 18.190573], [-98.297997, 18.190573], [-98.297997, 18.266527], [-98.365607, 18.266527], [-98.365607, 18.190573]]]}}, {"type": "Feature", "id": 403, "properties": {"seccion": 403, "id": 403, "municipio": 32, "nombre": "Chiautla", "distrito_l": 23, "distrito_f": 1}, "geometry": {"type": "Polygon", "coordinates": [[[-98.636047, 18.266527], [-98.568437, 18.266527], [-98.568437, 18.342481], [-98.636047, 18.342481], [-98.636047, 18.266527]]]}}, {"type": "Feature", "id": 404, "properties": {"seccion": 404, "id": 404, "municipio": 32, "nombre": "Chiautla", "distrito_l": 23, "distrito_f": 1}, "geometry": {"type": "Polygon", "coordinates": [[[-98.568437, 18.266527], [-98.500827, 18.266527], [-98.500827, 18.342481], [-98.568437, 18.342481], [-98.568437, 18.266527]]]}}, {"type": "Feature", "id": 405, "properties": {"seccion": 405, "id": 405, "municipio": 32, "nombre": "Chiautla", "distrito_l": 23, "distrito_f": 1}, "geometry": {"type": "Polygon", "coordinates": [[[-98.500827, 18.266527], [-98.433217, 18.266527], [-98.433217, 18.342481], [-98.500827, 18.342481], [-98.500827, 18.266527]]]}}, {"type": "Feature", "id": 406, "properties": {"seccion": 406, "id": 406, "municipio": 32, "nombre": "Chiautla", "distrito_l": 23, "distrito_f": 1}, "geometry": {"type": "Polygon", "coordinates": [[[-98.433217, 18.266527], [-98.365607, 18.266527], [-98.365607, 18.342481], [-98.433217, 18.342481], [-98.433217, 18.266527]]]}}, {"type": "Feature", "id": 407, "properties": {"seccion": 407, "id": 407, "municipio": 32, "nombre": "Chiautla", "distrito_l": 23, "distrito_f": 1}, "geometry": {"type": "Polygon", "coordinates": [[[-98.365607, 18.266527], [-98.297997, 18.266527], [-98.297997, 18.342481], [-98.365607, 18.342481], [-98.365607, 18.266527]]]}}, {"type": "Feature", "id": 408, "properties": {"seccion": 408, "id": 408, "municipio": 32, "nombre": "Chiautla", "distrito_l": 23, "distrito_f": 1}, "geometry": {"type": "Polygon", "coordinates": [[[-98.636047, 18.342481], [-98.568437, 18.342481], [-98.568437, 18.418435], [-98.636047, 18.418435], [-98.636047, 18.342481]]]}}, {"type": "Feature", "id": 409, "properties": {"seccion": 409, "id": 409, "municipio": 32, "nombre": "Chiautla", "distrito_l": 23, "distrito_f": 1}, "geometry": {"type": "Polygon", "coordinates": [[[-98.568437, 18.342481], [-98.500827, 18.342481], [-98.500827, 18.418435], [-98.568437, 18.418435], [-98.568437, 18.342481]]]}}, {"type": "Feature", "id": 410, "properties": {"seccion": 410, "id": 410, "municipio": 32, "nombre": "Chiautla", "distrito_l": 23, "distrito_f": 1}, "geometry": {"type": "Polygon", "coordinates": [[[-98.500827, 18.342481], [-98.433217, 18.342481], [-98.433217, 18.418435], [-98.500827, 18.418435], [-98.500827, 18.342481]]]}}, {"type": "Feature", "id": 411, "properties": {"seccion": 411, "id": 411, "municipio": 32, "nombre": "Chiautla", "distrito_l": 23, "distrito_f": 1}, "geometry": {"type": "Polygon", "coordinates": [[[-98.433217, 18.342481], [-98.365607, 18.342481], [-98.365607, 18.418435], [-98.433217, 18.418435], [-98.433217, 18.342481]]]}}, {"type": "Feature", "id": 412, "properties": {"seccion": 412, "id": 412, "municipio": 32, "nombre": "Chiautla", "distrito_l": 23, "distrito_f": 1}, "geometry": {"type": "Polygon", "coordinates": [[[-98.365607, 18.342481], [-98.297997, 18.342481], [-98.297997, 18.418435], [-98.365607, 18.418435], [-98.365607, 18.342481]]]}}, {"type": "Feature", "id": 413, "properties": {"seccion": 413, "id": 413, "municipio": 32, "nombre": "Chiautla", "distrito_l": 23, "distrito_f": 1}, "geometry": {"type": "Polygon", "coordinates": [[[-98.636047, 18.418435], [-98.568437, 18.418435], [-98.568437, 18.494389], [-98.636047, 18.494389], [-98.636047, 18.418435]]]}}, {"type": "Feature", "id": 414, "properties": {"seccion": 414, "id": 414, "municipio": 32, "nombre": "Chiautla", "distrito_l": 23, "distrito_f": 1}, "geometry": {"type": "Polygon", "coordinates": [[[-98.568437, 18.418435], [-98.500827, 18.418435], [-98.500827, 18.494389], [-98.568437, 18.494389], [-98.568437, 18.418435]]]}}, {"type": "Feature", "id": 2758, "properties": {"seccion": 2758, "id": 2758, "municipio": 32, "nombre": "Chiautla", "distrito_l": 23, "distrito_f": 1}, "geometry": {"type": "Polygon", "coordinates": [[[-98.500827, 18.418435], [-98.433217, 18.418435], [-98.433217, 18.494389], [-98.500827, 18.494389], [-98.500827, 18.418435]]]}}, {"type": "Feature", "id": 415, "properties": {"seccion": 415, "id": 415, "municipio": 33, "nombre": "Chiautzingo", "distrito_l": 8, "distrito_f": 1}, "geometry": {"type": "Polygon", "coordinates": [[[-98.460907, 19.20232], [-98.432838, 19.20232], [-98.432838, 19.218207], [-98.460907, 19.218207], [-98.460907, 19.20232]]]}}, {"type": "Feature", "id": 416, "properties": {"seccion": 416, "id": 416, "municipio": 33, "nombre": "Chiautzingo", "distrito_l": 8, "distrito_f": 1}, "geometry": {"type": "Polygon", "coordinates": [[[-98.432838, 19.20232], [-98.404769, 19.20232], [-98.404769, 19.218207], [-98.432838, 19.218207], [-98.432838, 19.20232]]]}}, {"type": "Feature", "id": 417, "properties": {"seccion": 417, "id": 417, "municipio": 33, "nombre": "Chiautzingo", "distrito_l": 8, "distrito_f": 1}, "geometry": {"type": "Polygon", "coordinates": [[[-98.40477, 19.20232], [-98.376701, 19.20232], [-98.376701, 19.218207], [-98.40477, 19.218207], [-98.40477, 19.20232]]]}}, {"type": "Feature", "id": 418, "properties": {"seccion": 418, "id": 418, "municipio": 33, "nombre": "Chiautzingo", "distrito_l": 8, "distrito_f": 1}, "geometry": {"type": "Polygon", "coordinates": [[[-98.460907, 19.218207], [-98.432838, 19.218207], [-98.432838, 19.234094], [-98.460907, 19.234094], [-98.460907, 19.218207]]]}}, {"type": "Feature", "id": 419, "properties": {"seccion": 419, "id": 419, "municipio": 33, "nombre": "Chiautzingo", "distrito_l": 8, "distrito_f": 1}, "geometry": {"type": "Polygon", "coordinates": [[[-98.432838, 19.218207], [-98.404769, 19.218207], [-98.404769, 19.234094], [-98.432838, 19.234094], [-98.432838, 19.218207]]]}}, {"type": "Feature", "id": 420, "properties": {"seccion": 420, "id": 420, "municipio": 33, "nombre": "Chiautzingo", "distrito_l": 8, "distrito_f": 1}, "geometry": {"type": "Polygon", "coordinates": [[[-98.40477, 19.218207], [-98.376701, 19.218207], [-98.376701, 19.234094], [-98.40477, 19.234094], [-98.40477, 19.218207]]]}}, {"type": "Feature", "id": 421, "properties": {"seccion": 421, "id": 421, "municipio": 33, "nombre": "Chiautzingo", "distrito_l": 8, "distrito_f": 1}, "geometry": {"type": "Polygon", "coordinates": [[[-98.460907, 19.234094], [-98.432838, 19.234094], [-98.432838, 19.249981], [-98.460907, 19.249981], [-98.460907, 19.234094]]]}}, {"type": "Feature", "id": 422, "properties": {"seccion": 422, "id": 422, "municipio": 33, "nombre": "Chiautzingo", "distrito_l": 8, "distrito_f": 1}, "geometry": {"type": "Polygon", "coordinates": [[[-98.432838, 19.234094], [-98.404769, 19.234094], [-98.404769, 19.249981], [-98.432838, 19.249981], [-98.432838, 19.234094]]]}}, {"type": "Feature", "id": 430, "properties": {"seccion": 430, "id": 430, "municipio": 34, "nombre": "Chichiquila", "distrito_l": 5, "distrito_f": 1}, "geometry": {"type": "Polygon", "coordinates": [[[-97.101036, 19.22176], [-97.070354, 19.22176], [-97.070354, 19.24099], [-97.101036, 19.24099], [-97.101036, 19.22176]]]}}, {"type": "Feature", "id": 431, "properties": {"seccion": 431, "id": 431, "municipio": 34, "nombre": "Chichiquila", "distrito_l": 5, "distrito_f": 1}, "geometry": {"type": "Polygon", "coordinates": [[[-97.070354, 19.22176], [-97.039672, 19.22176], [-97.039672, 19.24099], [-97.070354, 19.24099], [-97.070354, 19.22176]]]}}, {"type": "Feature", "id": 432, "properties": {"seccion": 432, "id": 432, "municipio": 34, "nombre": "Chichiquila", "distrito_l": 5, "distrito_f": 1}, "geometry": {"type": "Polygon", "coordinates": [[[-97.039673, 19.22176], [-97.008991, 19.22176], [-97.008991, 19.24099], [-97.039673, 19.24099], [-97.039673, 19.22176]]]}}, {"type": "Feature", "id": 433, "properties": {"seccion": 433, "id": 433, "municipio": 34, "nombre": "Chichiquila", "distrito_l": 5, "distrito_f": 1}, "geometry": {"type": "Polygon", "coordinates": [[[-97.008991, 19.22176], [-96.978309, 19.22176], [-96.978309, 19.24099], [-97.008991, 19.24099], [-97.008991, 19.22176]]]}}, {"type": "Feature", "id": 434, "properties": {"seccion": 434, "id": 434, "municipio": 34, "nombre": "Chichiquila", "distrito_l": 5, "distrito_f": 1}, "geometry": {"type": "Polygon", "coordinates": [[[-97.101036, 19.24099], [-97.070354, 19.24099], [-97.070354, 19.26022], [-97.101036, 19.26022], [-97.101036, 19.24099]]]}}, {"type": "Feature", "id": 435, "properties": {"seccion": 435, "id": 435, "municipio": 34, "nombre": "Chichiquila", "distrito_l": 5, "distrito_f": 1}, "geometry": {"type": "Polygon", "coordinates": [[[-97.070354, 19.24099], [-97.039672, 19.24099], [-97.039672, 19.26022], [-97.070354, 19.26022], [-97.070354, 19.24099]]]}}, {"type": "Feature", "id": 436, "properties": {"seccion": 436, "id": 436, "municipio": 34, "nombre": "Chichiquila", "distrito_l": 5, "distrito_f": 1}, "geometry": {"type": "Polygon", "coordinates": [[[-97.039673, 19.24099], [-97.008991, 19.24099], [-97.008991, 19.26022], [-97.039673, 19.26022], [-97.039673, 19.24099]]]}}, {"type": "Feature", "id": 437, "properties": {"seccion": 437, "id": 437, "municipio": 34, "nombre": "Chichiquila", "distrito_l": 5, "distrito_f": 1}, "geometry": {"type": "Polygon", "coordinates": [[[-97.008991, 19.24099], [-96.978309, 19.24099], [-96.978309, 19.26022], [-97.008991, 19.26022], [-97.008991, 19.24099]]]}}, {"type": "Feature", "id": 438, "properties": {"seccion": 438, "id": 438, "municipio": 34, "nombre": "Chichiquila", "distrito_l": 5, "distrito_f": 1}, "geometry": {"type": "Polygon", "coordinates": [[[-97.101036, 19.26022], [-97.070354, 19.26022], [-97.070354, 19.27945], [-97.101036, 19.27945], [-97.101036, 19.26022]]]}}, {"type": "Feature", "id": 2768, "properties": {"seccion": 2768, "id": 2768, "municipio": 34, "nombre": "Chichiquila", "distrito_l": 5, "distrito_f": 1}, "geometry": {"type": "Polygon", "coordinates": [[[-97.070354, 19.26022], [-97.039672, 19.26022], [-97.039672, 19.27945], [-97.070354, 19.27945], [-97.070354, 19.26022]]]}}, {"type": "Feature", "id": 423, "properties": {"seccion": 423, "id": 423, "municipio": 35, "nombre": "Chiconcuautla", "distrito_l": 2, "distrito_f": 1}, "geometry": {"type": "Polygon", "coordinates": [[[-97.975281, 20.078411], [-97.931704, 20.078411], [-97.931704, 20.10972], [-97.975281, 20.10972], [-97.975281, 20.078411]]]}}, {"type": "Feature", "id": 424, "properties": {"seccion": 424, "id": 424, "municipio": 35, "nombre": "Chiconcuautla", "distrito_l": 2, "distrito_f": 1}, "geometry": {"type": "Polygon", "coordinates": [[[-97.931704, 20.078411], [-97.888127, 20.078411], [-97.888127, 20.10972], [-97.931704, 20.10972], [-97.931704, 20.078411]]]}}, {"type": "Feature", "id": 425, "properties": {"seccion": 425, "id": 425, "municipio": 35, "nombre": "Chiconcuautla", "distrito_l": 2, "distrito_f": 1}, "geometry": {"type": "Polygon", "coordinates": [[[-97.888128, 20.078411], [-97.844551, 20.078411], [-97.844551, 20.10972], [-97.888128, 20.10972], [-97.888128, 20.078411]]]}}, {"type": "Feature", "id": 426, "properties": {"seccion": 426, "id": 426, "municipio": 35, "nombre": "Chiconcuautla", "distrito_l": 2, "distrito_f": 1}, "geometry": {"type": "Polygon", "coordinates": [[[-97.975281, 20.10972], [-97.931704, 20.10972], [-97.931704, 20.141029], [-97.975281, 20.141029], [-97.975281, 20.10972]]]}}, {"type": "Feature", "id": 427, "properties": {"seccion": 427, "id": 427, "municipio": 35, "nombre": "Chiconcuautla", "distrito_l": 2, "distrito_f": 1}, "geometry": {"type": "Polygon", "coordinates": [[[-97.931704, 20.10972], [-97.888127, 20.10972], [-97.888127, 20.141029], [-97.931704, 20.141029], [-97.931704, 20.10972]]]}}, {"type": "Feature", "id": 428, "properties": {"seccion": 428, "id": 428, "municipio": 35, "nombre": "Chiconcuautla", "distrito_l": 2, "distrito_f": 1}, "geometry": {"type": "Polygon", "coordinates": [[[-97.888128, 20.10972], [-97.844551, 20.10972], [-97.844551, 20.141029], [-97.888128, 20.141029], [-97.888128, 20.10972]]]}}, {"type": "Feature", "id": 429, "properties": {"seccion": 429, "id": 429, "municipio": 35, "nombre": "Chiconcuautla", "distrito_l": 2, "distrito_f": 1}, "geometry": {"type": "Polygon", "coordinates": [[[-97.975281, 20.141029], [-97.931704, 20.141029], [-97.931704, 20.172338], [-97.975281, 20.172338], [-97.975281, 20.141029]]]}}, {"type": "Feature", "id": 439, "properties": {"seccion": 439, "id": 439, "municipio": 36, "nombre": "Chietla", "distrito_l": 22, "distrito_f": 1}, "geometry": {"type": "Polygon", "coordinates": [[[-98.638641, 18.4589], [-98.589695, 18.4589], [-98.589695, 18.491694], [-98.638641, 18.491694], [-98.638641, 18.4589]]]}}, {"type": "Feature", "id": 440, "properties": {"seccion": 440, "id": 440, "municipio": 36, "nombre": "Chietla", "distrito_l": 22, "distrito_f": 1}, "geometry": {"type": "Polygon", "coordinates": [[[-98.589696, 18.4589], [-98.54075, 18.4589], [-98.54075, 18.491694], [-98.589696, 18.491694], [-98.589696, 18.4589]]]}}, {"type": "Feature", "id": 441, "properties": {"seccion": 441, "id": 441, "municipio": 36, "nombre": "Chietla", "distrito_l": 22, "distrito_f": 1}, "geometry": {"type": "Polygon", "coordinates": [[[-98.54075, 18.4589], [-98.491804, 18.4589], [-98.491804, 18.491694], [-98.54075, 18.491694], [-98.54075, 18.4589]]]}}, {"type": "Feature", "id": 442, "properties": {"seccion": 442, "id": 442, "municipio": 36, "nombre": "Chietla", "distrito_l": 22, "distrito_f": 1}, "geometry": {"type": "Polygon", "coordinates": [[[-98.491805, 18.4589], [-98.442859, 18.4589], [-98.442859, 18.491694], [-98.491805, 18.491694], [-98.491805, 18.4589]]]}}, {"type": "Feature", "id": 443, "properties": {"seccion": 443, "id": 443, "municipio": 36, "nombre": "Chietla", "distrito_l": 22, "distrito_f": 1}, "geometry": {"type": "Polygon", "coordinates": [[[-98.442859, 18.4589], [-98.393913, 18.4589], [-98.393913, 18.491694], [-98.442859, 18.491694], [-98.442859, 18.4589]]]}}, {"type": "Feature", "id": 444, "properties": {"seccion": 444, "id": 444, "municipio": 36, "nombre": "Chietla", "distrito_l": 22, "distrito_f": 1}, "geometry": {"type": "Polygon", "coordinates": [[[-98.638641, 18.491694], [-98.589695, 18.491694], [-98.589695, 18.524488], [-98.638641, 18.524488], [-98.638641, 18.491694]]]}}, {"type": "Feature", "id": 445, "properties": {"seccion": 445, "id": 445, "municipio": 36, "nombre": "Chietla", "distrito_l": 22, "distrito_f": 1}, "geometry": {"type": "Polygon", "coordinates": [[[-98.589696, 18.491694], [-98.54075, 18.491694], [-98.54075, 18.524488], [-98.589696, 18.524488], [-98.589696, 18.491694]]]}}, {"type": "Feature", "id": 446, "properties": {"seccion": 446, "id": 446, "municipio": 36, "nombre": "Chietla", "distrito_l": 22, "distrito_f": 1}, "geometry": {"type": "Polygon", "coordinates": [[[-98.54075, 18.491694], [-98.491804, 18.491694], [-98.491804, 18.524488], [-98.54075, 18.524488], [-98.54075, 18.491694]]]}}, {"type": "Feature", "id": 447, "properties": {"seccion": 447, "id": 447, "municipio": 36, "nombre": "Chietla", "distrito_l": 22, "distrito_f": 1}, "geometry": {"type": "Polygon", "coordinates": [[[-98.491805, 18.491694], [-98.442859, 18.491694], [-98.442859, 18.524488], [-98.491805, 18.524488], [-98.491805, 18.491694]]]}}, {"type": "Feature", "id": 448, "properties": {"seccion": 448, "id": 448, "municipio": 36, "nombre": "Chietla", "distrito_l": 22, "distrito_f": 1}, "geometry": {"type": "Polygon", "coordinates": [[[-98.442859, 18.491694], [-98.393913, 18.491694], [-98.393913, 18.524488], [-98.442859, 18.524488], [-98.442859, 18.491694]]]}}, {"type": "Feature", "id": 449, "properties": {"seccion": 449, "id": 449, "municipio": 36, "nombre": "Chietla", "distrito_l": 22, "distrito_f": 1}, "geometry": {"type": "Polygon", "coordinates": [[[-98.638641, 18.524488], [-98.589695, 18.524488], [-98.589695, 18.557282], [-98.638641, 18.557282], [-98.638641, 18.524488]]]}}, {"type": "Feature", "id": 450, "properties": {"seccion": 450, "id": 450, "municipio": 36, "nombre": "Chietla", "distrito_l": 22, "distrito_f": 1}, "geometry": {"type": "Polygon", "coordinates": [[[-98.589696, 18.524488], [-98.54075, 18.524488], [-98.54075, 18.557282], [-98.589696, 18.557282], [-98.589696, 18.524488]]]}}, {"type": "Feature", "id": 451, "properties": {"seccion": 451, "id": 451, "municipio": 36, "nombre": "Chietla", "distrito_l": 22, "distrito_f": 1}, "geometry": {"type": "Polygon", "coordinates": [[[-98.54075, 18.524488], [-98.491804, 18.524488], [-98.491804, 18.557282], [-98.54075, 18.557282], [-98.54075, 18.524488]]]}}, {"type": "Feature", "id": 452, "properties": {"seccion": 452, "id": 452, "municipio": 36, "nombre": "Chietla", "distrito_l": 22, "distrito_f": 1}, "geometry": {"type": "Polygon", "coordinates": [[[-98.491805, 18.524488], [-98.442859, 18.524488], [-98.442859, 18.557282], [-98.491805, 18.557282], [-98.491805, 18.524488]]]}}, {"type": "Feature", "id": 453, "properties": {"seccion": 453, "id": 453, "municipio": 36, "nombre": "Chietla", "distrito_l": 22, "distrito_f": 1}, "geometry": {"type": "Polygon", "coordinates": [[[-98.442859, 18.524488], [-98.393913, 18.524488], [-98.393913, 18.557282], [-98.442859, 18.557282], [-98.442859, 18.524488]]]}}, {"type": "Feature", "id": 454, "properties": {"seccion": 454, "id": 454, "municipio": 36, "nombre": "Chietla", "distrito_l": 22, "distrito_f": 1}, "geometry": {"type": "Polygon", "coordinates": [[[-98.638641, 18.557282], [-98.589695, 18.557282], [-98.589695, 18.590076], [-98.638641, 18.590076], [-98.638641, 18.557282]]]}}, {"type": "Feature", "id": 455, "properties": {"seccion": 455, "id": 455, "municipio": 36, "nombre": "Chietla", "distrito_l": 22, "distrito_f": 1}, "geometry": {"type": "Polygon", "coordinates": [[[-98.589696, 18.557282], [-98.54075, 18.557282], [-98.54075, 18.590076], [-98.589696, 18.590076], [-98.589696, 18.557282]]]}}, {"type": "Feature", "id": 456, "properties": {"seccion": 456, "id": 456, "municipio": 36, "nombre": "Chietla", "distrito_l": 22, "distrito_f": 1}, "geometry": {"type": "Polygon", "coordinates": [[[-98.54075, 18.557282], [-98.491804, 18.557282], [-98.491804, 18.590076], [-98.54075, 18.590076], [-98.54075, 18.557282]]]}}, {"type": "Feature", "id": 457, "properties": {"seccion": 457, "id": 457, "municipio": 36, "nombre": "Chietla", "distrito_l": 22, "distrito_f": 1}, "geometry": {"type": "Polygon", "coordinates": [[[-98.491805, 18.557282], [-98.442859, 18.557282], [-98.442859, 18.590076], [-98.491805, 18.590076], [-98.491805, 18.557282]]]}}, {"type": "Feature", "id": 458, "properties": {"seccion": 458, "id": 458, "municipio": 36, "nombre": "Chietla", "distrito_l": 22, "distrito_f": 1}, "geometry": {"type": "Polygon", "coordinates": [[[-98.442859, 18.557282], [-98.393913, 18.557282], [-98.393913, 18.590076], [-98.442859, 18.590076], [-98.442859, 18.557282]]]}}, {"type": "Feature", "id": 2757, "properties": {"seccion": 2757, "id": 2757, "municipio": 36, "nombre": "Chietla", "distrito_l": 22, "distrito_f": 1}, "geometry": {"type": "Polygon", "coordinates": [[[-98.638641, 18.590076], [-98.589695, 18.590076], [-98.589695, 18.62287], [-98.638641, 18.62287], [-98.638641, 18.590076]]]}}, {"type": "Feature", "id": 459, "properties": {"seccion": 459, "id": 459, "municipio": 37, "nombre": "Chigmecatitlan", "distrito_l": 23, "distrito_f": 1}, "geometry": {"type": "Polygon", "coordinates": [[[-98.014687, 18.66721], [-97.948517, 18.66721], [-97.948517, 18.723391], [-98.014687, 18.723391], [-98.014687, 18.66721]]]}}, {"type": "Feature", "id": 460, "properties": {"seccion": 460, "id": 460, "municipio": 37, "nombre": "Chigmecatitlan", "distrito_l": 23, "distrito_f": 1}, "geometry": {"type": "Polygon", "coordinates": [[[-97.948517, 18.66721], [-97.882347, 18.66721], [-97.882347, 18.723391], [-97.948517, 18.723391], [-97.948517, 18.66721]]]}}, {"type": "Feature", "id": 461, "properties": {"seccion": 461, "id": 461, "municipio": 38, "nombre": "Chignahuapan", "distrito_l": 3, "distrito_f": 1}, "geometry": {"type": "Polygon", "coordinates": [[[-98.197189, 19.66749], [-98.139754, 19.66749], [-98.139754, 19.744152], [-98.197189, 19.744152], [-98.197189, 19.66749]]]}}, {"type": "Feature", "id": 462, "properties": {"seccion": 462, "id": 462, "municipio": 38, "nombre": "Chignahuapan", "distrito_l": 3, "distrito_f": 1}, "geometry": {"type": "Polygon", "coordinates": [[[-98.139754, 19.66749], [-98.082319, 19.66749], [-98.082319, 19.744152], [-98.139754, 19.744152], [-98.139754, 19.66749]]]}}, {"type": "Feature", "id": 463, "properties": {"seccion": 463, "id": 463, "municipio": 38, "nombre": "Chignahuapan", "distrito_l": 3, "distrito_f": 1}, "geometry": {"type": "Polygon", "coordinates": [[[-98.082319, 19.66749], [-98.024884, 19.66749], [-98.024884, 19.744152], [-98.082319, 19.744152], [-98.082319, 19.66749]]]}}, {"type": "Feature", "id": 464, "properties": {"seccion": 464, "id": 464, "municipio": 38, "nombre": "Chignahuapan", "distrito_l": 3, "distrito_f": 1}, "geometry": {"type": "Polygon", "coordinates": [[[-98.024883, 19.66749], [-97.967448, 19.66749], [-97.967448, 19.744152], [-98.024883, 19.744152], [-98.024883, 19.66749]]]}}, {"type": "Feature", "id": 465, "properties": {"seccion": 465, "id": 465, "municipio": 38, "nombre": "Chignahuapan", "distrito_l": 3, "distrito_f": 1}, "geometry": {"type": "Polygon", "coordinates": [[[-97.967448, 19.66749], [-97.910013, 19.66749], [-97.910013, 19.744152], [-97.967448, 19.744152], [-97.967448, 19.66749]]]}}, {"type": "Feature", "id": 466, "properties": {"seccion": 466, "id": 466, "municipio": 38, "nombre": "Chignahuapan", "distrito_l": 3, "distrito_f": 1}, "geometry": {"type": "Polygon", "coordinates": [[[-97.910013, 19.66749], [-97.852578, 19.66749], [-97.852578, 19.744152], [-97.910013, 19.744152], [-97.910013, 19.66749]]]}}, {"type": "Feature", "id": 467, "properties": {"seccion": 467, "id": 467, "municipio": 38, "nombre": "Chignahuapan", "distrito_l": 3, "distrito_f": 1}, "geometry": {"type": "Polygon", "coordinates": [[[-98.197189, 19.744152], [-98.139754, 19.744152], [-98.139754, 19.820814], [-98.197189, 19.820814], [-98.197189, 19.744152]]]}}, {"type": "Feature", "id": 469, "properties": {"seccion": 469, "id": 469, "municipio": 38, "nombre": "Chignahuapan", "distrito_l": 3, "distrito_f": 1}, "geometry": {"type": "Polygon", "coordinates": [[[-98.139754, 19.744152], [-98.082319, 19.744152], [-98.082319, 19.820814], [-98.139754, 19.820814], [-98.139754, 19.744152]]]}}, {"type": "Feature", "id": 470, "properties": {"seccion": 470, "id": 470, "municipio": 38, "nombre": "Chignahuapan", "distrito_l": 3, "distrito_f": 1}, "geometry": {"type": "Polygon", "coordinates": [[[-98.082319, 19.744152], [-98.024884, 19.744152], [-98.024884, 19.820814], [-98.082319, 19.820814], [-98.082319, 19.744152]]]}}, {"type": "Feature", "id": 471, "properties": {"seccion": 471, "id": 471, "municipio": 38, "nombre": "Chignahuapan", "distrito_l": 3, "distrito_f": 1}, "geometry": {"type": "Polygon", "coordinates": [[[-98.024883, 19.744152], [-97.967448, 19.744152], [-97.967448, 19.820814], [-98.024883, 19.820814], [-98.024883, 19.744152]]]}}, {"type": "Feature", "id": 472, "properties": {"seccion": 472, "id": 472, "municipio": 38, "nombre": "Chignahuapan", "distrito_l": 3, "distrito_f": 1}, "geometry": {"type": "Polygon", "coordinates": [[[-97.967448, 19.744152], [-97.910013, 19.744152], [-97.910013, 19.820814], [-97.967448, 19.820814], [-97.967448, 19.744152]]]}}, {"type": "Feature", "id": 473, "properties": {"seccion": 473, "id": 473, "municipio": 38, "nombre": "Chignahuapan", "distrito_l": 3, "distrito_f": 1}, "geometry": {"type": "Polygon", "coordinates": [[[-97.910013, 19.744152], [-97.852578, 19.744152], [-97.852578, 19.820814], [-97.910013, 19.820814], [-97.910013, 19.744152]]]}}, {"type": "Feature", "id": 474, "properties": {"seccion": 474, "id": 474, "municipio": 38, "nombre": "Chignahuapan", "distrito_l": 3, "distrito_f": 1}, "geometry": {"type": "Polygon", "coordinates": [[[-98.197189, 19.820814], [-98.139754, 19.820814], [-98.139754, 19.897476], [-98.197189, 19.897476], [-98.197189, 19.820814]]]}}, {"type": "Feature", "id": 475, "properties": {"seccion": 475, "id": 475, "municipio": 38, "nombre": "Chignahuapan", "distrito_l": 3, "distrito_f": 1}, "geometry": {"type": "Polygon", "coordinates": [[[-98.139754, 19.820814], [-98.082319, 19.820814], [-98.082319, 19.897476], [-98.139754, 19.897476], [-98.139754, 19.820814]]]}}, {"type": "Feature", "id": 476, "properties": {"seccion": 476, "id": 476, "municipio": 38, "nombre": "Chignahuapan", "distrito_l": 3, "distrito_f": 1}, "geometry": {"type": "Polygon", "coordinates": [[[-98.082319, 19.820814], [-98.024884, 19.820814], [-98.024884, 19.897476], [-98.082319, 19.897476], [-98.082319, 19.820814]]]}}, {"type": "Feature", "id": 477, "properties": {"seccion": 477, "id": 477, "municipio": 38, "nombre": "Chignahuapan", "distrito_l": 3, "distrito_f": 1}, "geometry": {"type": "Polygon", "coordinates": [[[-98.024883, 19.820814], [-97.967448, 19.820814], [-97.967448, 19.897476], [-98.024883, 19.897476], [-98.024883, 19.820814]]]}}, {"type": "Feature", "id": 478, "properties": {"seccion": 478, "id": 478, "municipio": 38, "nombre": "Chignahuapan", "distrito_l": 3, "distrito_f": 1}, "geometry": {"type": "Polygon", "coordinates": [[[-97.967448, 19.820814], [-97.910013, 19.820814], [-97.910013, 19.897476], [-97.967448, 19.897476], [-97.967448, 19.820814]]]}}, {"type": "Feature", "id": 479, "properties": {"seccion": 479, "id": 479, "municipio": 38, "nombre": "Chignahuapan", "distrito_l": 3, "distrito_f": 1}, "geometry": {"type": "Polygon", "coordinates": [[[-97.910013, 19.820814], [-97.852578, 19.820814], [-97.852578, 19.897476], [-97.910013, 19.897476], [-97.910013, 19.820814]]]}}, {"type": "Feature", "id": 480, "properties": {"seccion": 480, "id": 480, "municipio": 38, "nombre": "Chignahuapan", "distrito_l": 3, "distrito_f": 1}, "geometry": {"type": "Polygon", "coordinates": [[[-98.197189, 19.897476], [-98.139754, 19.897476], [-98.139754, 19.974138], [-98.197189, 19.974138], [-98.197189, 19.897476]]]}}, {"type": "Feature", "id": 481, "properties": {"seccion": 481, "id": 481, "municipio": 38, "nombre": "Chignahuapan", "distrito_l": 3, "distrito_f": 1}, "geometry": {"type": "Polygon", "coordinates": [[[-98.139754, 19.897476], [-98.082319, 19.897476], [-98.082319, 19.974138], [-98.139754, 19.974138], [-98.139754, 19.897476]]]}}, {"type": "Feature", "id": 482, "properties": {"seccion": 482, "id": 482, "municipio": 38, "nombre": "Chignahuapan", "distrito_l": 3, "distrito_f": 1}, "geometry": {"type": "Polygon", "coordinates": [[[-98.082319, 19.897476], [-98.024884, 19.897476], [-98.024884, 19.974138], [-98.082319, 19.974138], [-98.082319, 19.897476]]]}}, {"type": "Feature", "id": 483, "properties": {"seccion": 483, "id": 483, "municipio": 38, "nombre": "Chignahuapan", "distrito_l": 3, "distrito_f": 1}, "geometry": {"type": "Polygon", "coordinates": [[[-98.024883, 19.897476], [-97.967448, 19.897476], [-97.967448, 19.974138], [-98.024883, 19.974138], [-98.024883, 19.897476]]]}}, {"type": "Feature", "id": 484, "properties": {"seccion": 484, "id": 484, "municipio": 38, "nombre": "Chignahuapan", "distrito_l": 3, "distrito_f": 1}, "geometry": {"type": "Polygon", "coordinates": [[[-97.967448, 19.897476], [-97.910013, 19.897476], [-97.910013, 19.974138], [-97.967448, 19.974138], [-97.967448, 19.897476]]]}}, {"type": "Feature", "id": 485, "properties": {"seccion": 485, "id": 485, "municipio": 38, "nombre": "Chignahuapan", "distrito_l": 3, "distrito_f": 1}, "geometry": {"type": "Polygon", "coordinates": [[[-97.910013, 19.897476], [-97.852578, 19.897476], [-97.852578, 19.974138], [-97.910013, 19.974138], [-97.910013, 19.897476]]]}}, {"type": "Feature", "id": 486, "properties": {"seccion": 486, "id": 486, "municipio": 38, "nombre": "Chignahuapan", "distrito_l": 3, "distrito_f": 1}, "geometry": {"type": "Polygon", "coordinates": [[[-98.197189, 19.974138], [-98.139754, 19.974138], [-98.139754, 20.0508], [-98.197189, 20.0508], [-98.197189, 19.974138]]]}}, {"type": "Feature", "id": 487, "properties": {"seccion": 487, "id": 487, "municipio": 38, "nombre": "Chignahuapan", "distrito_l": 3, "distrito_f": 1}, "geometry": {"type": "Polygon", "coordinates": [[[-98.139754, 19.974138], [-98.082319, 19.974138], [-98.082319, 20.0508], [-98.139754, 20.0508], [-98.139754, 19.974138]]]}}, {"type": "Feature", "id": 488, "properties": {"seccion": 488, "id": 488, "municipio": 38, "nombre": "Chignahuapan", "distrito_l": 3, "distrito_f": 1}, "geometry": {"type": "Polygon", "coordinates": [[[-98.082319, 19.974138], [-98.024884, 19.974138], [-98.024884, 20.0508], [-98.082319, 20.0508], [-98.082319, 19.974138]]]}}, {"type": "Feature", "id": 2672, "properties": {"seccion": 2672, "id": 2672, "municipio": 38, "nombre": "Chignahuapan", "distrito_l": 3, "distrito_f": 1}, "geometry": {"type": "Polygon", "coordinates": [[[-98.024883, 19.974138], [-97.967448, 19.974138], [-97.967448, 20.0508], [-98.024883, 20.0508], [-98.024883, 19.974138]]]}}, {"type": "Feature", "id": 2673, "properties": {"seccion": 2673, "id": 2673, "municipio": 38, "nombre": "Chignahuapan", "distrito_l": 3, "distrito_f": 1}, "geometry": {"type": "Polygon", "coordinates": [[[-97.967448, 19.974138], [-97.910013, 19.974138], [-97.910013, 20.0508], [-97.967448, 20.0508], [-97.967448, 19.974138]]]}}, {"type": "Feature", "id": 2722, "properties": {"seccion": 2722, "id": 2722, "municipio": 38, "nombre": "Chignahuapan", "distrito_l": 3, "distrito_f": 1}, "geometry": {"type": "Polygon", "coordinates": [[[-97.910013, 19.974138], [-97.852578, 19.974138], [-97.852578, 20.0508], [-97.910013, 20.0508], [-97.910013, 19.974138]]]}}, {"type": "Feature", "id": 489, "properties": {"seccion": 489, "id": 489, "municipio": 39, "nombre": "Chignautla", "distrito_l": 6, "distrito_f": 1}, "geometry": {"type": "Polygon", "coordinates": [[[-97.429077, 19.666281], [-97.393345, 19.666281], [-97.393345, 19.743227], [-97.429077, 19.743227], [-97.429077, 19.666281]]]}}, {"type": "Feature", "id": 490, "properties": {"seccion": 490, "id": 490, "municipio": 39, "nombre": "Chignautla", "distrito_l": 6, "distrito_f": 1}, "geometry": {"type": "Polygon", "coordinates": [[[-97.393345, 19.666281], [-97.357613, 19.666281], [-97.357613, 19.743227], [-97.393345, 19.743227], [-97.393345, 19.666281]]]}}, {"type": "Feature", "id": 491, "properties": {"seccion": 491, "id": 491, "municipio": 39, "nombre": "Chignautla", "distrito_l": 6, "distrito_f": 1}, "geometry": {"type": "Polygon", "coordinates": [[[-97.357613, 19.666281], [-97.321881, 19.666281], [-97.321881, 19.743227], [-97.357613, 19.743227], [-97.357613, 19.666281]]]}}, {"type": "Feature", "id": 495, "properties": {"seccion": 495, "id": 495, "municipio": 39, "nombre": "Chignautla", "distrito_l": 6, "distrito_f": 1}, "geometry": {"type": "Polygon", "coordinates": [[[-97.32188, 19.666281], [-97.286148, 19.666281], [-97.286148, 19.743227], [-97.32188, 19.743227], [-97.32188, 19.666281]]]}}, {"type": "Feature", "id": 2676, "properties": {"seccion": 2676, "id": 2676, "municipio": 39, "nombre": "Chignautla", "distrito_l": 6, "distrito_f": 1}, "geometry": {"type": "Polygon", "coordinates": [[[-97.429077, 19.743227], [-97.393345, 19.743227], [-97.393345, 19.820173], [-97.429077, 19.820173], [-97.429077, 19.743227]]]}}, {"type": "Feature", "id": 2677, "properties": {"seccion": 2677, "id": 2677, "municipio": 39, "nombre": "Chignautla", "distrito_l": 6, "distrito_f": 1}, "geometry": {"type": "Polygon", "coordinates": [[[-97.393345, 19.743227], [-97.357613, 19.743227], [-97.357613, 19.820173], [-97.393345, 19.820173], [-97.393345, 19.743227]]]}}, {"type": "Feature", "id": 2678, "properties": {"seccion": 2678, "id": 2678, "municipio": 39, "nombre": "Chignautla", "distrito_l": 6, "distrito_f": 1}, "geometry": {"type": "Polygon", "coordinates": [[[-97.357613, 19.743227], [-97.321881, 19.743227], [-97.321881, 19.820173], [-97.357613, 19.820173], [-97.357613, 19.743227]]]}}, {"type": "Feature", "id": 2679, "properties": {"seccion": 2679, "id": 2679, "municipio": 39, "nombre": "Chignautla", "distrito_l": 6, "distrito_f": 1}, "geometry": {"type": "Polygon", "coordinates": [[[-97.32188, 19.743227], [-97.286148, 19.743227], [-97.286148, 19.820173], [-97.32188, 19.820173], [-97.32188, 19.743227]]]}}, {"type": "Feature", "id": 2680, "properties": {"seccion": 2680, "id": 2680, "municipio": 39, "nombre": "Chignautla", "distrito_l": 6, "distrito_f": 1}, "geometry": {"type": "Polygon", "coordinates": [[[-97.429077, 19.820173], [-97.393345, 19.820173], [-97.393345, 19.897119], [-97.429077, 19.897119], [-97.429077, 19.820173]]]}}, {"type": "Feature", "id": 2897, "properties": {"seccion": 2897, "id": 2897, "municipio": 39, "nombre": "Chignautla", "distrito_l": 6, "distrito_f": 1}, "geometry": {"type": "Polygon", "coordinates": [[[-97.393345, 19.820173], [-97.357613, 19.820173], [-97.357613, 19.897119], [-97.393345, 19.897119], [-97.393345, 19.820173]]]}}, {"type": "Feature", "id": 2898, "properties": {"seccion": 2898, "id": 2898, "municipio": 39, "nombre": "Chignautla", "distrito_l": 6, "distrito_f": 1}, "geometry": {"type": "Polygon", "coordinates": [[[-97.357613, 19.820173], [-97.321881, 19.820173], [-97.321881, 19.897119], [-97.357613, 19.897119], [-97.357613, 19.820173]]]}}, {"type": "Feature", "id": 496, "properties": {"seccion": 496, "id": 496, "municipio": 40, "nombre": "Chila", "distrito_l": 23, "distrito_f": 1}, "geometry": {"type": "Polygon", "coordinates": [[[-97.851936, 17.97661], [-97.761619, 17.97661], [-97.761619, 18.03051], [-97.851936, 18.03051], [-97.851936, 17.97661]]]}}, {"type": "Feature", "id": 497, "properties": {"seccion": 497, "id": 497, "municipio": 40, "nombre": "Chila", "distrito_l": 23, "distrito_f": 1}, "geometry": {"type": "Polygon", "coordinates": [[[-97.76162, 17.97661], [-97.671303, 17.97661], [-97.671303, 18.03051], [-97.76162, 18.03051], [-97.76162, 17.97661]]]}}, {"type": "Feature", "id": 498, "properties": {"seccion": 498, "id": 498, "municipio": 40, "nombre": "Chila", "distrito_l": 23, "distrito_f": 1}, "geometry": {"type": "Polygon", "coordinates": [[[-97.851936, 18.03051], [-97.761619, 18.03051], [-97.761619, 18.08441], [-97.851936, 18.08441], [-97.851936, 18.03051]]]}}, {"type": "Feature", "id": 499, "properties": {"seccion": 499, "id": 499, "municipio": 40, "nombre": "Chila", "distrito_l": 23, "distrito_f": 1}, "geometry": {"type": "Polygon", "coordinates": [[[-97.76162, 18.03051], [-97.671303, 18.03051], [-97.671303, 18.08441], [-97.76162, 18.08441], [-97.76162, 18.03051]]]}}, {"type": "Feature", "id": 500, "properties": {"seccion": 500, "id": 500, "municipio": 41, "nombre": "Chila De La Sal", "distrito_l": 23, "distrito_f": 1}, "geometry": {"type": "Polygon", "coordinates": [[[-98.426628, 18.082453], [-98.354465, 18.082453], [-98.354465, 18.297642], [-98.426628, 18.297642], [-98.426628, 18.082453]]]}}, {"type": "Feature", "id": 501, "properties": {"seccion": 501, "id": 501, "municipio": 41, "nombre": "Chila De La Sal", "distrito_l": 23, "distrito_f": 1}, "geometry": {"type": "Polygon", "coordinates": [[[-98.354465, 18.082453], [-98.282302, 18.082453], [-98.282302, 18.297642], [-98.354465, 18.297642], [-98.354465, 18.082453]]]}}, {"type": "Feature", "id": 505, "properties": {"seccion": 505, "id": 505, "municipio": 42, "nombre": "Chilchotla", "distrito_l": 5, "distrito_f": 1}, "geometry": {"type": "Polygon", "coordinates": [[[-97.214958, 19.22727], [-97.165141, 19.22727], [-97.165141, 19.282984], [-97.214958, 19.282984], [-97.214958, 19.22727]]]}}, {"type": "Feature", "id": 506, "properties": {"seccion": 506, "id": 506, "municipio": 42, "nombre": "Chilchotla", "distrito_l": 5, "distrito_f": 1}, "geometry": {"type": "Polygon", "coordinates": [[[-97.165141, 19.22727], [-97.115324, 19.22727], [-97.115324, 19.282984], [-97.165141, 19.282984], [-97.165141, 19.22727]]]}}, {"type": "Feature", "id": 507, "properties": {"seccion": 507, "id": 507, "municipio": 42, "nombre": "Chilchotla", "distrito_l": 5, "distrito_f": 1}, "geometry": {"type": "Polygon", "coordinates": [[[-97.115323, 19.22727], [-97.065506, 19.22727], [-97.065506, 19.282984], [-97.115323, 19.282984], [-97.115323, 19.22727]]]}}, {"type": "Feature", "id": 508, "properties": {"seccion": 508, "id": 508, "municipio": 42, "nombre": "Chilchotla", "distrito_l": 5, "distrito_f": 1}, "geometry": {"type": "Polygon", "coordinates": [[[-97.214958, 19.282984], [-97.165141, 19.282984], [-97.165141, 19.338698], [-97.214958, 19.338698], [-97.214958, 19.282984]]]}}, {"type": "Feature", "id": 509, "properties": {"seccion": 509, "id": 509, "municipio": 42, "nombre": "Chilchotla", "distrito_l": 5, "distrito_f": 1}, "geometry": {"type": "Polygon", "coordinates": [[[-97.165141, 19.282984], [-97.115324, 19.282984], [-97.115324, 19.338698], [-97.165141, 19.338698], [-97.165141, 19.282984]]]}}, {"type": "Feature", "id": 510, "properties": {"seccion": 510, "id": 510, "municipio": 42, "nombre": "Chilchotla", "distrito_l": 5, "distrito_f": 1}, "geometry": {"type": "Polygon", "coordinates": [[[-97.115323, 19.282984], [-97.065506, 19.282984], [-97.065506, 19.338698], [-97.115323, 19.338698], [-97.115323, 19.282984]]]}}, {"type": "Feature", "id": 511, "properties": {"seccion": 511, "id": 511, "municipio": 42, "nombre": "Chilchotla", "distrito_l": 5, "distrito_f": 1}, "geometry": {"type": "Polygon", "coordinates": [[[-97.214958, 19.338697], [-97.165141, 19.338697], [-97.165141, 19.394411], [-97.214958, 19.394411], [-97.214958, 19.338697]]]}}, {"type": "Feature", "id": 512, "properties": {"seccion": 512, "id": 512, "municipio": 43, "nombre": "Chinantla", "distrito_l": 23, "distrito_f": 1}, "geometry": {"type": "Polygon", "coordinates": [[[-98.279549, 18.214203], [-98.210213, 18.214203], [-98.210213, 18.269362], [-98.279549, 18.269362], [-98.279549, 18.214203]]]}}, {"type": "Feature", "id": 513, "properties": {"seccion": 513, "id": 513, "municipio": 43, "nombre": "Chinantla", "distrito_l": 23, "distrito_f": 1}, "geometry": {"type": "Polygon", "coordinates": [[[-98.210213, 18.214203], [-98.140877, 18.214203], [-98.140877, 18.269362], [-98.210213, 18.269362], [-98.210213, 18.214203]]]}}, {"type": "Feature", "id": 514, "properties": {"seccion": 514, "id": 514, "municipio": 43, "nombre": "Chinantla", "distrito_l": 23, "distrito_f": 1}, "geometry": {"type": "Polygon", "coordinates": [[[-98.279549, 18.269361], [-98.210213, 18.269361], [-98.210213, 18.32452], [-98.279549, 18.32452], [-98.279549, 18.269361]]]}}, {"type": "Feature", "id": 273, "properties": {"seccion": 273, "id": 273, "municipio": 44, "nombre": "Coatepec", "distrito_l": 3, "distrito_f": 1}, "geometry": {"type": "Polygon", "coordinates": [[[-97.641731262207, 20.0963611602783], [-97.6426010131835, 20.0932292938232], [-97.646156311035, 20.0880393981934], [-97.6499633789062, 20.0828399658204], [-97.6529998779296, 20.0776805877687], [-97.6543121337891, 20.0736808776855], [-97.6545715332031, 20.0695209503174], [-97.6547698974609, 20.0647201538087], [-97.6546325683593, 20.062770843506], [-97.6547393798827, 20.060609817505], [-97.6548080444335, 20.0582294464111], [-97.6548690795898, 20.0556411743165], [-97.6666107177734, 20.0574626922609], [-97.6743774414062, 20.0588874816895], [-97.6816024780273, 20.0606002807618], [-97.6859817504883, 20.0622310638429], [-97.689567565918, 20.0641307830811], [-97.6938858032227, 20.0660400390626], [-97.7026519775391, 20.0683498382569], [-97.7098159790039, 20.0696296691896], [-97.7186431884766, 20.0695800781249], [-97.717658996582, 20.0739307403565], [-97.717903137207, 20.0759906768799], [-97.718147277832, 20.0796508789064], [-97.7184066772461, 20.0844593048097], [-97.7179260253906, 20.0878906249999], [-97.7172012329101, 20.091329574585], [-97.715476989746, 20.0947704315186], [-97.713279724121, 20.0979804992676], [-97.7115783691405, 20.1018829345703], [-97.706916809082, 20.0989398956299], [-97.7030181884766, 20.0985012054444], [-97.6949310302734, 20.0976200103761], [-97.6854095458984, 20.0972099304199], [-97.6778259277344, 20.0972518920898], [-97.6667480468749, 20.0976028442384], [-97.6580505371093, 20.0972995758057], [-97.6513061523436, 20.0974407196045], [-97.6472930908203, 20.0968704223633], [-97.6450119018554, 20.0967102050781], [-97.641731262207, 20.0963611602783]]]}}, {"type": "Feature", "id": 274, "properties": {"seccion": 274, "id": 274, "municipio": 45, "nombre": "Coatzingo", "distrito_l": 23, "distrito_f": 1}, "geometry": {"type": "Polygon", "coordinates": [[[-98.124519, 18.579653], [-98.041351, 18.579653], [-98.041351, 18.647927], [-98.124519, 18.647927], [-98.124519, 18.579653]]]}}, {"type": "Feature", "id": 275, "properties": {"seccion": 275, "id": 275, "municipio": 45, "nombre": "Coatzingo", "distrito_l": 23, "distrito_f": 1}, "geometry": {"type": "Polygon", "coordinates": [[[-98.041351, 18.579653], [-97.958183, 18.579653], [-97.958183, 18.647927], [-98.041351, 18.647927], [-98.041351, 18.579653]]]}}, {"type": "Feature", "id": 276, "properties": {"seccion": 276, "id": 276, "municipio": 45, "nombre": "Coatzingo", "distrito_l": 23, "distrito_f": 1}, "geometry": {"type": "Polygon", "coordinates": [[[-98.124519, 18.647926], [-98.041351, 18.647926], [-98.041351, 18.7162], [-98.124519, 18.7162], [-98.124519, 18.647926]]]}}, {"type": "Feature", "id": 277, "properties": {"seccion": 277, "id": 277, "municipio": 46, "nombre": "Cohetzala", "distrito_l": 23, "distrito_f": 1}, "geometry": {"type": "Polygon", "coordinates": [[[-98.835098, 18.144291], [-98.732357, 18.144291], [-98.732357, 18.28533], [-98.835098, 18.28533], [-98.835098, 18.144291]]]}}, {"type": "Feature", "id": 278, "properties": {"seccion": 278, "id": 278, "municipio": 46, "nombre": "Cohetzala", "distrito_l": 23, "distrito_f": 1}, "geometry": {"type": "Polygon", "coordinates": [[[-98.732357, 18.144291], [-98.629616, 18.144291], [-98.629616, 18.28533], [-98.732357, 18.28533], [-98.732357, 18.144291]]]}}, {"type": "Feature", "id": 279, "properties": {"seccion": 279, "id": 279, "municipio": 47, "nombre": "Cohuecan", "distrito_l": 22, "distrito_f": 1}, "geometry": {"type": "Polygon", "coordinates": [[[-98.658821, 18.64069], [-98.626015, 18.64069], [-98.626015, 18.732775], [-98.658821, 18.732775], [-98.658821, 18.64069]]]}}, {"type": "Feature", "id": 280, "properties": {"seccion": 280, "id": 280, "municipio": 47, "nombre": "Cohuecan", "distrito_l": 22, "distrito_f": 1}, "geometry": {"type": "Polygon", "coordinates": [[[-98.626015, 18.64069], [-98.593209, 18.64069], [-98.593209, 18.732775], [-98.626015, 18.732775], [-98.626015, 18.64069]]]}}, {"type": "Feature", "id": 281, "properties": {"seccion": 281, "id": 281, "municipio": 47, "nombre": "Cohuecan", "distrito_l": 22, "distrito_f": 1}, "geometry": {"type": "Polygon", "coordinates": [[[-98.658821, 18.732775], [-98.626015, 18.732775], [-98.626015, 18.82486], [-98.658821, 18.82486], [-98.658821, 18.732775]]]}}, {"type": "Feature", "id": 282, "properties": {"seccion": 282, "id": 282, "municipio": 48, "nombre": "Coronango", "distrito_l": 8, "distrito_f": 1}, "geometry": {"type": "Polygon", "coordinates": [[[-98.229942, 19.130301], [-98.215429, 19.130301], [-98.215429, 19.141755], [-98.229942, 19.141755], [-98.229942, 19.130301]]]}}, {"type": "Feature", "id": 283, "properties": {"seccion": 283, "id": 283, "municipio": 48, "nombre": "Coronango", "distrito_l": 8, "distrito_f": 1}, "geometry": {"type": "Polygon", "coordinates": [[[-98.21543, 19.130301], [-98.200917, 19.130301], [-98.200917, 19.141755], [-98.21543, 19.141755], [-98.21543, 19.130301]]]}}, {"type": "Feature", "id": 284, "properties": {"seccion": 284, "id": 284, "municipio": 48, "nombre": "Coronango", "distrito_l": 8, "distrito_f": 1}, "geometry": {"type": "Polygon", "coordinates": [[[-98.200917, 19.130301], [-98.186404, 19.130301], [-98.186404, 19.141755], [-98.200917, 19.141755], [-98.200917, 19.130301]]]}}, {"type": "Feature", "id": 285, "properties": {"seccion": 285, "id": 285, "municipio": 48, "nombre": "Coronango", "distrito_l": 8, "distrito_f": 1}, "geometry": {"type": "Polygon", "coordinates": [[[-98.186404, 19.130301], [-98.171891, 19.130301], [-98.171891, 19.141755], [-98.186404, 19.141755], [-98.186404, 19.130301]]]}}, {"type": "Feature", "id": 286, "properties": {"seccion": 286, "id": 286, "municipio": 48, "nombre": "Coronango", "distrito_l": 8, "distrito_f": 1}, "geometry": {"type": "Polygon", "coordinates": [[[-98.171892, 19.130301], [-98.157379, 19.130301], [-98.157379, 19.141755], [-98.171892, 19.141755], [-98.171892, 19.130301]]]}}, {"type": "Feature", "id": 287, "properties": {"seccion": 287, "id": 287, "municipio": 48, "nombre": "Coronango", "distrito_l": 8, "distrito_f": 1}, "geometry": {"type": "Polygon", "coordinates": [[[-98.229942, 19.141755], [-98.215429, 19.141755], [-98.215429, 19.153209], [-98.229942, 19.153209], [-98.229942, 19.141755]]]}}, {"type": "Feature", "id": 288, "properties": {"seccion": 288, "id": 288, "municipio": 48, "nombre": "Coronango", "distrito_l": 8, "distrito_f": 1}, "geometry": {"type": "Polygon", "coordinates": [[[-98.21543, 19.141755], [-98.200917, 19.141755], [-98.200917, 19.153209], [-98.21543, 19.153209], [-98.21543, 19.141755]]]}}, {"type": "Feature", "id": 289, "properties": {"seccion": 289, "id": 289, "municipio": 48, "nombre": "Coronango", "distrito_l": 8, "distrito_f": 1}, "geometry": {"type": "Polygon", "coordinates": [[[-98.200917, 19.141755], [-98.186404, 19.141755], [-98.186404, 19.153209], [-98.200917, 19.153209], [-98.200917, 19.141755]]]}}, {"type": "Feature", "id": 290, "properties": {"seccion": 290, "id": 290, "municipio": 48, "nombre": "Coronango", "distrito_l": 8, "distrito_f": 1}, "geometry": {"type": "Polygon", "coordinates": [[[-98.186404, 19.141755], [-98.171891, 19.141755], [-98.171891, 19.153209], [-98.186404, 19.153209], [-98.186404, 19.141755]]]}}, {"type": "Feature", "id": 292, "properties": {"seccion": 292, "id": 292, "municipio": 48, "nombre": "Coronango", "distrito_l": 8, "distrito_f": 1}, "geometry": {"type": "Polygon", "coordinates": [[[-98.171892, 19.141755], [-98.157379, 19.141755], [-98.157379, 19.153209], [-98.171892, 19.153209], [-98.171892, 19.141755]]]}}, {"type": "Feature", "id": 293, "properties": {"seccion": 293, "id": 293, "municipio": 48, "nombre": "Coronango", "distrito_l": 8, "distrito_f": 1}, "geometry": {"type": "Polygon", "coordinates": [[[-98.229942, 19.153209], [-98.215429, 19.153209], [-98.215429, 19.164663], [-98.229942, 19.164663], [-98.229942, 19.153209]]]}}, {"type": "Feature", "id": 2752, "properties": {"seccion": 2752, "id": 2752, "municipio": 48, "nombre": "Coronango", "distrito_l": 8, "distrito_f": 1}, "geometry": {"type": "Polygon", "coordinates": [[[-98.21543, 19.153209], [-98.200917, 19.153209], [-98.200917, 19.164663], [-98.21543, 19.164663], [-98.21543, 19.153209]]]}}, {"type": "Feature", "id": 2848, "properties": {"seccion": 2848, "id": 2848, "municipio": 48, "nombre": "Coronango", "distrito_l": 8, "distrito_f": 1}, "geometry": {"type": "Polygon", "coordinates": [[[-98.200917, 19.153209], [-98.186404, 19.153209], [-98.186404, 19.164663], [-98.200917, 19.164663], [-98.200917, 19.153209]]]}}, {"type": "Feature", "id": 2849, "properties": {"seccion": 2849, "id": 2849, "municipio": 48, "nombre": "Coronango", "distrito_l": 8, "distrito_f": 1}, "geometry": {"type": "Polygon", "coordinates": [[[-98.186404, 19.153209], [-98.171891, 19.153209], [-98.171891, 19.164663], [-98.186404, 19.164663], [-98.186404, 19.153209]]]}}, {"type": "Feature", "id": 2850, "properties": {"seccion": 2850, "id": 2850, "municipio": 48, "nombre": "Coronango", "distrito_l": 8, "distrito_f": 1}, "geometry": {"type": "Polygon", "coordinates": [[[-98.171892, 19.153209], [-98.157379, 19.153209], [-98.157379, 19.164663], [-98.171892, 19.164663], [-98.171892, 19.153209]]]}}, {"type": "Feature", "id": 2851, "properties": {"seccion": 2851, "id": 2851, "municipio": 48, "nombre": "Coronango", "distrito_l": 8, "distrito_f": 1}, "geometry": {"type": "Polygon", "coordinates": [[[-98.229942, 19.164663], [-98.215429, 19.164663], [-98.215429, 19.176117], [-98.229942, 19.176117], [-98.229942, 19.164663]]]}}, {"type": "Feature", "id": 2852, "properties": {"seccion": 2852, "id": 2852, "municipio": 48, "nombre": "Coronango", "distrito_l": 8, "distrito_f": 1}, "geometry": {"type": "Polygon", "coordinates": [[[-98.21543, 19.164663], [-98.200917, 19.164663], [-98.200917, 19.176117], [-98.21543, 19.176117], [-98.21543, 19.164663]]]}}, {"type": "Feature", "id": 2853, "properties": {"seccion": 2853, "id": 2853, "municipio": 48, "nombre": "Coronango", "distrito_l": 8, "distrito_f": 1}, "geometry": {"type": "Polygon", "coordinates": [[[-98.200917, 19.164663], [-98.186404, 19.164663], [-98.186404, 19.176117], [-98.200917, 19.176117], [-98.200917, 19.164663]]]}}, {"type": "Feature", "id": 2854, "properties": {"seccion": 2854, "id": 2854, "municipio": 48, "nombre": "Coronango", "distrito_l": 8, "distrito_f": 1}, "geometry": {"type": "Polygon", "coordinates": [[[-98.186404, 19.164663], [-98.171891, 19.164663], [-98.171891, 19.176117], [-98.186404, 19.176117], [-98.186404, 19.164663]]]}}, {"type": "Feature", "id": 2855, "properties": {"seccion": 2855, "id": 2855, "municipio": 48, "nombre": "Coronango", "distrito_l": 8, "distrito_f": 1}, "geometry": {"type": "Polygon", "coordinates": [[[-98.171892, 19.164663], [-98.157379, 19.164663], [-98.157379, 19.176117], [-98.171892, 19.176117], [-98.171892, 19.164663]]]}}, {"type": "Feature", "id": 2856, "properties": {"seccion": 2856, "id": 2856, "municipio": 48, "nombre": "Coronango", "distrito_l": 8, "distrito_f": 1}, "geometry": {"type": "Polygon", "coordinates": [[[-98.229942, 19.176117], [-98.215429, 19.176117], [-98.215429, 19.187571], [-98.229942, 19.187571], [-98.229942, 19.176117]]]}}, {"type": "Feature", "id": 2857, "properties": {"seccion": 2857, "id": 2857, "municipio": 48, "nombre": "Coronango", "distrito_l": 8, "distrito_f": 1}, "geometry": {"type": "Polygon", "coordinates": [[[-98.21543, 19.176117], [-98.200917, 19.176117], [-98.200917, 19.187571], [-98.21543, 19.187571], [-98.21543, 19.176117]]]}}, {"type": "Feature", "id": 294, "properties": {"seccion": 294, "id": 294, "municipio": 49, "nombre": "Coxcatlan", "distrito_l": 26, "distrito_f": 1}, "geometry": {"type": "Polygon", "coordinates": [[[-97.145058, 18.14286], [-97.095427, 18.14286], [-97.095427, 18.21467], [-97.145058, 18.21467], [-97.145058, 18.14286]]]}}, {"type": "Feature", "id": 295, "properties": {"seccion": 295, "id": 295, "municipio": 49, "nombre": "Coxcatlan", "distrito_l": 26, "distrito_f": 1}, "geometry": {"type": "Polygon", "coordinates": [[[-97.095427, 18.14286], [-97.045796, 18.14286], [-97.045796, 18.21467], [-97.095427, 18.21467], [-97.095427, 18.14286]]]}}, {"type": "Feature", "id": 296, "properties": {"seccion": 296, "id": 296, "municipio": 49, "nombre": "Coxcatlan", "distrito_l": 26, "distrito_f": 1}, "geometry": {"type": "Polygon", "coordinates": [[[-97.045795, 18.14286], [-96.996164, 18.14286], [-96.996164, 18.21467], [-97.045795, 18.21467], [-97.045795, 18.14286]]]}}, {"type": "Feature", "id": 297, "properties": {"seccion": 297, "id": 297, "municipio": 49, "nombre": "Coxcatlan", "distrito_l": 26, "distrito_f": 1}, "geometry": {"type": "Polygon", "coordinates": [[[-96.996164, 18.14286], [-96.946533, 18.14286], [-96.946533, 18.21467], [-96.996164, 18.21467], [-96.996164, 18.14286]]]}}, {"type": "Feature", "id": 298, "properties": {"seccion": 298, "id": 298, "municipio": 49, "nombre": "Coxcatlan", "distrito_l": 26, "distrito_f": 1}, "geometry": {"type": "Polygon", "coordinates": [[[-97.145058, 18.21467], [-97.095427, 18.21467], [-97.095427, 18.28648], [-97.145058, 18.28648], [-97.145058, 18.21467]]]}}, {"type": "Feature", "id": 299, "properties": {"seccion": 299, "id": 299, "municipio": 49, "nombre": "Coxcatlan", "distrito_l": 26, "distrito_f": 1}, "geometry": {"type": "Polygon", "coordinates": [[[-97.095427, 18.21467], [-97.045796, 18.21467], [-97.045796, 18.28648], [-97.095427, 18.28648], [-97.095427, 18.21467]]]}}, {"type": "Feature", "id": 300, "properties": {"seccion": 300, "id": 300, "municipio": 49, "nombre": "Coxcatlan", "distrito_l": 26, "distrito_f": 1}, "geometry": {"type": "Polygon", "coordinates": [[[-97.045795, 18.21467], [-96.996164, 18.21467], [-96.996164, 18.28648], [-97.045795, 18.28648], [-97.045795, 18.21467]]]}}, {"type": "Feature", "id": 301, "properties": {"seccion": 301, "id": 301, "municipio": 49, "nombre": "Coxcatlan", "distrito_l": 26, "distrito_f": 1}, "geometry": {"type": "Polygon", "coordinates": [[[-96.996164, 18.21467], [-96.946533, 18.21467], [-96.946533, 18.28648], [-96.996164, 18.28648], [-96.996164, 18.21467]]]}}, {"type": "Feature", "id": 302, "properties": {"seccion": 302, "id": 302, "municipio": 49, "nombre": "Coxcatlan", "distrito_l": 26, "distrito_f": 1}, "geometry": {"type": "Polygon", "coordinates": [[[-97.145058, 18.28648], [-97.095427, 18.28648], [-97.095427, 18.35829], [-97.145058, 18.35829], [-97.145058, 18.28648]]]}}, {"type": "Feature", "id": 303, "properties": {"seccion": 303, "id": 303, "municipio": 49, "nombre": "Coxcatlan", "distrito_l": 26, "distrito_f": 1}, "geometry": {"type": "Polygon", "coordinates": [[[-97.095427, 18.28648], [-97.045796, 18.28648], [-97.045796, 18.35829], [-97.095427, 18.35829], [-97.095427, 18.28648]]]}}, {"type": "Feature", "id": 304, "properties": {"seccion": 304, "id": 304, "municipio": 49, "nombre": "Coxcatlan", "distrito_l": 26, "distrito_f": 1}, "geometry": {"type": "Polygon", "coordinates": [[[-97.045795, 18.28648], [-96.996164, 18.28648], [-96.996164, 18.35829], [-97.045795, 18.35829], [-97.045795, 18.28648]]]}}, {"type": "Feature", "id": 305, "properties": {"seccion": 305, "id": 305, "municipio": 49, "nombre": "Coxcatlan", "distrito_l": 26, "distrito_f": 1}, "geometry": {"type": "Polygon", "coordinates": [[[-96.996164, 18.28648], [-96.946533, 18.28648], [-96.946533, 18.35829], [-96.996164, 18.35829], [-96.996164, 18.28648]]]}}, {"type": "Feature", "id": 306, "properties": {"seccion": 306, "id": 306, "municipio": 50, "nombre": "Coyomeapan", "distrito_l": 26, "distrito_f": 1}, "geometry": {"type": "Polygon", "coordinates": [[[-96.962936, 18.17767], [-96.899721, 18.17767], [-96.899721, 18.23727], [-96.962936, 18.23727], [-96.962936, 18.17767]]]}}, {"type": "Feature", "id": 307, "properties": {"seccion": 307, "id": 307, "municipio": 50, "nombre": "Coyomeapan", "distrito_l": 26, "distrito_f": 1}, "geometry": {"type": "Polygon", "coordinates": [[[-96.899722, 18.17767], [-96.836507, 18.17767], [-96.836507, 18.23727], [-96.899722, 18.23727], [-96.899722, 18.17767]]]}}, {"type": "Feature", "id": 308, "properties": {"seccion": 308, "id": 308, "municipio": 50, "nombre": "Coyomeapan", "distrito_l": 26, "distrito_f": 1}, "geometry": {"type": "Polygon", "coordinates": [[[-96.836507, 18.17767], [-96.773292, 18.17767], [-96.773292, 18.23727], [-96.836507, 18.23727], [-96.836507, 18.17767]]]}}, {"type": "Feature", "id": 309, "properties": {"seccion": 309, "id": 309, "municipio": 50, "nombre": "Coyomeapan", "distrito_l": 26, "distrito_f": 1}, "geometry": {"type": "Polygon", "coordinates": [[[-96.962936, 18.23727], [-96.899721, 18.23727], [-96.899721, 18.29687], [-96.962936, 18.29687], [-96.962936, 18.23727]]]}}, {"type": "Feature", "id": 310, "properties": {"seccion": 310, "id": 310, "municipio": 50, "nombre": "Coyomeapan", "distrito_l": 26, "distrito_f": 1}, "geometry": {"type": "Polygon", "coordinates": [[[-96.899722, 18.23727], [-96.836507, 18.23727], [-96.836507, 18.29687], [-96.899722, 18.29687], [-96.899722, 18.23727]]]}}, {"type": "Feature", "id": 311, "properties": {"seccion": 311, "id": 311, "municipio": 50, "nombre": "Coyomeapan", "distrito_l": 26, "distrito_f": 1}, "geometry": {"type": "Polygon", "coordinates": [[[-96.836507, 18.23727], [-96.773292, 18.23727], [-96.773292, 18.29687], [-96.836507, 18.29687], [-96.836507, 18.23727]]]}}, {"type": "Feature", "id": 312, "properties": {"seccion": 312, "id": 312, "municipio": 50, "nombre": "Coyomeapan", "distrito_l": 26, "distrito_f": 1}, "geometry": {"type": "Polygon", "coordinates": [[[-96.962936, 18.29687], [-96.899721, 18.29687], [-96.899721, 18.35647], [-96.962936, 18.35647], [-96.962936, 18.29687]]]}}, {"type": "Feature", "id": 313, "properties": {"seccion": 313, "id": 313, "municipio": 50, "nombre": "Coyomeapan", "distrito_l": 26, "distrito_f": 1}, "geometry": {"type": "Polygon", "coordinates": [[[-96.899722, 18.29687], [-96.836507, 18.29687], [-96.836507, 18.35647], [-96.899722, 18.35647], [-96.899722, 18.29687]]]}}, {"type": "Feature", "id": 314, "properties": {"seccion": 314, "id": 314, "municipio": 51, "nombre": "Coyotepec", "distrito_l": 24, "distrito_f": 1}, "geometry": {"type": "Polygon", "coordinates": [[[-97.753777, 18.419081], [-97.68005, 18.419081], [-97.68005, 18.47556], [-97.753777, 18.47556], [-97.753777, 18.419081]]]}}, {"type": "Feature", "id": 315, "properties": {"seccion": 315, "id": 315, "municipio": 51, "nombre": "Coyotepec", "distrito_l": 24, "distrito_f": 1}, "geometry": {"type": "Polygon", "coordinates": [[[-97.68005, 18.419081], [-97.606323, 18.419081], [-97.606323, 18.47556], [-97.68005, 18.47556], [-97.68005, 18.419081]]]}}, {"type": "Feature", "id": 316, "properties": {"seccion": 316, "id": 316, "municipio": 51, "nombre": "Coyotepec", "distrito_l": 24, "distrito_f": 1}, "geometry": {"type": "Polygon", "coordinates": [[[-97.753777, 18.47556], [-97.68005, 18.47556], [-97.68005, 18.532039], [-97.753777, 18.532039], [-97.753777, 18.47556]]]}}, {"type": "Feature", "id": 318, "properties": {"seccion": 318, "id": 318, "municipio": 52, "nombre": "Cuapiaxtla De Madero", "distrito_l": 13, "distrito_f": 1}, "geometry": {"type": "Polygon", "coordinates": [[[-97.762497, 18.943911], [-97.724148, 18.943911], [-97.724148, 18.967251], [-97.762497, 18.967251], [-97.762497, 18.943911]]]}}, {"type": "Feature", "id": 2690, "properties": {"seccion": 2690, "id": 2690, "municipio": 52, "nombre": "Cuapiaxtla De Madero", "distrito_l": 13, "distrito_f": 1}, "geometry": {"type": "Polygon", "coordinates": [[[-97.724148, 18.943911], [-97.685799, 18.943911], [-97.685799, 18.967251], [-97.724148, 18.967251], [-97.724148, 18.943911]]]}}, {"type": "Feature", "id": 2691, "properties": {"seccion": 2691, "id": 2691, "municipio": 52, "nombre": "Cuapiaxtla De Madero", "distrito_l": 13, "distrito_f": 1}, "geometry": {"type": "Polygon", "coordinates": [[[-97.762497, 18.967251], [-97.724148, 18.967251], [-97.724148, 18.990591], [-97.762497, 18.990591], [-97.762497, 18.967251]]]}}, {"type": "Feature", "id": 319, "properties": {"seccion": 319, "id": 319, "municipio": 53, "nombre": "Cuautempan", "distrito_l": 3, "distrito_f": 1}, "geometry": {"type": "Polygon", "coordinates": [[[-97.795883, 19.900572], [-97.742863, 19.900572], [-97.742863, 19.93258], [-97.795883, 19.93258], [-97.795883, 19.900572]]]}}, {"type": "Feature", "id": 320, "properties": {"seccion": 320, "id": 320, "municipio": 53, "nombre": "Cuautempan", "distrito_l": 3, "distrito_f": 1}, "geometry": {"type": "Polygon", "coordinates": [[[-97.742863, 19.900572], [-97.689843, 19.900572], [-97.689843, 19.93258], [-97.742863, 19.93258], [-97.742863, 19.900572]]]}}, {"type": "Feature", "id": 321, "properties": {"seccion": 321, "id": 321, "municipio": 53, "nombre": "Cuautempan", "distrito_l": 3, "distrito_f": 1}, "geometry": {"type": "Polygon", "coordinates": [[[-97.795883, 19.93258], [-97.742863, 19.93258], [-97.742863, 19.964588], [-97.795883, 19.964588], [-97.795883, 19.93258]]]}}, {"type": "Feature", "id": 322, "properties": {"seccion": 322, "id": 322, "municipio": 53, "nombre": "Cuautempan", "distrito_l": 3, "distrito_f": 1}, "geometry": {"type": "Polygon", "coordinates": [[[-97.742863, 19.93258], [-97.689843, 19.93258], [-97.689843, 19.964588], [-97.742863, 19.964588], [-97.742863, 19.93258]]]}}, {"type": "Feature", "id": 2692, "properties": {"seccion": 2692, "id": 2692, "municipio": 54, "nombre": "Cuautinchan", "distrito_l": 12, "distrito_f": 1}, "geometry": {"type": "Polygon", "coordinates": [[[-98.025932, 18.90624], [-97.961153, 18.90624], [-97.961153, 18.962144], [-98.025932, 18.962144], [-98.025932, 18.90624]]]}}, {"type": "Feature", "id": 2693, "properties": {"seccion": 2693, "id": 2693, "municipio": 54, "nombre": "Cuautinchan", "distrito_l": 12, "distrito_f": 1}, "geometry": {"type": "Polygon", "coordinates": [[[-97.961154, 18.90624], [-97.896375, 18.90624], [-97.896375, 18.962144], [-97.961154, 18.962144], [-97.961154, 18.90624]]]}}, {"type": "Feature", "id": 2694, "properties": {"seccion": 2694, "id": 2694, "municipio": 54, "nombre": "Cuautinchan", "distrito_l": 12, "distrito_f": 1}, "geometry": {"type": "Polygon", "coordinates": [[[-97.896375, 18.90624], [-97.831596, 18.90624], [-97.831596, 18.962144], [-97.896375, 18.962144], [-97.896375, 18.90624]]]}}, {"type": "Feature", "id": 2695, "properties": {"seccion": 2695, "id": 2695, "municipio": 54, "nombre": "Cuautinchan", "distrito_l": 12, "distrito_f": 1}, "geometry": {"type": "Polygon", "coordinates": [[[-98.025932, 18.962144], [-97.961153, 18.962144], [-97.961153, 19.018048], [-98.025932, 19.018048], [-98.025932, 18.962144]]]}}, {"type": "Feature", "id": 2906, "properties": {"seccion": 2906, "id": 2906, "municipio": 54, "nombre": "Cuautinchan", "distrito_l": 12, "distrito_f": 1}, "geometry": {"type": "Polygon", "coordinates": [[[-97.961154, 18.962144], [-97.896375, 18.962144], [-97.896375, 19.018048], [-97.961154, 19.018048], [-97.961154, 18.962144]]]}}, {"type": "Feature", "id": 2907, "properties": {"seccion": 2907, "id": 2907, "municipio": 54, "nombre": "Cuautinchan", "distrito_l": 12, "distrito_f": 1}, "geometry": {"type": "Polygon", "coordinates": [[[-97.896375, 18.962144], [-97.831596, 18.962144], [-97.831596, 19.018048], [-97.896375, 19.018048], [-97.896375, 18.962144]]]}}, {"type": "Feature", "id": 2908, "properties": {"seccion": 2908, "id": 2908, "municipio": 54, "nombre": "Cuautinchan", "distrito_l": 12, "distrito_f": 1}, "geometry": {"type": "Polygon", "coordinates": [[[-98.025932, 19.018048], [-97.961153, 19.018048], [-97.961153, 19.073952], [-98.025932, 19.073952], [-98.025932, 19.018048]]]}}, {"type": "Feature", "id": 325, "properties": {"seccion": 325, "id": 325, "municipio": 55, "nombre": "Cuautlancingo", "distrito_l": 9, "distrito_f": 1}, "geometry": {"type": "Polygon", "coordinates": [[[-98.215477, 19.097811], [-98.198973, 19.097811], [-98.198973, 19.115743], [-98.215477, 19.115743], [-98.215477, 19.097811]]]}}, {"type": "Feature", "id": 326, "properties": {"seccion": 326, "id": 326, "municipio": 55, "nombre": "Cuautlancingo", "distrito_l": 9, "distrito_f": 1}, "geometry": {"type": "Polygon", "coordinates": [[[-98.198973, 19.097811], [-98.182469, 19.097811], [-98.182469, 19.115743], [-98.198973, 19.115743], [-98.198973, 19.097811]]]}}, {"type": "Feature", "id": 327, "properties": {"seccion": 327, "id": 327, "municipio": 55, "nombre": "Cuautlancingo", "distrito_l": 9, "distrito_f": 1}, "geometry": {"type": "Polygon", "coordinates": [[[-98.182469, 19.097811], [-98.165965, 19.097811], [-98.165965, 19.115743], [-98.182469, 19.115743], [-98.182469, 19.097811]]]}}, {"type": "Feature", "id": 328, "properties": {"seccion": 328, "id": 328, "municipio": 55, "nombre": "Cuautlancingo", "distrito_l": 9, "distrito_f": 1}, "geometry": {"type": "Polygon", "coordinates": [[[-98.165965, 19.097811], [-98.149461, 19.097811], [-98.149461, 19.115743], [-98.165965, 19.115743], [-98.165965, 19.097811]]]}}, {"type": "Feature", "id": 329, "properties": {"seccion": 329, "id": 329, "municipio": 55, "nombre": "Cuautlancingo", "distrito_l": 9, "distrito_f": 1}, "geometry": {"type": "Polygon", "coordinates": [[[-98.149461, 19.097811], [-98.132957, 19.097811], [-98.132957, 19.115743], [-98.149461, 19.115743], [-98.149461, 19.097811]]]}}, {"type": "Feature", "id": 331, "properties": {"seccion": 331, "id": 331, "municipio": 55, "nombre": "Cuautlancingo", "distrito_l": 9, "distrito_f": 1}, "geometry": {"type": "Polygon", "coordinates": [[[-98.215477, 19.115743], [-98.198973, 19.115743], [-98.198973, 19.133675], [-98.215477, 19.133675], [-98.215477, 19.115743]]]}}, {"type": "Feature", "id": 332, "properties": {"seccion": 332, "id": 332, "municipio": 55, "nombre": "Cuautlancingo", "distrito_l": 9, "distrito_f": 1}, "geometry": {"type": "Polygon", "coordinates": [[[-98.198973, 19.115743], [-98.182469, 19.115743], [-98.182469, 19.133675], [-98.198973, 19.133675], [-98.198973, 19.115743]]]}}, {"type": "Feature", "id": 333, "properties": {"seccion": 333, "id": 333, "municipio": 55, "nombre": "Cuautlancingo", "distrito_l": 9, "distrito_f": 1}, "geometry": {"type": "Polygon", "coordinates": [[[-98.182469, 19.115743], [-98.165965, 19.115743], [-98.165965, 19.133675], [-98.182469, 19.133675], [-98.182469, 19.115743]]]}}, {"type": "Feature", "id": 334, "properties": {"seccion": 334, "id": 334, "municipio": 55, "nombre": "Cuautlancingo", "distrito_l": 9, "distrito_f": 1}, "geometry": {"type": "Polygon", "coordinates": [[[-98.165965, 19.115743], [-98.149461, 19.115743], [-98.149461, 19.133675], [-98.165965, 19.133675], [-98.165965, 19.115743]]]}}, {"type": "Feature", "id": 335, "properties": {"seccion": 335, "id": 335, "municipio": 55, "nombre": "Cuautlancingo", "distrito_l": 9, "distrito_f": 1}, "geometry": {"type": "Polygon", "coordinates": [[[-98.149461, 19.115743], [-98.132957, 19.115743], [-98.132957, 19.133675], [-98.149461, 19.133675], [-98.149461, 19.115743]]]}}, {"type": "Feature", "id": 336, "properties": {"seccion": 336, "id": 336, "municipio": 55, "nombre": "Cuautlancingo", "distrito_l": 9, "distrito_f": 1}, "geometry": {"type": "Polygon", "coordinates": [[[-98.215477, 19.133676], [-98.198973, 19.133676], [-98.198973, 19.151608], [-98.215477, 19.151608], [-98.215477, 19.133676]]]}}, {"type": "Feature", "id": 337, "properties": {"seccion": 337, "id": 337, "municipio": 55, "nombre": "Cuautlancingo", "distrito_l": 9, "distrito_f": 1}, "geometry": {"type": "Polygon", "coordinates": [[[-98.198973, 19.133676], [-98.182469, 19.133676], [-98.182469, 19.151608], [-98.198973, 19.151608], [-98.198973, 19.133676]]]}}, {"type": "Feature", "id": 338, "properties": {"seccion": 338, "id": 338, "municipio": 55, "nombre": "Cuautlancingo", "distrito_l": 9, "distrito_f": 1}, "geometry": {"type": "Polygon", "coordinates": [[[-98.182469, 19.133676], [-98.165965, 19.133676], [-98.165965, 19.151608], [-98.182469, 19.151608], [-98.182469, 19.133676]]]}}, {"type": "Feature", "id": 339, "properties": {"seccion": 339, "id": 339, "municipio": 55, "nombre": "Cuautlancingo", "distrito_l": 9, "distrito_f": 1}, "geometry": {"type": "Polygon", "coordinates": [[[-98.165965, 19.133676], [-98.149461, 19.133676], [-98.149461, 19.151608], [-98.165965, 19.151608], [-98.165965, 19.133676]]]}}, {"type": "Feature", "id": 2549, "properties": {"seccion": 2549, "id": 2549, "municipio": 55, "nombre": "Cuautlancingo", "distrito_l": 9, "distrito_f": 1}, "geometry": {"type": "Polygon", "coordinates": [[[-98.149461, 19.133676], [-98.132957, 19.133676], [-98.132957, 19.151608], [-98.149461, 19.151608], [-98.149461, 19.133676]]]}}, {"type": "Feature", "id": 2784, "properties": {"seccion": 2784, "id": 2784, "municipio": 55, "nombre": "Cuautlancingo", "distrito_l": 9, "distrito_f": 1}, "geometry": {"type": "Polygon", "coordinates": [[[-98.215477, 19.151608], [-98.198973, 19.151608], [-98.198973, 19.16954], [-98.215477, 19.16954], [-98.215477, 19.151608]]]}}, {"type": "Feature", "id": 2785, "properties": {"seccion": 2785, "id": 2785, "municipio": 55, "nombre": "Cuautlancingo", "distrito_l": 9, "distrito_f": 1}, "geometry": {"type": "Polygon", "coordinates": [[[-98.198973, 19.151608], [-98.182469, 19.151608], [-98.182469, 19.16954], [-98.198973, 19.16954], [-98.198973, 19.151608]]]}}, {"type": "Feature", "id": 2786, "properties": {"seccion": 2786, "id": 2786, "municipio": 55, "nombre": "Cuautlancingo", "distrito_l": 9, "distrito_f": 1}, "geometry": {"type": "Polygon", "coordinates": [[[-98.182469, 19.151608], [-98.165965, 19.151608], [-98.165965, 19.16954], [-98.182469, 19.16954], [-98.182469, 19.151608]]]}}, {"type": "Feature", "id": 340, "properties": {"seccion": 340, "id": 340, "municipio": 56, "nombre": "Cuayuca De Andrade", "distrito_l": 23, "distrito_f": 1}, "geometry": {"type": "Polygon", "coordinates": [[[-98.206917, 18.409443], [-98.088337, 18.409443], [-98.088337, 18.506517], [-98.206917, 18.506517], [-98.206917, 18.409443]]]}}, {"type": "Feature", "id": 341, "properties": {"seccion": 341, "id": 341, "municipio": 56, "nombre": "Cuayuca De Andrade", "distrito_l": 23, "distrito_f": 1}, "geometry": {"type": "Polygon", "coordinates": [[[-98.088337, 18.409443], [-97.969757, 18.409443], [-97.969757, 18.506517], [-98.088337, 18.506517], [-98.088337, 18.409443]]]}}, {"type": "Feature", "id": 342, "properties": {"seccion": 342, "id": 342, "municipio": 56, "nombre": "Cuayuca De Andrade", "distrito_l": 23, "distrito_f": 1}, "geometry": {"type": "Polygon", "coordinates": [[[-98.206917, 18.506516], [-98.088337, 18.506516], [-98.088337, 18.60359], [-98.206917, 18.60359], [-98.206917, 18.506516]]]}}, {"type": "Feature", "id": 343, "properties": {"seccion": 343, "id": 343, "municipio": 56, "nombre": "Cuayuca De Andrade", "distrito_l": 23, "distrito_f": 1}, "geometry": {"type": "Polygon", "coordinates": [[[-98.088337, 18.506516], [-97.969757, 18.506516], [-97.969757, 18.60359], [-98.088337, 18.60359], [-98.088337, 18.506516]]]}}, {"type": "Feature", "id": 344, "properties": {"seccion": 344, "id": 344, "municipio": 57, "nombre": "Cuetzalan Del Progreso", "distrito_l": 4, "distrito_f": 1}, "geometry": {"type": "Polygon", "coordinates": [[[-97.482903, 20.014759], [-97.450445, 20.014759], [-97.450445, 20.037067], [-97.482903, 20.037067], [-97.482903, 20.014759]]]}}, {"type": "Feature", "id": 345, "properties": {"seccion": 345, "id": 345, "municipio": 57, "nombre": "Cuetzalan Del Progreso", "distrito_l": 4, "distrito_f": 1}, "geometry": {"type": "Polygon", "coordinates": [[[-97.450444, 20.014759], [-97.417986, 20.014759], [-97.417986, 20.037067], [-97.450444, 20.037067], [-97.450444, 20.014759]]]}}, {"type": "Feature", "id": 346, "properties": {"seccion": 346, "id": 346, "municipio": 57, "nombre": "Cuetzalan Del Progreso", "distrito_l": 4, "distrito_f": 1}, "geometry": {"type": "Polygon", "coordinates": [[[-97.417986, 20.014759], [-97.385528, 20.014759], [-97.385528, 20.037067], [-97.417986, 20.037067], [-97.417986, 20.014759]]]}}, {"type": "Feature", "id": 347, "properties": {"seccion": 347, "id": 347, "municipio": 57, "nombre": "Cuetzalan Del Progreso", "distrito_l": 4, "distrito_f": 1}, "geometry": {"type": "Polygon", "coordinates": [[[-97.385527, 20.014759], [-97.353069, 20.014759], [-97.353069, 20.037067], [-97.385527, 20.037067], [-97.385527, 20.014759]]]}}, {"type": "Feature", "id": 348, "properties": {"seccion": 348, "id": 348, "municipio": 57, "nombre": "Cuetzalan Del Progreso", "distrito_l": 4, "distrito_f": 1}, "geometry": {"type": "Polygon", "coordinates": [[[-97.353069, 20.014759], [-97.320611, 20.014759], [-97.320611, 20.037067], [-97.353069, 20.037067], [-97.353069, 20.014759]]]}}, {"type": "Feature", "id": 349, "properties": {"seccion": 349, "id": 349, "municipio": 57, "nombre": "Cuetzalan Del Progreso", "distrito_l": 4, "distrito_f": 1}, "geometry": {"type": "Polygon", "coordinates": [[[-97.482903, 20.037067], [-97.450445, 20.037067], [-97.450445, 20.059375], [-97.482903, 20.059375], [-97.482903, 20.037067]]]}}, {"type": "Feature", "id": 350, "properties": {"seccion": 350, "id": 350, "municipio": 57, "nombre": "Cuetzalan Del Progreso", "distrito_l": 4, "distrito_f": 1}, "geometry": {"type": "Polygon", "coordinates": [[[-97.450444, 20.037067], [-97.417986, 20.037067], [-97.417986, 20.059375], [-97.450444, 20.059375], [-97.450444, 20.037067]]]}}, {"type": "Feature", "id": 351, "properties": {"seccion": 351, "id": 351, "municipio": 57, "nombre": "Cuetzalan Del Progreso", "distrito_l": 4, "distrito_f": 1}, "geometry": {"type": "Polygon", "coordinates": [[[-97.417986, 20.037067], [-97.385528, 20.037067], [-97.385528, 20.059375], [-97.417986, 20.059375], [-97.417986, 20.037067]]]}}, {"type": "Feature", "id": 352, "properties": {"seccion": 352, "id": 352, "municipio": 57, "nombre": "Cuetzalan Del Progreso", "distrito_l": 4, "distrito_f": 1}, "geometry": {"type": "Polygon", "coordinates": [[[-97.385527, 20.037067], [-97.353069, 20.037067], [-97.353069, 20.059375], [-97.385527, 20.059375], [-97.385527, 20.037067]]]}}, {"type": "Feature", "id": 353, "properties": {"seccion": 353, "id": 353, "municipio": 57, "nombre": "Cuetzalan Del Progreso", "distrito_l": 4, "distrito_f": 1}, "geometry": {"type": "Polygon", "coordinates": [[[-97.353069, 20.037067], [-97.320611, 20.037067], [-97.320611, 20.059375], [-97.353069, 20.059375], [-97.353069, 20.037067]]]}}, {"type": "Feature", "id": 354, "properties": {"seccion": 354, "id": 354, "municipio": 57, "nombre": "Cuetzalan Del Progreso", "distrito_l": 4, "distrito_f": 1}, "geometry": {"type": "Polygon", "coordinates": [[[-97.482903, 20.059376], [-97.450445, 20.059376], [-97.450445, 20.081684], [-97.482903, 20.081684], [-97.482903, 20.059376]]]}}, {"type": "Feature", "id": 355, "properties": {"seccion": 355, "id": 355, "municipio": 57, "nombre": "Cuetzalan Del Progreso", "distrito_l": 4, "distrito_f": 1}, "geometry": {"type": "Polygon", "coordinates": [[[-97.450444, 20.059376], [-97.417986, 20.059376], [-97.417986, 20.081684], [-97.450444, 20.081684], [-97.450444, 20.059376]]]}}, {"type": "Feature", "id": 356, "properties": {"seccion": 356, "id": 356, "municipio": 57, "nombre": "Cuetzalan Del Progreso", "distrito_l": 4, "distrito_f": 1}, "geometry": {"type": "Polygon", "coordinates": [[[-97.417986, 20.059376], [-97.385528, 20.059376], [-97.385528, 20.081684], [-97.417986, 20.081684], [-97.417986, 20.059376]]]}}, {"type": "Feature", "id": 357, "properties": {"seccion": 357, "id": 357, "municipio": 57, "nombre": "Cuetzalan Del Progreso", "distrito_l": 4, "distrito_f": 1}, "geometry": {"type": "Polygon", "coordinates": [[[-97.385527, 20.059376], [-97.353069, 20.059376], [-97.353069, 20.081684], [-97.385527, 20.081684], [-97.385527, 20.059376]]]}}, {"type": "Feature", "id": 358, "properties": {"seccion": 358, "id": 358, "municipio": 57, "nombre": "Cuetzalan Del Progreso", "distrito_l": 4, "distrito_f": 1}, "geometry": {"type": "Polygon", "coordinates": [[[-97.353069, 20.059376], [-97.320611, 20.059376], [-97.320611, 20.081684], [-97.353069, 20.081684], [-97.353069, 20.059376]]]}}, {"type": "Feature", "id": 359, "properties": {"seccion": 359, "id": 359, "municipio": 57, "nombre": "Cuetzalan Del Progreso", "distrito_l": 4, "distrito_f": 1}, "geometry": {"type": "Polygon", "coordinates": [[[-97.482903, 20.081684], [-97.450445, 20.081684], [-97.450445, 20.103992], [-97.482903, 20.103992], [-97.482903, 20.081684]]]}}, {"type": "Feature", "id": 360, "properties": {"seccion": 360, "id": 360, "municipio": 57, "nombre": "Cuetzalan Del Progreso", "distrito_l": 4, "distrito_f": 1}, "geometry": {"type": "Polygon", "coordinates": [[[-97.450444, 20.081684], [-97.417986, 20.081684], [-97.417986, 20.103992], [-97.450444, 20.103992], [-97.450444, 20.081684]]]}}, {"type": "Feature", "id": 361, "properties": {"seccion": 361, "id": 361, "municipio": 57, "nombre": "Cuetzalan Del Progreso", "distrito_l": 4, "distrito_f": 1}, "geometry": {"type": "Polygon", "coordinates": [[[-97.417986, 20.081684], [-97.385528, 20.081684], [-97.385528, 20.103992], [-97.417986, 20.103992], [-97.417986, 20.081684]]]}}, {"type": "Feature", "id": 362, "properties": {"seccion": 362, "id": 362, "municipio": 57, "nombre": "Cuetzalan Del Progreso", "distrito_l": 4, "distrito_f": 1}, "geometry": {"type": "Polygon", "coordinates": [[[-97.385527, 20.081684], [-97.353069, 20.081684], [-97.353069, 20.103992], [-97.385527, 20.103992], [-97.385527, 20.081684]]]}}, {"type": "Feature", "id": 363, "properties": {"seccion": 363, "id": 363, "municipio": 57, "nombre": "Cuetzalan Del Progreso", "distrito_l": 4, "distrito_f": 1}, "geometry": {"type": "Polygon", "coordinates": [[[-97.353069, 20.081684], [-97.320611, 20.081684], [-97.320611, 20.103992], [-97.353069, 20.103992], [-97.353069, 20.081684]]]}}, {"type": "Feature", "id": 2729, "properties": {"seccion": 2729, "id": 2729, "municipio": 57, "nombre": "Cuetzalan Del Progreso", "distrito_l": 4, "distrito_f": 1}, "geometry": {"type": "Polygon", "coordinates": [[[-97.482903, 20.103992], [-97.450445, 20.103992], [-97.450445, 20.1263], [-97.482903, 20.1263], [-97.482903, 20.103992]]]}}, {"type": "Feature", "id": 2730, "properties": {"seccion": 2730, "id": 2730, "municipio": 57, "nombre": "Cuetzalan Del Progreso", "distrito_l": 4, "distrito_f": 1}, "geometry": {"type": "Polygon", "coordinates": [[[-97.450444, 20.103992], [-97.417986, 20.103992], [-97.417986, 20.1263], [-97.450444, 20.1263], [-97.450444, 20.103992]]]}}, {"type": "Feature", "id": 2765, "properties": {"seccion": 2765, "id": 2765, "municipio": 57, "nombre": "Cuetzalan Del Progreso", "distrito_l": 4, "distrito_f": 1}, "geometry": {"type": "Polygon", "coordinates": [[[-97.417986, 20.103992], [-97.385528, 20.103992], [-97.385528, 20.1263], [-97.417986, 20.1263], [-97.417986, 20.103992]]]}}, {"type": "Feature", "id": 364, "properties": {"seccion": 364, "id": 364, "municipio": 58, "nombre": "Cuyoaco", "distrito_l": 5, "distrito_f": 1}, "geometry": {"type": "Polygon", "coordinates": [[[-97.540657, 19.549789], [-97.49796, 19.549789], [-97.49796, 19.615032], [-97.540657, 19.615032], [-97.540657, 19.549789]]]}}, {"type": "Feature", "id": 365, "properties": {"seccion": 365, "id": 365, "municipio": 58, "nombre": "Cuyoaco", "distrito_l": 5, "distrito_f": 1}, "geometry": {"type": "Polygon", "coordinates": [[[-97.49796, 19.549789], [-97.455263, 19.549789], [-97.455263, 19.615032], [-97.49796, 19.615032], [-97.49796, 19.549789]]]}}, {"type": "Feature", "id": 366, "properties": {"seccion": 366, "id": 366, "municipio": 58, "nombre": "Cuyoaco", "distrito_l": 5, "distrito_f": 1}, "geometry": {"type": "Polygon", "coordinates": [[[-97.455264, 19.549789], [-97.412567, 19.549789], [-97.412567, 19.615032], [-97.455264, 19.615032], [-97.455264, 19.549789]]]}}, {"type": "Feature", "id": 367, "properties": {"seccion": 367, "id": 367, "municipio": 58, "nombre": "Cuyoaco", "distrito_l": 5, "distrito_f": 1}, "geometry": {"type": "Polygon", "coordinates": [[[-97.540657, 19.615033], [-97.49796, 19.615033], [-97.49796, 19.680276], [-97.540657, 19.680276], [-97.540657, 19.615033]]]}}, {"type": "Feature", "id": 368, "properties": {"seccion": 368, "id": 368, "municipio": 58, "nombre": "Cuyoaco", "distrito_l": 5, "distrito_f": 1}, "geometry": {"type": "Polygon", "coordinates": [[[-97.49796, 19.615033], [-97.455263, 19.615033], [-97.455263, 19.680276], [-97.49796, 19.680276], [-97.49796, 19.615033]]]}}, {"type": "Feature", "id": 369, "properties": {"seccion": 369, "id": 369, "municipio": 58, "nombre": "Cuyoaco", "distrito_l": 5, "distrito_f": 1}, "geometry": {"type": "Polygon", "coordinates": [[[-97.455264, 19.615033], [-97.412567, 19.615033], [-97.412567, 19.680276], [-97.455264, 19.680276], [-97.455264, 19.615033]]]}}, {"type": "Feature", "id": 370, "properties": {"seccion": 370, "id": 370, "municipio": 58, "nombre": "Cuyoaco", "distrito_l": 5, "distrito_f": 1}, "geometry": {"type": "Polygon", "coordinates": [[[-97.540657, 19.680276], [-97.49796, 19.680276], [-97.49796, 19.745519], [-97.540657, 19.745519], [-97.540657, 19.680276]]]}}, {"type": "Feature", "id": 515, "properties": {"seccion": 515, "id": 515, "municipio": 59, "nombre": "Domingo Arenas", "distrito_l": 8, "distrito_f": 1}, "geometry": {"type": "Polygon", "coordinates": [[[-98.552719, 19.17942], [-98.473198, 19.17942], [-98.473198, 19.19839], [-98.552719, 19.19839], [-98.552719, 19.17942]]]}}, {"type": "Feature", "id": 516, "properties": {"seccion": 516, "id": 516, "municipio": 59, "nombre": "Domingo Arenas", "distrito_l": 8, "distrito_f": 1}, "geometry": {"type": "Polygon", "coordinates": [[[-98.473198, 19.17942], [-98.393677, 19.17942], [-98.393677, 19.19839], [-98.473198, 19.19839], [-98.473198, 19.17942]]]}}, {"type": "Feature", "id": 517, "properties": {"seccion": 517, "id": 517, "municipio": 59, "nombre": "Domingo Arenas", "distrito_l": 8, "distrito_f": 1}, "geometry": {"type": "Polygon", "coordinates": [[[-98.552719, 19.19839], [-98.473198, 19.19839], [-98.473198, 19.21736], [-98.552719, 19.21736], [-98.552719, 19.19839]]]}}, {"type": "Feature", "id": 518, "properties": {"seccion": 518, "id": 518, "municipio": 60, "nombre": "Eloxochitlan", "distrito_l": 26, "distrito_f": 1}, "geometry": {"type": "Polygon", "coordinates": [[[-96.880943, 18.459513], [-96.832565, 18.459513], [-96.832565, 18.487549], [-96.880943, 18.487549], [-96.880943, 18.459513]]]}}, {"type": "Feature", "id": 520, "properties": {"seccion": 520, "id": 520, "municipio": 60, "nombre": "Eloxochitlan", "distrito_l": 26, "distrito_f": 1}, "geometry": {"type": "Polygon", "coordinates": [[[-96.832565, 18.459513], [-96.784187, 18.459513], [-96.784187, 18.487549], [-96.832565, 18.487549], [-96.832565, 18.459513]]]}}, {"type": "Feature", "id": 521, "properties": {"seccion": 521, "id": 521, "municipio": 60, "nombre": "Eloxochitlan", "distrito_l": 26, "distrito_f": 1}, "geometry": {"type": "Polygon", "coordinates": [[[-96.784187, 18.459513], [-96.735809, 18.459513], [-96.735809, 18.487549], [-96.784187, 18.487549], [-96.784187, 18.459513]]]}}, {"type": "Feature", "id": 522, "properties": {"seccion": 522, "id": 522, "municipio": 60, "nombre": "Eloxochitlan", "distrito_l": 26, "distrito_f": 1}, "geometry": {"type": "Polygon", "coordinates": [[[-96.880943, 18.487549], [-96.832565, 18.487549], [-96.832565, 18.515585], [-96.880943, 18.515585], [-96.880943, 18.487549]]]}}, {"type": "Feature", "id": 523, "properties": {"seccion": 523, "id": 523, "municipio": 60, "nombre": "Eloxochitlan", "distrito_l": 26, "distrito_f": 1}, "geometry": {"type": "Polygon", "coordinates": [[[-96.832565, 18.487549], [-96.784187, 18.487549], [-96.784187, 18.515585], [-96.832565, 18.515585], [-96.832565, 18.487549]]]}}, {"type": "Feature", "id": 2901, "properties": {"seccion": 2901, "id": 2901, "municipio": 60, "nombre": "Eloxochitlan", "distrito_l": 26, "distrito_f": 1}, "geometry": {"type": "Polygon", "coordinates": [[[-96.784187, 18.487549], [-96.735809, 18.487549], [-96.735809, 18.515585], [-96.784187, 18.515585], [-96.784187, 18.487549]]]}}, {"type": "Feature", "id": 2902, "properties": {"seccion": 2902, "id": 2902, "municipio": 60, "nombre": "Eloxochitlan", "distrito_l": 26, "distrito_f": 1}, "geometry": {"type": "Polygon", "coordinates": [[[-96.880943, 18.515585], [-96.832565, 18.515585], [-96.832565, 18.543621], [-96.880943, 18.543621], [-96.880943, 18.515585]]]}}, {"type": "Feature", "id": 2903, "properties": {"seccion": 2903, "id": 2903, "municipio": 60, "nombre": "Eloxochitlan", "distrito_l": 26, "distrito_f": 1}, "geometry": {"type": "Polygon", "coordinates": [[[-96.832565, 18.515585], [-96.784187, 18.515585], [-96.784187, 18.543621], [-96.832565, 18.543621], [-96.832565, 18.515585]]]}}, {"type": "Feature", "id": 524, "properties": {"seccion": 524, "id": 524, "municipio": 61, "nombre": "Epatlan", "distrito_l": 22, "distrito_f": 1}, "geometry": {"type": "Polygon", "coordinates": [[[-98.361511, 18.62149], [-98.314964, 18.62149], [-98.314964, 18.711269], [-98.361511, 18.711269], [-98.361511, 18.62149]]]}}, {"type": "Feature", "id": 525, "properties": {"seccion": 525, "id": 525, "municipio": 61, "nombre": "Epatlan", "distrito_l": 22, "distrito_f": 1}, "geometry": {"type": "Polygon", "coordinates": [[[-98.314964, 18.62149], [-98.268417, 18.62149], [-98.268417, 18.711269], [-98.314964, 18.711269], [-98.314964, 18.62149]]]}}, {"type": "Feature", "id": 526, "properties": {"seccion": 526, "id": 526, "municipio": 62, "nombre": "Esperanza", "distrito_l": 14, "distrito_f": 1}, "geometry": {"type": "Polygon", "coordinates": [[[-97.362137, 18.84602], [-97.309052, 18.84602], [-97.309052, 18.87952], [-97.362137, 18.87952], [-97.362137, 18.84602]]]}}, {"type": "Feature", "id": 527, "properties": {"seccion": 527, "id": 527, "municipio": 62, "nombre": "Esperanza", "distrito_l": 14, "distrito_f": 1}, "geometry": {"type": "Polygon", "coordinates": [[[-97.309052, 18.84602], [-97.255967, 18.84602], [-97.255967, 18.87952], [-97.309052, 18.87952], [-97.309052, 18.84602]]]}}, {"type": "Feature", "id": 528, "properties": {"seccion": 528, "id": 528, "municipio": 62, "nombre": "Esperanza", "distrito_l": 14, "distrito_f": 1}, "geometry": {"type": "Polygon", "coordinates": [[[-97.255966, 18.84602], [-97.202881, 18.84602], [-97.202881, 18.87952], [-97.255966, 18.87952], [-97.255966, 18.84602]]]}}, {"type": "Feature", "id": 529, "properties": {"seccion": 529, "id": 529, "municipio": 62, "nombre": "Esperanza", "distrito_l": 14, "distrito_f": 1}, "geometry": {"type": "Polygon", "coordinates": [[[-97.362137, 18.87952], [-97.309052, 18.87952], [-97.309052, 18.91302], [-97.362137, 18.91302], [-97.362137, 18.87952]]]}}, {"type": "Feature", "id": 530, "properties": {"seccion": 530, "id": 530, "municipio": 62, "nombre": "Esperanza", "distrito_l": 14, "distrito_f": 1}, "geometry": {"type": "Polygon", "coordinates": [[[-97.309052, 18.87952], [-97.255967, 18.87952], [-97.255967, 18.91302], [-97.309052, 18.91302], [-97.309052, 18.87952]]]}}, {"type": "Feature", "id": 531, "properties": {"seccion": 531, "id": 531, "municipio": 62, "nombre": "Esperanza", "distrito_l": 14, "distrito_f": 1}, "geometry": {"type": "Polygon", "coordinates": [[[-97.255966, 18.87952], [-97.202881, 18.87952], [-97.202881, 18.91302], [-97.255966, 18.91302], [-97.255966, 18.87952]]]}}, {"type": "Feature", "id": 532, "properties": {"seccion": 532, "id": 532, "municipio": 62, "nombre": "Esperanza", "distrito_l": 14, "distrito_f": 1}, "geometry": {"type": "Polygon", "coordinates": [[[-97.362137, 18.91302], [-97.309052, 18.91302], [-97.309052, 18.94652], [-97.362137, 18.94652], [-97.362137, 18.91302]]]}}, {"type": "Feature", "id": 533, "properties": {"seccion": 533, "id": 533, "municipio": 62, "nombre": "Esperanza", "distrito_l": 14, "distrito_f": 1}, "geometry": {"type": "Polygon", "coordinates": [[[-97.309052, 18.91302], [-97.255967, 18.91302], [-97.255967, 18.94652], [-97.309052, 18.94652], [-97.309052, 18.91302]]]}}, {"type": "Feature", "id": 534, "properties": {"seccion": 534, "id": 534, "municipio": 62, "nombre": "Esperanza", "distrito_l": 14, "distrito_f": 1}, "geometry": {"type": "Polygon", "coordinates": [[[-97.255966, 18.91302], [-97.202881, 18.91302], [-97.202881, 18.94652], [-97.255966, 18.94652], [-97.255966, 18.91302]]]}}, {"type": "Feature", "id": 535, "properties": {"seccion": 535, "id": 535, "municipio": 63, "nombre": "Francisco Z. Mena", "distrito_l": 1, "distrito_f": 1}, "geometry": {"type": "Polygon", "coordinates": [[[-97.870056, 20.65283], [-97.820062, 20.65283], [-97.820062, 20.71983], [-97.870056, 20.71983], [-97.870056, 20.65283]]]}}, {"type": "Feature", "id": 536, "properties": {"seccion": 536, "id": 536, "municipio": 63, "nombre": "Francisco Z. Mena", "distrito_l": 1, "distrito_f": 1}, "geometry": {"type": "Polygon", "coordinates": [[[-97.820063, 20.65283], [-97.770069, 20.65283], [-97.770069, 20.71983], [-97.820063, 20.71983], [-97.820063, 20.65283]]]}}, {"type": "Feature", "id": 537, "properties": {"seccion": 537, "id": 537, "municipio": 63, "nombre": "Francisco Z. Mena", "distrito_l": 1, "distrito_f": 1}, "geometry": {"type": "Polygon", "coordinates": [[[-97.770069, 20.65283], [-97.720075, 20.65283], [-97.720075, 20.71983], [-97.770069, 20.71983], [-97.770069, 20.65283]]]}}, {"type": "Feature", "id": 538, "properties": {"seccion": 538, "id": 538, "municipio": 63, "nombre": "Francisco Z. Mena", "distrito_l": 1, "distrito_f": 1}, "geometry": {"type": "Polygon", "coordinates": [[[-97.720076, 20.65283], [-97.670082, 20.65283], [-97.670082, 20.71983], [-97.720076, 20.71983], [-97.720076, 20.65283]]]}}, {"type": "Feature", "id": 539, "properties": {"seccion": 539, "id": 539, "municipio": 63, "nombre": "Francisco Z. Mena", "distrito_l": 1, "distrito_f": 1}, "geometry": {"type": "Polygon", "coordinates": [[[-97.870056, 20.71983], [-97.820062, 20.71983], [-97.820062, 20.78683], [-97.870056, 20.78683], [-97.870056, 20.71983]]]}}, {"type": "Feature", "id": 540, "properties": {"seccion": 540, "id": 540, "municipio": 63, "nombre": "Francisco Z. Mena", "distrito_l": 1, "distrito_f": 1}, "geometry": {"type": "Polygon", "coordinates": [[[-97.820063, 20.71983], [-97.770069, 20.71983], [-97.770069, 20.78683], [-97.820063, 20.78683], [-97.820063, 20.71983]]]}}, {"type": "Feature", "id": 541, "properties": {"seccion": 541, "id": 541, "municipio": 63, "nombre": "Francisco Z. Mena", "distrito_l": 1, "distrito_f": 1}, "geometry": {"type": "Polygon", "coordinates": [[[-97.770069, 20.71983], [-97.720075, 20.71983], [-97.720075, 20.78683], [-97.770069, 20.78683], [-97.770069, 20.71983]]]}}, {"type": "Feature", "id": 542, "properties": {"seccion": 542, "id": 542, "municipio": 63, "nombre": "Francisco Z. Mena", "distrito_l": 1, "distrito_f": 1}, "geometry": {"type": "Polygon", "coordinates": [[[-97.720076, 20.71983], [-97.670082, 20.71983], [-97.670082, 20.78683], [-97.720076, 20.78683], [-97.720076, 20.71983]]]}}, {"type": "Feature", "id": 543, "properties": {"seccion": 543, "id": 543, "municipio": 63, "nombre": "Francisco Z. Mena", "distrito_l": 1, "distrito_f": 1}, "geometry": {"type": "Polygon", "coordinates": [[[-97.870056, 20.78683], [-97.820062, 20.78683], [-97.820062, 20.85383], [-97.870056, 20.85383], [-97.870056, 20.78683]]]}}, {"type": "Feature", "id": 2711, "properties": {"seccion": 2711, "id": 2711, "municipio": 63, "nombre": "Francisco Z. Mena", "distrito_l": 1, "distrito_f": 1}, "geometry": {"type": "Polygon", "coordinates": [[[-97.820063, 20.78683], [-97.770069, 20.78683], [-97.770069, 20.85383], [-97.820063, 20.85383], [-97.820063, 20.78683]]]}}, {"type": "Feature", "id": 544, "properties": {"seccion": 544, "id": 544, "municipio": 64, "nombre": "General Felipe Angeles", "distrito_l": 14, "distrito_f": 1}, "geometry": {"type": "Polygon", "coordinates": [[[-97.656677, 19.00086], [-97.607188, 19.00086], [-97.607188, 19.034853], [-97.656677, 19.034853], [-97.656677, 19.00086]]]}}, {"type": "Feature", "id": 545, "properties": {"seccion": 545, "id": 545, "municipio": 64, "nombre": "General Felipe Angeles", "distrito_l": 14, "distrito_f": 1}, "geometry": {"type": "Polygon", "coordinates": [[[-97.607188, 19.00086], [-97.557699, 19.00086], [-97.557699, 19.034853], [-97.607188, 19.034853], [-97.607188, 19.00086]]]}}, {"type": "Feature", "id": 546, "properties": {"seccion": 546, "id": 546, "municipio": 64, "nombre": "General Felipe Angeles", "distrito_l": 14, "distrito_f": 1}, "geometry": {"type": "Polygon", "coordinates": [[[-97.557699, 19.00086], [-97.50821, 19.00086], [-97.50821, 19.034853], [-97.557699, 19.034853], [-97.557699, 19.00086]]]}}, {"type": "Feature", "id": 547, "properties": {"seccion": 547, "id": 547, "municipio": 64, "nombre": "General Felipe Angeles", "distrito_l": 14, "distrito_f": 1}, "geometry": {"type": "Polygon", "coordinates": [[[-97.656677, 19.034854], [-97.607188, 19.034854], [-97.607188, 19.068847], [-97.656677, 19.068847], [-97.656677, 19.034854]]]}}, {"type": "Feature", "id": 548, "properties": {"seccion": 548, "id": 548, "municipio": 64, "nombre": "General Felipe Angeles", "distrito_l": 14, "distrito_f": 1}, "geometry": {"type": "Polygon", "coordinates": [[[-97.607188, 19.034854], [-97.557699, 19.034854], [-97.557699, 19.068847], [-97.607188, 19.068847], [-97.607188, 19.034854]]]}}, {"type": "Feature", "id": 549, "properties": {"seccion": 549, "id": 549, "municipio": 64, "nombre": "General Felipe Angeles", "distrito_l": 14, "distrito_f": 1}, "geometry": {"type": "Polygon", "coordinates": [[[-97.557699, 19.034854], [-97.50821, 19.034854], [-97.50821, 19.068847], [-97.557699, 19.068847], [-97.557699, 19.034854]]]}}, {"type": "Feature", "id": 550, "properties": {"seccion": 550, "id": 550, "municipio": 64, "nombre": "General Felipe Angeles", "distrito_l": 14, "distrito_f": 1}, "geometry": {"type": "Polygon", "coordinates": [[[-97.656677, 19.068847], [-97.607188, 19.068847], [-97.607188, 19.10284], [-97.656677, 19.10284], [-97.656677, 19.068847]]]}}, {"type": "Feature", "id": 551, "properties": {"seccion": 551, "id": 551, "municipio": 65, "nombre": "Guadalupe", "distrito_l": 23, "distrito_f": 1}, "geometry": {"type": "Polygon", "coordinates": [[[-98.153496, 18.021723], [-98.094437, 18.021723], [-98.094437, 18.091051], [-98.153496, 18.091051], [-98.153496, 18.021723]]]}}, {"type": "Feature", "id": 552, "properties": {"seccion": 552, "id": 552, "municipio": 65, "nombre": "Guadalupe", "distrito_l": 23, "distrito_f": 1}, "geometry": {"type": "Polygon", "coordinates": [[[-98.094437, 18.021723], [-98.035378, 18.021723], [-98.035378, 18.091051], [-98.094437, 18.091051], [-98.094437, 18.021723]]]}}, {"type": "Feature", "id": 553, "properties": {"seccion": 553, "id": 553, "municipio": 65, "nombre": "Guadalupe", "distrito_l": 23, "distrito_f": 1}, "geometry": {"type": "Polygon", "coordinates": [[[-98.153496, 18.091051], [-98.094437, 18.091051], [-98.094437, 18.160379], [-98.153496, 18.160379], [-98.153496, 18.091051]]]}}, {"type": "Feature", "id": 554, "properties": {"seccion": 554, "id": 554, "municipio": 65, "nombre": "Guadalupe", "distrito_l": 23, "distrito_f": 1}, "geometry": {"type": "Polygon", "coordinates": [[[-98.094437, 18.091051], [-98.035378, 18.091051], [-98.035378, 18.160379], [-98.094437, 18.160379], [-98.094437, 18.091051]]]}}, {"type": "Feature", "id": 555, "properties": {"seccion": 555, "id": 555, "municipio": 66, "nombre": "Guadalupe Victoria", "distrito_l": 5, "distrito_f": 1}, "geometry": {"type": "Polygon", "coordinates": [[[-97.401672, 19.264111], [-97.363384, 19.264111], [-97.363384, 19.321098], [-97.401672, 19.321098], [-97.401672, 19.264111]]]}}, {"type": "Feature", "id": 556, "properties": {"seccion": 556, "id": 556, "municipio": 66, "nombre": "Guadalupe Victoria", "distrito_l": 5, "distrito_f": 1}, "geometry": {"type": "Polygon", "coordinates": [[[-97.363384, 19.264111], [-97.325096, 19.264111], [-97.325096, 19.321098], [-97.363384, 19.321098], [-97.363384, 19.264111]]]}}, {"type": "Feature", "id": 557, "properties": {"seccion": 557, "id": 557, "municipio": 66, "nombre": "Guadalupe Victoria", "distrito_l": 5, "distrito_f": 1}, "geometry": {"type": "Polygon", "coordinates": [[[-97.325096, 19.264111], [-97.286808, 19.264111], [-97.286808, 19.321098], [-97.325096, 19.321098], [-97.325096, 19.264111]]]}}, {"type": "Feature", "id": 558, "properties": {"seccion": 558, "id": 558, "municipio": 66, "nombre": "Guadalupe Victoria", "distrito_l": 5, "distrito_f": 1}, "geometry": {"type": "Polygon", "coordinates": [[[-97.286808, 19.264111], [-97.24852, 19.264111], [-97.24852, 19.321098], [-97.286808, 19.321098], [-97.286808, 19.264111]]]}}, {"type": "Feature", "id": 559, "properties": {"seccion": 559, "id": 559, "municipio": 66, "nombre": "Guadalupe Victoria", "distrito_l": 5, "distrito_f": 1}, "geometry": {"type": "Polygon", "coordinates": [[[-97.401672, 19.321098], [-97.363384, 19.321098], [-97.363384, 19.378085], [-97.401672, 19.378085], [-97.401672, 19.321098]]]}}, {"type": "Feature", "id": 560, "properties": {"seccion": 560, "id": 560, "municipio": 66, "nombre": "Guadalupe Victoria", "distrito_l": 5, "distrito_f": 1}, "geometry": {"type": "Polygon", "coordinates": [[[-97.363384, 19.321098], [-97.325096, 19.321098], [-97.325096, 19.378085], [-97.363384, 19.378085], [-97.363384, 19.321098]]]}}, {"type": "Feature", "id": 561, "properties": {"seccion": 561, "id": 561, "municipio": 66, "nombre": "Guadalupe Victoria", "distrito_l": 5, "distrito_f": 1}, "geometry": {"type": "Polygon", "coordinates": [[[-97.325096, 19.321098], [-97.286808, 19.321098], [-97.286808, 19.378085], [-97.325096, 19.378085], [-97.325096, 19.321098]]]}}, {"type": "Feature", "id": 562, "properties": {"seccion": 562, "id": 562, "municipio": 66, "nombre": "Guadalupe Victoria", "distrito_l": 5, "distrito_f": 1}, "geometry": {"type": "Polygon", "coordinates": [[[-97.286808, 19.321098], [-97.24852, 19.321098], [-97.24852, 19.378085], [-97.286808, 19.378085], [-97.286808, 19.321098]]]}}, {"type": "Feature", "id": 563, "properties": {"seccion": 563, "id": 563, "municipio": 66, "nombre": "Guadalupe Victoria", "distrito_l": 5, "distrito_f": 1}, "geometry": {"type": "Polygon", "coordinates": [[[-97.401672, 19.378085], [-97.363384, 19.378085], [-97.363384, 19.435072], [-97.401672, 19.435072], [-97.401672, 19.378085]]]}}, {"type": "Feature", "id": 564, "properties": {"seccion": 564, "id": 564, "municipio": 66, "nombre": "Guadalupe Victoria", "distrito_l": 5, "distrito_f": 1}, "geometry": {"type": "Polygon", "coordinates": [[[-97.363384, 19.378085], [-97.325096, 19.378085], [-97.325096, 19.435072], [-97.363384, 19.435072], [-97.363384, 19.378085]]]}}, {"type": "Feature", "id": 565, "properties": {"seccion": 565, "id": 565, "municipio": 67, "nombre": "Hermenegildo Galeana", "distrito_l": 3, "distrito_f": 1}, "geometry": {"type": "Polygon", "coordinates": [[[-97.676888, 20.112141], [-97.653504, 20.112141], [-97.653504, 20.147776], [-97.676888, 20.147776], [-97.676888, 20.112141]]]}}, {"type": "Feature", "id": 566, "properties": {"seccion": 566, "id": 566, "municipio": 67, "nombre": "Hermenegildo Galeana", "distrito_l": 3, "distrito_f": 1}, "geometry": {"type": "Polygon", "coordinates": [[[-97.653503, 20.112141], [-97.630119, 20.112141], [-97.630119, 20.147776], [-97.653503, 20.147776], [-97.653503, 20.112141]]]}}, {"type": "Feature", "id": 567, "properties": {"seccion": 567, "id": 567, "municipio": 67, "nombre": "Hermenegildo Galeana", "distrito_l": 3, "distrito_f": 1}, "geometry": {"type": "Polygon", "coordinates": [[[-97.676888, 20.147776], [-97.653504, 20.147776], [-97.653504, 20.183411], [-97.676888, 20.183411], [-97.676888, 20.147776]]]}}, {"type": "Feature", "id": 568, "properties": {"seccion": 568, "id": 568, "municipio": 67, "nombre": "Hermenegildo Galeana", "distrito_l": 3, "distrito_f": 1}, "geometry": {"type": "Polygon", "coordinates": [[[-97.653503, 20.147776], [-97.630119, 20.147776], [-97.630119, 20.183411], [-97.653503, 20.183411], [-97.653503, 20.147776]]]}}, {"type": "Feature", "id": 502, "properties": {"seccion": 502, "id": 502, "municipio": 68, "nombre": "Honey", "distrito_l": 1, "distrito_f": 1}, "geometry": {"type": "Polygon", "coordinates": [[[-98.230553, 20.23753], [-98.164032, 20.23753], [-98.164032, 20.29583], [-98.230553, 20.29583], [-98.230553, 20.23753]]]}}, {"type": "Feature", "id": 503, "properties": {"seccion": 503, "id": 503, "municipio": 68, "nombre": "Honey", "distrito_l": 1, "distrito_f": 1}, "geometry": {"type": "Polygon", "coordinates": [[[-98.164032, 20.23753], [-98.097511, 20.23753], [-98.097511, 20.29583], [-98.164032, 20.29583], [-98.164032, 20.23753]]]}}, {"type": "Feature", "id": 504, "properties": {"seccion": 504, "id": 504, "municipio": 68, "nombre": "Honey", "distrito_l": 1, "distrito_f": 1}, "geometry": {"type": "Polygon", "coordinates": [[[-98.230553, 20.29583], [-98.164032, 20.29583], [-98.164032, 20.35413], [-98.230553, 20.35413], [-98.230553, 20.29583]]]}}, {"type": "Feature", "id": 569, "properties": {"seccion": 569, "id": 569, "municipio": 69, "nombre": "Huaquechula", "distrito_l": 22, "distrito_f": 1}, "geometry": {"type": "Polygon", "coordinates": [[[-98.513443, 18.74057], [-98.467763, 18.74057], [-98.467763, 18.778685], [-98.513443, 18.778685], [-98.513443, 18.74057]]]}}, {"type": "Feature", "id": 570, "properties": {"seccion": 570, "id": 570, "municipio": 69, "nombre": "Huaquechula", "distrito_l": 22, "distrito_f": 1}, "geometry": {"type": "Polygon", "coordinates": [[[-98.467763, 18.74057], [-98.422083, 18.74057], [-98.422083, 18.778685], [-98.467763, 18.778685], [-98.467763, 18.74057]]]}}, {"type": "Feature", "id": 571, "properties": {"seccion": 571, "id": 571, "municipio": 69, "nombre": "Huaquechula", "distrito_l": 22, "distrito_f": 1}, "geometry": {"type": "Polygon", "coordinates": [[[-98.422083, 18.74057], [-98.376403, 18.74057], [-98.376403, 18.778685], [-98.422083, 18.778685], [-98.422083, 18.74057]]]}}, {"type": "Feature", "id": 572, "properties": {"seccion": 572, "id": 572, "municipio": 69, "nombre": "Huaquechula", "distrito_l": 22, "distrito_f": 1}, "geometry": {"type": "Polygon", "coordinates": [[[-98.376402, 18.74057], [-98.330722, 18.74057], [-98.330722, 18.778685], [-98.376402, 18.778685], [-98.376402, 18.74057]]]}}, {"type": "Feature", "id": 573, "properties": {"seccion": 573, "id": 573, "municipio": 69, "nombre": "Huaquechula", "distrito_l": 22, "distrito_f": 1}, "geometry": {"type": "Polygon", "coordinates": [[[-98.330722, 18.74057], [-98.285042, 18.74057], [-98.285042, 18.778685], [-98.330722, 18.778685], [-98.330722, 18.74057]]]}}, {"type": "Feature", "id": 574, "properties": {"seccion": 574, "id": 574, "municipio": 69, "nombre": "Huaquechula", "distrito_l": 22, "distrito_f": 1}, "geometry": {"type": "Polygon", "coordinates": [[[-98.513443, 18.778685], [-98.467763, 18.778685], [-98.467763, 18.8168], [-98.513443, 18.8168], [-98.513443, 18.778685]]]}}, {"type": "Feature", "id": 575, "properties": {"seccion": 575, "id": 575, "municipio": 69, "nombre": "Huaquechula", "distrito_l": 22, "distrito_f": 1}, "geometry": {"type": "Polygon", "coordinates": [[[-98.467763, 18.778685], [-98.422083, 18.778685], [-98.422083, 18.8168], [-98.467763, 18.8168], [-98.467763, 18.778685]]]}}, {"type": "Feature", "id": 576, "properties": {"seccion": 576, "id": 576, "municipio": 69, "nombre": "Huaquechula", "distrito_l": 22, "distrito_f": 1}, "geometry": {"type": "Polygon", "coordinates": [[[-98.422083, 18.778685], [-98.376403, 18.778685], [-98.376403, 18.8168], [-98.422083, 18.8168], [-98.422083, 18.778685]]]}}, {"type": "Feature", "id": 577, "properties": {"seccion": 577, "id": 577, "municipio": 69, "nombre": "Huaquechula", "distrito_l": 22, "distrito_f": 1}, "geometry": {"type": "Polygon", "coordinates": [[[-98.376402, 18.778685], [-98.330722, 18.778685], [-98.330722, 18.8168], [-98.376402, 18.8168], [-98.376402, 18.778685]]]}}, {"type": "Feature", "id": 578, "properties": {"seccion": 578, "id": 578, "municipio": 69, "nombre": "Huaquechula", "distrito_l": 22, "distrito_f": 1}, "geometry": {"type": "Polygon", "coordinates": [[[-98.330722, 18.778685], [-98.285042, 18.778685], [-98.285042, 18.8168], [-98.330722, 18.8168], [-98.330722, 18.778685]]]}}, {"type": "Feature", "id": 579, "properties": {"seccion": 579, "id": 579, "municipio": 69, "nombre": "Huaquechula", "distrito_l": 22, "distrito_f": 1}, "geometry": {"type": "Polygon", "coordinates": [[[-98.513443, 18.8168], [-98.467763, 18.8168], [-98.467763, 18.854915], [-98.513443, 18.854915], [-98.513443, 18.8168]]]}}, {"type": "Feature", "id": 580, "properties": {"seccion": 580, "id": 580, "municipio": 69, "nombre": "Huaquechula", "distrito_l": 22, "distrito_f": 1}, "geometry": {"type": "Polygon", "coordinates": [[[-98.467763, 18.8168], [-98.422083, 18.8168], [-98.422083, 18.854915], [-98.467763, 18.854915], [-98.467763, 18.8168]]]}}, {"type": "Feature", "id": 581, "properties": {"seccion": 581, "id": 581, "municipio": 69, "nombre": "Huaquechula", "distrito_l": 22, "distrito_f": 1}, "geometry": {"type": "Polygon", "coordinates": [[[-98.422083, 18.8168], [-98.376403, 18.8168], [-98.376403, 18.854915], [-98.422083, 18.854915], [-98.422083, 18.8168]]]}}, {"type": "Feature", "id": 582, "properties": {"seccion": 582, "id": 582, "municipio": 69, "nombre": "Huaquechula", "distrito_l": 22, "distrito_f": 1}, "geometry": {"type": "Polygon", "coordinates": [[[-98.376402, 18.8168], [-98.330722, 18.8168], [-98.330722, 18.854915], [-98.376402, 18.854915], [-98.376402, 18.8168]]]}}, {"type": "Feature", "id": 583, "properties": {"seccion": 583, "id": 583, "municipio": 69, "nombre": "Huaquechula", "distrito_l": 22, "distrito_f": 1}, "geometry": {"type": "Polygon", "coordinates": [[[-98.330722, 18.8168], [-98.285042, 18.8168], [-98.285042, 18.854915], [-98.330722, 18.854915], [-98.330722, 18.8168]]]}}, {"type": "Feature", "id": 584, "properties": {"seccion": 584, "id": 584, "municipio": 69, "nombre": "Huaquechula", "distrito_l": 22, "distrito_f": 1}, "geometry": {"type": "Polygon", "coordinates": [[[-98.513443, 18.854915], [-98.467763, 18.854915], [-98.467763, 18.89303], [-98.513443, 18.89303], [-98.513443, 18.854915]]]}}, {"type": "Feature", "id": 585, "properties": {"seccion": 585, "id": 585, "municipio": 69, "nombre": "Huaquechula", "distrito_l": 22, "distrito_f": 1}, "geometry": {"type": "Polygon", "coordinates": [[[-98.467763, 18.854915], [-98.422083, 18.854915], [-98.422083, 18.89303], [-98.467763, 18.89303], [-98.467763, 18.854915]]]}}, {"type": "Feature", "id": 586, "properties": {"seccion": 586, "id": 586, "municipio": 69, "nombre": "Huaquechula", "distrito_l": 22, "distrito_f": 1}, "geometry": {"type": "Polygon", "coordinates": [[[-98.422083, 18.854915], [-98.376403, 18.854915], [-98.376403, 18.89303], [-98.422083, 18.89303], [-98.422083, 18.854915]]]}}, {"type": "Feature", "id": 587, "properties": {"seccion": 587, "id": 587, "municipio": 69, "nombre": "Huaquechula", "distrito_l": 22, "distrito_f": 1}, "geometry": {"type": "Polygon", "coordinates": [[[-98.376402, 18.854915], [-98.330722, 18.854915], [-98.330722, 18.89303], [-98.376402, 18.89303], [-98.376402, 18.854915]]]}}, {"type": "Feature", "id": 588, "properties": {"seccion": 588, "id": 588, "municipio": 70, "nombre": "Huatlatlauca", "distrito_l": 23, "distrito_f": 1}, "geometry": {"type": "Polygon", "coordinates": [[[-98.067001, 18.680901], [-97.986246, 18.680901], [-97.986246, 18.741886], [-98.067001, 18.741886], [-98.067001, 18.680901]]]}}, {"type": "Feature", "id": 589, "properties": {"seccion": 589, "id": 589, "municipio": 70, "nombre": "Huatlatlauca", "distrito_l": 23, "distrito_f": 1}, "geometry": {"type": "Polygon", "coordinates": [[[-97.986247, 18.680901], [-97.905492, 18.680901], [-97.905492, 18.741886], [-97.986247, 18.741886], [-97.986247, 18.680901]]]}}, {"type": "Feature", "id": 590, "properties": {"seccion": 590, "id": 590, "municipio": 70, "nombre": "Huatlatlauca", "distrito_l": 23, "distrito_f": 1}, "geometry": {"type": "Polygon", "coordinates": [[[-97.905492, 18.680901], [-97.824737, 18.680901], [-97.824737, 18.741886], [-97.905492, 18.741886], [-97.905492, 18.680901]]]}}, {"type": "Feature", "id": 591, "properties": {"seccion": 591, "id": 591, "municipio": 70, "nombre": "Huatlatlauca", "distrito_l": 23, "distrito_f": 1}, "geometry": {"type": "Polygon", "coordinates": [[[-98.067001, 18.741885], [-97.986246, 18.741885], [-97.986246, 18.80287], [-98.067001, 18.80287], [-98.067001, 18.741885]]]}}, {"type": "Feature", "id": 592, "properties": {"seccion": 592, "id": 592, "municipio": 70, "nombre": "Huatlatlauca", "distrito_l": 23, "distrito_f": 1}, "geometry": {"type": "Polygon", "coordinates": [[[-97.986247, 18.741885], [-97.905492, 18.741885], [-97.905492, 18.80287], [-97.986247, 18.80287], [-97.986247, 18.741885]]]}}, {"type": "Feature", "id": 593, "properties": {"seccion": 593, "id": 593, "municipio": 70, "nombre": "Huatlatlauca", "distrito_l": 23, "distrito_f": 1}, "geometry": {"type": "Polygon", "coordinates": [[[-97.905492, 18.741885], [-97.824737, 18.741885], [-97.824737, 18.80287], [-97.905492, 18.80287], [-97.905492, 18.741885]]]}}, {"type": "Feature", "id": 594, "properties": {"seccion": 594, "id": 594, "municipio": 71, "nombre": "Huauchinango", "distrito_l": 2, "distrito_f": 1}, "geometry": {"type": "Polygon", "coordinates": [[[-98.101532, 20.099051], [-98.078305, 20.099051], [-98.078305, 20.131419], [-98.101532, 20.131419], [-98.101532, 20.099051]]]}}, {"type": "Feature", "id": 595, "properties": {"seccion": 595, "id": 595, "municipio": 71, "nombre": "Huauchinango", "distrito_l": 2, "distrito_f": 1}, "geometry": {"type": "Polygon", "coordinates": [[[-98.078305, 20.099051], [-98.055078, 20.099051], [-98.055078, 20.131419], [-98.078305, 20.131419], [-98.078305, 20.099051]]]}}, {"type": "Feature", "id": 596, "properties": {"seccion": 596, "id": 596, "municipio": 71, "nombre": "Huauchinango", "distrito_l": 2, "distrito_f": 1}, "geometry": {"type": "Polygon", "coordinates": [[[-98.055078, 20.099051], [-98.031851, 20.099051], [-98.031851, 20.131419], [-98.055078, 20.131419], [-98.055078, 20.099051]]]}}, {"type": "Feature", "id": 597, "properties": {"seccion": 597, "id": 597, "municipio": 71, "nombre": "Huauchinango", "distrito_l": 2, "distrito_f": 1}, "geometry": {"type": "Polygon", "coordinates": [[[-98.031851, 20.099051], [-98.008624, 20.099051], [-98.008624, 20.131419], [-98.031851, 20.131419], [-98.031851, 20.099051]]]}}, {"type": "Feature", "id": 598, "properties": {"seccion": 598, "id": 598, "municipio": 71, "nombre": "Huauchinango", "distrito_l": 2, "distrito_f": 1}, "geometry": {"type": "Polygon", "coordinates": [[[-98.008623, 20.099051], [-97.985396, 20.099051], [-97.985396, 20.131419], [-98.008623, 20.131419], [-98.008623, 20.099051]]]}}, {"type": "Feature", "id": 599, "properties": {"seccion": 599, "id": 599, "municipio": 71, "nombre": "Huauchinango", "distrito_l": 2, "distrito_f": 1}, "geometry": {"type": "Polygon", "coordinates": [[[-97.985396, 20.099051], [-97.962169, 20.099051], [-97.962169, 20.131419], [-97.985396, 20.131419], [-97.985396, 20.099051]]]}}, {"type": "Feature", "id": 600, "properties": {"seccion": 600, "id": 600, "municipio": 71, "nombre": "Huauchinango", "distrito_l": 2, "distrito_f": 1}, "geometry": {"type": "Polygon", "coordinates": [[[-97.962169, 20.099051], [-97.938942, 20.099051], [-97.938942, 20.131419], [-97.962169, 20.131419], [-97.962169, 20.099051]]]}}, {"type": "Feature", "id": 601, "properties": {"seccion": 601, "id": 601, "municipio": 71, "nombre": "Huauchinango", "distrito_l": 2, "distrito_f": 1}, "geometry": {"type": "Polygon", "coordinates": [[[-98.101532, 20.131419], [-98.078305, 20.131419], [-98.078305, 20.163787], [-98.101532, 20.163787], [-98.101532, 20.131419]]]}}, {"type": "Feature", "id": 602, "properties": {"seccion": 602, "id": 602, "municipio": 71, "nombre": "Huauchinango", "distrito_l": 2, "distrito_f": 1}, "geometry": {"type": "Polygon", "coordinates": [[[-98.078305, 20.131419], [-98.055078, 20.131419], [-98.055078, 20.163787], [-98.078305, 20.163787], [-98.078305, 20.131419]]]}}, {"type": "Feature", "id": 603, "properties": {"seccion": 603, "id": 603, "municipio": 71, "nombre": "Huauchinango", "distrito_l": 2, "distrito_f": 1}, "geometry": {"type": "Polygon", "coordinates": [[[-98.055078, 20.131419], [-98.031851, 20.131419], [-98.031851, 20.163787], [-98.055078, 20.163787], [-98.055078, 20.131419]]]}}, {"type": "Feature", "id": 604, "properties": {"seccion": 604, "id": 604, "municipio": 71, "nombre": "Huauchinango", "distrito_l": 2, "distrito_f": 1}, "geometry": {"type": "Polygon", "coordinates": [[[-98.031851, 20.131419], [-98.008624, 20.131419], [-98.008624, 20.163787], [-98.031851, 20.163787], [-98.031851, 20.131419]]]}}, {"type": "Feature", "id": 605, "properties": {"seccion": 605, "id": 605, "municipio": 71, "nombre": "Huauchinango", "distrito_l": 2, "distrito_f": 1}, "geometry": {"type": "Polygon", "coordinates": [[[-98.008623, 20.131419], [-97.985396, 20.131419], [-97.985396, 20.163787], [-98.008623, 20.163787], [-98.008623, 20.131419]]]}}, {"type": "Feature", "id": 606, "properties": {"seccion": 606, "id": 606, "municipio": 71, "nombre": "Huauchinango", "distrito_l": 2, "distrito_f": 1}, "geometry": {"type": "Polygon", "coordinates": [[[-97.985396, 20.131419], [-97.962169, 20.131419], [-97.962169, 20.163787], [-97.985396, 20.163787], [-97.985396, 20.131419]]]}}, {"type": "Feature", "id": 607, "properties": {"seccion": 607, "id": 607, "municipio": 71, "nombre": "Huauchinango", "distrito_l": 2, "distrito_f": 1}, "geometry": {"type": "Polygon", "coordinates": [[[-97.962169, 20.131419], [-97.938942, 20.131419], [-97.938942, 20.163787], [-97.962169, 20.163787], [-97.962169, 20.131419]]]}}, {"type": "Feature", "id": 608, "properties": {"seccion": 608, "id": 608, "municipio": 71, "nombre": "Huauchinango", "distrito_l": 2, "distrito_f": 1}, "geometry": {"type": "Polygon", "coordinates": [[[-98.101532, 20.163787], [-98.078305, 20.163787], [-98.078305, 20.196155], [-98.101532, 20.196155], [-98.101532, 20.163787]]]}}, {"type": "Feature", "id": 609, "properties": {"seccion": 609, "id": 609, "municipio": 71, "nombre": "Huauchinango", "distrito_l": 2, "distrito_f": 1}, "geometry": {"type": "Polygon", "coordinates": [[[-98.078305, 20.163787], [-98.055078, 20.163787], [-98.055078, 20.196155], [-98.078305, 20.196155], [-98.078305, 20.163787]]]}}, {"type": "Feature", "id": 610, "properties": {"seccion": 610, "id": 610, "municipio": 71, "nombre": "Huauchinango", "distrito_l": 2, "distrito_f": 1}, "geometry": {"type": "Polygon", "coordinates": [[[-98.055078, 20.163787], [-98.031851, 20.163787], [-98.031851, 20.196155], [-98.055078, 20.196155], [-98.055078, 20.163787]]]}}, {"type": "Feature", "id": 611, "properties": {"seccion": 611, "id": 611, "municipio": 71, "nombre": "Huauchinango", "distrito_l": 2, "distrito_f": 1}, "geometry": {"type": "Polygon", "coordinates": [[[-98.031851, 20.163787], [-98.008624, 20.163787], [-98.008624, 20.196155], [-98.031851, 20.196155], [-98.031851, 20.163787]]]}}, {"type": "Feature", "id": 612, "properties": {"seccion": 612, "id": 612, "municipio": 71, "nombre": "Huauchinango", "distrito_l": 2, "distrito_f": 1}, "geometry": {"type": "Polygon", "coordinates": [[[-98.008623, 20.163787], [-97.985396, 20.163787], [-97.985396, 20.196155], [-98.008623, 20.196155], [-98.008623, 20.163787]]]}}, {"type": "Feature", "id": 613, "properties": {"seccion": 613, "id": 613, "municipio": 71, "nombre": "Huauchinango", "distrito_l": 2, "distrito_f": 1}, "geometry": {"type": "Polygon", "coordinates": [[[-97.985396, 20.163787], [-97.962169, 20.163787], [-97.962169, 20.196155], [-97.985396, 20.196155], [-97.985396, 20.163787]]]}}, {"type": "Feature", "id": 614, "properties": {"seccion": 614, "id": 614, "municipio": 71, "nombre": "Huauchinango", "distrito_l": 2, "distrito_f": 1}, "geometry": {"type": "Polygon", "coordinates": [[[-97.962169, 20.163787], [-97.938942, 20.163787], [-97.938942, 20.196155], [-97.962169, 20.196155], [-97.962169, 20.163787]]]}}, {"type": "Feature", "id": 615, "properties": {"seccion": 615, "id": 615, "municipio": 71, "nombre": "Huauchinango", "distrito_l": 2, "distrito_f": 1}, "geometry": {"type": "Polygon", "coordinates": [[[-98.101532, 20.196156], [-98.078305, 20.196156], [-98.078305, 20.228524], [-98.101532, 20.228524], [-98.101532, 20.196156]]]}}, {"type": "Feature", "id": 616, "properties": {"seccion": 616, "id": 616, "municipio": 71, "nombre": "Huauchinango", "distrito_l": 2, "distrito_f": 1}, "geometry": {"type": "Polygon", "coordinates": [[[-98.078305, 20.196156], [-98.055078, 20.196156], [-98.055078, 20.228524], [-98.078305, 20.228524], [-98.078305, 20.196156]]]}}, {"type": "Feature", "id": 617, "properties": {"seccion": 617, "id": 617, "municipio": 71, "nombre": "Huauchinango", "distrito_l": 2, "distrito_f": 1}, "geometry": {"type": "Polygon", "coordinates": [[[-98.055078, 20.196156], [-98.031851, 20.196156], [-98.031851, 20.228524], [-98.055078, 20.228524], [-98.055078, 20.196156]]]}}, {"type": "Feature", "id": 618, "properties": {"seccion": 618, "id": 618, "municipio": 71, "nombre": "Huauchinango", "distrito_l": 2, "distrito_f": 1}, "geometry": {"type": "Polygon", "coordinates": [[[-98.031851, 20.196156], [-98.008624, 20.196156], [-98.008624, 20.228524], [-98.031851, 20.228524], [-98.031851, 20.196156]]]}}, {"type": "Feature", "id": 619, "properties": {"seccion": 619, "id": 619, "municipio": 71, "nombre": "Huauchinango", "distrito_l": 2, "distrito_f": 1}, "geometry": {"type": "Polygon", "coordinates": [[[-98.008623, 20.196156], [-97.985396, 20.196156], [-97.985396, 20.228524], [-98.008623, 20.228524], [-98.008623, 20.196156]]]}}, {"type": "Feature", "id": 620, "properties": {"seccion": 620, "id": 620, "municipio": 71, "nombre": "Huauchinango", "distrito_l": 2, "distrito_f": 1}, "geometry": {"type": "Polygon", "coordinates": [[[-97.985396, 20.196156], [-97.962169, 20.196156], [-97.962169, 20.228524], [-97.985396, 20.228524], [-97.985396, 20.196156]]]}}, {"type": "Feature", "id": 621, "properties": {"seccion": 621, "id": 621, "municipio": 71, "nombre": "Huauchinango", "distrito_l": 2, "distrito_f": 1}, "geometry": {"type": "Polygon", "coordinates": [[[-97.962169, 20.196156], [-97.938942, 20.196156], [-97.938942, 20.228524], [-97.962169, 20.228524], [-97.962169, 20.196156]]]}}, {"type": "Feature", "id": 622, "properties": {"seccion": 622, "id": 622, "municipio": 71, "nombre": "Huauchinango", "distrito_l": 2, "distrito_f": 1}, "geometry": {"type": "Polygon", "coordinates": [[[-98.101532, 20.228524], [-98.078305, 20.228524], [-98.078305, 20.260892], [-98.101532, 20.260892], [-98.101532, 20.228524]]]}}, {"type": "Feature", "id": 623, "properties": {"seccion": 623, "id": 623, "municipio": 71, "nombre": "Huauchinango", "distrito_l": 2, "distrito_f": 1}, "geometry": {"type": "Polygon", "coordinates": [[[-98.078305, 20.228524], [-98.055078, 20.228524], [-98.055078, 20.260892], [-98.078305, 20.260892], [-98.078305, 20.228524]]]}}, {"type": "Feature", "id": 624, "properties": {"seccion": 624, "id": 624, "municipio": 71, "nombre": "Huauchinango", "distrito_l": 2, "distrito_f": 1}, "geometry": {"type": "Polygon", "coordinates": [[[-98.055078, 20.228524], [-98.031851, 20.228524], [-98.031851, 20.260892], [-98.055078, 20.260892], [-98.055078, 20.228524]]]}}, {"type": "Feature", "id": 625, "properties": {"seccion": 625, "id": 625, "municipio": 71, "nombre": "Huauchinango", "distrito_l": 2, "distrito_f": 1}, "geometry": {"type": "Polygon", "coordinates": [[[-98.031851, 20.228524], [-98.008624, 20.228524], [-98.008624, 20.260892], [-98.031851, 20.260892], [-98.031851, 20.228524]]]}}, {"type": "Feature", "id": 626, "properties": {"seccion": 626, "id": 626, "municipio": 71, "nombre": "Huauchinango", "distrito_l": 2, "distrito_f": 1}, "geometry": {"type": "Polygon", "coordinates": [[[-98.008623, 20.228524], [-97.985396, 20.228524], [-97.985396, 20.260892], [-98.008623, 20.260892], [-98.008623, 20.228524]]]}}, {"type": "Feature", "id": 627, "properties": {"seccion": 627, "id": 627, "municipio": 71, "nombre": "Huauchinango", "distrito_l": 2, "distrito_f": 1}, "geometry": {"type": "Polygon", "coordinates": [[[-97.985396, 20.228524], [-97.962169, 20.228524], [-97.962169, 20.260892], [-97.985396, 20.260892], [-97.985396, 20.228524]]]}}, {"type": "Feature", "id": 628, "properties": {"seccion": 628, "id": 628, "municipio": 71, "nombre": "Huauchinango", "distrito_l": 2, "distrito_f": 1}, "geometry": {"type": "Polygon", "coordinates": [[[-97.962169, 20.228524], [-97.938942, 20.228524], [-97.938942, 20.260892], [-97.962169, 20.260892], [-97.962169, 20.228524]]]}}, {"type": "Feature", "id": 629, "properties": {"seccion": 629, "id": 629, "municipio": 71, "nombre": "Huauchinango", "distrito_l": 2, "distrito_f": 1}, "geometry": {"type": "Polygon", "coordinates": [[[-98.101532, 20.260892], [-98.078305, 20.260892], [-98.078305, 20.29326], [-98.101532, 20.29326], [-98.101532, 20.260892]]]}}, {"type": "Feature", "id": 630, "properties": {"seccion": 630, "id": 630, "municipio": 71, "nombre": "Huauchinango", "distrito_l": 2, "distrito_f": 1}, "geometry": {"type": "Polygon", "coordinates": [[[-98.078305, 20.260892], [-98.055078, 20.260892], [-98.055078, 20.29326], [-98.078305, 20.29326], [-98.078305, 20.260892]]]}}, {"type": "Feature", "id": 2713, "properties": {"seccion": 2713, "id": 2713, "municipio": 71, "nombre": "Huauchinango", "distrito_l": 2, "distrito_f": 1}, "geometry": {"type": "Polygon", "coordinates": [[[-98.055078, 20.260892], [-98.031851, 20.260892], [-98.031851, 20.29326], [-98.055078, 20.29326], [-98.055078, 20.260892]]]}}, {"type": "Feature", "id": 631, "properties": {"seccion": 631, "id": 631, "municipio": 72, "nombre": "Huehuetla", "distrito_l": 4, "distrito_f": 1}, "geometry": {"type": "Polygon", "coordinates": [[[-97.603577, 20.069401], [-97.580615, 20.069401], [-97.580615, 20.101494], [-97.603577, 20.101494], [-97.603577, 20.069401]]]}}, {"type": "Feature", "id": 632, "properties": {"seccion": 632, "id": 632, "municipio": 72, "nombre": "Huehuetla", "distrito_l": 4, "distrito_f": 1}, "geometry": {"type": "Polygon", "coordinates": [[[-97.580615, 20.069401], [-97.557653, 20.069401], [-97.557653, 20.101494], [-97.580615, 20.101494], [-97.580615, 20.069401]]]}}, {"type": "Feature", "id": 633, "properties": {"seccion": 633, "id": 633, "municipio": 72, "nombre": "Huehuetla", "distrito_l": 4, "distrito_f": 1}, "geometry": {"type": "Polygon", "coordinates": [[[-97.557653, 20.069401], [-97.534691, 20.069401], [-97.534691, 20.101494], [-97.557653, 20.101494], [-97.557653, 20.069401]]]}}, {"type": "Feature", "id": 634, "properties": {"seccion": 634, "id": 634, "municipio": 72, "nombre": "Huehuetla", "distrito_l": 4, "distrito_f": 1}, "geometry": {"type": "Polygon", "coordinates": [[[-97.603577, 20.101494], [-97.580615, 20.101494], [-97.580615, 20.133587], [-97.603577, 20.133587], [-97.603577, 20.101494]]]}}, {"type": "Feature", "id": 635, "properties": {"seccion": 635, "id": 635, "municipio": 72, "nombre": "Huehuetla", "distrito_l": 4, "distrito_f": 1}, "geometry": {"type": "Polygon", "coordinates": [[[-97.580615, 20.101494], [-97.557653, 20.101494], [-97.557653, 20.133587], [-97.580615, 20.133587], [-97.580615, 20.101494]]]}}, {"type": "Feature", "id": 636, "properties": {"seccion": 636, "id": 636, "municipio": 72, "nombre": "Huehuetla", "distrito_l": 4, "distrito_f": 1}, "geometry": {"type": "Polygon", "coordinates": [[[-97.557653, 20.101494], [-97.534691, 20.101494], [-97.534691, 20.133587], [-97.557653, 20.133587], [-97.557653, 20.101494]]]}}, {"type": "Feature", "id": 637, "properties": {"seccion": 637, "id": 637, "municipio": 72, "nombre": "Huehuetla", "distrito_l": 4, "distrito_f": 1}, "geometry": {"type": "Polygon", "coordinates": [[[-97.603577, 20.133587], [-97.580615, 20.133587], [-97.580615, 20.16568], [-97.603577, 20.16568], [-97.603577, 20.133587]]]}}, {"type": "Feature", "id": 638, "properties": {"seccion": 638, "id": 638, "municipio": 72, "nombre": "Huehuetla", "distrito_l": 4, "distrito_f": 1}, "geometry": {"type": "Polygon", "coordinates": [[[-97.580615, 20.133587], [-97.557653, 20.133587], [-97.557653, 20.16568], [-97.580615, 20.16568], [-97.580615, 20.133587]]]}}, {"type": "Feature", "id": 639, "properties": {"seccion": 639, "id": 639, "municipio": 72, "nombre": "Huehuetla", "distrito_l": 4, "distrito_f": 1}, "geometry": {"type": "Polygon", "coordinates": [[[-97.557653, 20.133587], [-97.534691, 20.133587], [-97.534691, 20.16568], [-97.557653, 20.16568], [-97.557653, 20.133587]]]}}, {"type": "Feature", "id": 640, "properties": {"seccion": 640, "id": 640, "municipio": 73, "nombre": "Huehuetlan El Chico", "distrito_l": 23, "distrito_f": 1}, "geometry": {"type": "Polygon", "coordinates": [[[-98.734413, 18.27812], [-98.679054, 18.27812], [-98.679054, 18.377545], [-98.734413, 18.377545], [-98.734413, 18.27812]]]}}, {"type": "Feature", "id": 641, "properties": {"seccion": 641, "id": 641, "municipio": 73, "nombre": "Huehuetlan El Chico", "distrito_l": 23, "distrito_f": 1}, "geometry": {"type": "Polygon", "coordinates": [[[-98.679054, 18.27812], [-98.623695, 18.27812], [-98.623695, 18.377545], [-98.679054, 18.377545], [-98.679054, 18.27812]]]}}, {"type": "Feature", "id": 642, "properties": {"seccion": 642, "id": 642, "municipio": 73, "nombre": "Huehuetlan El Chico", "distrito_l": 23, "distrito_f": 1}, "geometry": {"type": "Polygon", "coordinates": [[[-98.623695, 18.27812], [-98.568336, 18.27812], [-98.568336, 18.377545], [-98.623695, 18.377545], [-98.623695, 18.27812]]]}}, {"type": "Feature", "id": 643, "properties": {"seccion": 643, "id": 643, "municipio": 73, "nombre": "Huehuetlan El Chico", "distrito_l": 23, "distrito_f": 1}, "geometry": {"type": "Polygon", "coordinates": [[[-98.734413, 18.377545], [-98.679054, 18.377545], [-98.679054, 18.47697], [-98.734413, 18.47697], [-98.734413, 18.377545]]]}}, {"type": "Feature", "id": 644, "properties": {"seccion": 644, "id": 644, "municipio": 73, "nombre": "Huehuetlan El Chico", "distrito_l": 23, "distrito_f": 1}, "geometry": {"type": "Polygon", "coordinates": [[[-98.679054, 18.377545], [-98.623695, 18.377545], [-98.623695, 18.47697], [-98.679054, 18.47697], [-98.679054, 18.377545]]]}}, {"type": "Feature", "id": 645, "properties": {"seccion": 645, "id": 645, "municipio": 73, "nombre": "Huehuetlan El Chico", "distrito_l": 23, "distrito_f": 1}, "geometry": {"type": "Polygon", "coordinates": [[[-98.623695, 18.377545], [-98.568336, 18.377545], [-98.568336, 18.47697], [-98.623695, 18.47697], [-98.623695, 18.377545]]]}}, {"type": "Feature", "id": 646, "properties": {"seccion": 646, "id": 646, "municipio": 74, "nombre": "Huehuetlan El Grande", "distrito_l": 23, "distrito_f": 1}, "geometry": {"type": "Polygon", "coordinates": [[[-98.098663, 18.732262], [-98.040837, 18.732262], [-98.040837, 18.807476], [-98.098663, 18.807476], [-98.098663, 18.732262]]]}}, {"type": "Feature", "id": 647, "properties": {"seccion": 647, "id": 647, "municipio": 74, "nombre": "Huehuetlan El Grande", "distrito_l": 23, "distrito_f": 1}, "geometry": {"type": "Polygon", "coordinates": [[[-98.040838, 18.732262], [-97.983012, 18.732262], [-97.983012, 18.807476], [-98.040838, 18.807476], [-98.040838, 18.732262]]]}}, {"type": "Feature", "id": 648, "properties": {"seccion": 648, "id": 648, "municipio": 74, "nombre": "Huehuetlan El Grande", "distrito_l": 23, "distrito_f": 1}, "geometry": {"type": "Polygon", "coordinates": [[[-97.983012, 18.732262], [-97.925186, 18.732262], [-97.925186, 18.807476], [-97.983012, 18.807476], [-97.983012, 18.732262]]]}}, {"type": "Feature", "id": 649, "properties": {"seccion": 649, "id": 649, "municipio": 74, "nombre": "Huehuetlan El Grande", "distrito_l": 23, "distrito_f": 1}, "geometry": {"type": "Polygon", "coordinates": [[[-98.098663, 18.807476], [-98.040837, 18.807476], [-98.040837, 18.88269], [-98.098663, 18.88269], [-98.098663, 18.807476]]]}}, {"type": "Feature", "id": 650, "properties": {"seccion": 650, "id": 650, "municipio": 74, "nombre": "Huehuetlan El Grande", "distrito_l": 23, "distrito_f": 1}, "geometry": {"type": "Polygon", "coordinates": [[[-98.040838, 18.807476], [-97.983012, 18.807476], [-97.983012, 18.88269], [-98.040838, 18.88269], [-98.040838, 18.807476]]]}}, {"type": "Feature", "id": 651, "properties": {"seccion": 651, "id": 651, "municipio": 75, "nombre": "Huejotzingo", "distrito_l": 8, "distrito_f": 1}, "geometry": {"type": "Polygon", "coordinates": [[[-98.402061, 19.17182], [-98.38178, 19.17182], [-98.38178, 19.192394], [-98.402061, 19.192394], [-98.402061, 19.17182]]]}}, {"type": "Feature", "id": 652, "properties": {"seccion": 652, "id": 652, "municipio": 75, "nombre": "Huejotzingo", "distrito_l": 8, "distrito_f": 1}, "geometry": {"type": "Polygon", "coordinates": [[[-98.38178, 19.17182], [-98.361499, 19.17182], [-98.361499, 19.192394], [-98.38178, 19.192394], [-98.38178, 19.17182]]]}}, {"type": "Feature", "id": 654, "properties": {"seccion": 654, "id": 654, "municipio": 75, "nombre": "Huejotzingo", "distrito_l": 8, "distrito_f": 1}, "geometry": {"type": "Polygon", "coordinates": [[[-98.361499, 19.17182], [-98.341218, 19.17182], [-98.341218, 19.192394], [-98.361499, 19.192394], [-98.361499, 19.17182]]]}}, {"type": "Feature", "id": 655, "properties": {"seccion": 655, "id": 655, "municipio": 75, "nombre": "Huejotzingo", "distrito_l": 8, "distrito_f": 1}, "geometry": {"type": "Polygon", "coordinates": [[[-98.341217, 19.17182], [-98.320936, 19.17182], [-98.320936, 19.192394], [-98.341217, 19.192394], [-98.341217, 19.17182]]]}}, {"type": "Feature", "id": 656, "properties": {"seccion": 656, "id": 656, "municipio": 75, "nombre": "Huejotzingo", "distrito_l": 8, "distrito_f": 1}, "geometry": {"type": "Polygon", "coordinates": [[[-98.320936, 19.17182], [-98.300655, 19.17182], [-98.300655, 19.192394], [-98.320936, 19.192394], [-98.320936, 19.17182]]]}}, {"type": "Feature", "id": 657, "properties": {"seccion": 657, "id": 657, "municipio": 75, "nombre": "Huejotzingo", "distrito_l": 8, "distrito_f": 1}, "geometry": {"type": "Polygon", "coordinates": [[[-98.300654, 19.17182], [-98.280373, 19.17182], [-98.280373, 19.192394], [-98.300654, 19.192394], [-98.300654, 19.17182]]]}}, {"type": "Feature", "id": 658, "properties": {"seccion": 658, "id": 658, "municipio": 75, "nombre": "Huejotzingo", "distrito_l": 8, "distrito_f": 1}, "geometry": {"type": "Polygon", "coordinates": [[[-98.402061, 19.192394], [-98.38178, 19.192394], [-98.38178, 19.212968], [-98.402061, 19.212968], [-98.402061, 19.192394]]]}}, {"type": "Feature", "id": 659, "properties": {"seccion": 659, "id": 659, "municipio": 75, "nombre": "Huejotzingo", "distrito_l": 8, "distrito_f": 1}, "geometry": {"type": "Polygon", "coordinates": [[[-98.38178, 19.192394], [-98.361499, 19.192394], [-98.361499, 19.212968], [-98.38178, 19.212968], [-98.38178, 19.192394]]]}}, {"type": "Feature", "id": 660, "properties": {"seccion": 660, "id": 660, "municipio": 75, "nombre": "Huejotzingo", "distrito_l": 8, "distrito_f": 1}, "geometry": {"type": "Polygon", "coordinates": [[[-98.361499, 19.192394], [-98.341218, 19.192394], [-98.341218, 19.212968], [-98.361499, 19.212968], [-98.361499, 19.192394]]]}}, {"type": "Feature", "id": 661, "properties": {"seccion": 661, "id": 661, "municipio": 75, "nombre": "Huejotzingo", "distrito_l": 8, "distrito_f": 1}, "geometry": {"type": "Polygon", "coordinates": [[[-98.341217, 19.192394], [-98.320936, 19.192394], [-98.320936, 19.212968], [-98.341217, 19.212968], [-98.341217, 19.192394]]]}}, {"type": "Feature", "id": 662, "properties": {"seccion": 662, "id": 662, "municipio": 75, "nombre": "Huejotzingo", "distrito_l": 8, "distrito_f": 1}, "geometry": {"type": "Polygon", "coordinates": [[[-98.320936, 19.192394], [-98.300655, 19.192394], [-98.300655, 19.212968], [-98.320936, 19.212968], [-98.320936, 19.192394]]]}}, {"type": "Feature", "id": 663, "properties": {"seccion": 663, "id": 663, "municipio": 75, "nombre": "Huejotzingo", "distrito_l": 8, "distrito_f": 1}, "geometry": {"type": "Polygon", "coordinates": [[[-98.300654, 19.192394], [-98.280373, 19.192394], [-98.280373, 19.212968], [-98.300654, 19.212968], [-98.300654, 19.192394]]]}}, {"type": "Feature", "id": 664, "properties": {"seccion": 664, "id": 664, "municipio": 75, "nombre": "Huejotzingo", "distrito_l": 8, "distrito_f": 1}, "geometry": {"type": "Polygon", "coordinates": [[[-98.402061, 19.212968], [-98.38178, 19.212968], [-98.38178, 19.233542], [-98.402061, 19.233542], [-98.402061, 19.212968]]]}}, {"type": "Feature", "id": 665, "properties": {"seccion": 665, "id": 665, "municipio": 75, "nombre": "Huejotzingo", "distrito_l": 8, "distrito_f": 1}, "geometry": {"type": "Polygon", "coordinates": [[[-98.38178, 19.212968], [-98.361499, 19.212968], [-98.361499, 19.233542], [-98.38178, 19.233542], [-98.38178, 19.212968]]]}}, {"type": "Feature", "id": 666, "properties": {"seccion": 666, "id": 666, "municipio": 75, "nombre": "Huejotzingo", "distrito_l": 8, "distrito_f": 1}, "geometry": {"type": "Polygon", "coordinates": [[[-98.361499, 19.212968], [-98.341218, 19.212968], [-98.341218, 19.233542], [-98.361499, 19.233542], [-98.361499, 19.212968]]]}}, {"type": "Feature", "id": 667, "properties": {"seccion": 667, "id": 667, "municipio": 75, "nombre": "Huejotzingo", "distrito_l": 8, "distrito_f": 1}, "geometry": {"type": "Polygon", "coordinates": [[[-98.341217, 19.212968], [-98.320936, 19.212968], [-98.320936, 19.233542], [-98.341217, 19.233542], [-98.341217, 19.212968]]]}}, {"type": "Feature", "id": 668, "properties": {"seccion": 668, "id": 668, "municipio": 75, "nombre": "Huejotzingo", "distrito_l": 8, "distrito_f": 1}, "geometry": {"type": "Polygon", "coordinates": [[[-98.320936, 19.212968], [-98.300655, 19.212968], [-98.300655, 19.233542], [-98.320936, 19.233542], [-98.320936, 19.212968]]]}}, {"type": "Feature", "id": 669, "properties": {"seccion": 669, "id": 669, "municipio": 75, "nombre": "Huejotzingo", "distrito_l": 8, "distrito_f": 1}, "geometry": {"type": "Polygon", "coordinates": [[[-98.300654, 19.212968], [-98.280373, 19.212968], [-98.280373, 19.233542], [-98.300654, 19.233542], [-98.300654, 19.212968]]]}}, {"type": "Feature", "id": 670, "properties": {"seccion": 670, "id": 670, "municipio": 75, "nombre": "Huejotzingo", "distrito_l": 8, "distrito_f": 1}, "geometry": {"type": "Polygon", "coordinates": [[[-98.402061, 19.233542], [-98.38178, 19.233542], [-98.38178, 19.254116], [-98.402061, 19.254116], [-98.402061, 19.233542]]]}}, {"type": "Feature", "id": 671, "properties": {"seccion": 671, "id": 671, "municipio": 75, "nombre": "Huejotzingo", "distrito_l": 8, "distrito_f": 1}, "geometry": {"type": "Polygon", "coordinates": [[[-98.38178, 19.233542], [-98.361499, 19.233542], [-98.361499, 19.254116], [-98.38178, 19.254116], [-98.38178, 19.233542]]]}}, {"type": "Feature", "id": 672, "properties": {"seccion": 672, "id": 672, "municipio": 75, "nombre": "Huejotzingo", "distrito_l": 8, "distrito_f": 1}, "geometry": {"type": "Polygon", "coordinates": [[[-98.361499, 19.233542], [-98.341218, 19.233542], [-98.341218, 19.254116], [-98.361499, 19.254116], [-98.361499, 19.233542]]]}}, {"type": "Feature", "id": 2743, "properties": {"seccion": 2743, "id": 2743, "municipio": 75, "nombre": "Huejotzingo", "distrito_l": 8, "distrito_f": 1}, "geometry": {"type": "Polygon", "coordinates": [[[-98.341217, 19.233542], [-98.320936, 19.233542], [-98.320936, 19.254116], [-98.341217, 19.254116], [-98.341217, 19.233542]]]}}, {"type": "Feature", "id": 2810, "properties": {"seccion": 2810, "id": 2810, "municipio": 75, "nombre": "Huejotzingo", "distrito_l": 8, "distrito_f": 1}, "geometry": {"type": "Polygon", "coordinates": [[[-98.320936, 19.233542], [-98.300655, 19.233542], [-98.300655, 19.254116], [-98.320936, 19.254116], [-98.320936, 19.233542]]]}}, {"type": "Feature", "id": 2811, "properties": {"seccion": 2811, "id": 2811, "municipio": 75, "nombre": "Huejotzingo", "distrito_l": 8, "distrito_f": 1}, "geometry": {"type": "Polygon", "coordinates": [[[-98.300654, 19.233542], [-98.280373, 19.233542], [-98.280373, 19.254116], [-98.300654, 19.254116], [-98.300654, 19.233542]]]}}, {"type": "Feature", "id": 2812, "properties": {"seccion": 2812, "id": 2812, "municipio": 75, "nombre": "Huejotzingo", "distrito_l": 8, "distrito_f": 1}, "geometry": {"type": "Polygon", "coordinates": [[[-98.402061, 19.254116], [-98.38178, 19.254116], [-98.38178, 19.27469], [-98.402061, 19.27469], [-98.402061, 19.254116]]]}}, {"type": "Feature", "id": 2813, "properties": {"seccion": 2813, "id": 2813, "municipio": 75, "nombre": "Huejotzingo", "distrito_l": 8, "distrito_f": 1}, "geometry": {"type": "Polygon", "coordinates": [[[-98.38178, 19.254116], [-98.361499, 19.254116], [-98.361499, 19.27469], [-98.38178, 19.27469], [-98.38178, 19.254116]]]}}, {"type": "Feature", "id": 2814, "properties": {"seccion": 2814, "id": 2814, "municipio": 75, "nombre": "Huejotzingo", "distrito_l": 8, "distrito_f": 1}, "geometry": {"type": "Polygon", "coordinates": [[[-98.361499, 19.254116], [-98.341218, 19.254116], [-98.341218, 19.27469], [-98.361499, 19.27469], [-98.361499, 19.254116]]]}}, {"type": "Feature", "id": 2815, "properties": {"seccion": 2815, "id": 2815, "municipio": 75, "nombre": "Huejotzingo", "distrito_l": 8, "distrito_f": 1}, "geometry": {"type": "Polygon", "coordinates": [[[-98.341217, 19.254116], [-98.320936, 19.254116], [-98.320936, 19.27469], [-98.341217, 19.27469], [-98.341217, 19.254116]]]}}, {"type": "Feature", "id": 2816, "properties": {"seccion": 2816, "id": 2816, "municipio": 75, "nombre": "Huejotzingo", "distrito_l": 8, "distrito_f": 1}, "geometry": {"type": "Polygon", "coordinates": [[[-98.320936, 19.254116], [-98.300655, 19.254116], [-98.300655, 19.27469], [-98.320936, 19.27469], [-98.320936, 19.254116]]]}}, {"type": "Feature", "id": 2817, "properties": {"seccion": 2817, "id": 2817, "municipio": 75, "nombre": "Huejotzingo", "distrito_l": 8, "distrito_f": 1}, "geometry": {"type": "Polygon", "coordinates": [[[-98.300654, 19.254116], [-98.280373, 19.254116], [-98.280373, 19.27469], [-98.300654, 19.27469], [-98.300654, 19.254116]]]}}, {"type": "Feature", "id": 673, "properties": {"seccion": 673, "id": 673, "municipio": 76, "nombre": "Hueyapan", "distrito_l": 4, "distrito_f": 1}, "geometry": {"type": "Polygon", "coordinates": [[[-97.336273, 19.882812], [-97.315096, 19.882812], [-97.315096, 19.977346], [-97.336273, 19.977346], [-97.336273, 19.882812]]]}}, {"type": "Feature", "id": 674, "properties": {"seccion": 674, "id": 674, "municipio": 76, "nombre": "Hueyapan", "distrito_l": 4, "distrito_f": 1}, "geometry": {"type": "Polygon", "coordinates": [[[-97.315097, 19.882812], [-97.29392, 19.882812], [-97.29392, 19.977346], [-97.315097, 19.977346], [-97.315097, 19.882812]]]}}, {"type": "Feature", "id": 675, "properties": {"seccion": 675, "id": 675, "municipio": 76, "nombre": "Hueyapan", "distrito_l": 4, "distrito_f": 1}, "geometry": {"type": "Polygon", "coordinates": [[[-97.29392, 19.882812], [-97.272743, 19.882812], [-97.272743, 19.977346], [-97.29392, 19.977346], [-97.29392, 19.882812]]]}}, {"type": "Feature", "id": 676, "properties": {"seccion": 676, "id": 676, "municipio": 76, "nombre": "Hueyapan", "distrito_l": 4, "distrito_f": 1}, "geometry": {"type": "Polygon", "coordinates": [[[-97.336273, 19.977346], [-97.315096, 19.977346], [-97.315096, 20.07188], [-97.336273, 20.07188], [-97.336273, 19.977346]]]}}, {"type": "Feature", "id": 677, "properties": {"seccion": 677, "id": 677, "municipio": 76, "nombre": "Hueyapan", "distrito_l": 4, "distrito_f": 1}, "geometry": {"type": "Polygon", "coordinates": [[[-97.315097, 19.977346], [-97.29392, 19.977346], [-97.29392, 20.07188], [-97.315097, 20.07188], [-97.315097, 19.977346]]]}}, {"type": "Feature", "id": 678, "properties": {"seccion": 678, "id": 678, "municipio": 77, "nombre": "Hueytamalco", "distrito_l": 6, "distrito_f": 1}, "geometry": {"type": "Polygon", "coordinates": [[[-97.280159, 19.921572], [-97.248409, 19.921572], [-97.248409, 20.002034], [-97.280159, 20.002034], [-97.280159, 19.921572]]]}}, {"type": "Feature", "id": 679, "properties": {"seccion": 679, "id": 679, "municipio": 77, "nombre": "Hueytamalco", "distrito_l": 6, "distrito_f": 1}, "geometry": {"type": "Polygon", "coordinates": [[[-97.248409, 19.921572], [-97.216659, 19.921572], [-97.216659, 20.002034], [-97.248409, 20.002034], [-97.248409, 19.921572]]]}}, {"type": "Feature", "id": 680, "properties": {"seccion": 680, "id": 680, "municipio": 77, "nombre": "Hueytamalco", "distrito_l": 6, "distrito_f": 1}, "geometry": {"type": "Polygon", "coordinates": [[[-97.21666, 19.921572], [-97.18491, 19.921572], [-97.18491, 20.002034], [-97.21666, 20.002034], [-97.21666, 19.921572]]]}}, {"type": "Feature", "id": 681, "properties": {"seccion": 681, "id": 681, "municipio": 77, "nombre": "Hueytamalco", "distrito_l": 6, "distrito_f": 1}, "geometry": {"type": "Polygon", "coordinates": [[[-97.18491, 19.921572], [-97.15316, 19.921572], [-97.15316, 20.002034], [-97.18491, 20.002034], [-97.18491, 19.921572]]]}}, {"type": "Feature", "id": 682, "properties": {"seccion": 682, "id": 682, "municipio": 77, "nombre": "Hueytamalco", "distrito_l": 6, "distrito_f": 1}, "geometry": {"type": "Polygon", "coordinates": [[[-97.280159, 20.002034], [-97.248409, 20.002034], [-97.248409, 20.082496], [-97.280159, 20.082496], [-97.280159, 20.002034]]]}}, {"type": "Feature", "id": 683, "properties": {"seccion": 683, "id": 683, "municipio": 77, "nombre": "Hueytamalco", "distrito_l": 6, "distrito_f": 1}, "geometry": {"type": "Polygon", "coordinates": [[[-97.248409, 20.002034], [-97.216659, 20.002034], [-97.216659, 20.082496], [-97.248409, 20.082496], [-97.248409, 20.002034]]]}}, {"type": "Feature", "id": 684, "properties": {"seccion": 684, "id": 684, "municipio": 77, "nombre": "Hueytamalco", "distrito_l": 6, "distrito_f": 1}, "geometry": {"type": "Polygon", "coordinates": [[[-97.21666, 20.002034], [-97.18491, 20.002034], [-97.18491, 20.082496], [-97.21666, 20.082496], [-97.21666, 20.002034]]]}}, {"type": "Feature", "id": 685, "properties": {"seccion": 685, "id": 685, "municipio": 77, "nombre": "Hueytamalco", "distrito_l": 6, "distrito_f": 1}, "geometry": {"type": "Polygon", "coordinates": [[[-97.18491, 20.002034], [-97.15316, 20.002034], [-97.15316, 20.082496], [-97.18491, 20.082496], [-97.18491, 20.002034]]]}}, {"type": "Feature", "id": 686, "properties": {"seccion": 686, "id": 686, "municipio": 77, "nombre": "Hueytamalco", "distrito_l": 6, "distrito_f": 1}, "geometry": {"type": "Polygon", "coordinates": [[[-97.280159, 20.082496], [-97.248409, 20.082496], [-97.248409, 20.162958], [-97.280159, 20.162958], [-97.280159, 20.082496]]]}}, {"type": "Feature", "id": 687, "properties": {"seccion": 687, "id": 687, "municipio": 77, "nombre": "Hueytamalco", "distrito_l": 6, "distrito_f": 1}, "geometry": {"type": "Polygon", "coordinates": [[[-97.248409, 20.082496], [-97.216659, 20.082496], [-97.216659, 20.162958], [-97.248409, 20.162958], [-97.248409, 20.082496]]]}}, {"type": "Feature", "id": 688, "properties": {"seccion": 688, "id": 688, "municipio": 77, "nombre": "Hueytamalco", "distrito_l": 6, "distrito_f": 1}, "geometry": {"type": "Polygon", "coordinates": [[[-97.21666, 20.082496], [-97.18491, 20.082496], [-97.18491, 20.162958], [-97.21666, 20.162958], [-97.21666, 20.082496]]]}}, {"type": "Feature", "id": 689, "properties": {"seccion": 689, "id": 689, "municipio": 77, "nombre": "Hueytamalco", "distrito_l": 6, "distrito_f": 1}, "geometry": {"type": "Polygon", "coordinates": [[[-97.18491, 20.082496], [-97.15316, 20.082496], [-97.15316, 20.162958], [-97.18491, 20.162958], [-97.18491, 20.082496]]]}}, {"type": "Feature", "id": 690, "properties": {"seccion": 690, "id": 690, "municipio": 77, "nombre": "Hueytamalco", "distrito_l": 6, "distrito_f": 1}, "geometry": {"type": "Polygon", "coordinates": [[[-97.280159, 20.162958], [-97.248409, 20.162958], [-97.248409, 20.24342], [-97.280159, 20.24342], [-97.280159, 20.162958]]]}}, {"type": "Feature", "id": 691, "properties": {"seccion": 691, "id": 691, "municipio": 77, "nombre": "Hueytamalco", "distrito_l": 6, "distrito_f": 1}, "geometry": {"type": "Polygon", "coordinates": [[[-97.248409, 20.162958], [-97.216659, 20.162958], [-97.216659, 20.24342], [-97.248409, 20.24342], [-97.248409, 20.162958]]]}}, {"type": "Feature", "id": 692, "properties": {"seccion": 692, "id": 692, "municipio": 77, "nombre": "Hueytamalco", "distrito_l": 6, "distrito_f": 1}, "geometry": {"type": "Polygon", "coordinates": [[[-97.21666, 20.162958], [-97.18491, 20.162958], [-97.18491, 20.24342], [-97.21666, 20.24342], [-97.21666, 20.162958]]]}}, {"type": "Feature", "id": 693, "properties": {"seccion": 693, "id": 693, "municipio": 78, "nombre": "Hueytlalpan", "distrito_l": 4, "distrito_f": 1}, "geometry": {"type": "Polygon", "coordinates": [[[-97.657791, 20.03064], [-97.615539, 20.03064], [-97.615539, 20.072605], [-97.657791, 20.072605], [-97.657791, 20.03064]]]}}, {"type": "Feature", "id": 694, "properties": {"seccion": 694, "id": 694, "municipio": 78, "nombre": "Hueytlalpan", "distrito_l": 4, "distrito_f": 1}, "geometry": {"type": "Polygon", "coordinates": [[[-97.61554, 20.03064], [-97.573288, 20.03064], [-97.573288, 20.072605], [-97.61554, 20.072605], [-97.61554, 20.03064]]]}}, {"type": "Feature", "id": 695, "properties": {"seccion": 695, "id": 695, "municipio": 78, "nombre": "Hueytlalpan", "distrito_l": 4, "distrito_f": 1}, "geometry": {"type": "Polygon", "coordinates": [[[-97.657791, 20.072605], [-97.615539, 20.072605], [-97.615539, 20.11457], [-97.657791, 20.11457], [-97.657791, 20.072605]]]}}, {"type": "Feature", "id": 696, "properties": {"seccion": 696, "id": 696, "municipio": 79, "nombre": "Huitzilan De Serdan", "distrito_l": 3, "distrito_f": 1}, "geometry": {"type": "Polygon", "coordinates": [[[-97.739479, 19.94183], [-97.698677, 19.94183], [-97.698677, 19.972821], [-97.739479, 19.972821], [-97.739479, 19.94183]]]}}, {"type": "Feature", "id": 697, "properties": {"seccion": 697, "id": 697, "municipio": 79, "nombre": "Huitzilan De Serdan", "distrito_l": 3, "distrito_f": 1}, "geometry": {"type": "Polygon", "coordinates": [[[-97.698677, 19.94183], [-97.657875, 19.94183], [-97.657875, 19.972821], [-97.698677, 19.972821], [-97.698677, 19.94183]]]}}, {"type": "Feature", "id": 698, "properties": {"seccion": 698, "id": 698, "municipio": 79, "nombre": "Huitzilan De Serdan", "distrito_l": 3, "distrito_f": 1}, "geometry": {"type": "Polygon", "coordinates": [[[-97.657875, 19.94183], [-97.617073, 19.94183], [-97.617073, 19.972821], [-97.657875, 19.972821], [-97.657875, 19.94183]]]}}, {"type": "Feature", "id": 699, "properties": {"seccion": 699, "id": 699, "municipio": 79, "nombre": "Huitzilan De Serdan", "distrito_l": 3, "distrito_f": 1}, "geometry": {"type": "Polygon", "coordinates": [[[-97.739479, 19.97282], [-97.698677, 19.97282], [-97.698677, 20.003811], [-97.739479, 20.003811], [-97.739479, 19.97282]]]}}, {"type": "Feature", "id": 700, "properties": {"seccion": 700, "id": 700, "municipio": 79, "nombre": "Huitzilan De Serdan", "distrito_l": 3, "distrito_f": 1}, "geometry": {"type": "Polygon", "coordinates": [[[-97.698677, 19.97282], [-97.657875, 19.97282], [-97.657875, 20.003811], [-97.698677, 20.003811], [-97.698677, 19.97282]]]}}, {"type": "Feature", "id": 2723, "properties": {"seccion": 2723, "id": 2723, "municipio": 79, "nombre": "Huitzilan De Serdan", "distrito_l": 3, "distrito_f": 1}, "geometry": {"type": "Polygon", "coordinates": [[[-97.657875, 19.97282], [-97.617073, 19.97282], [-97.617073, 20.003811], [-97.657875, 20.003811], [-97.657875, 19.97282]]]}}, {"type": "Feature", "id": 701, "properties": {"seccion": 701, "id": 701, "municipio": 80, "nombre": "Huitziltepec", "distrito_l": 13, "distrito_f": 1}, "geometry": {"type": "Polygon", "coordinates": [[[-97.827347, 18.768141], [-97.761872, 18.768141], [-97.761872, 18.818625], [-97.827347, 18.818625], [-97.827347, 18.768141]]]}}, {"type": "Feature", "id": 702, "properties": {"seccion": 702, "id": 702, "municipio": 80, "nombre": "Huitziltepec", "distrito_l": 13, "distrito_f": 1}, "geometry": {"type": "Polygon", "coordinates": [[[-97.761871, 18.768141], [-97.696396, 18.768141], [-97.696396, 18.818625], [-97.761871, 18.818625], [-97.761871, 18.768141]]]}}, {"type": "Feature", "id": 703, "properties": {"seccion": 703, "id": 703, "municipio": 80, "nombre": "Huitziltepec", "distrito_l": 13, "distrito_f": 1}, "geometry": {"type": "Polygon", "coordinates": [[[-97.827347, 18.818624], [-97.761872, 18.818624], [-97.761872, 18.869108], [-97.827347, 18.869108], [-97.827347, 18.818624]]]}}, {"type": "Feature", "id": 706, "properties": {"seccion": 706, "id": 706, "municipio": 82, "nombre": "Ixcamilpa De Guerrero", "distrito_l": 23, "distrito_f": 1}, "geometry": {"type": "Polygon", "coordinates": [[[-98.723122, 18.02018], [-98.59853, 18.02018], [-98.59853, 18.080981], [-98.723122, 18.080981], [-98.723122, 18.02018]]]}}, {"type": "Feature", "id": 707, "properties": {"seccion": 707, "id": 707, "municipio": 82, "nombre": "Ixcamilpa De Guerrero", "distrito_l": 23, "distrito_f": 1}, "geometry": {"type": "Polygon", "coordinates": [[[-98.59853, 18.02018], [-98.473938, 18.02018], [-98.473938, 18.080981], [-98.59853, 18.080981], [-98.59853, 18.02018]]]}}, {"type": "Feature", "id": 708, "properties": {"seccion": 708, "id": 708, "municipio": 82, "nombre": "Ixcamilpa De Guerrero", "distrito_l": 23, "distrito_f": 1}, "geometry": {"type": "Polygon", "coordinates": [[[-98.723122, 18.08098], [-98.59853, 18.08098], [-98.59853, 18.141781], [-98.723122, 18.141781], [-98.723122, 18.08098]]]}}, {"type": "Feature", "id": 709, "properties": {"seccion": 709, "id": 709, "municipio": 83, "nombre": "Ixcaquixtla", "distrito_l": 24, "distrito_f": 1}, "geometry": {"type": "Polygon", "coordinates": [[[-97.756073, 18.4704], [-97.684074, 18.4704], [-97.684074, 18.530726], [-97.756073, 18.530726], [-97.756073, 18.4704]]]}}, {"type": "Feature", "id": 710, "properties": {"seccion": 710, "id": 710, "municipio": 83, "nombre": "Ixcaquixtla", "distrito_l": 24, "distrito_f": 1}, "geometry": {"type": "Polygon", "coordinates": [[[-97.684074, 18.4704], [-97.612075, 18.4704], [-97.612075, 18.530726], [-97.684074, 18.530726], [-97.684074, 18.4704]]]}}, {"type": "Feature", "id": 711, "properties": {"seccion": 711, "id": 711, "municipio": 83, "nombre": "Ixcaquixtla", "distrito_l": 24, "distrito_f": 1}, "geometry": {"type": "Polygon", "coordinates": [[[-97.756073, 18.530725], [-97.684074, 18.530725], [-97.684074, 18.591051], [-97.756073, 18.591051], [-97.756073, 18.530725]]]}}, {"type": "Feature", "id": 712, "properties": {"seccion": 712, "id": 712, "municipio": 84, "nombre": "Ixtacamaxtitlan", "distrito_l": 3, "distrito_f": 1}, "geometry": {"type": "Polygon", "coordinates": [[[-97.877411, 19.51972], [-97.818495, 19.51972], [-97.818495, 19.570358], [-97.877411, 19.570358], [-97.877411, 19.51972]]]}}, {"type": "Feature", "id": 713, "properties": {"seccion": 713, "id": 713, "municipio": 84, "nombre": "Ixtacamaxtitlan", "distrito_l": 3, "distrito_f": 1}, "geometry": {"type": "Polygon", "coordinates": [[[-97.818495, 19.51972], [-97.759579, 19.51972], [-97.759579, 19.570358], [-97.818495, 19.570358], [-97.818495, 19.51972]]]}}, {"type": "Feature", "id": 714, "properties": {"seccion": 714, "id": 714, "municipio": 84, "nombre": "Ixtacamaxtitlan", "distrito_l": 3, "distrito_f": 1}, "geometry": {"type": "Polygon", "coordinates": [[[-97.759579, 19.51972], [-97.700663, 19.51972], [-97.700663, 19.570358], [-97.759579, 19.570358], [-97.759579, 19.51972]]]}}, {"type": "Feature", "id": 715, "properties": {"seccion": 715, "id": 715, "municipio": 84, "nombre": "Ixtacamaxtitlan", "distrito_l": 3, "distrito_f": 1}, "geometry": {"type": "Polygon", "coordinates": [[[-97.700664, 19.51972], [-97.641748, 19.51972], [-97.641748, 19.570358], [-97.700664, 19.570358], [-97.700664, 19.51972]]]}}, {"type": "Feature", "id": 716, "properties": {"seccion": 716, "id": 716, "municipio": 84, "nombre": "Ixtacamaxtitlan", "distrito_l": 3, "distrito_f": 1}, "geometry": {"type": "Polygon", "coordinates": [[[-97.641748, 19.51972], [-97.582832, 19.51972], [-97.582832, 19.570358], [-97.641748, 19.570358], [-97.641748, 19.51972]]]}}, {"type": "Feature", "id": 717, "properties": {"seccion": 717, "id": 717, "municipio": 84, "nombre": "Ixtacamaxtitlan", "distrito_l": 3, "distrito_f": 1}, "geometry": {"type": "Polygon", "coordinates": [[[-97.877411, 19.570358], [-97.818495, 19.570358], [-97.818495, 19.620996], [-97.877411, 19.620996], [-97.877411, 19.570358]]]}}, {"type": "Feature", "id": 718, "properties": {"seccion": 718, "id": 718, "municipio": 84, "nombre": "Ixtacamaxtitlan", "distrito_l": 3, "distrito_f": 1}, "geometry": {"type": "Polygon", "coordinates": [[[-97.818495, 19.570358], [-97.759579, 19.570358], [-97.759579, 19.620996], [-97.818495, 19.620996], [-97.818495, 19.570358]]]}}, {"type": "Feature", "id": 719, "properties": {"seccion": 719, "id": 719, "municipio": 84, "nombre": "Ixtacamaxtitlan", "distrito_l": 3, "distrito_f": 1}, "geometry": {"type": "Polygon", "coordinates": [[[-97.759579, 19.570358], [-97.700663, 19.570358], [-97.700663, 19.620996], [-97.759579, 19.620996], [-97.759579, 19.570358]]]}}, {"type": "Feature", "id": 720, "properties": {"seccion": 720, "id": 720, "municipio": 84, "nombre": "Ixtacamaxtitlan", "distrito_l": 3, "distrito_f": 1}, "geometry": {"type": "Polygon", "coordinates": [[[-97.700664, 19.570358], [-97.641748, 19.570358], [-97.641748, 19.620996], [-97.700664, 19.620996], [-97.700664, 19.570358]]]}}, {"type": "Feature", "id": 721, "properties": {"seccion": 721, "id": 721, "municipio": 84, "nombre": "Ixtacamaxtitlan", "distrito_l": 3, "distrito_f": 1}, "geometry": {"type": "Polygon", "coordinates": [[[-97.641748, 19.570358], [-97.582832, 19.570358], [-97.582832, 19.620996], [-97.641748, 19.620996], [-97.641748, 19.570358]]]}}, {"type": "Feature", "id": 722, "properties": {"seccion": 722, "id": 722, "municipio": 84, "nombre": "Ixtacamaxtitlan", "distrito_l": 3, "distrito_f": 1}, "geometry": {"type": "Polygon", "coordinates": [[[-97.877411, 19.620996], [-97.818495, 19.620996], [-97.818495, 19.671634], [-97.877411, 19.671634], [-97.877411, 19.620996]]]}}, {"type": "Feature", "id": 723, "properties": {"seccion": 723, "id": 723, "municipio": 84, "nombre": "Ixtacamaxtitlan", "distrito_l": 3, "distrito_f": 1}, "geometry": {"type": "Polygon", "coordinates": [[[-97.818495, 19.620996], [-97.759579, 19.620996], [-97.759579, 19.671634], [-97.818495, 19.671634], [-97.818495, 19.620996]]]}}, {"type": "Feature", "id": 724, "properties": {"seccion": 724, "id": 724, "municipio": 84, "nombre": "Ixtacamaxtitlan", "distrito_l": 3, "distrito_f": 1}, "geometry": {"type": "Polygon", "coordinates": [[[-97.759579, 19.620996], [-97.700663, 19.620996], [-97.700663, 19.671634], [-97.759579, 19.671634], [-97.759579, 19.620996]]]}}, {"type": "Feature", "id": 725, "properties": {"seccion": 725, "id": 725, "municipio": 84, "nombre": "Ixtacamaxtitlan", "distrito_l": 3, "distrito_f": 1}, "geometry": {"type": "Polygon", "coordinates": [[[-97.700664, 19.620996], [-97.641748, 19.620996], [-97.641748, 19.671634], [-97.700664, 19.671634], [-97.700664, 19.620996]]]}}, {"type": "Feature", "id": 726, "properties": {"seccion": 726, "id": 726, "municipio": 84, "nombre": "Ixtacamaxtitlan", "distrito_l": 3, "distrito_f": 1}, "geometry": {"type": "Polygon", "coordinates": [[[-97.641748, 19.620996], [-97.582832, 19.620996], [-97.582832, 19.671634], [-97.641748, 19.671634], [-97.641748, 19.620996]]]}}, {"type": "Feature", "id": 2724, "properties": {"seccion": 2724, "id": 2724, "municipio": 84, "nombre": "Ixtacamaxtitlan", "distrito_l": 3, "distrito_f": 1}, "geometry": {"type": "Polygon", "coordinates": [[[-97.877411, 19.671635], [-97.818495, 19.671635], [-97.818495, 19.722273], [-97.877411, 19.722273], [-97.877411, 19.671635]]]}}, {"type": "Feature", "id": 2725, "properties": {"seccion": 2725, "id": 2725, "municipio": 84, "nombre": "Ixtacamaxtitlan", "distrito_l": 3, "distrito_f": 1}, "geometry": {"type": "Polygon", "coordinates": [[[-97.818495, 19.671635], [-97.759579, 19.671635], [-97.759579, 19.722273], [-97.818495, 19.722273], [-97.818495, 19.671635]]]}}, {"type": "Feature", "id": 727, "properties": {"seccion": 727, "id": 727, "municipio": 85, "nombre": "Ixtepec", "distrito_l": 4, "distrito_f": 1}, "geometry": {"type": "Polygon", "coordinates": [[[-97.644226, 20.022093], [-97.602749, 20.022093], [-97.602749, 20.046027], [-97.644226, 20.046027], [-97.644226, 20.022093]]]}}, {"type": "Feature", "id": 728, "properties": {"seccion": 728, "id": 728, "municipio": 85, "nombre": "Ixtepec", "distrito_l": 4, "distrito_f": 1}, "geometry": {"type": "Polygon", "coordinates": [[[-97.602749, 20.022093], [-97.561272, 20.022093], [-97.561272, 20.046027], [-97.602749, 20.046027], [-97.602749, 20.022093]]]}}, {"type": "Feature", "id": 729, "properties": {"seccion": 729, "id": 729, "municipio": 85, "nombre": "Ixtepec", "distrito_l": 4, "distrito_f": 1}, "geometry": {"type": "Polygon", "coordinates": [[[-97.644226, 20.046027], [-97.602749, 20.046027], [-97.602749, 20.069961], [-97.644226, 20.069961], [-97.644226, 20.046027]]]}}, {"type": "Feature", "id": 730, "properties": {"seccion": 730, "id": 730, "municipio": 86, "nombre": "Izucar De Matamoros", "distrito_l": 22, "distrito_f": 1}, "geometry": {"type": "Polygon", "coordinates": [[[-98.435341, 18.358351], [-98.390085, 18.358351], [-98.390085, 18.417614], [-98.435341, 18.417614], [-98.435341, 18.358351]]]}}, {"type": "Feature", "id": 731, "properties": {"seccion": 731, "id": 731, "municipio": 86, "nombre": "Izucar De Matamoros", "distrito_l": 22, "distrito_f": 1}, "geometry": {"type": "Polygon", "coordinates": [[[-98.390085, 18.358351], [-98.344829, 18.358351], [-98.344829, 18.417614], [-98.390085, 18.417614], [-98.390085, 18.358351]]]}}, {"type": "Feature", "id": 732, "properties": {"seccion": 732, "id": 732, "municipio": 86, "nombre": "Izucar De Matamoros", "distrito_l": 22, "distrito_f": 1}, "geometry": {"type": "Polygon", "coordinates": [[[-98.344828, 18.358351], [-98.299572, 18.358351], [-98.299572, 18.417614], [-98.344828, 18.417614], [-98.344828, 18.358351]]]}}, {"type": "Feature", "id": 733, "properties": {"seccion": 733, "id": 733, "municipio": 86, "nombre": "Izucar De Matamoros", "distrito_l": 22, "distrito_f": 1}, "geometry": {"type": "Polygon", "coordinates": [[[-98.299572, 18.358351], [-98.254316, 18.358351], [-98.254316, 18.417614], [-98.299572, 18.417614], [-98.299572, 18.358351]]]}}, {"type": "Feature", "id": 734, "properties": {"seccion": 734, "id": 734, "municipio": 86, "nombre": "Izucar De Matamoros", "distrito_l": 22, "distrito_f": 1}, "geometry": {"type": "Polygon", "coordinates": [[[-98.254316, 18.358351], [-98.20906, 18.358351], [-98.20906, 18.417614], [-98.254316, 18.417614], [-98.254316, 18.358351]]]}}, {"type": "Feature", "id": 735, "properties": {"seccion": 735, "id": 735, "municipio": 86, "nombre": "Izucar De Matamoros", "distrito_l": 22, "distrito_f": 1}, "geometry": {"type": "Polygon", "coordinates": [[[-98.209059, 18.358351], [-98.163803, 18.358351], [-98.163803, 18.417614], [-98.209059, 18.417614], [-98.209059, 18.358351]]]}}, {"type": "Feature", "id": 736, "properties": {"seccion": 736, "id": 736, "municipio": 86, "nombre": "Izucar De Matamoros", "distrito_l": 22, "distrito_f": 1}, "geometry": {"type": "Polygon", "coordinates": [[[-98.435341, 18.417614], [-98.390085, 18.417614], [-98.390085, 18.476877], [-98.435341, 18.476877], [-98.435341, 18.417614]]]}}, {"type": "Feature", "id": 737, "properties": {"seccion": 737, "id": 737, "municipio": 86, "nombre": "Izucar De Matamoros", "distrito_l": 22, "distrito_f": 1}, "geometry": {"type": "Polygon", "coordinates": [[[-98.390085, 18.417614], [-98.344829, 18.417614], [-98.344829, 18.476877], [-98.390085, 18.476877], [-98.390085, 18.417614]]]}}, {"type": "Feature", "id": 738, "properties": {"seccion": 738, "id": 738, "municipio": 86, "nombre": "Izucar De Matamoros", "distrito_l": 22, "distrito_f": 1}, "geometry": {"type": "Polygon", "coordinates": [[[-98.344828, 18.417614], [-98.299572, 18.417614], [-98.299572, 18.476877], [-98.344828, 18.476877], [-98.344828, 18.417614]]]}}, {"type": "Feature", "id": 739, "properties": {"seccion": 739, "id": 739, "municipio": 86, "nombre": "Izucar De Matamoros", "distrito_l": 22, "distrito_f": 1}, "geometry": {"type": "Polygon", "coordinates": [[[-98.299572, 18.417614], [-98.254316, 18.417614], [-98.254316, 18.476877], [-98.299572, 18.476877], [-98.299572, 18.417614]]]}}, {"type": "Feature", "id": 740, "properties": {"seccion": 740, "id": 740, "municipio": 86, "nombre": "Izucar De Matamoros", "distrito_l": 22, "distrito_f": 1}, "geometry": {"type": "Polygon", "coordinates": [[[-98.254316, 18.417614], [-98.20906, 18.417614], [-98.20906, 18.476877], [-98.254316, 18.476877], [-98.254316, 18.417614]]]}}, {"type": "Feature", "id": 741, "properties": {"seccion": 741, "id": 741, "municipio": 86, "nombre": "Izucar De Matamoros", "distrito_l": 22, "distrito_f": 1}, "geometry": {"type": "Polygon", "coordinates": [[[-98.209059, 18.417614], [-98.163803, 18.417614], [-98.163803, 18.476877], [-98.209059, 18.476877], [-98.209059, 18.417614]]]}}, {"type": "Feature", "id": 742, "properties": {"seccion": 742, "id": 742, "municipio": 86, "nombre": "Izucar De Matamoros", "distrito_l": 22, "distrito_f": 1}, "geometry": {"type": "Polygon", "coordinates": [[[-98.435341, 18.476877], [-98.390085, 18.476877], [-98.390085, 18.53614], [-98.435341, 18.53614], [-98.435341, 18.476877]]]}}, {"type": "Feature", "id": 743, "properties": {"seccion": 743, "id": 743, "municipio": 86, "nombre": "Izucar De Matamoros", "distrito_l": 22, "distrito_f": 1}, "geometry": {"type": "Polygon", "coordinates": [[[-98.390085, 18.476877], [-98.344829, 18.476877], [-98.344829, 18.53614], [-98.390085, 18.53614], [-98.390085, 18.476877]]]}}, {"type": "Feature", "id": 744, "properties": {"seccion": 744, "id": 744, "municipio": 86, "nombre": "Izucar De Matamoros", "distrito_l": 22, "distrito_f": 1}, "geometry": {"type": "Polygon", "coordinates": [[[-98.344828, 18.476877], [-98.299572, 18.476877], [-98.299572, 18.53614], [-98.344828, 18.53614], [-98.344828, 18.476877]]]}}, {"type": "Feature", "id": 745, "properties": {"seccion": 745, "id": 745, "municipio": 86, "nombre": "Izucar De Matamoros", "distrito_l": 22, "distrito_f": 1}, "geometry": {"type": "Polygon", "coordinates": [[[-98.299572, 18.476877], [-98.254316, 18.476877], [-98.254316, 18.53614], [-98.299572, 18.53614], [-98.299572, 18.476877]]]}}, {"type": "Feature", "id": 746, "properties": {"seccion": 746, "id": 746, "municipio": 86, "nombre": "Izucar De Matamoros", "distrito_l": 22, "distrito_f": 1}, "geometry": {"type": "Polygon", "coordinates": [[[-98.254316, 18.476877], [-98.20906, 18.476877], [-98.20906, 18.53614], [-98.254316, 18.53614], [-98.254316, 18.476877]]]}}, {"type": "Feature", "id": 747, "properties": {"seccion": 747, "id": 747, "municipio": 86, "nombre": "Izucar De Matamoros", "distrito_l": 22, "distrito_f": 1}, "geometry": {"type": "Polygon", "coordinates": [[[-98.209059, 18.476877], [-98.163803, 18.476877], [-98.163803, 18.53614], [-98.209059, 18.53614], [-98.209059, 18.476877]]]}}, {"type": "Feature", "id": 748, "properties": {"seccion": 748, "id": 748, "municipio": 86, "nombre": "Izucar De Matamoros", "distrito_l": 22, "distrito_f": 1}, "geometry": {"type": "Polygon", "coordinates": [[[-98.435341, 18.53614], [-98.390085, 18.53614], [-98.390085, 18.595403], [-98.435341, 18.595403], [-98.435341, 18.53614]]]}}, {"type": "Feature", "id": 749, "properties": {"seccion": 749, "id": 749, "municipio": 86, "nombre": "Izucar De Matamoros", "distrito_l": 22, "distrito_f": 1}, "geometry": {"type": "Polygon", "coordinates": [[[-98.390085, 18.53614], [-98.344829, 18.53614], [-98.344829, 18.595403], [-98.390085, 18.595403], [-98.390085, 18.53614]]]}}, {"type": "Feature", "id": 750, "properties": {"seccion": 750, "id": 750, "municipio": 86, "nombre": "Izucar De Matamoros", "distrito_l": 22, "distrito_f": 1}, "geometry": {"type": "Polygon", "coordinates": [[[-98.344828, 18.53614], [-98.299572, 18.53614], [-98.299572, 18.595403], [-98.344828, 18.595403], [-98.344828, 18.53614]]]}}, {"type": "Feature", "id": 751, "properties": {"seccion": 751, "id": 751, "municipio": 86, "nombre": "Izucar De Matamoros", "distrito_l": 22, "distrito_f": 1}, "geometry": {"type": "Polygon", "coordinates": [[[-98.299572, 18.53614], [-98.254316, 18.53614], [-98.254316, 18.595403], [-98.299572, 18.595403], [-98.299572, 18.53614]]]}}, {"type": "Feature", "id": 752, "properties": {"seccion": 752, "id": 752, "municipio": 86, "nombre": "Izucar De Matamoros", "distrito_l": 22, "distrito_f": 1}, "geometry": {"type": "Polygon", "coordinates": [[[-98.254316, 18.53614], [-98.20906, 18.53614], [-98.20906, 18.595403], [-98.254316, 18.595403], [-98.254316, 18.53614]]]}}, {"type": "Feature", "id": 753, "properties": {"seccion": 753, "id": 753, "municipio": 86, "nombre": "Izucar De Matamoros", "distrito_l": 22, "distrito_f": 1}, "geometry": {"type": "Polygon", "coordinates": [[[-98.209059, 18.53614], [-98.163803, 18.53614], [-98.163803, 18.595403], [-98.209059, 18.595403], [-98.209059, 18.53614]]]}}, {"type": "Feature", "id": 754, "properties": {"seccion": 754, "id": 754, "municipio": 86, "nombre": "Izucar De Matamoros", "distrito_l": 22, "distrito_f": 1}, "geometry": {"type": "Polygon", "coordinates": [[[-98.435341, 18.595404], [-98.390085, 18.595404], [-98.390085, 18.654667], [-98.435341, 18.654667], [-98.435341, 18.595404]]]}}, {"type": "Feature", "id": 755, "properties": {"seccion": 755, "id": 755, "municipio": 86, "nombre": "Izucar De Matamoros", "distrito_l": 22, "distrito_f": 1}, "geometry": {"type": "Polygon", "coordinates": [[[-98.390085, 18.595404], [-98.344829, 18.595404], [-98.344829, 18.654667], [-98.390085, 18.654667], [-98.390085, 18.595404]]]}}, {"type": "Feature", "id": 756, "properties": {"seccion": 756, "id": 756, "municipio": 86, "nombre": "Izucar De Matamoros", "distrito_l": 22, "distrito_f": 1}, "geometry": {"type": "Polygon", "coordinates": [[[-98.344828, 18.595404], [-98.299572, 18.595404], [-98.299572, 18.654667], [-98.344828, 18.654667], [-98.344828, 18.595404]]]}}, {"type": "Feature", "id": 757, "properties": {"seccion": 757, "id": 757, "municipio": 86, "nombre": "Izucar De Matamoros", "distrito_l": 22, "distrito_f": 1}, "geometry": {"type": "Polygon", "coordinates": [[[-98.299572, 18.595404], [-98.254316, 18.595404], [-98.254316, 18.654667], [-98.299572, 18.654667], [-98.299572, 18.595404]]]}}, {"type": "Feature", "id": 758, "properties": {"seccion": 758, "id": 758, "municipio": 86, "nombre": "Izucar De Matamoros", "distrito_l": 22, "distrito_f": 1}, "geometry": {"type": "Polygon", "coordinates": [[[-98.254316, 18.595404], [-98.20906, 18.595404], [-98.20906, 18.654667], [-98.254316, 18.654667], [-98.254316, 18.595404]]]}}, {"type": "Feature", "id": 759, "properties": {"seccion": 759, "id": 759, "municipio": 86, "nombre": "Izucar De Matamoros", "distrito_l": 22, "distrito_f": 1}, "geometry": {"type": "Polygon", "coordinates": [[[-98.209059, 18.595404], [-98.163803, 18.595404], [-98.163803, 18.654667], [-98.209059, 18.654667], [-98.209059, 18.595404]]]}}, {"type": "Feature", "id": 760, "properties": {"seccion": 760, "id": 760, "municipio": 86, "nombre": "Izucar De Matamoros", "distrito_l": 22, "distrito_f": 1}, "geometry": {"type": "Polygon", "coordinates": [[[-98.435341, 18.654667], [-98.390085, 18.654667], [-98.390085, 18.71393], [-98.435341, 18.71393], [-98.435341, 18.654667]]]}}, {"type": "Feature", "id": 761, "properties": {"seccion": 761, "id": 761, "municipio": 86, "nombre": "Izucar De Matamoros", "distrito_l": 22, "distrito_f": 1}, "geometry": {"type": "Polygon", "coordinates": [[[-98.390085, 18.654667], [-98.344829, 18.654667], [-98.344829, 18.71393], [-98.390085, 18.71393], [-98.390085, 18.654667]]]}}, {"type": "Feature", "id": 762, "properties": {"seccion": 762, "id": 762, "municipio": 86, "nombre": "Izucar De Matamoros", "distrito_l": 22, "distrito_f": 1}, "geometry": {"type": "Polygon", "coordinates": [[[-98.344828, 18.654667], [-98.299572, 18.654667], [-98.299572, 18.71393], [-98.344828, 18.71393], [-98.344828, 18.654667]]]}}, {"type": "Feature", "id": 763, "properties": {"seccion": 763, "id": 763, "municipio": 86, "nombre": "Izucar De Matamoros", "distrito_l": 22, "distrito_f": 1}, "geometry": {"type": "Polygon", "coordinates": [[[-98.299572, 18.654667], [-98.254316, 18.654667], [-98.254316, 18.71393], [-98.299572, 18.71393], [-98.299572, 18.654667]]]}}, {"type": "Feature", "id": 770, "properties": {"seccion": 770, "id": 770, "municipio": 87, "nombre": "Jolalpan", "distrito_l": 23, "distrito_f": 1}, "geometry": {"type": "Polygon", "coordinates": [[[-98.977112, 18.184521], [-98.894229, 18.184521], [-98.894229, 18.330266], [-98.977112, 18.330266], [-98.977112, 18.184521]]]}}, {"type": "Feature", "id": 771, "properties": {"seccion": 771, "id": 771, "municipio": 87, "nombre": "Jolalpan", "distrito_l": 23, "distrito_f": 1}, "geometry": {"type": "Polygon", "coordinates": [[[-98.894229, 18.184521], [-98.811346, 18.184521], [-98.811346, 18.330266], [-98.894229, 18.330266], [-98.894229, 18.184521]]]}}, {"type": "Feature", "id": 772, "properties": {"seccion": 772, "id": 772, "municipio": 87, "nombre": "Jolalpan", "distrito_l": 23, "distrito_f": 1}, "geometry": {"type": "Polygon", "coordinates": [[[-98.811345, 18.184521], [-98.728462, 18.184521], [-98.728462, 18.330266], [-98.811345, 18.330266], [-98.811345, 18.184521]]]}}, {"type": "Feature", "id": 773, "properties": {"seccion": 773, "id": 773, "municipio": 87, "nombre": "Jolalpan", "distrito_l": 23, "distrito_f": 1}, "geometry": {"type": "Polygon", "coordinates": [[[-98.977112, 18.330266], [-98.894229, 18.330266], [-98.894229, 18.476011], [-98.977112, 18.476011], [-98.977112, 18.330266]]]}}, {"type": "Feature", "id": 774, "properties": {"seccion": 774, "id": 774, "municipio": 87, "nombre": "Jolalpan", "distrito_l": 23, "distrito_f": 1}, "geometry": {"type": "Polygon", "coordinates": [[[-98.894229, 18.330266], [-98.811346, 18.330266], [-98.811346, 18.476011], [-98.894229, 18.476011], [-98.894229, 18.330266]]]}}, {"type": "Feature", "id": 775, "properties": {"seccion": 775, "id": 775, "municipio": 87, "nombre": "Jolalpan", "distrito_l": 23, "distrito_f": 1}, "geometry": {"type": "Polygon", "coordinates": [[[-98.811345, 18.330266], [-98.728462, 18.330266], [-98.728462, 18.476011], [-98.811345, 18.476011], [-98.811345, 18.330266]]]}}, {"type": "Feature", "id": 776, "properties": {"seccion": 776, "id": 776, "municipio": 88, "nombre": "Jonotla", "distrito_l": 4, "distrito_f": 1}, "geometry": {"type": "Polygon", "coordinates": [[[-97.524246, 20.060061], [-97.481876, 20.060061], [-97.481876, 20.080836], [-97.524246, 20.080836], [-97.524246, 20.060061]]]}}, {"type": "Feature", "id": 777, "properties": {"seccion": 777, "id": 777, "municipio": 88, "nombre": "Jonotla", "distrito_l": 4, "distrito_f": 1}, "geometry": {"type": "Polygon", "coordinates": [[[-97.481876, 20.060061], [-97.439506, 20.060061], [-97.439506, 20.080836], [-97.481876, 20.080836], [-97.481876, 20.060061]]]}}, {"type": "Feature", "id": 778, "properties": {"seccion": 778, "id": 778, "municipio": 88, "nombre": "Jonotla", "distrito_l": 4, "distrito_f": 1}, "geometry": {"type": "Polygon", "coordinates": [[[-97.524246, 20.080835], [-97.481876, 20.080835], [-97.481876, 20.10161], [-97.524246, 20.10161], [-97.524246, 20.080835]]]}}, {"type": "Feature", "id": 779, "properties": {"seccion": 779, "id": 779, "municipio": 89, "nombre": "Jopala", "distrito_l": 2, "distrito_f": 1}, "geometry": {"type": "Polygon", "coordinates": [[[-97.885353, 20.11647], [-97.806435, 20.11647], [-97.806435, 20.19403], [-97.885353, 20.19403], [-97.885353, 20.11647]]]}}, {"type": "Feature", "id": 780, "properties": {"seccion": 780, "id": 780, "municipio": 89, "nombre": "Jopala", "distrito_l": 2, "distrito_f": 1}, "geometry": {"type": "Polygon", "coordinates": [[[-97.806435, 20.11647], [-97.727517, 20.11647], [-97.727517, 20.19403], [-97.806435, 20.19403], [-97.806435, 20.11647]]]}}, {"type": "Feature", "id": 781, "properties": {"seccion": 781, "id": 781, "municipio": 89, "nombre": "Jopala", "distrito_l": 2, "distrito_f": 1}, "geometry": {"type": "Polygon", "coordinates": [[[-97.727516, 20.11647], [-97.648598, 20.11647], [-97.648598, 20.19403], [-97.727516, 20.19403], [-97.727516, 20.11647]]]}}, {"type": "Feature", "id": 782, "properties": {"seccion": 782, "id": 782, "municipio": 89, "nombre": "Jopala", "distrito_l": 2, "distrito_f": 1}, "geometry": {"type": "Polygon", "coordinates": [[[-97.885353, 20.19403], [-97.806435, 20.19403], [-97.806435, 20.27159], [-97.885353, 20.27159], [-97.885353, 20.19403]]]}}, {"type": "Feature", "id": 783, "properties": {"seccion": 783, "id": 783, "municipio": 89, "nombre": "Jopala", "distrito_l": 2, "distrito_f": 1}, "geometry": {"type": "Polygon", "coordinates": [[[-97.806435, 20.19403], [-97.727517, 20.19403], [-97.727517, 20.27159], [-97.806435, 20.27159], [-97.806435, 20.19403]]]}}, {"type": "Feature", "id": 784, "properties": {"seccion": 784, "id": 784, "municipio": 89, "nombre": "Jopala", "distrito_l": 2, "distrito_f": 1}, "geometry": {"type": "Polygon", "coordinates": [[[-97.727516, 20.19403], [-97.648598, 20.19403], [-97.648598, 20.27159], [-97.727516, 20.27159], [-97.727516, 20.19403]]]}}, {"type": "Feature", "id": 785, "properties": {"seccion": 785, "id": 785, "municipio": 89, "nombre": "Jopala", "distrito_l": 2, "distrito_f": 1}, "geometry": {"type": "Polygon", "coordinates": [[[-97.885353, 20.27159], [-97.806435, 20.27159], [-97.806435, 20.34915], [-97.885353, 20.34915], [-97.885353, 20.27159]]]}}, {"type": "Feature", "id": 786, "properties": {"seccion": 786, "id": 786, "municipio": 90, "nombre": "Juan C. Bonilla", "distrito_l": 8, "distrito_f": 1}, "geometry": {"type": "Polygon", "coordinates": [[[-98.306389, 19.12038], [-98.275671, 19.12038], [-98.275671, 19.146995], [-98.306389, 19.146995], [-98.306389, 19.12038]]]}}, {"type": "Feature", "id": 787, "properties": {"seccion": 787, "id": 787, "municipio": 90, "nombre": "Juan C. Bonilla", "distrito_l": 8, "distrito_f": 1}, "geometry": {"type": "Polygon", "coordinates": [[[-98.27567, 19.12038], [-98.244952, 19.12038], [-98.244952, 19.146995], [-98.27567, 19.146995], [-98.27567, 19.12038]]]}}, {"type": "Feature", "id": 788, "properties": {"seccion": 788, "id": 788, "municipio": 90, "nombre": "Juan C. Bonilla", "distrito_l": 8, "distrito_f": 1}, "geometry": {"type": "Polygon", "coordinates": [[[-98.244952, 19.12038], [-98.214234, 19.12038], [-98.214234, 19.146995], [-98.244952, 19.146995], [-98.244952, 19.12038]]]}}, {"type": "Feature", "id": 789, "properties": {"seccion": 789, "id": 789, "municipio": 90, "nombre": "Juan C. Bonilla", "distrito_l": 8, "distrito_f": 1}, "geometry": {"type": "Polygon", "coordinates": [[[-98.306389, 19.146996], [-98.275671, 19.146996], [-98.275671, 19.173611], [-98.306389, 19.173611], [-98.306389, 19.146996]]]}}, {"type": "Feature", "id": 790, "properties": {"seccion": 790, "id": 790, "municipio": 90, "nombre": "Juan C. Bonilla", "distrito_l": 8, "distrito_f": 1}, "geometry": {"type": "Polygon", "coordinates": [[[-98.27567, 19.146996], [-98.244952, 19.146996], [-98.244952, 19.173611], [-98.27567, 19.173611], [-98.27567, 19.146996]]]}}, {"type": "Feature", "id": 791, "properties": {"seccion": 791, "id": 791, "municipio": 90, "nombre": "Juan C. Bonilla", "distrito_l": 8, "distrito_f": 1}, "geometry": {"type": "Polygon", "coordinates": [[[-98.244952, 19.146996], [-98.214234, 19.146996], [-98.214234, 19.173611], [-98.244952, 19.173611], [-98.244952, 19.146996]]]}}, {"type": "Feature", "id": 792, "properties": {"seccion": 792, "id": 792, "municipio": 91, "nombre": "Juan Galindo", "distrito_l": 2, "distrito_f": 1}, "geometry": {"type": "Polygon", "coordinates": [[[-97.981667, 20.17326], [-97.933691, 20.17326], [-97.933691, 20.232785], [-97.981667, 20.232785], [-97.981667, 20.17326]]]}}, {"type": "Feature", "id": 793, "properties": {"seccion": 793, "id": 793, "municipio": 91, "nombre": "Juan Galindo", "distrito_l": 2, "distrito_f": 1}, "geometry": {"type": "Polygon", "coordinates": [[[-97.93369, 20.17326], [-97.885714, 20.17326], [-97.885714, 20.232785], [-97.93369, 20.232785], [-97.93369, 20.17326]]]}}, {"type": "Feature", "id": 794, "properties": {"seccion": 794, "id": 794, "municipio": 91, "nombre": "Juan Galindo", "distrito_l": 2, "distrito_f": 1}, "geometry": {"type": "Polygon", "coordinates": [[[-97.885714, 20.17326], [-97.837738, 20.17326], [-97.837738, 20.232785], [-97.885714, 20.232785], [-97.885714, 20.17326]]]}}, {"type": "Feature", "id": 795, "properties": {"seccion": 795, "id": 795, "municipio": 91, "nombre": "Juan Galindo", "distrito_l": 2, "distrito_f": 1}, "geometry": {"type": "Polygon", "coordinates": [[[-97.981667, 20.232785], [-97.933691, 20.232785], [-97.933691, 20.29231], [-97.981667, 20.29231], [-97.981667, 20.232785]]]}}, {"type": "Feature", "id": 796, "properties": {"seccion": 796, "id": 796, "municipio": 91, "nombre": "Juan Galindo", "distrito_l": 2, "distrito_f": 1}, "geometry": {"type": "Polygon", "coordinates": [[[-97.93369, 20.232785], [-97.885714, 20.232785], [-97.885714, 20.29231], [-97.93369, 20.29231], [-97.93369, 20.232785]]]}}, {"type": "Feature", "id": 2714, "properties": {"seccion": 2714, "id": 2714, "municipio": 91, "nombre": "Juan Galindo", "distrito_l": 2, "distrito_f": 1}, "geometry": {"type": "Polygon", "coordinates": [[[-97.885714, 20.232785], [-97.837738, 20.232785], [-97.837738, 20.29231], [-97.885714, 20.29231], [-97.885714, 20.232785]]]}}, {"type": "Feature", "id": 797, "properties": {"seccion": 797, "id": 797, "municipio": 92, "nombre": "Juan N. Mendez", "distrito_l": 24, "distrito_f": 1}, "geometry": {"type": "Polygon", "coordinates": [[[-97.686172, 18.495201], [-97.581806, 18.495201], [-97.581806, 18.584101], [-97.686172, 18.584101], [-97.686172, 18.495201]]]}}, {"type": "Feature", "id": 798, "properties": {"seccion": 798, "id": 798, "municipio": 92, "nombre": "Juan N. Mendez", "distrito_l": 24, "distrito_f": 1}, "geometry": {"type": "Polygon", "coordinates": [[[-97.581806, 18.495201], [-97.47744, 18.495201], [-97.47744, 18.584101], [-97.581806, 18.584101], [-97.581806, 18.495201]]]}}, {"type": "Feature", "id": 799, "properties": {"seccion": 799, "id": 799, "municipio": 92, "nombre": "Juan N. Mendez", "distrito_l": 24, "distrito_f": 1}, "geometry": {"type": "Polygon", "coordinates": [[[-97.686172, 18.584101], [-97.581806, 18.584101], [-97.581806, 18.673001], [-97.686172, 18.673001], [-97.686172, 18.584101]]]}}, {"type": "Feature", "id": 800, "properties": {"seccion": 800, "id": 800, "municipio": 92, "nombre": "Juan N. Mendez", "distrito_l": 24, "distrito_f": 1}, "geometry": {"type": "Polygon", "coordinates": [[[-97.581806, 18.584101], [-97.47744, 18.584101], [-97.47744, 18.673001], [-97.581806, 18.673001], [-97.581806, 18.584101]]]}}, {"type": "Feature", "id": 820, "properties": {"seccion": 820, "id": 820, "municipio": 93, "nombre": "La Magdalena Tlatlauquitepec", "distrito_l": 23, "distrito_f": 1}, "geometry": {"type": "Polygon", "coordinates": [[[-98.0227661132812, 18.7689628601075], [-98.0244827270508, 18.772560119629], [-98.0261917114257, 18.7768402099609], [-98.0276565551758, 18.7804508209228], [-98.0286331176758, 18.7852001190186], [-98.0293426513671, 18.791530609131], [-98.0278625488281, 18.7970027923584], [-98.0261306762695, 18.7997493743897], [-98.0236816406249, 18.8013706207276], [-98.0207366943359, 18.8027706146241], [-98.0158386230469, 18.8026199340821], [-98.0104522705078, 18.8017902374269], [-98.0035858154296, 18.8009796142579], [-97.9960021972656, 18.8003997802736], [-97.9925689697266, 18.800220489502], [-97.985710144043, 18.800090789795], [-97.9817886352539, 18.8003692626954], [-97.9737014770508, 18.8009319305421], [-97.9673309326171, 18.8003406524658], [-97.9599914550781, 18.79976272583], [-97.9575576782227, 18.7961711883546], [-97.9565811157227, 18.7941398620606], [-97.9551162719726, 18.7914409637451], [-97.9519424438477, 18.7874011993409], [-97.9497528076172, 18.7849407196044], [-97.9470520019531, 18.7824802398682], [-97.9448623657227, 18.7811508178712], [-97.9421615600585, 18.7798194885254], [-97.9384918212891, 18.7753410339357], [-97.9460983276367, 18.7718391418458], [-97.9509963989258, 18.7697296142578], [-97.9586029052734, 18.7666797637941], [-97.963752746582, 18.765251159668], [-97.9720764160156, 18.763090133667], [-97.9760131835937, 18.7632598876953], [-97.9816284179687, 18.7634105682373], [-97.9877624511718, 18.7630996704102], [-97.9960861206055, 18.7625312805177], [-98.0063781738281, 18.7621612548828], [-98.0108032226562, 18.7621002197265], [-98.0174026489257, 18.76314163208], [-98.0200958251953, 18.7646808624268], [-98.0227661132812, 18.7689628601075]]]}}, {"type": "Feature", "id": 801, "properties": {"seccion": 801, "id": 801, "municipio": 94, "nombre": "Lafragua", "distrito_l": 5, "distrito_f": 1}, "geometry": {"type": "Polygon", "coordinates": [[[-97.322281, 19.26865], [-97.278058, 19.26865], [-97.278058, 19.314093], [-97.322281, 19.314093], [-97.322281, 19.26865]]]}}, {"type": "Feature", "id": 802, "properties": {"seccion": 802, "id": 802, "municipio": 94, "nombre": "Lafragua", "distrito_l": 5, "distrito_f": 1}, "geometry": {"type": "Polygon", "coordinates": [[[-97.278058, 19.26865], [-97.233835, 19.26865], [-97.233835, 19.314093], [-97.278058, 19.314093], [-97.278058, 19.26865]]]}}, {"type": "Feature", "id": 803, "properties": {"seccion": 803, "id": 803, "municipio": 94, "nombre": "Lafragua", "distrito_l": 5, "distrito_f": 1}, "geometry": {"type": "Polygon", "coordinates": [[[-97.233836, 19.26865], [-97.189613, 19.26865], [-97.189613, 19.314093], [-97.233836, 19.314093], [-97.233836, 19.26865]]]}}, {"type": "Feature", "id": 804, "properties": {"seccion": 804, "id": 804, "municipio": 94, "nombre": "Lafragua", "distrito_l": 5, "distrito_f": 1}, "geometry": {"type": "Polygon", "coordinates": [[[-97.322281, 19.314093], [-97.278058, 19.314093], [-97.278058, 19.359536], [-97.322281, 19.359536], [-97.322281, 19.314093]]]}}, {"type": "Feature", "id": 805, "properties": {"seccion": 805, "id": 805, "municipio": 94, "nombre": "Lafragua", "distrito_l": 5, "distrito_f": 1}, "geometry": {"type": "Polygon", "coordinates": [[[-97.278058, 19.314093], [-97.233835, 19.314093], [-97.233835, 19.359536], [-97.278058, 19.359536], [-97.278058, 19.314093]]]}}, {"type": "Feature", "id": 806, "properties": {"seccion": 806, "id": 806, "municipio": 94, "nombre": "Lafragua", "distrito_l": 5, "distrito_f": 1}, "geometry": {"type": "Polygon", "coordinates": [[[-97.233836, 19.314093], [-97.189613, 19.314093], [-97.189613, 19.359536], [-97.233836, 19.359536], [-97.233836, 19.314093]]]}}, {"type": "Feature", "id": 807, "properties": {"seccion": 807, "id": 807, "municipio": 94, "nombre": "Lafragua", "distrito_l": 5, "distrito_f": 1}, "geometry": {"type": "Polygon", "coordinates": [[[-97.322281, 19.359536], [-97.278058, 19.359536], [-97.278058, 19.404979], [-97.322281, 19.404979], [-97.322281, 19.359536]]]}}, {"type": "Feature", "id": 808, "properties": {"seccion": 808, "id": 808, "municipio": 94, "nombre": "Lafragua", "distrito_l": 5, "distrito_f": 1}, "geometry": {"type": "Polygon", "coordinates": [[[-97.278058, 19.359536], [-97.233835, 19.359536], [-97.233835, 19.404979], [-97.278058, 19.404979], [-97.278058, 19.359536]]]}}, {"type": "Feature", "id": 1643, "properties": {"seccion": 1643, "id": 1643, "municipio": 95, "nombre": "Los Reyes De Juarez", "distrito_l": 13, "distrito_f": 1}, "geometry": {"type": "Polygon", "coordinates": [[[-97.751472, 18.97323], [-97.719874, 18.97323], [-97.719874, 18.990017], [-97.751472, 18.990017], [-97.751472, 18.97323]]]}}, {"type": "Feature", "id": 1644, "properties": {"seccion": 1644, "id": 1644, "municipio": 95, "nombre": "Los Reyes De Juarez", "distrito_l": 13, "distrito_f": 1}, "geometry": {"type": "Polygon", "coordinates": [[[-97.719874, 18.97323], [-97.688276, 18.97323], [-97.688276, 18.990017], [-97.719874, 18.990017], [-97.719874, 18.97323]]]}}, {"type": "Feature", "id": 1645, "properties": {"seccion": 1645, "id": 1645, "municipio": 95, "nombre": "Los Reyes De Juarez", "distrito_l": 13, "distrito_f": 1}, "geometry": {"type": "Polygon", "coordinates": [[[-97.688276, 18.97323], [-97.656678, 18.97323], [-97.656678, 18.990017], [-97.688276, 18.990017], [-97.688276, 18.97323]]]}}, {"type": "Feature", "id": 1646, "properties": {"seccion": 1646, "id": 1646, "municipio": 95, "nombre": "Los Reyes De Juarez", "distrito_l": 13, "distrito_f": 1}, "geometry": {"type": "Polygon", "coordinates": [[[-97.751472, 18.990017], [-97.719874, 18.990017], [-97.719874, 19.006804], [-97.751472, 19.006804], [-97.751472, 18.990017]]]}}, {"type": "Feature", "id": 1647, "properties": {"seccion": 1647, "id": 1647, "municipio": 95, "nombre": "Los Reyes De Juarez", "distrito_l": 13, "distrito_f": 1}, "geometry": {"type": "Polygon", "coordinates": [[[-97.719874, 18.990017], [-97.688276, 18.990017], [-97.688276, 19.006804], [-97.719874, 19.006804], [-97.719874, 18.990017]]]}}, {"type": "Feature", "id": 1648, "properties": {"seccion": 1648, "id": 1648, "municipio": 95, "nombre": "Los Reyes De Juarez", "distrito_l": 13, "distrito_f": 1}, "geometry": {"type": "Polygon", "coordinates": [[[-97.688276, 18.990017], [-97.656678, 18.990017], [-97.656678, 19.006804], [-97.688276, 19.006804], [-97.688276, 18.990017]]]}}, {"type": "Feature", "id": 1649, "properties": {"seccion": 1649, "id": 1649, "municipio": 95, "nombre": "Los Reyes De Juarez", "distrito_l": 13, "distrito_f": 1}, "geometry": {"type": "Polygon", "coordinates": [[[-97.751472, 19.006804], [-97.719874, 19.006804], [-97.719874, 19.023591], [-97.751472, 19.023591], [-97.751472, 19.006804]]]}}, {"type": "Feature", "id": 2696, "properties": {"seccion": 2696, "id": 2696, "municipio": 95, "nombre": "Los Reyes De Juarez", "distrito_l": 13, "distrito_f": 1}, "geometry": {"type": "Polygon", "coordinates": [[[-97.719874, 19.006804], [-97.688276, 19.006804], [-97.688276, 19.023591], [-97.719874, 19.023591], [-97.719874, 19.006804]]]}}, {"type": "Feature", "id": 2697, "properties": {"seccion": 2697, "id": 2697, "municipio": 95, "nombre": "Los Reyes De Juarez", "distrito_l": 13, "distrito_f": 1}, "geometry": {"type": "Polygon", "coordinates": [[[-97.688276, 19.006804], [-97.656678, 19.006804], [-97.656678, 19.023591], [-97.688276, 19.023591], [-97.688276, 19.006804]]]}}, {"type": "Feature", "id": 821, "properties": {"seccion": 821, "id": 821, "municipio": 96, "nombre": "Mazapiltepec De Juarez", "distrito_l": 14, "distrito_f": 1}, "geometry": {"type": "Polygon", "coordinates": [[[-97.658989, 19.12664], [-97.612904, 19.12664], [-97.612904, 19.182691], [-97.658989, 19.182691], [-97.658989, 19.12664]]]}}, {"type": "Feature", "id": 822, "properties": {"seccion": 822, "id": 822, "municipio": 96, "nombre": "Mazapiltepec De Juarez", "distrito_l": 14, "distrito_f": 1}, "geometry": {"type": "Polygon", "coordinates": [[[-97.612904, 19.12664], [-97.566819, 19.12664], [-97.566819, 19.182691], [-97.612904, 19.182691], [-97.612904, 19.12664]]]}}, {"type": "Feature", "id": 2746, "properties": {"seccion": 2746, "id": 2746, "municipio": 96, "nombre": "Mazapiltepec De Juarez", "distrito_l": 14, "distrito_f": 1}, "geometry": {"type": "Polygon", "coordinates": [[[-97.658989, 19.182692], [-97.612904, 19.182692], [-97.612904, 19.238743], [-97.658989, 19.238743], [-97.658989, 19.182692]]]}}, {"type": "Feature", "id": 823, "properties": {"seccion": 823, "id": 823, "municipio": 97, "nombre": "Mixtla", "distrito_l": 13, "distrito_f": 1}, "geometry": {"type": "Polygon", "coordinates": [[[-97.803047, 18.928789], [-97.77726, 18.928789], [-97.77726, 18.990219], [-97.803047, 18.990219], [-97.803047, 18.928789]]]}}, {"type": "Feature", "id": 824, "properties": {"seccion": 824, "id": 824, "municipio": 97, "nombre": "Mixtla", "distrito_l": 13, "distrito_f": 1}, "geometry": {"type": "Polygon", "coordinates": [[[-97.77726, 18.928789], [-97.751473, 18.928789], [-97.751473, 18.990219], [-97.77726, 18.990219], [-97.77726, 18.928789]]]}}, {"type": "Feature", "id": 825, "properties": {"seccion": 825, "id": 825, "municipio": 98, "nombre": "Molcaxac", "distrito_l": 24, "distrito_f": 1}, "geometry": {"type": "Polygon", "coordinates": [[[-97.831558, 18.66048], [-97.781461, 18.66048], [-97.781461, 18.73515], [-97.831558, 18.73515], [-97.831558, 18.66048]]]}}, {"type": "Feature", "id": 826, "properties": {"seccion": 826, "id": 826, "municipio": 98, "nombre": "Molcaxac", "distrito_l": 24, "distrito_f": 1}, "geometry": {"type": "Polygon", "coordinates": [[[-97.781461, 18.66048], [-97.731364, 18.66048], [-97.731364, 18.73515], [-97.781461, 18.73515], [-97.781461, 18.66048]]]}}, {"type": "Feature", "id": 827, "properties": {"seccion": 827, "id": 827, "municipio": 98, "nombre": "Molcaxac", "distrito_l": 24, "distrito_f": 1}, "geometry": {"type": "Polygon", "coordinates": [[[-97.731364, 18.66048], [-97.681267, 18.66048], [-97.681267, 18.73515], [-97.731364, 18.73515], [-97.731364, 18.66048]]]}}, {"type": "Feature", "id": 828, "properties": {"seccion": 828, "id": 828, "municipio": 98, "nombre": "Molcaxac", "distrito_l": 24, "distrito_f": 1}, "geometry": {"type": "Polygon", "coordinates": [[[-97.831558, 18.73515], [-97.781461, 18.73515], [-97.781461, 18.80982], [-97.831558, 18.80982], [-97.831558, 18.73515]]]}}, {"type": "Feature", "id": 829, "properties": {"seccion": 829, "id": 829, "municipio": 98, "nombre": "Molcaxac", "distrito_l": 24, "distrito_f": 1}, "geometry": {"type": "Polygon", "coordinates": [[[-97.781461, 18.73515], [-97.731364, 18.73515], [-97.731364, 18.80982], [-97.781461, 18.80982], [-97.781461, 18.73515]]]}}, {"type": "Feature", "id": 830, "properties": {"seccion": 830, "id": 830, "municipio": 99, "nombre": "Naupan", "distrito_l": 1, "distrito_f": 1}, "geometry": {"type": "Polygon", "coordinates": [[[-98.114777, 20.175671], [-98.063352, 20.175671], [-98.063352, 20.257731], [-98.114777, 20.257731], [-98.114777, 20.175671]]]}}, {"type": "Feature", "id": 831, "properties": {"seccion": 831, "id": 831, "municipio": 99, "nombre": "Naupan", "distrito_l": 1, "distrito_f": 1}, "geometry": {"type": "Polygon", "coordinates": [[[-98.063352, 20.175671], [-98.011927, 20.175671], [-98.011927, 20.257731], [-98.063352, 20.257731], [-98.063352, 20.175671]]]}}, {"type": "Feature", "id": 832, "properties": {"seccion": 832, "id": 832, "municipio": 99, "nombre": "Naupan", "distrito_l": 1, "distrito_f": 1}, "geometry": {"type": "Polygon", "coordinates": [[[-98.011927, 20.175671], [-97.960502, 20.175671], [-97.960502, 20.257731], [-98.011927, 20.257731], [-98.011927, 20.175671]]]}}, {"type": "Feature", "id": 833, "properties": {"seccion": 833, "id": 833, "municipio": 99, "nombre": "Naupan", "distrito_l": 1, "distrito_f": 1}, "geometry": {"type": "Polygon", "coordinates": [[[-98.114777, 20.25773], [-98.063352, 20.25773], [-98.063352, 20.33979], [-98.114777, 20.33979], [-98.114777, 20.25773]]]}}, {"type": "Feature", "id": 834, "properties": {"seccion": 834, "id": 834, "municipio": 99, "nombre": "Naupan", "distrito_l": 1, "distrito_f": 1}, "geometry": {"type": "Polygon", "coordinates": [[[-98.063352, 20.25773], [-98.011927, 20.25773], [-98.011927, 20.33979], [-98.063352, 20.33979], [-98.063352, 20.25773]]]}}, {"type": "Feature", "id": 835, "properties": {"seccion": 835, "id": 835, "municipio": 100, "nombre": "Nauzontla", "distrito_l": 4, "distrito_f": 1}, "geometry": {"type": "Polygon", "coordinates": [[[-97.567162, 19.92939], [-97.519772, 19.92939], [-97.519772, 19.980786], [-97.567162, 19.980786], [-97.567162, 19.92939]]]}}, {"type": "Feature", "id": 836, "properties": {"seccion": 836, "id": 836, "municipio": 100, "nombre": "Nauzontla", "distrito_l": 4, "distrito_f": 1}, "geometry": {"type": "Polygon", "coordinates": [[[-97.519772, 19.92939], [-97.472382, 19.92939], [-97.472382, 19.980786], [-97.519772, 19.980786], [-97.519772, 19.92939]]]}}, {"type": "Feature", "id": 837, "properties": {"seccion": 837, "id": 837, "municipio": 100, "nombre": "Nauzontla", "distrito_l": 4, "distrito_f": 1}, "geometry": {"type": "Polygon", "coordinates": [[[-97.567162, 19.980786], [-97.519772, 19.980786], [-97.519772, 20.032182], [-97.567162, 20.032182], [-97.567162, 19.980786]]]}}, {"type": "Feature", "id": 838, "properties": {"seccion": 838, "id": 838, "municipio": 101, "nombre": "Nealtican", "distrito_l": 21, "distrito_f": 1}, "geometry": {"type": "Polygon", "coordinates": [[[-98.389832, 19.0462], [-98.358231, 19.0462], [-98.358231, 19.078571], [-98.389832, 19.078571], [-98.389832, 19.0462]]]}}, {"type": "Feature", "id": 839, "properties": {"seccion": 839, "id": 839, "municipio": 101, "nombre": "Nealtican", "distrito_l": 21, "distrito_f": 1}, "geometry": {"type": "Polygon", "coordinates": [[[-98.358231, 19.0462], [-98.32663, 19.0462], [-98.32663, 19.078571], [-98.358231, 19.078571], [-98.358231, 19.0462]]]}}, {"type": "Feature", "id": 840, "properties": {"seccion": 840, "id": 840, "municipio": 101, "nombre": "Nealtican", "distrito_l": 21, "distrito_f": 1}, "geometry": {"type": "Polygon", "coordinates": [[[-98.389832, 19.07857], [-98.358231, 19.07857], [-98.358231, 19.110941], [-98.389832, 19.110941], [-98.389832, 19.07857]]]}}, {"type": "Feature", "id": 841, "properties": {"seccion": 841, "id": 841, "municipio": 101, "nombre": "Nealtican", "distrito_l": 21, "distrito_f": 1}, "geometry": {"type": "Polygon", "coordinates": [[[-98.358231, 19.07857], [-98.32663, 19.07857], [-98.32663, 19.110941], [-98.358231, 19.110941], [-98.358231, 19.07857]]]}}, {"type": "Feature", "id": 842, "properties": {"seccion": 842, "id": 842, "municipio": 102, "nombre": "Nicolas Bravo", "distrito_l": 25, "distrito_f": 1}, "geometry": {"type": "Polygon", "coordinates": [[[-97.297897, 18.520302], [-97.227771, 18.520302], [-97.227771, 18.617962], [-97.297897, 18.617962], [-97.297897, 18.520302]]]}}, {"type": "Feature", "id": 843, "properties": {"seccion": 843, "id": 843, "municipio": 102, "nombre": "Nicolas Bravo", "distrito_l": 25, "distrito_f": 1}, "geometry": {"type": "Polygon", "coordinates": [[[-97.227772, 18.520302], [-97.157646, 18.520302], [-97.157646, 18.617962], [-97.227772, 18.617962], [-97.227772, 18.520302]]]}}, {"type": "Feature", "id": 844, "properties": {"seccion": 844, "id": 844, "municipio": 102, "nombre": "Nicolas Bravo", "distrito_l": 25, "distrito_f": 1}, "geometry": {"type": "Polygon", "coordinates": [[[-97.297897, 18.617962], [-97.227771, 18.617962], [-97.227771, 18.715622], [-97.297897, 18.715622], [-97.297897, 18.617962]]]}}, {"type": "Feature", "id": 845, "properties": {"seccion": 845, "id": 845, "municipio": 102, "nombre": "Nicolas Bravo", "distrito_l": 25, "distrito_f": 1}, "geometry": {"type": "Polygon", "coordinates": [[[-97.227772, 18.617962], [-97.157646, 18.617962], [-97.157646, 18.715622], [-97.227772, 18.715622], [-97.227772, 18.617962]]]}}, {"type": "Feature", "id": 846, "properties": {"seccion": 846, "id": 846, "municipio": 103, "nombre": "Nopalucan", "distrito_l": 14, "distrito_f": 1}, "geometry": {"type": "Polygon", "coordinates": [[[-97.84565, 19.142981], [-97.798985, 19.142981], [-97.798985, 19.205557], [-97.84565, 19.205557], [-97.84565, 19.142981]]]}}, {"type": "Feature", "id": 847, "properties": {"seccion": 847, "id": 847, "municipio": 103, "nombre": "Nopalucan", "distrito_l": 14, "distrito_f": 1}, "geometry": {"type": "Polygon", "coordinates": [[[-97.798985, 19.142981], [-97.75232, 19.142981], [-97.75232, 19.205557], [-97.798985, 19.205557], [-97.798985, 19.142981]]]}}, {"type": "Feature", "id": 848, "properties": {"seccion": 848, "id": 848, "municipio": 103, "nombre": "Nopalucan", "distrito_l": 14, "distrito_f": 1}, "geometry": {"type": "Polygon", "coordinates": [[[-97.752319, 19.142981], [-97.705654, 19.142981], [-97.705654, 19.205557], [-97.752319, 19.205557], [-97.752319, 19.142981]]]}}, {"type": "Feature", "id": 850, "properties": {"seccion": 850, "id": 850, "municipio": 103, "nombre": "Nopalucan", "distrito_l": 14, "distrito_f": 1}, "geometry": {"type": "Polygon", "coordinates": [[[-97.705654, 19.142981], [-97.658989, 19.142981], [-97.658989, 19.205557], [-97.705654, 19.205557], [-97.705654, 19.142981]]]}}, {"type": "Feature", "id": 851, "properties": {"seccion": 851, "id": 851, "municipio": 103, "nombre": "Nopalucan", "distrito_l": 14, "distrito_f": 1}, "geometry": {"type": "Polygon", "coordinates": [[[-97.84565, 19.205557], [-97.798985, 19.205557], [-97.798985, 19.268133], [-97.84565, 19.268133], [-97.84565, 19.205557]]]}}, {"type": "Feature", "id": 853, "properties": {"seccion": 853, "id": 853, "municipio": 103, "nombre": "Nopalucan", "distrito_l": 14, "distrito_f": 1}, "geometry": {"type": "Polygon", "coordinates": [[[-97.798985, 19.205557], [-97.75232, 19.205557], [-97.75232, 19.268133], [-97.798985, 19.268133], [-97.798985, 19.205557]]]}}, {"type": "Feature", "id": 2766, "properties": {"seccion": 2766, "id": 2766, "municipio": 103, "nombre": "Nopalucan", "distrito_l": 14, "distrito_f": 1}, "geometry": {"type": "Polygon", "coordinates": [[[-97.752319, 19.205557], [-97.705654, 19.205557], [-97.705654, 19.268133], [-97.752319, 19.268133], [-97.752319, 19.205557]]]}}, {"type": "Feature", "id": 2767, "properties": {"seccion": 2767, "id": 2767, "municipio": 103, "nombre": "Nopalucan", "distrito_l": 14, "distrito_f": 1}, "geometry": {"type": "Polygon", "coordinates": [[[-97.705654, 19.205557], [-97.658989, 19.205557], [-97.658989, 19.268133], [-97.705654, 19.268133], [-97.705654, 19.205557]]]}}, {"type": "Feature", "id": 2840, "properties": {"seccion": 2840, "id": 2840, "municipio": 103, "nombre": "Nopalucan", "distrito_l": 14, "distrito_f": 1}, "geometry": {"type": "Polygon", "coordinates": [[[-97.84565, 19.268133], [-97.798985, 19.268133], [-97.798985, 19.330709], [-97.84565, 19.330709], [-97.84565, 19.268133]]]}}, {"type": "Feature", "id": 2841, "properties": {"seccion": 2841, "id": 2841, "municipio": 103, "nombre": "Nopalucan", "distrito_l": 14, "distrito_f": 1}, "geometry": {"type": "Polygon", "coordinates": [[[-97.798985, 19.268133], [-97.75232, 19.268133], [-97.75232, 19.330709], [-97.798985, 19.330709], [-97.798985, 19.268133]]]}}, {"type": "Feature", "id": 2842, "properties": {"seccion": 2842, "id": 2842, "municipio": 103, "nombre": "Nopalucan", "distrito_l": 14, "distrito_f": 1}, "geometry": {"type": "Polygon", "coordinates": [[[-97.752319, 19.268133], [-97.705654, 19.268133], [-97.705654, 19.330709], [-97.752319, 19.330709], [-97.752319, 19.268133]]]}}, {"type": "Feature", "id": 854, "properties": {"seccion": 854, "id": 854, "municipio": 104, "nombre": "Ocotepec", "distrito_l": 5, "distrito_f": 1}, "geometry": {"type": "Polygon", "coordinates": [[[-97.626839, 19.544418], [-97.579281, 19.544418], [-97.579281, 19.617074], [-97.626839, 19.617074], [-97.626839, 19.544418]]]}}, {"type": "Feature", "id": 855, "properties": {"seccion": 855, "id": 855, "municipio": 104, "nombre": "Ocotepec", "distrito_l": 5, "distrito_f": 1}, "geometry": {"type": "Polygon", "coordinates": [[[-97.579281, 19.544418], [-97.531723, 19.544418], [-97.531723, 19.617074], [-97.579281, 19.617074], [-97.579281, 19.544418]]]}}, {"type": "Feature", "id": 856, "properties": {"seccion": 856, "id": 856, "municipio": 104, "nombre": "Ocotepec", "distrito_l": 5, "distrito_f": 1}, "geometry": {"type": "Polygon", "coordinates": [[[-97.626839, 19.617074], [-97.579281, 19.617074], [-97.579281, 19.68973], [-97.626839, 19.68973], [-97.626839, 19.617074]]]}}, {"type": "Feature", "id": 857, "properties": {"seccion": 857, "id": 857, "municipio": 105, "nombre": "Ocoyucan", "distrito_l": 21, "distrito_f": 1}, "geometry": {"type": "Polygon", "coordinates": [[[-98.279259, 18.906311], [-98.259865, 18.906311], [-98.259865, 18.948281], [-98.279259, 18.948281], [-98.279259, 18.906311]]]}}, {"type": "Feature", "id": 858, "properties": {"seccion": 858, "id": 858, "municipio": 105, "nombre": "Ocoyucan", "distrito_l": 21, "distrito_f": 1}, "geometry": {"type": "Polygon", "coordinates": [[[-98.259865, 18.906311], [-98.240471, 18.906311], [-98.240471, 18.948281], [-98.259865, 18.948281], [-98.259865, 18.906311]]]}}, {"type": "Feature", "id": 859, "properties": {"seccion": 859, "id": 859, "municipio": 105, "nombre": "Ocoyucan", "distrito_l": 21, "distrito_f": 1}, "geometry": {"type": "Polygon", "coordinates": [[[-98.240471, 18.906311], [-98.221077, 18.906311], [-98.221077, 18.948281], [-98.240471, 18.948281], [-98.240471, 18.906311]]]}}, {"type": "Feature", "id": 860, "properties": {"seccion": 860, "id": 860, "municipio": 105, "nombre": "Ocoyucan", "distrito_l": 21, "distrito_f": 1}, "geometry": {"type": "Polygon", "coordinates": [[[-98.221077, 18.906311], [-98.201683, 18.906311], [-98.201683, 18.948281], [-98.221077, 18.948281], [-98.221077, 18.906311]]]}}, {"type": "Feature", "id": 861, "properties": {"seccion": 861, "id": 861, "municipio": 105, "nombre": "Ocoyucan", "distrito_l": 21, "distrito_f": 1}, "geometry": {"type": "Polygon", "coordinates": [[[-98.279259, 18.948281], [-98.259865, 18.948281], [-98.259865, 18.990251], [-98.279259, 18.990251], [-98.279259, 18.948281]]]}}, {"type": "Feature", "id": 862, "properties": {"seccion": 862, "id": 862, "municipio": 105, "nombre": "Ocoyucan", "distrito_l": 21, "distrito_f": 1}, "geometry": {"type": "Polygon", "coordinates": [[[-98.259865, 18.948281], [-98.240471, 18.948281], [-98.240471, 18.990251], [-98.259865, 18.990251], [-98.259865, 18.948281]]]}}, {"type": "Feature", "id": 863, "properties": {"seccion": 863, "id": 863, "municipio": 105, "nombre": "Ocoyucan", "distrito_l": 21, "distrito_f": 1}, "geometry": {"type": "Polygon", "coordinates": [[[-98.240471, 18.948281], [-98.221077, 18.948281], [-98.221077, 18.990251], [-98.240471, 18.990251], [-98.240471, 18.948281]]]}}, {"type": "Feature", "id": 864, "properties": {"seccion": 864, "id": 864, "municipio": 105, "nombre": "Ocoyucan", "distrito_l": 21, "distrito_f": 1}, "geometry": {"type": "Polygon", "coordinates": [[[-98.221077, 18.948281], [-98.201683, 18.948281], [-98.201683, 18.990251], [-98.221077, 18.990251], [-98.221077, 18.948281]]]}}, {"type": "Feature", "id": 865, "properties": {"seccion": 865, "id": 865, "municipio": 105, "nombre": "Ocoyucan", "distrito_l": 21, "distrito_f": 1}, "geometry": {"type": "Polygon", "coordinates": [[[-98.279259, 18.990251], [-98.259865, 18.990251], [-98.259865, 19.032221], [-98.279259, 19.032221], [-98.279259, 18.990251]]]}}, {"type": "Feature", "id": 866, "properties": {"seccion": 866, "id": 866, "municipio": 105, "nombre": "Ocoyucan", "distrito_l": 21, "distrito_f": 1}, "geometry": {"type": "Polygon", "coordinates": [[[-98.259865, 18.990251], [-98.240471, 18.990251], [-98.240471, 19.032221], [-98.259865, 19.032221], [-98.259865, 18.990251]]]}}, {"type": "Feature", "id": 867, "properties": {"seccion": 867, "id": 867, "municipio": 106, "nombre": "Olintla", "distrito_l": 4, "distrito_f": 1}, "geometry": {"type": "Polygon", "coordinates": [[[-97.650673, 20.09605], [-97.620659, 20.09605], [-97.620659, 20.133723], [-97.650673, 20.133723], [-97.650673, 20.09605]]]}}, {"type": "Feature", "id": 868, "properties": {"seccion": 868, "id": 868, "municipio": 106, "nombre": "Olintla", "distrito_l": 4, "distrito_f": 1}, "geometry": {"type": "Polygon", "coordinates": [[[-97.620659, 20.09605], [-97.590645, 20.09605], [-97.590645, 20.133723], [-97.620659, 20.133723], [-97.620659, 20.09605]]]}}, {"type": "Feature", "id": 869, "properties": {"seccion": 869, "id": 869, "municipio": 106, "nombre": "Olintla", "distrito_l": 4, "distrito_f": 1}, "geometry": {"type": "Polygon", "coordinates": [[[-97.590645, 20.09605], [-97.560631, 20.09605], [-97.560631, 20.133723], [-97.590645, 20.133723], [-97.590645, 20.09605]]]}}, {"type": "Feature", "id": 870, "properties": {"seccion": 870, "id": 870, "municipio": 106, "nombre": "Olintla", "distrito_l": 4, "distrito_f": 1}, "geometry": {"type": "Polygon", "coordinates": [[[-97.650673, 20.133724], [-97.620659, 20.133724], [-97.620659, 20.171397], [-97.650673, 20.171397], [-97.650673, 20.133724]]]}}, {"type": "Feature", "id": 871, "properties": {"seccion": 871, "id": 871, "municipio": 106, "nombre": "Olintla", "distrito_l": 4, "distrito_f": 1}, "geometry": {"type": "Polygon", "coordinates": [[[-97.620659, 20.133724], [-97.590645, 20.133724], [-97.590645, 20.171397], [-97.620659, 20.171397], [-97.620659, 20.133724]]]}}, {"type": "Feature", "id": 872, "properties": {"seccion": 872, "id": 872, "municipio": 106, "nombre": "Olintla", "distrito_l": 4, "distrito_f": 1}, "geometry": {"type": "Polygon", "coordinates": [[[-97.590645, 20.133724], [-97.560631, 20.133724], [-97.560631, 20.171397], [-97.590645, 20.171397], [-97.590645, 20.133724]]]}}, {"type": "Feature", "id": 873, "properties": {"seccion": 873, "id": 873, "municipio": 106, "nombre": "Olintla", "distrito_l": 4, "distrito_f": 1}, "geometry": {"type": "Polygon", "coordinates": [[[-97.650673, 20.171397], [-97.620659, 20.171397], [-97.620659, 20.20907], [-97.650673, 20.20907], [-97.650673, 20.171397]]]}}, {"type": "Feature", "id": 874, "properties": {"seccion": 874, "id": 874, "municipio": 106, "nombre": "Olintla", "distrito_l": 4, "distrito_f": 1}, "geometry": {"type": "Polygon", "coordinates": [[[-97.620659, 20.171397], [-97.590645, 20.171397], [-97.590645, 20.20907], [-97.620659, 20.20907], [-97.620659, 20.171397]]]}}, {"type": "Feature", "id": 875, "properties": {"seccion": 875, "id": 875, "municipio": 107, "nombre": "Oriental", "distrito_l": 14, "distrito_f": 1}, "geometry": {"type": "Polygon", "coordinates": [[[-97.613838, 19.286673], [-97.543116, 19.286673], [-97.543116, 19.358122], [-97.613838, 19.358122], [-97.613838, 19.286673]]]}}, {"type": "Feature", "id": 876, "properties": {"seccion": 876, "id": 876, "municipio": 107, "nombre": "Oriental", "distrito_l": 14, "distrito_f": 1}, "geometry": {"type": "Polygon", "coordinates": [[[-97.543116, 19.286673], [-97.472394, 19.286673], [-97.472394, 19.358122], [-97.543116, 19.358122], [-97.543116, 19.286673]]]}}, {"type": "Feature", "id": 877, "properties": {"seccion": 877, "id": 877, "municipio": 107, "nombre": "Oriental", "distrito_l": 14, "distrito_f": 1}, "geometry": {"type": "Polygon", "coordinates": [[[-97.472394, 19.286673], [-97.401672, 19.286673], [-97.401672, 19.358122], [-97.472394, 19.358122], [-97.472394, 19.286673]]]}}, {"type": "Feature", "id": 878, "properties": {"seccion": 878, "id": 878, "municipio": 107, "nombre": "Oriental", "distrito_l": 14, "distrito_f": 1}, "geometry": {"type": "Polygon", "coordinates": [[[-97.613838, 19.358122], [-97.543116, 19.358122], [-97.543116, 19.429571], [-97.613838, 19.429571], [-97.613838, 19.358122]]]}}, {"type": "Feature", "id": 879, "properties": {"seccion": 879, "id": 879, "municipio": 107, "nombre": "Oriental", "distrito_l": 14, "distrito_f": 1}, "geometry": {"type": "Polygon", "coordinates": [[[-97.543116, 19.358122], [-97.472394, 19.358122], [-97.472394, 19.429571], [-97.543116, 19.429571], [-97.543116, 19.358122]]]}}, {"type": "Feature", "id": 880, "properties": {"seccion": 880, "id": 880, "municipio": 107, "nombre": "Oriental", "distrito_l": 14, "distrito_f": 1}, "geometry": {"type": "Polygon", "coordinates": [[[-97.472394, 19.358122], [-97.401672, 19.358122], [-97.401672, 19.429571], [-97.472394, 19.429571], [-97.472394, 19.358122]]]}}, {"type": "Feature", "id": 881, "properties": {"seccion": 881, "id": 881, "municipio": 107, "nombre": "Oriental", "distrito_l": 14, "distrito_f": 1}, "geometry": {"type": "Polygon", "coordinates": [[[-97.613838, 19.429571], [-97.543116, 19.429571], [-97.543116, 19.50102], [-97.613838, 19.50102], [-97.613838, 19.429571]]]}}, {"type": "Feature", "id": 882, "properties": {"seccion": 882, "id": 882, "municipio": 107, "nombre": "Oriental", "distrito_l": 14, "distrito_f": 1}, "geometry": {"type": "Polygon", "coordinates": [[[-97.543116, 19.429571], [-97.472394, 19.429571], [-97.472394, 19.50102], [-97.543116, 19.50102], [-97.543116, 19.429571]]]}}, {"type": "Feature", "id": 2747, "properties": {"seccion": 2747, "id": 2747, "municipio": 107, "nombre": "Oriental", "distrito_l": 14, "distrito_f": 1}, "geometry": {"type": "Polygon", "coordinates": [[[-97.472394, 19.429571], [-97.401672, 19.429571], [-97.401672, 19.50102], [-97.472394, 19.50102], [-97.472394, 19.429571]]]}}, {"type": "Feature", "id": 883, "properties": {"seccion": 883, "id": 883, "municipio": 108, "nombre": "Pahuatlan", "distrito_l": 1, "distrito_f": 1}, "geometry": {"type": "Polygon", "coordinates": [[[-98.117889, 20.253151], [-98.091512, 20.253151], [-98.091512, 20.298684], [-98.117889, 20.298684], [-98.117889, 20.253151]]]}}, {"type": "Feature", "id": 884, "properties": {"seccion": 884, "id": 884, "municipio": 108, "nombre": "Pahuatlan", "distrito_l": 1, "distrito_f": 1}, "geometry": {"type": "Polygon", "coordinates": [[[-98.091513, 20.253151], [-98.065136, 20.253151], [-98.065136, 20.298684], [-98.091513, 20.298684], [-98.091513, 20.253151]]]}}, {"type": "Feature", "id": 885, "properties": {"seccion": 885, "id": 885, "municipio": 108, "nombre": "Pahuatlan", "distrito_l": 1, "distrito_f": 1}, "geometry": {"type": "Polygon", "coordinates": [[[-98.065136, 20.253151], [-98.038759, 20.253151], [-98.038759, 20.298684], [-98.065136, 20.298684], [-98.065136, 20.253151]]]}}, {"type": "Feature", "id": 886, "properties": {"seccion": 886, "id": 886, "municipio": 108, "nombre": "Pahuatlan", "distrito_l": 1, "distrito_f": 1}, "geometry": {"type": "Polygon", "coordinates": [[[-98.038759, 20.253151], [-98.012382, 20.253151], [-98.012382, 20.298684], [-98.038759, 20.298684], [-98.038759, 20.253151]]]}}, {"type": "Feature", "id": 887, "properties": {"seccion": 887, "id": 887, "municipio": 108, "nombre": "Pahuatlan", "distrito_l": 1, "distrito_f": 1}, "geometry": {"type": "Polygon", "coordinates": [[[-98.117889, 20.298684], [-98.091512, 20.298684], [-98.091512, 20.344217], [-98.117889, 20.344217], [-98.117889, 20.298684]]]}}, {"type": "Feature", "id": 888, "properties": {"seccion": 888, "id": 888, "municipio": 108, "nombre": "Pahuatlan", "distrito_l": 1, "distrito_f": 1}, "geometry": {"type": "Polygon", "coordinates": [[[-98.091513, 20.298684], [-98.065136, 20.298684], [-98.065136, 20.344217], [-98.091513, 20.344217], [-98.091513, 20.298684]]]}}, {"type": "Feature", "id": 889, "properties": {"seccion": 889, "id": 889, "municipio": 108, "nombre": "Pahuatlan", "distrito_l": 1, "distrito_f": 1}, "geometry": {"type": "Polygon", "coordinates": [[[-98.065136, 20.298684], [-98.038759, 20.298684], [-98.038759, 20.344217], [-98.065136, 20.344217], [-98.065136, 20.298684]]]}}, {"type": "Feature", "id": 890, "properties": {"seccion": 890, "id": 890, "municipio": 108, "nombre": "Pahuatlan", "distrito_l": 1, "distrito_f": 1}, "geometry": {"type": "Polygon", "coordinates": [[[-98.038759, 20.298684], [-98.012382, 20.298684], [-98.012382, 20.344217], [-98.038759, 20.344217], [-98.038759, 20.298684]]]}}, {"type": "Feature", "id": 891, "properties": {"seccion": 891, "id": 891, "municipio": 108, "nombre": "Pahuatlan", "distrito_l": 1, "distrito_f": 1}, "geometry": {"type": "Polygon", "coordinates": [[[-98.117889, 20.344216], [-98.091512, 20.344216], [-98.091512, 20.389749], [-98.117889, 20.389749], [-98.117889, 20.344216]]]}}, {"type": "Feature", "id": 892, "properties": {"seccion": 892, "id": 892, "municipio": 108, "nombre": "Pahuatlan", "distrito_l": 1, "distrito_f": 1}, "geometry": {"type": "Polygon", "coordinates": [[[-98.091513, 20.344216], [-98.065136, 20.344216], [-98.065136, 20.389749], [-98.091513, 20.389749], [-98.091513, 20.344216]]]}}, {"type": "Feature", "id": 893, "properties": {"seccion": 893, "id": 893, "municipio": 108, "nombre": "Pahuatlan", "distrito_l": 1, "distrito_f": 1}, "geometry": {"type": "Polygon", "coordinates": [[[-98.065136, 20.344216], [-98.038759, 20.344216], [-98.038759, 20.389749], [-98.065136, 20.389749], [-98.065136, 20.344216]]]}}, {"type": "Feature", "id": 894, "properties": {"seccion": 894, "id": 894, "municipio": 108, "nombre": "Pahuatlan", "distrito_l": 1, "distrito_f": 1}, "geometry": {"type": "Polygon", "coordinates": [[[-98.038759, 20.344216], [-98.012382, 20.344216], [-98.012382, 20.389749], [-98.038759, 20.389749], [-98.038759, 20.344216]]]}}, {"type": "Feature", "id": 895, "properties": {"seccion": 895, "id": 895, "municipio": 108, "nombre": "Pahuatlan", "distrito_l": 1, "distrito_f": 1}, "geometry": {"type": "Polygon", "coordinates": [[[-98.117889, 20.389749], [-98.091512, 20.389749], [-98.091512, 20.435282], [-98.117889, 20.435282], [-98.117889, 20.389749]]]}}, {"type": "Feature", "id": 896, "properties": {"seccion": 896, "id": 896, "municipio": 108, "nombre": "Pahuatlan", "distrito_l": 1, "distrito_f": 1}, "geometry": {"type": "Polygon", "coordinates": [[[-98.091513, 20.389749], [-98.065136, 20.389749], [-98.065136, 20.435282], [-98.091513, 20.435282], [-98.091513, 20.389749]]]}}, {"type": "Feature", "id": 897, "properties": {"seccion": 897, "id": 897, "municipio": 109, "nombre": "Palmar De Bravo", "distrito_l": 15, "distrito_f": 1}, "geometry": {"type": "Polygon", "coordinates": [[[-97.528023, 18.79245], [-97.471554, 18.79245], [-97.471554, 18.835753], [-97.528023, 18.835753], [-97.528023, 18.79245]]]}}, {"type": "Feature", "id": 898, "properties": {"seccion": 898, "id": 898, "municipio": 109, "nombre": "Palmar De Bravo", "distrito_l": 15, "distrito_f": 1}, "geometry": {"type": "Polygon", "coordinates": [[[-97.471554, 18.79245], [-97.415085, 18.79245], [-97.415085, 18.835753], [-97.471554, 18.835753], [-97.471554, 18.79245]]]}}, {"type": "Feature", "id": 899, "properties": {"seccion": 899, "id": 899, "municipio": 109, "nombre": "Palmar De Bravo", "distrito_l": 15, "distrito_f": 1}, "geometry": {"type": "Polygon", "coordinates": [[[-97.415085, 18.79245], [-97.358616, 18.79245], [-97.358616, 18.835753], [-97.415085, 18.835753], [-97.415085, 18.79245]]]}}, {"type": "Feature", "id": 900, "properties": {"seccion": 900, "id": 900, "municipio": 109, "nombre": "Palmar De Bravo", "distrito_l": 15, "distrito_f": 1}, "geometry": {"type": "Polygon", "coordinates": [[[-97.358616, 18.79245], [-97.302147, 18.79245], [-97.302147, 18.835753], [-97.358616, 18.835753], [-97.358616, 18.79245]]]}}, {"type": "Feature", "id": 901, "properties": {"seccion": 901, "id": 901, "municipio": 109, "nombre": "Palmar De Bravo", "distrito_l": 15, "distrito_f": 1}, "geometry": {"type": "Polygon", "coordinates": [[[-97.528023, 18.835752], [-97.471554, 18.835752], [-97.471554, 18.879055], [-97.528023, 18.879055], [-97.528023, 18.835752]]]}}, {"type": "Feature", "id": 902, "properties": {"seccion": 902, "id": 902, "municipio": 109, "nombre": "Palmar De Bravo", "distrito_l": 15, "distrito_f": 1}, "geometry": {"type": "Polygon", "coordinates": [[[-97.471554, 18.835752], [-97.415085, 18.835752], [-97.415085, 18.879055], [-97.471554, 18.879055], [-97.471554, 18.835752]]]}}, {"type": "Feature", "id": 903, "properties": {"seccion": 903, "id": 903, "municipio": 109, "nombre": "Palmar De Bravo", "distrito_l": 15, "distrito_f": 1}, "geometry": {"type": "Polygon", "coordinates": [[[-97.415085, 18.835752], [-97.358616, 18.835752], [-97.358616, 18.879055], [-97.415085, 18.879055], [-97.415085, 18.835752]]]}}, {"type": "Feature", "id": 904, "properties": {"seccion": 904, "id": 904, "municipio": 109, "nombre": "Palmar De Bravo", "distrito_l": 15, "distrito_f": 1}, "geometry": {"type": "Polygon", "coordinates": [[[-97.358616, 18.835752], [-97.302147, 18.835752], [-97.302147, 18.879055], [-97.358616, 18.879055], [-97.358616, 18.835752]]]}}, {"type": "Feature", "id": 905, "properties": {"seccion": 905, "id": 905, "municipio": 109, "nombre": "Palmar De Bravo", "distrito_l": 15, "distrito_f": 1}, "geometry": {"type": "Polygon", "coordinates": [[[-97.528023, 18.879055], [-97.471554, 18.879055], [-97.471554, 18.922358], [-97.528023, 18.922358], [-97.528023, 18.879055]]]}}, {"type": "Feature", "id": 906, "properties": {"seccion": 906, "id": 906, "municipio": 109, "nombre": "Palmar De Bravo", "distrito_l": 15, "distrito_f": 1}, "geometry": {"type": "Polygon", "coordinates": [[[-97.471554, 18.879055], [-97.415085, 18.879055], [-97.415085, 18.922358], [-97.471554, 18.922358], [-97.471554, 18.879055]]]}}, {"type": "Feature", "id": 907, "properties": {"seccion": 907, "id": 907, "municipio": 109, "nombre": "Palmar De Bravo", "distrito_l": 15, "distrito_f": 1}, "geometry": {"type": "Polygon", "coordinates": [[[-97.415085, 18.879055], [-97.358616, 18.879055], [-97.358616, 18.922358], [-97.415085, 18.922358], [-97.415085, 18.879055]]]}}, {"type": "Feature", "id": 908, "properties": {"seccion": 908, "id": 908, "municipio": 109, "nombre": "Palmar De Bravo", "distrito_l": 15, "distrito_f": 1}, "geometry": {"type": "Polygon", "coordinates": [[[-97.358616, 18.879055], [-97.302147, 18.879055], [-97.302147, 18.922358], [-97.358616, 18.922358], [-97.358616, 18.879055]]]}}, {"type": "Feature", "id": 909, "properties": {"seccion": 909, "id": 909, "municipio": 109, "nombre": "Palmar De Bravo", "distrito_l": 15, "distrito_f": 1}, "geometry": {"type": "Polygon", "coordinates": [[[-97.528023, 18.922358], [-97.471554, 18.922358], [-97.471554, 18.965661], [-97.528023, 18.965661], [-97.528023, 18.922358]]]}}, {"type": "Feature", "id": 910, "properties": {"seccion": 910, "id": 910, "municipio": 109, "nombre": "Palmar De Bravo", "distrito_l": 15, "distrito_f": 1}, "geometry": {"type": "Polygon", "coordinates": [[[-97.471554, 18.922358], [-97.415085, 18.922358], [-97.415085, 18.965661], [-97.471554, 18.965661], [-97.471554, 18.922358]]]}}, {"type": "Feature", "id": 911, "properties": {"seccion": 911, "id": 911, "municipio": 109, "nombre": "Palmar De Bravo", "distrito_l": 15, "distrito_f": 1}, "geometry": {"type": "Polygon", "coordinates": [[[-97.415085, 18.922358], [-97.358616, 18.922358], [-97.358616, 18.965661], [-97.415085, 18.965661], [-97.415085, 18.922358]]]}}, {"type": "Feature", "id": 2741, "properties": {"seccion": 2741, "id": 2741, "municipio": 109, "nombre": "Palmar De Bravo", "distrito_l": 15, "distrito_f": 1}, "geometry": {"type": "Polygon", "coordinates": [[[-97.358616, 18.922358], [-97.302147, 18.922358], [-97.302147, 18.965661], [-97.358616, 18.965661], [-97.358616, 18.922358]]]}}, {"type": "Feature", "id": 912, "properties": {"seccion": 912, "id": 912, "municipio": 110, "nombre": "Pantepec", "distrito_l": 1, "distrito_f": 1}, "geometry": {"type": "Polygon", "coordinates": [[[-97.940987, 20.508421], [-97.882376, 20.508421], [-97.882376, 20.591601], [-97.940987, 20.591601], [-97.940987, 20.508421]]]}}, {"type": "Feature", "id": 913, "properties": {"seccion": 913, "id": 913, "municipio": 110, "nombre": "Pantepec", "distrito_l": 1, "distrito_f": 1}, "geometry": {"type": "Polygon", "coordinates": [[[-97.882376, 20.508421], [-97.823765, 20.508421], [-97.823765, 20.591601], [-97.882376, 20.591601], [-97.882376, 20.508421]]]}}, {"type": "Feature", "id": 914, "properties": {"seccion": 914, "id": 914, "municipio": 110, "nombre": "Pantepec", "distrito_l": 1, "distrito_f": 1}, "geometry": {"type": "Polygon", "coordinates": [[[-97.823765, 20.508421], [-97.765154, 20.508421], [-97.765154, 20.591601], [-97.823765, 20.591601], [-97.823765, 20.508421]]]}}, {"type": "Feature", "id": 915, "properties": {"seccion": 915, "id": 915, "municipio": 110, "nombre": "Pantepec", "distrito_l": 1, "distrito_f": 1}, "geometry": {"type": "Polygon", "coordinates": [[[-97.765154, 20.508421], [-97.706543, 20.508421], [-97.706543, 20.591601], [-97.765154, 20.591601], [-97.765154, 20.508421]]]}}, {"type": "Feature", "id": 916, "properties": {"seccion": 916, "id": 916, "municipio": 110, "nombre": "Pantepec", "distrito_l": 1, "distrito_f": 1}, "geometry": {"type": "Polygon", "coordinates": [[[-97.940987, 20.591601], [-97.882376, 20.591601], [-97.882376, 20.674781], [-97.940987, 20.674781], [-97.940987, 20.591601]]]}}, {"type": "Feature", "id": 917, "properties": {"seccion": 917, "id": 917, "municipio": 110, "nombre": "Pantepec", "distrito_l": 1, "distrito_f": 1}, "geometry": {"type": "Polygon", "coordinates": [[[-97.882376, 20.591601], [-97.823765, 20.591601], [-97.823765, 20.674781], [-97.882376, 20.674781], [-97.882376, 20.591601]]]}}, {"type": "Feature", "id": 918, "properties": {"seccion": 918, "id": 918, "municipio": 110, "nombre": "Pantepec", "distrito_l": 1, "distrito_f": 1}, "geometry": {"type": "Polygon", "coordinates": [[[-97.823765, 20.591601], [-97.765154, 20.591601], [-97.765154, 20.674781], [-97.823765, 20.674781], [-97.823765, 20.591601]]]}}, {"type": "Feature", "id": 919, "properties": {"seccion": 919, "id": 919, "municipio": 110, "nombre": "Pantepec", "distrito_l": 1, "distrito_f": 1}, "geometry": {"type": "Polygon", "coordinates": [[[-97.765154, 20.591601], [-97.706543, 20.591601], [-97.706543, 20.674781], [-97.765154, 20.674781], [-97.765154, 20.591601]]]}}, {"type": "Feature", "id": 920, "properties": {"seccion": 920, "id": 920, "municipio": 110, "nombre": "Pantepec", "distrito_l": 1, "distrito_f": 1}, "geometry": {"type": "Polygon", "coordinates": [[[-97.940987, 20.674781], [-97.882376, 20.674781], [-97.882376, 20.757961], [-97.940987, 20.757961], [-97.940987, 20.674781]]]}}, {"type": "Feature", "id": 921, "properties": {"seccion": 921, "id": 921, "municipio": 110, "nombre": "Pantepec", "distrito_l": 1, "distrito_f": 1}, "geometry": {"type": "Polygon", "coordinates": [[[-97.882376, 20.674781], [-97.823765, 20.674781], [-97.823765, 20.757961], [-97.882376, 20.757961], [-97.882376, 20.674781]]]}}, {"type": "Feature", "id": 2715, "properties": {"seccion": 2715, "id": 2715, "municipio": 110, "nombre": "Pantepec", "distrito_l": 1, "distrito_f": 1}, "geometry": {"type": "Polygon", "coordinates": [[[-97.823765, 20.674781], [-97.765154, 20.674781], [-97.765154, 20.757961], [-97.823765, 20.757961], [-97.823765, 20.674781]]]}}, {"type": "Feature", "id": 2716, "properties": {"seccion": 2716, "id": 2716, "municipio": 110, "nombre": "Pantepec", "distrito_l": 1, "distrito_f": 1}, "geometry": {"type": "Polygon", "coordinates": [[[-97.765154, 20.674781], [-97.706543, 20.674781], [-97.706543, 20.757961], [-97.765154, 20.757961], [-97.765154, 20.674781]]]}}, {"type": "Feature", "id": 922, "properties": {"seccion": 922, "id": 922, "municipio": 111, "nombre": "Petlalcingo", "distrito_l": 23, "distrito_f": 1}, "geometry": {"type": "Polygon", "coordinates": [[[-97.873032, 18.07513], [-97.824471, 18.07513], [-97.824471, 18.136926], [-97.873032, 18.136926], [-97.873032, 18.07513]]]}}, {"type": "Feature", "id": 923, "properties": {"seccion": 923, "id": 923, "municipio": 111, "nombre": "Petlalcingo", "distrito_l": 23, "distrito_f": 1}, "geometry": {"type": "Polygon", "coordinates": [[[-97.824471, 18.07513], [-97.77591, 18.07513], [-97.77591, 18.136926], [-97.824471, 18.136926], [-97.824471, 18.07513]]]}}, {"type": "Feature", "id": 924, "properties": {"seccion": 924, "id": 924, "municipio": 111, "nombre": "Petlalcingo", "distrito_l": 23, "distrito_f": 1}, "geometry": {"type": "Polygon", "coordinates": [[[-97.775909, 18.07513], [-97.727348, 18.07513], [-97.727348, 18.136926], [-97.775909, 18.136926], [-97.775909, 18.07513]]]}}, {"type": "Feature", "id": 925, "properties": {"seccion": 925, "id": 925, "municipio": 111, "nombre": "Petlalcingo", "distrito_l": 23, "distrito_f": 1}, "geometry": {"type": "Polygon", "coordinates": [[[-97.873032, 18.136927], [-97.824471, 18.136927], [-97.824471, 18.198723], [-97.873032, 18.198723], [-97.873032, 18.136927]]]}}, {"type": "Feature", "id": 926, "properties": {"seccion": 926, "id": 926, "municipio": 111, "nombre": "Petlalcingo", "distrito_l": 23, "distrito_f": 1}, "geometry": {"type": "Polygon", "coordinates": [[[-97.824471, 18.136927], [-97.77591, 18.136927], [-97.77591, 18.198723], [-97.824471, 18.198723], [-97.824471, 18.136927]]]}}, {"type": "Feature", "id": 927, "properties": {"seccion": 927, "id": 927, "municipio": 111, "nombre": "Petlalcingo", "distrito_l": 23, "distrito_f": 1}, "geometry": {"type": "Polygon", "coordinates": [[[-97.775909, 18.136927], [-97.727348, 18.136927], [-97.727348, 18.198723], [-97.775909, 18.198723], [-97.775909, 18.136927]]]}}, {"type": "Feature", "id": 928, "properties": {"seccion": 928, "id": 928, "municipio": 112, "nombre": "Piaxtla", "distrito_l": 23, "distrito_f": 1}, "geometry": {"type": "Polygon", "coordinates": [[[-98.265747, 18.030972], [-98.22244, 18.030972], [-98.22244, 18.142622], [-98.265747, 18.142622], [-98.265747, 18.030972]]]}}, {"type": "Feature", "id": 929, "properties": {"seccion": 929, "id": 929, "municipio": 112, "nombre": "Piaxtla", "distrito_l": 23, "distrito_f": 1}, "geometry": {"type": "Polygon", "coordinates": [[[-98.22244, 18.030972], [-98.179133, 18.030972], [-98.179133, 18.142622], [-98.22244, 18.142622], [-98.22244, 18.030972]]]}}, {"type": "Feature", "id": 930, "properties": {"seccion": 930, "id": 930, "municipio": 112, "nombre": "Piaxtla", "distrito_l": 23, "distrito_f": 1}, "geometry": {"type": "Polygon", "coordinates": [[[-98.179133, 18.030972], [-98.135826, 18.030972], [-98.135826, 18.142622], [-98.179133, 18.142622], [-98.179133, 18.030972]]]}}, {"type": "Feature", "id": 931, "properties": {"seccion": 931, "id": 931, "municipio": 112, "nombre": "Piaxtla", "distrito_l": 23, "distrito_f": 1}, "geometry": {"type": "Polygon", "coordinates": [[[-98.265747, 18.142621], [-98.22244, 18.142621], [-98.22244, 18.254271], [-98.265747, 18.254271], [-98.265747, 18.142621]]]}}, {"type": "Feature", "id": 932, "properties": {"seccion": 932, "id": 932, "municipio": 112, "nombre": "Piaxtla", "distrito_l": 23, "distrito_f": 1}, "geometry": {"type": "Polygon", "coordinates": [[[-98.22244, 18.142621], [-98.179133, 18.142621], [-98.179133, 18.254271], [-98.22244, 18.254271], [-98.22244, 18.142621]]]}}, {"type": "Feature", "id": 933, "properties": {"seccion": 933, "id": 933, "municipio": 113, "nombre": "Puebla", "distrito_l": 17, "distrito_f": 1}, "geometry": {"type": "Polygon", "coordinates": [[[-98.222603, 18.870251], [-98.211464, 18.870251], [-98.211464, 18.883293], [-98.222603, 18.883293], [-98.222603, 18.870251]]]}}, {"type": "Feature", "id": 934, "properties": {"seccion": 934, "id": 934, "municipio": 113, "nombre": "Puebla", "distrito_l": 17, "distrito_f": 1}, "geometry": {"type": "Polygon", "coordinates": [[[-98.211464, 18.870251], [-98.200325, 18.870251], [-98.200325, 18.883293], [-98.211464, 18.883293], [-98.211464, 18.870251]]]}}, {"type": "Feature", "id": 935, "properties": {"seccion": 935, "id": 935, "municipio": 113, "nombre": "Puebla", "distrito_l": 17, "distrito_f": 1}, "geometry": {"type": "Polygon", "coordinates": [[[-98.200324, 18.870251], [-98.189185, 18.870251], [-98.189185, 18.883293], [-98.200324, 18.883293], [-98.200324, 18.870251]]]}}, {"type": "Feature", "id": 936, "properties": {"seccion": 936, "id": 936, "municipio": 113, "nombre": "Puebla", "distrito_l": 17, "distrito_f": 1}, "geometry": {"type": "Polygon", "coordinates": [[[-98.189185, 18.870251], [-98.178046, 18.870251], [-98.178046, 18.883293], [-98.189185, 18.883293], [-98.189185, 18.870251]]]}}, {"type": "Feature", "id": 937, "properties": {"seccion": 937, "id": 937, "municipio": 113, "nombre": "Puebla", "distrito_l": 17, "distrito_f": 1}, "geometry": {"type": "Polygon", "coordinates": [[[-98.178046, 18.870251], [-98.166907, 18.870251], [-98.166907, 18.883293], [-98.178046, 18.883293], [-98.178046, 18.870251]]]}}, {"type": "Feature", "id": 938, "properties": {"seccion": 938, "id": 938, "municipio": 113, "nombre": "Puebla", "distrito_l": 17, "distrito_f": 1}, "geometry": {"type": "Polygon", "coordinates": [[[-98.166907, 18.870251], [-98.155768, 18.870251], [-98.155768, 18.883293], [-98.166907, 18.883293], [-98.166907, 18.870251]]]}}, {"type": "Feature", "id": 939, "properties": {"seccion": 939, "id": 939, "municipio": 113, "nombre": "Puebla", "distrito_l": 17, "distrito_f": 1}, "geometry": {"type": "Polygon", "coordinates": [[[-98.155768, 18.870251], [-98.144629, 18.870251], [-98.144629, 18.883293], [-98.155768, 18.883293], [-98.155768, 18.870251]]]}}, {"type": "Feature", "id": 940, "properties": {"seccion": 940, "id": 940, "municipio": 113, "nombre": "Puebla", "distrito_l": 17, "distrito_f": 1}, "geometry": {"type": "Polygon", "coordinates": [[[-98.144629, 18.870251], [-98.13349, 18.870251], [-98.13349, 18.883293], [-98.144629, 18.883293], [-98.144629, 18.870251]]]}}, {"type": "Feature", "id": 941, "properties": {"seccion": 941, "id": 941, "municipio": 113, "nombre": "Puebla", "distrito_l": 17, "distrito_f": 1}, "geometry": {"type": "Polygon", "coordinates": [[[-98.133489, 18.870251], [-98.12235, 18.870251], [-98.12235, 18.883293], [-98.133489, 18.883293], [-98.133489, 18.870251]]]}}, {"type": "Feature", "id": 942, "properties": {"seccion": 942, "id": 942, "municipio": 113, "nombre": "Puebla", "distrito_l": 17, "distrito_f": 1}, "geometry": {"type": "Polygon", "coordinates": [[[-98.12235, 18.870251], [-98.111211, 18.870251], [-98.111211, 18.883293], [-98.12235, 18.883293], [-98.12235, 18.870251]]]}}, {"type": "Feature", "id": 943, "properties": {"seccion": 943, "id": 943, "municipio": 113, "nombre": "Puebla", "distrito_l": 17, "distrito_f": 1}, "geometry": {"type": "Polygon", "coordinates": [[[-98.111211, 18.870251], [-98.100072, 18.870251], [-98.100072, 18.883293], [-98.111211, 18.883293], [-98.111211, 18.870251]]]}}, {"type": "Feature", "id": 944, "properties": {"seccion": 944, "id": 944, "municipio": 113, "nombre": "Puebla", "distrito_l": 17, "distrito_f": 1}, "geometry": {"type": "Polygon", "coordinates": [[[-98.100072, 18.870251], [-98.088933, 18.870251], [-98.088933, 18.883293], [-98.100072, 18.883293], [-98.100072, 18.870251]]]}}, {"type": "Feature", "id": 945, "properties": {"seccion": 945, "id": 945, "municipio": 113, "nombre": "Puebla", "distrito_l": 17, "distrito_f": 1}, "geometry": {"type": "Polygon", "coordinates": [[[-98.088933, 18.870251], [-98.077794, 18.870251], [-98.077794, 18.883293], [-98.088933, 18.883293], [-98.088933, 18.870251]]]}}, {"type": "Feature", "id": 946, "properties": {"seccion": 946, "id": 946, "municipio": 113, "nombre": "Puebla", "distrito_l": 9, "distrito_f": 1}, "geometry": {"type": "Polygon", "coordinates": [[[-98.077794, 18.870251], [-98.066655, 18.870251], [-98.066655, 18.883293], [-98.077794, 18.883293], [-98.077794, 18.870251]]]}}, {"type": "Feature", "id": 947, "properties": {"seccion": 947, "id": 947, "municipio": 113, "nombre": "Puebla", "distrito_l": 9, "distrito_f": 1}, "geometry": {"type": "Polygon", "coordinates": [[[-98.066654, 18.870251], [-98.055515, 18.870251], [-98.055515, 18.883293], [-98.066654, 18.883293], [-98.066654, 18.870251]]]}}, {"type": "Feature", "id": 948, "properties": {"seccion": 948, "id": 948, "municipio": 113, "nombre": "Puebla", "distrito_l": 9, "distrito_f": 1}, "geometry": {"type": "Polygon", "coordinates": [[[-98.055515, 18.870251], [-98.044376, 18.870251], [-98.044376, 18.883293], [-98.055515, 18.883293], [-98.055515, 18.870251]]]}}, {"type": "Feature", "id": 949, "properties": {"seccion": 949, "id": 949, "municipio": 113, "nombre": "Puebla", "distrito_l": 9, "distrito_f": 1}, "geometry": {"type": "Polygon", "coordinates": [[[-98.044376, 18.870251], [-98.033237, 18.870251], [-98.033237, 18.883293], [-98.044376, 18.883293], [-98.044376, 18.870251]]]}}, {"type": "Feature", "id": 950, "properties": {"seccion": 950, "id": 950, "municipio": 113, "nombre": "Puebla", "distrito_l": 9, "distrito_f": 1}, "geometry": {"type": "Polygon", "coordinates": [[[-98.033237, 18.870251], [-98.022098, 18.870251], [-98.022098, 18.883293], [-98.033237, 18.883293], [-98.033237, 18.870251]]]}}, {"type": "Feature", "id": 951, "properties": {"seccion": 951, "id": 951, "municipio": 113, "nombre": "Puebla", "distrito_l": 9, "distrito_f": 1}, "geometry": {"type": "Polygon", "coordinates": [[[-98.022098, 18.870251], [-98.010959, 18.870251], [-98.010959, 18.883293], [-98.022098, 18.883293], [-98.022098, 18.870251]]]}}, {"type": "Feature", "id": 952, "properties": {"seccion": 952, "id": 952, "municipio": 113, "nombre": "Puebla", "distrito_l": 9, "distrito_f": 1}, "geometry": {"type": "Polygon", "coordinates": [[[-98.010958, 18.870251], [-97.999819, 18.870251], [-97.999819, 18.883293], [-98.010958, 18.883293], [-98.010958, 18.870251]]]}}, {"type": "Feature", "id": 953, "properties": {"seccion": 953, "id": 953, "municipio": 113, "nombre": "Puebla", "distrito_l": 9, "distrito_f": 1}, "geometry": {"type": "Polygon", "coordinates": [[[-97.999819, 18.870251], [-97.98868, 18.870251], [-97.98868, 18.883293], [-97.999819, 18.883293], [-97.999819, 18.870251]]]}}, {"type": "Feature", "id": 954, "properties": {"seccion": 954, "id": 954, "municipio": 113, "nombre": "Puebla", "distrito_l": 9, "distrito_f": 1}, "geometry": {"type": "Polygon", "coordinates": [[[-97.98868, 18.870251], [-97.977541, 18.870251], [-97.977541, 18.883293], [-97.98868, 18.883293], [-97.98868, 18.870251]]]}}, {"type": "Feature", "id": 955, "properties": {"seccion": 955, "id": 955, "municipio": 113, "nombre": "Puebla", "distrito_l": 17, "distrito_f": 1}, "geometry": {"type": "Polygon", "coordinates": [[[-97.977541, 18.870251], [-97.966402, 18.870251], [-97.966402, 18.883293], [-97.977541, 18.883293], [-97.977541, 18.870251]]]}}, {"type": "Feature", "id": 956, "properties": {"seccion": 956, "id": 956, "municipio": 113, "nombre": "Puebla", "distrito_l": 17, "distrito_f": 1}, "geometry": {"type": "Polygon", "coordinates": [[[-97.966402, 18.870251], [-97.955263, 18.870251], [-97.955263, 18.883293], [-97.966402, 18.883293], [-97.966402, 18.870251]]]}}, {"type": "Feature", "id": 957, "properties": {"seccion": 957, "id": 957, "municipio": 113, "nombre": "Puebla", "distrito_l": 17, "distrito_f": 1}, "geometry": {"type": "Polygon", "coordinates": [[[-97.955263, 18.870251], [-97.944124, 18.870251], [-97.944124, 18.883293], [-97.955263, 18.883293], [-97.955263, 18.870251]]]}}, {"type": "Feature", "id": 958, "properties": {"seccion": 958, "id": 958, "municipio": 113, "nombre": "Puebla", "distrito_l": 17, "distrito_f": 1}, "geometry": {"type": "Polygon", "coordinates": [[[-97.944123, 18.870251], [-97.932984, 18.870251], [-97.932984, 18.883293], [-97.944123, 18.883293], [-97.944123, 18.870251]]]}}, {"type": "Feature", "id": 959, "properties": {"seccion": 959, "id": 959, "municipio": 113, "nombre": "Puebla", "distrito_l": 17, "distrito_f": 1}, "geometry": {"type": "Polygon", "coordinates": [[[-97.932984, 18.870251], [-97.921845, 18.870251], [-97.921845, 18.883293], [-97.932984, 18.883293], [-97.932984, 18.870251]]]}}, {"type": "Feature", "id": 960, "properties": {"seccion": 960, "id": 960, "municipio": 113, "nombre": "Puebla", "distrito_l": 17, "distrito_f": 1}, "geometry": {"type": "Polygon", "coordinates": [[[-97.921845, 18.870251], [-97.910706, 18.870251], [-97.910706, 18.883293], [-97.921845, 18.883293], [-97.921845, 18.870251]]]}}, {"type": "Feature", "id": 961, "properties": {"seccion": 961, "id": 961, "municipio": 113, "nombre": "Puebla", "distrito_l": 17, "distrito_f": 1}, "geometry": {"type": "Polygon", "coordinates": [[[-97.910706, 18.870251], [-97.899567, 18.870251], [-97.899567, 18.883293], [-97.910706, 18.883293], [-97.910706, 18.870251]]]}}, {"type": "Feature", "id": 962, "properties": {"seccion": 962, "id": 962, "municipio": 113, "nombre": "Puebla", "distrito_l": 17, "distrito_f": 1}, "geometry": {"type": "Polygon", "coordinates": [[[-98.222603, 18.883292], [-98.211464, 18.883292], [-98.211464, 18.896334], [-98.222603, 18.896334], [-98.222603, 18.883292]]]}}, {"type": "Feature", "id": 963, "properties": {"seccion": 963, "id": 963, "municipio": 113, "nombre": "Puebla", "distrito_l": 17, "distrito_f": 1}, "geometry": {"type": "Polygon", "coordinates": [[[-98.211464, 18.883292], [-98.200325, 18.883292], [-98.200325, 18.896334], [-98.211464, 18.896334], [-98.211464, 18.883292]]]}}, {"type": "Feature", "id": 964, "properties": {"seccion": 964, "id": 964, "municipio": 113, "nombre": "Puebla", "distrito_l": 17, "distrito_f": 1}, "geometry": {"type": "Polygon", "coordinates": [[[-98.200324, 18.883292], [-98.189185, 18.883292], [-98.189185, 18.896334], [-98.200324, 18.896334], [-98.200324, 18.883292]]]}}, {"type": "Feature", "id": 965, "properties": {"seccion": 965, "id": 965, "municipio": 113, "nombre": "Puebla", "distrito_l": 17, "distrito_f": 1}, "geometry": {"type": "Polygon", "coordinates": [[[-98.189185, 18.883292], [-98.178046, 18.883292], [-98.178046, 18.896334], [-98.189185, 18.896334], [-98.189185, 18.883292]]]}}, {"type": "Feature", "id": 966, "properties": {"seccion": 966, "id": 966, "municipio": 113, "nombre": "Puebla", "distrito_l": 17, "distrito_f": 1}, "geometry": {"type": "Polygon", "coordinates": [[[-98.178046, 18.883292], [-98.166907, 18.883292], [-98.166907, 18.896334], [-98.178046, 18.896334], [-98.178046, 18.883292]]]}}, {"type": "Feature", "id": 967, "properties": {"seccion": 967, "id": 967, "municipio": 113, "nombre": "Puebla", "distrito_l": 17, "distrito_f": 1}, "geometry": {"type": "Polygon", "coordinates": [[[-98.166907, 18.883292], [-98.155768, 18.883292], [-98.155768, 18.896334], [-98.166907, 18.896334], [-98.166907, 18.883292]]]}}, {"type": "Feature", "id": 968, "properties": {"seccion": 968, "id": 968, "municipio": 113, "nombre": "Puebla", "distrito_l": 17, "distrito_f": 1}, "geometry": {"type": "Polygon", "coordinates": [[[-98.155768, 18.883292], [-98.144629, 18.883292], [-98.144629, 18.896334], [-98.155768, 18.896334], [-98.155768, 18.883292]]]}}, {"type": "Feature", "id": 969, "properties": {"seccion": 969, "id": 969, "municipio": 113, "nombre": "Puebla", "distrito_l": 17, "distrito_f": 1}, "geometry": {"type": "Polygon", "coordinates": [[[-98.144629, 18.883292], [-98.13349, 18.883292], [-98.13349, 18.896334], [-98.144629, 18.896334], [-98.144629, 18.883292]]]}}, {"type": "Feature", "id": 970, "properties": {"seccion": 970, "id": 970, "municipio": 113, "nombre": "Puebla", "distrito_l": 17, "distrito_f": 1}, "geometry": {"type": "Polygon", "coordinates": [[[-98.133489, 18.883292], [-98.12235, 18.883292], [-98.12235, 18.896334], [-98.133489, 18.896334], [-98.133489, 18.883292]]]}}, {"type": "Feature", "id": 971, "properties": {"seccion": 971, "id": 971, "municipio": 113, "nombre": "Puebla", "distrito_l": 17, "distrito_f": 1}, "geometry": {"type": "Polygon", "coordinates": [[[-98.12235, 18.883292], [-98.111211, 18.883292], [-98.111211, 18.896334], [-98.12235, 18.896334], [-98.12235, 18.883292]]]}}, {"type": "Feature", "id": 972, "properties": {"seccion": 972, "id": 972, "municipio": 113, "nombre": "Puebla", "distrito_l": 17, "distrito_f": 1}, "geometry": {"type": "Polygon", "coordinates": [[[-98.111211, 18.883292], [-98.100072, 18.883292], [-98.100072, 18.896334], [-98.111211, 18.896334], [-98.111211, 18.883292]]]}}, {"type": "Feature", "id": 973, "properties": {"seccion": 973, "id": 973, "municipio": 113, "nombre": "Puebla", "distrito_l": 17, "distrito_f": 1}, "geometry": {"type": "Polygon", "coordinates": [[[-98.100072, 18.883292], [-98.088933, 18.883292], [-98.088933, 18.896334], [-98.100072, 18.896334], [-98.100072, 18.883292]]]}}, {"type": "Feature", "id": 974, "properties": {"seccion": 974, "id": 974, "municipio": 113, "nombre": "Puebla", "distrito_l": 9, "distrito_f": 1}, "geometry": {"type": "Polygon", "coordinates": [[[-98.088933, 18.883292], [-98.077794, 18.883292], [-98.077794, 18.896334], [-98.088933, 18.896334], [-98.088933, 18.883292]]]}}, {"type": "Feature", "id": 975, "properties": {"seccion": 975, "id": 975, "municipio": 113, "nombre": "Puebla", "distrito_l": 9, "distrito_f": 1}, "geometry": {"type": "Polygon", "coordinates": [[[-98.077794, 18.883292], [-98.066655, 18.883292], [-98.066655, 18.896334], [-98.077794, 18.896334], [-98.077794, 18.883292]]]}}, {"type": "Feature", "id": 976, "properties": {"seccion": 976, "id": 976, "municipio": 113, "nombre": "Puebla", "distrito_l": 9, "distrito_f": 1}, "geometry": {"type": "Polygon", "coordinates": [[[-98.066654, 18.883292], [-98.055515, 18.883292], [-98.055515, 18.896334], [-98.066654, 18.896334], [-98.066654, 18.883292]]]}}, {"type": "Feature", "id": 977, "properties": {"seccion": 977, "id": 977, "municipio": 113, "nombre": "Puebla", "distrito_l": 9, "distrito_f": 1}, "geometry": {"type": "Polygon", "coordinates": [[[-98.055515, 18.883292], [-98.044376, 18.883292], [-98.044376, 18.896334], [-98.055515, 18.896334], [-98.055515, 18.883292]]]}}, {"type": "Feature", "id": 978, "properties": {"seccion": 978, "id": 978, "municipio": 113, "nombre": "Puebla", "distrito_l": 9, "distrito_f": 1}, "geometry": {"type": "Polygon", "coordinates": [[[-98.044376, 18.883292], [-98.033237, 18.883292], [-98.033237, 18.896334], [-98.044376, 18.896334], [-98.044376, 18.883292]]]}}, {"type": "Feature", "id": 979, "properties": {"seccion": 979, "id": 979, "municipio": 113, "nombre": "Puebla", "distrito_l": 9, "distrito_f": 1}, "geometry": {"type": "Polygon", "coordinates": [[[-98.033237, 18.883292], [-98.022098, 18.883292], [-98.022098, 18.896334], [-98.033237, 18.896334], [-98.033237, 18.883292]]]}}, {"type": "Feature", "id": 980, "properties": {"seccion": 980, "id": 980, "municipio": 113, "nombre": "Puebla", "distrito_l": 9, "distrito_f": 1}, "geometry": {"type": "Polygon", "coordinates": [[[-98.022098, 18.883292], [-98.010959, 18.883292], [-98.010959, 18.896334], [-98.022098, 18.896334], [-98.022098, 18.883292]]]}}, {"type": "Feature", "id": 981, "properties": {"seccion": 981, "id": 981, "municipio": 113, "nombre": "Puebla", "distrito_l": 17, "distrito_f": 1}, "geometry": {"type": "Polygon", "coordinates": [[[-98.010958, 18.883292], [-97.999819, 18.883292], [-97.999819, 18.896334], [-98.010958, 18.896334], [-98.010958, 18.883292]]]}}, {"type": "Feature", "id": 982, "properties": {"seccion": 982, "id": 982, "municipio": 113, "nombre": "Puebla", "distrito_l": 17, "distrito_f": 1}, "geometry": {"type": "Polygon", "coordinates": [[[-97.999819, 18.883292], [-97.98868, 18.883292], [-97.98868, 18.896334], [-97.999819, 18.896334], [-97.999819, 18.883292]]]}}, {"type": "Feature", "id": 983, "properties": {"seccion": 983, "id": 983, "municipio": 113, "nombre": "Puebla", "distrito_l": 17, "distrito_f": 1}, "geometry": {"type": "Polygon", "coordinates": [[[-97.98868, 18.883292], [-97.977541, 18.883292], [-97.977541, 18.896334], [-97.98868, 18.896334], [-97.98868, 18.883292]]]}}, {"type": "Feature", "id": 984, "properties": {"seccion": 984, "id": 984, "municipio": 113, "nombre": "Puebla", "distrito_l": 17, "distrito_f": 1}, "geometry": {"type": "Polygon", "coordinates": [[[-97.977541, 18.883292], [-97.966402, 18.883292], [-97.966402, 18.896334], [-97.977541, 18.896334], [-97.977541, 18.883292]]]}}, {"type": "Feature", "id": 985, "properties": {"seccion": 985, "id": 985, "municipio": 113, "nombre": "Puebla", "distrito_l": 17, "distrito_f": 1}, "geometry": {"type": "Polygon", "coordinates": [[[-97.966402, 18.883292], [-97.955263, 18.883292], [-97.955263, 18.896334], [-97.966402, 18.896334], [-97.966402, 18.883292]]]}}, {"type": "Feature", "id": 986, "properties": {"seccion": 986, "id": 986, "municipio": 113, "nombre": "Puebla", "distrito_l": 17, "distrito_f": 1}, "geometry": {"type": "Polygon", "coordinates": [[[-97.955263, 18.883292], [-97.944124, 18.883292], [-97.944124, 18.896334], [-97.955263, 18.896334], [-97.955263, 18.883292]]]}}, {"type": "Feature", "id": 987, "properties": {"seccion": 987, "id": 987, "municipio": 113, "nombre": "Puebla", "distrito_l": 17, "distrito_f": 1}, "geometry": {"type": "Polygon", "coordinates": [[[-97.944123, 18.883292], [-97.932984, 18.883292], [-97.932984, 18.896334], [-97.944123, 18.896334], [-97.944123, 18.883292]]]}}, {"type": "Feature", "id": 988, "properties": {"seccion": 988, "id": 988, "municipio": 113, "nombre": "Puebla", "distrito_l": 17, "distrito_f": 1}, "geometry": {"type": "Polygon", "coordinates": [[[-97.932984, 18.883292], [-97.921845, 18.883292], [-97.921845, 18.896334], [-97.932984, 18.896334], [-97.932984, 18.883292]]]}}, {"type": "Feature", "id": 989, "properties": {"seccion": 989, "id": 989, "municipio": 113, "nombre": "Puebla", "distrito_l": 17, "distrito_f": 1}, "geometry": {"type": "Polygon", "coordinates": [[[-97.921845, 18.883292], [-97.910706, 18.883292], [-97.910706, 18.896334], [-97.921845, 18.896334], [-97.921845, 18.883292]]]}}, {"type": "Feature", "id": 990, "properties": {"seccion": 990, "id": 990, "municipio": 113, "nombre": "Puebla", "distrito_l": 17, "distrito_f": 1}, "geometry": {"type": "Polygon", "coordinates": [[[-97.910706, 18.883292], [-97.899567, 18.883292], [-97.899567, 18.896334], [-97.910706, 18.896334], [-97.910706, 18.883292]]]}}, {"type": "Feature", "id": 991, "properties": {"seccion": 991, "id": 991, "municipio": 113, "nombre": "Puebla", "distrito_l": 17, "distrito_f": 1}, "geometry": {"type": "Polygon", "coordinates": [[[-98.222603, 18.896334], [-98.211464, 18.896334], [-98.211464, 18.909376], [-98.222603, 18.909376], [-98.222603, 18.896334]]]}}, {"type": "Feature", "id": 992, "properties": {"seccion": 992, "id": 992, "municipio": 113, "nombre": "Puebla", "distrito_l": 17, "distrito_f": 1}, "geometry": {"type": "Polygon", "coordinates": [[[-98.211464, 18.896334], [-98.200325, 18.896334], [-98.200325, 18.909376], [-98.211464, 18.909376], [-98.211464, 18.896334]]]}}, {"type": "Feature", "id": 993, "properties": {"seccion": 993, "id": 993, "municipio": 113, "nombre": "Puebla", "distrito_l": 17, "distrito_f": 1}, "geometry": {"type": "Polygon", "coordinates": [[[-98.200324, 18.896334], [-98.189185, 18.896334], [-98.189185, 18.909376], [-98.200324, 18.909376], [-98.200324, 18.896334]]]}}, {"type": "Feature", "id": 994, "properties": {"seccion": 994, "id": 994, "municipio": 113, "nombre": "Puebla", "distrito_l": 17, "distrito_f": 1}, "geometry": {"type": "Polygon", "coordinates": [[[-98.189185, 18.896334], [-98.178046, 18.896334], [-98.178046, 18.909376], [-98.189185, 18.909376], [-98.189185, 18.896334]]]}}, {"type": "Feature", "id": 995, "properties": {"seccion": 995, "id": 995, "municipio": 113, "nombre": "Puebla", "distrito_l": 17, "distrito_f": 1}, "geometry": {"type": "Polygon", "coordinates": [[[-98.178046, 18.896334], [-98.166907, 18.896334], [-98.166907, 18.909376], [-98.178046, 18.909376], [-98.178046, 18.896334]]]}}, {"type": "Feature", "id": 996, "properties": {"seccion": 996, "id": 996, "municipio": 113, "nombre": "Puebla", "distrito_l": 17, "distrito_f": 1}, "geometry": {"type": "Polygon", "coordinates": [[[-98.166907, 18.896334], [-98.155768, 18.896334], [-98.155768, 18.909376], [-98.166907, 18.909376], [-98.166907, 18.896334]]]}}, {"type": "Feature", "id": 997, "properties": {"seccion": 997, "id": 997, "municipio": 113, "nombre": "Puebla", "distrito_l": 17, "distrito_f": 1}, "geometry": {"type": "Polygon", "coordinates": [[[-98.155768, 18.896334], [-98.144629, 18.896334], [-98.144629, 18.909376], [-98.155768, 18.909376], [-98.155768, 18.896334]]]}}, {"type": "Feature", "id": 998, "properties": {"seccion": 998, "id": 998, "municipio": 113, "nombre": "Puebla", "distrito_l": 17, "distrito_f": 1}, "geometry": {"type": "Polygon", "coordinates": [[[-98.144629, 18.896334], [-98.13349, 18.896334], [-98.13349, 18.909376], [-98.144629, 18.909376], [-98.144629, 18.896334]]]}}, {"type": "Feature", "id": 999, "properties": {"seccion": 999, "id": 999, "municipio": 113, "nombre": "Puebla", "distrito_l": 17, "distrito_f": 1}, "geometry": {"type": "Polygon", "coordinates": [[[-98.133489, 18.896334], [-98.12235, 18.896334], [-98.12235, 18.909376], [-98.133489, 18.909376], [-98.133489, 18.896334]]]}}, {"type": "Feature", "id": 1000, "properties": {"seccion": 1000, "id": 1000, "municipio": 113, "nombre": "Puebla", "distrito_l": 17, "distrito_f": 1}, "geometry": {"type": "Polygon", "coordinates": [[[-98.12235, 18.896334], [-98.111211, 18.896334], [-98.111211, 18.909376], [-98.12235, 18.909376], [-98.12235, 18.896334]]]}}, {"type": "Feature", "id": 1001, "properties": {"seccion": 1001, "id": 1001, "municipio": 113, "nombre": "Puebla", "distrito_l": 17, "distrito_f": 1}, "geometry": {"type": "Polygon", "coordinates": [[[-98.111211, 18.896334], [-98.100072, 18.896334], [-98.100072, 18.909376], [-98.111211, 18.909376], [-98.111211, 18.896334]]]}}, {"type": "Feature", "id": 1002, "properties": {"seccion": 1002, "id": 1002, "municipio": 113, "nombre": "Puebla", "distrito_l": 17, "distrito_f": 1}, "geometry": {"type": "Polygon", "coordinates": [[[-98.100072, 18.896334], [-98.088933, 18.896334], [-98.088933, 18.909376], [-98.100072, 18.909376], [-98.100072, 18.896334]]]}}, {"type": "Feature", "id": 1003, "properties": {"seccion": 1003, "id": 1003, "municipio": 113, "nombre": "Puebla", "distrito_l": 17, "distrito_f": 1}, "geometry": {"type": "Polygon", "coordinates": [[[-98.088933, 18.896334], [-98.077794, 18.896334], [-98.077794, 18.909376], [-98.088933, 18.909376], [-98.088933, 18.896334]]]}}, {"type": "Feature", "id": 1004, "properties": {"seccion": 1004, "id": 1004, "municipio": 113, "nombre": "Puebla", "distrito_l": 17, "distrito_f": 1}, "geometry": {"type": "Polygon", "coordinates": [[[-98.077794, 18.896334], [-98.066655, 18.896334], [-98.066655, 18.909376], [-98.077794, 18.909376], [-98.077794, 18.896334]]]}}, {"type": "Feature", "id": 1005, "properties": {"seccion": 1005, "id": 1005, "municipio": 113, "nombre": "Puebla", "distrito_l": 9, "distrito_f": 1}, "geometry": {"type": "Polygon", "coordinates": [[[-98.066654, 18.896334], [-98.055515, 18.896334], [-98.055515, 18.909376], [-98.066654, 18.909376], [-98.066654, 18.896334]]]}}, {"type": "Feature", "id": 1006, "properties": {"seccion": 1006, "id": 1006, "municipio": 113, "nombre": "Puebla", "distrito_l": 9, "distrito_f": 1}, "geometry": {"type": "Polygon", "coordinates": [[[-98.055515, 18.896334], [-98.044376, 18.896334], [-98.044376, 18.909376], [-98.055515, 18.909376], [-98.055515, 18.896334]]]}}, {"type": "Feature", "id": 1007, "properties": {"seccion": 1007, "id": 1007, "municipio": 113, "nombre": "Puebla", "distrito_l": 9, "distrito_f": 1}, "geometry": {"type": "Polygon", "coordinates": [[[-98.044376, 18.896334], [-98.033237, 18.896334], [-98.033237, 18.909376], [-98.044376, 18.909376], [-98.044376, 18.896334]]]}}, {"type": "Feature", "id": 1008, "properties": {"seccion": 1008, "id": 1008, "municipio": 113, "nombre": "Puebla", "distrito_l": 9, "distrito_f": 1}, "geometry": {"type": "Polygon", "coordinates": [[[-98.033237, 18.896334], [-98.022098, 18.896334], [-98.022098, 18.909376], [-98.033237, 18.909376], [-98.033237, 18.896334]]]}}, {"type": "Feature", "id": 1009, "properties": {"seccion": 1009, "id": 1009, "municipio": 113, "nombre": "Puebla", "distrito_l": 9, "distrito_f": 1}, "geometry": {"type": "Polygon", "coordinates": [[[-98.022098, 18.896334], [-98.010959, 18.896334], [-98.010959, 18.909376], [-98.022098, 18.909376], [-98.022098, 18.896334]]]}}, {"type": "Feature", "id": 1010, "properties": {"seccion": 1010, "id": 1010, "municipio": 113, "nombre": "Puebla", "distrito_l": 9, "distrito_f": 1}, "geometry": {"type": "Polygon", "coordinates": [[[-98.010958, 18.896334], [-97.999819, 18.896334], [-97.999819, 18.909376], [-98.010958, 18.909376], [-98.010958, 18.896334]]]}}, {"type": "Feature", "id": 1011, "properties": {"seccion": 1011, "id": 1011, "municipio": 113, "nombre": "Puebla", "distrito_l": 17, "distrito_f": 1}, "geometry": {"type": "Polygon", "coordinates": [[[-97.999819, 18.896334], [-97.98868, 18.896334], [-97.98868, 18.909376], [-97.999819, 18.909376], [-97.999819, 18.896334]]]}}, {"type": "Feature", "id": 1012, "properties": {"seccion": 1012, "id": 1012, "municipio": 113, "nombre": "Puebla", "distrito_l": 17, "distrito_f": 1}, "geometry": {"type": "Polygon", "coordinates": [[[-97.98868, 18.896334], [-97.977541, 18.896334], [-97.977541, 18.909376], [-97.98868, 18.909376], [-97.98868, 18.896334]]]}}, {"type": "Feature", "id": 1013, "properties": {"seccion": 1013, "id": 1013, "municipio": 113, "nombre": "Puebla", "distrito_l": 17, "distrito_f": 1}, "geometry": {"type": "Polygon", "coordinates": [[[-97.977541, 18.896334], [-97.966402, 18.896334], [-97.966402, 18.909376], [-97.977541, 18.909376], [-97.977541, 18.896334]]]}}, {"type": "Feature", "id": 1014, "properties": {"seccion": 1014, "id": 1014, "municipio": 113, "nombre": "Puebla", "distrito_l": 17, "distrito_f": 1}, "geometry": {"type": "Polygon", "coordinates": [[[-97.966402, 18.896334], [-97.955263, 18.896334], [-97.955263, 18.909376], [-97.966402, 18.909376], [-97.966402, 18.896334]]]}}, {"type": "Feature", "id": 1015, "properties": {"seccion": 1015, "id": 1015, "municipio": 113, "nombre": "Puebla", "distrito_l": 17, "distrito_f": 1}, "geometry": {"type": "Polygon", "coordinates": [[[-97.955263, 18.896334], [-97.944124, 18.896334], [-97.944124, 18.909376], [-97.955263, 18.909376], [-97.955263, 18.896334]]]}}, {"type": "Feature", "id": 1016, "properties": {"seccion": 1016, "id": 1016, "municipio": 113, "nombre": "Puebla", "distrito_l": 17, "distrito_f": 1}, "geometry": {"type": "Polygon", "coordinates": [[[-97.944123, 18.896334], [-97.932984, 18.896334], [-97.932984, 18.909376], [-97.944123, 18.909376], [-97.944123, 18.896334]]]}}, {"type": "Feature", "id": 1017, "properties": {"seccion": 1017, "id": 1017, "municipio": 113, "nombre": "Puebla", "distrito_l": 17, "distrito_f": 1}, "geometry": {"type": "Polygon", "coordinates": [[[-97.932984, 18.896334], [-97.921845, 18.896334], [-97.921845, 18.909376], [-97.932984, 18.909376], [-97.932984, 18.896334]]]}}, {"type": "Feature", "id": 1018, "properties": {"seccion": 1018, "id": 1018, "municipio": 113, "nombre": "Puebla", "distrito_l": 17, "distrito_f": 1}, "geometry": {"type": "Polygon", "coordinates": [[[-97.921845, 18.896334], [-97.910706, 18.896334], [-97.910706, 18.909376], [-97.921845, 18.909376], [-97.921845, 18.896334]]]}}, {"type": "Feature", "id": 1019, "properties": {"seccion": 1019, "id": 1019, "municipio": 113, "nombre": "Puebla", "distrito_l": 17, "distrito_f": 1}, "geometry": {"type": "Polygon", "coordinates": [[[-97.910706, 18.896334], [-97.899567, 18.896334], [-97.899567, 18.909376], [-97.910706, 18.909376], [-97.910706, 18.896334]]]}}, {"type": "Feature", "id": 1020, "properties": {"seccion": 1020, "id": 1020, "municipio": 113, "nombre": "Puebla", "distrito_l": 17, "distrito_f": 1}, "geometry": {"type": "Polygon", "coordinates": [[[-98.222603, 18.909376], [-98.211464, 18.909376], [-98.211464, 18.922418], [-98.222603, 18.922418], [-98.222603, 18.909376]]]}}, {"type": "Feature", "id": 1021, "properties": {"seccion": 1021, "id": 1021, "municipio": 113, "nombre": "Puebla", "distrito_l": 17, "distrito_f": 1}, "geometry": {"type": "Polygon", "coordinates": [[[-98.211464, 18.909376], [-98.200325, 18.909376], [-98.200325, 18.922418], [-98.211464, 18.922418], [-98.211464, 18.909376]]]}}, {"type": "Feature", "id": 1022, "properties": {"seccion": 1022, "id": 1022, "municipio": 113, "nombre": "Puebla", "distrito_l": 17, "distrito_f": 1}, "geometry": {"type": "Polygon", "coordinates": [[[-98.200324, 18.909376], [-98.189185, 18.909376], [-98.189185, 18.922418], [-98.200324, 18.922418], [-98.200324, 18.909376]]]}}, {"type": "Feature", "id": 1023, "properties": {"seccion": 1023, "id": 1023, "municipio": 113, "nombre": "Puebla", "distrito_l": 17, "distrito_f": 1}, "geometry": {"type": "Polygon", "coordinates": [[[-98.189185, 18.909376], [-98.178046, 18.909376], [-98.178046, 18.922418], [-98.189185, 18.922418], [-98.189185, 18.909376]]]}}, {"type": "Feature", "id": 1024, "properties": {"seccion": 1024, "id": 1024, "municipio": 113, "nombre": "Puebla", "distrito_l": 17, "distrito_f": 1}, "geometry": {"type": "Polygon", "coordinates": [[[-98.178046, 18.909376], [-98.166907, 18.909376], [-98.166907, 18.922418], [-98.178046, 18.922418], [-98.178046, 18.909376]]]}}, {"type": "Feature", "id": 1025, "properties": {"seccion": 1025, "id": 1025, "municipio": 113, "nombre": "Puebla", "distrito_l": 17, "distrito_f": 1}, "geometry": {"type": "Polygon", "coordinates": [[[-98.166907, 18.909376], [-98.155768, 18.909376], [-98.155768, 18.922418], [-98.166907, 18.922418], [-98.166907, 18.909376]]]}}, {"type": "Feature", "id": 1026, "properties": {"seccion": 1026, "id": 1026, "municipio": 113, "nombre": "Puebla", "distrito_l": 17, "distrito_f": 1}, "geometry": {"type": "Polygon", "coordinates": [[[-98.155768, 18.909376], [-98.144629, 18.909376], [-98.144629, 18.922418], [-98.155768, 18.922418], [-98.155768, 18.909376]]]}}, {"type": "Feature", "id": 1027, "properties": {"seccion": 1027, "id": 1027, "municipio": 113, "nombre": "Puebla", "distrito_l": 9, "distrito_f": 1}, "geometry": {"type": "Polygon", "coordinates": [[[-98.144629, 18.909376], [-98.13349, 18.909376], [-98.13349, 18.922418], [-98.144629, 18.922418], [-98.144629, 18.909376]]]}}, {"type": "Feature", "id": 1028, "properties": {"seccion": 1028, "id": 1028, "municipio": 113, "nombre": "Puebla", "distrito_l": 9, "distrito_f": 1}, "geometry": {"type": "Polygon", "coordinates": [[[-98.133489, 18.909376], [-98.12235, 18.909376], [-98.12235, 18.922418], [-98.133489, 18.922418], [-98.133489, 18.909376]]]}}, {"type": "Feature", "id": 1029, "properties": {"seccion": 1029, "id": 1029, "municipio": 113, "nombre": "Puebla", "distrito_l": 9, "distrito_f": 1}, "geometry": {"type": "Polygon", "coordinates": [[[-98.12235, 18.909376], [-98.111211, 18.909376], [-98.111211, 18.922418], [-98.12235, 18.922418], [-98.12235, 18.909376]]]}}, {"type": "Feature", "id": 1030, "properties": {"seccion": 1030, "id": 1030, "municipio": 113, "nombre": "Puebla", "distrito_l": 9, "distrito_f": 1}, "geometry": {"type": "Polygon", "coordinates": [[[-98.111211, 18.909376], [-98.100072, 18.909376], [-98.100072, 18.922418], [-98.111211, 18.922418], [-98.111211, 18.909376]]]}}, {"type": "Feature", "id": 1031, "properties": {"seccion": 1031, "id": 1031, "municipio": 113, "nombre": "Puebla", "distrito_l": 17, "distrito_f": 1}, "geometry": {"type": "Polygon", "coordinates": [[[-98.100072, 18.909376], [-98.088933, 18.909376], [-98.088933, 18.922418], [-98.100072, 18.922418], [-98.100072, 18.909376]]]}}, {"type": "Feature", "id": 1032, "properties": {"seccion": 1032, "id": 1032, "municipio": 113, "nombre": "Puebla", "distrito_l": 17, "distrito_f": 1}, "geometry": {"type": "Polygon", "coordinates": [[[-98.088933, 18.909376], [-98.077794, 18.909376], [-98.077794, 18.922418], [-98.088933, 18.922418], [-98.088933, 18.909376]]]}}, {"type": "Feature", "id": 1033, "properties": {"seccion": 1033, "id": 1033, "municipio": 113, "nombre": "Puebla", "distrito_l": 17, "distrito_f": 1}, "geometry": {"type": "Polygon", "coordinates": [[[-98.077794, 18.909376], [-98.066655, 18.909376], [-98.066655, 18.922418], [-98.077794, 18.922418], [-98.077794, 18.909376]]]}}, {"type": "Feature", "id": 1034, "properties": {"seccion": 1034, "id": 1034, "municipio": 113, "nombre": "Puebla", "distrito_l": 17, "distrito_f": 1}, "geometry": {"type": "Polygon", "coordinates": [[[-98.066654, 18.909376], [-98.055515, 18.909376], [-98.055515, 18.922418], [-98.066654, 18.922418], [-98.066654, 18.909376]]]}}, {"type": "Feature", "id": 1035, "properties": {"seccion": 1035, "id": 1035, "municipio": 113, "nombre": "Puebla", "distrito_l": 17, "distrito_f": 1}, "geometry": {"type": "Polygon", "coordinates": [[[-98.055515, 18.909376], [-98.044376, 18.909376], [-98.044376, 18.922418], [-98.055515, 18.922418], [-98.055515, 18.909376]]]}}, {"type": "Feature", "id": 1036, "properties": {"seccion": 1036, "id": 1036, "municipio": 113, "nombre": "Puebla", "distrito_l": 17, "distrito_f": 1}, "geometry": {"type": "Polygon", "coordinates": [[[-98.044376, 18.909376], [-98.033237, 18.909376], [-98.033237, 18.922418], [-98.044376, 18.922418], [-98.044376, 18.909376]]]}}, {"type": "Feature", "id": 1037, "properties": {"seccion": 1037, "id": 1037, "municipio": 113, "nombre": "Puebla", "distrito_l": 17, "distrito_f": 1}, "geometry": {"type": "Polygon", "coordinates": [[[-98.033237, 18.909376], [-98.022098, 18.909376], [-98.022098, 18.922418], [-98.033237, 18.922418], [-98.033237, 18.909376]]]}}, {"type": "Feature", "id": 1038, "properties": {"seccion": 1038, "id": 1038, "municipio": 113, "nombre": "Puebla", "distrito_l": 17, "distrito_f": 1}, "geometry": {"type": "Polygon", "coordinates": [[[-98.022098, 18.909376], [-98.010959, 18.909376], [-98.010959, 18.922418], [-98.022098, 18.922418], [-98.022098, 18.909376]]]}}, {"type": "Feature", "id": 1039, "properties": {"seccion": 1039, "id": 1039, "municipio": 113, "nombre": "Puebla", "distrito_l": 17, "distrito_f": 1}, "geometry": {"type": "Polygon", "coordinates": [[[-98.010958, 18.909376], [-97.999819, 18.909376], [-97.999819, 18.922418], [-98.010958, 18.922418], [-98.010958, 18.909376]]]}}, {"type": "Feature", "id": 1040, "properties": {"seccion": 1040, "id": 1040, "municipio": 113, "nombre": "Puebla", "distrito_l": 17, "distrito_f": 1}, "geometry": {"type": "Polygon", "coordinates": [[[-97.999819, 18.909376], [-97.98868, 18.909376], [-97.98868, 18.922418], [-97.999819, 18.922418], [-97.999819, 18.909376]]]}}, {"type": "Feature", "id": 1041, "properties": {"seccion": 1041, "id": 1041, "municipio": 113, "nombre": "Puebla", "distrito_l": 10, "distrito_f": 1}, "geometry": {"type": "Polygon", "coordinates": [[[-97.98868, 18.909376], [-97.977541, 18.909376], [-97.977541, 18.922418], [-97.98868, 18.922418], [-97.98868, 18.909376]]]}}, {"type": "Feature", "id": 1042, "properties": {"seccion": 1042, "id": 1042, "municipio": 113, "nombre": "Puebla", "distrito_l": 10, "distrito_f": 1}, "geometry": {"type": "Polygon", "coordinates": [[[-97.977541, 18.909376], [-97.966402, 18.909376], [-97.966402, 18.922418], [-97.977541, 18.922418], [-97.977541, 18.909376]]]}}, {"type": "Feature", "id": 1043, "properties": {"seccion": 1043, "id": 1043, "municipio": 113, "nombre": "Puebla", "distrito_l": 10, "distrito_f": 1}, "geometry": {"type": "Polygon", "coordinates": [[[-97.966402, 18.909376], [-97.955263, 18.909376], [-97.955263, 18.922418], [-97.966402, 18.922418], [-97.966402, 18.909376]]]}}, {"type": "Feature", "id": 1044, "properties": {"seccion": 1044, "id": 1044, "municipio": 113, "nombre": "Puebla", "distrito_l": 17, "distrito_f": 1}, "geometry": {"type": "Polygon", "coordinates": [[[-97.955263, 18.909376], [-97.944124, 18.909376], [-97.944124, 18.922418], [-97.955263, 18.922418], [-97.955263, 18.909376]]]}}, {"type": "Feature", "id": 1045, "properties": {"seccion": 1045, "id": 1045, "municipio": 113, "nombre": "Puebla", "distrito_l": 17, "distrito_f": 1}, "geometry": {"type": "Polygon", "coordinates": [[[-97.944123, 18.909376], [-97.932984, 18.909376], [-97.932984, 18.922418], [-97.944123, 18.922418], [-97.944123, 18.909376]]]}}, {"type": "Feature", "id": 1046, "properties": {"seccion": 1046, "id": 1046, "municipio": 113, "nombre": "Puebla", "distrito_l": 9, "distrito_f": 1}, "geometry": {"type": "Polygon", "coordinates": [[[-97.932984, 18.909376], [-97.921845, 18.909376], [-97.921845, 18.922418], [-97.932984, 18.922418], [-97.932984, 18.909376]]]}}, {"type": "Feature", "id": 1047, "properties": {"seccion": 1047, "id": 1047, "municipio": 113, "nombre": "Puebla", "distrito_l": 9, "distrito_f": 1}, "geometry": {"type": "Polygon", "coordinates": [[[-97.921845, 18.909376], [-97.910706, 18.909376], [-97.910706, 18.922418], [-97.921845, 18.922418], [-97.921845, 18.909376]]]}}, {"type": "Feature", "id": 1048, "properties": {"seccion": 1048, "id": 1048, "municipio": 113, "nombre": "Puebla", "distrito_l": 9, "distrito_f": 1}, "geometry": {"type": "Polygon", "coordinates": [[[-97.910706, 18.909376], [-97.899567, 18.909376], [-97.899567, 18.922418], [-97.910706, 18.922418], [-97.910706, 18.909376]]]}}, {"type": "Feature", "id": 1049, "properties": {"seccion": 1049, "id": 1049, "municipio": 113, "nombre": "Puebla", "distrito_l": 9, "distrito_f": 1}, "geometry": {"type": "Polygon", "coordinates": [[[-98.222603, 18.922418], [-98.211464, 18.922418], [-98.211464, 18.93546], [-98.222603, 18.93546], [-98.222603, 18.922418]]]}}, {"type": "Feature", "id": 1050, "properties": {"seccion": 1050, "id": 1050, "municipio": 113, "nombre": "Puebla", "distrito_l": 9, "distrito_f": 1}, "geometry": {"type": "Polygon", "coordinates": [[[-98.211464, 18.922418], [-98.200325, 18.922418], [-98.200325, 18.93546], [-98.211464, 18.93546], [-98.211464, 18.922418]]]}}, {"type": "Feature", "id": 1051, "properties": {"seccion": 1051, "id": 1051, "municipio": 113, "nombre": "Puebla", "distrito_l": 17, "distrito_f": 1}, "geometry": {"type": "Polygon", "coordinates": [[[-98.200324, 18.922418], [-98.189185, 18.922418], [-98.189185, 18.93546], [-98.200324, 18.93546], [-98.200324, 18.922418]]]}}, {"type": "Feature", "id": 1052, "properties": {"seccion": 1052, "id": 1052, "municipio": 113, "nombre": "Puebla", "distrito_l": 17, "distrito_f": 1}, "geometry": {"type": "Polygon", "coordinates": [[[-98.189185, 18.922418], [-98.178046, 18.922418], [-98.178046, 18.93546], [-98.189185, 18.93546], [-98.189185, 18.922418]]]}}, {"type": "Feature", "id": 1053, "properties": {"seccion": 1053, "id": 1053, "municipio": 113, "nombre": "Puebla", "distrito_l": 17, "distrito_f": 1}, "geometry": {"type": "Polygon", "coordinates": [[[-98.178046, 18.922418], [-98.166907, 18.922418], [-98.166907, 18.93546], [-98.178046, 18.93546], [-98.178046, 18.922418]]]}}, {"type": "Feature", "id": 1054, "properties": {"seccion": 1054, "id": 1054, "municipio": 113, "nombre": "Puebla", "distrito_l": 10, "distrito_f": 1}, "geometry": {"type": "Polygon", "coordinates": [[[-98.166907, 18.922418], [-98.155768, 18.922418], [-98.155768, 18.93546], [-98.166907, 18.93546], [-98.166907, 18.922418]]]}}, {"type": "Feature", "id": 1055, "properties": {"seccion": 1055, "id": 1055, "municipio": 113, "nombre": "Puebla", "distrito_l": 9, "distrito_f": 1}, "geometry": {"type": "Polygon", "coordinates": [[[-98.155768, 18.922418], [-98.144629, 18.922418], [-98.144629, 18.93546], [-98.155768, 18.93546], [-98.155768, 18.922418]]]}}, {"type": "Feature", "id": 1056, "properties": {"seccion": 1056, "id": 1056, "municipio": 113, "nombre": "Puebla", "distrito_l": 9, "distrito_f": 1}, "geometry": {"type": "Polygon", "coordinates": [[[-98.144629, 18.922418], [-98.13349, 18.922418], [-98.13349, 18.93546], [-98.144629, 18.93546], [-98.144629, 18.922418]]]}}, {"type": "Feature", "id": 1057, "properties": {"seccion": 1057, "id": 1057, "municipio": 113, "nombre": "Puebla", "distrito_l": 9, "distrito_f": 1}, "geometry": {"type": "Polygon", "coordinates": [[[-98.133489, 18.922418], [-98.12235, 18.922418], [-98.12235, 18.93546], [-98.133489, 18.93546], [-98.133489, 18.922418]]]}}, {"type": "Feature", "id": 1058, "properties": {"seccion": 1058, "id": 1058, "municipio": 113, "nombre": "Puebla", "distrito_l": 9, "distrito_f": 1}, "geometry": {"type": "Polygon", "coordinates": [[[-98.12235, 18.922418], [-98.111211, 18.922418], [-98.111211, 18.93546], [-98.12235, 18.93546], [-98.12235, 18.922418]]]}}, {"type": "Feature", "id": 1059, "properties": {"seccion": 1059, "id": 1059, "municipio": 113, "nombre": "Puebla", "distrito_l": 9, "distrito_f": 1}, "geometry": {"type": "Polygon", "coordinates": [[[-98.111211, 18.922418], [-98.100072, 18.922418], [-98.100072, 18.93546], [-98.111211, 18.93546], [-98.111211, 18.922418]]]}}, {"type": "Feature", "id": 1060, "properties": {"seccion": 1060, "id": 1060, "municipio": 113, "nombre": "Puebla", "distrito_l": 9, "distrito_f": 1}, "geometry": {"type": "Polygon", "coordinates": [[[-98.100072, 18.922418], [-98.088933, 18.922418], [-98.088933, 18.93546], [-98.100072, 18.93546], [-98.100072, 18.922418]]]}}, {"type": "Feature", "id": 1061, "properties": {"seccion": 1061, "id": 1061, "municipio": 113, "nombre": "Puebla", "distrito_l": 9, "distrito_f": 1}, "geometry": {"type": "Polygon", "coordinates": [[[-98.088933, 18.922418], [-98.077794, 18.922418], [-98.077794, 18.93546], [-98.088933, 18.93546], [-98.088933, 18.922418]]]}}, {"type": "Feature", "id": 1062, "properties": {"seccion": 1062, "id": 1062, "municipio": 113, "nombre": "Puebla", "distrito_l": 9, "distrito_f": 1}, "geometry": {"type": "Polygon", "coordinates": [[[-98.077794, 18.922418], [-98.066655, 18.922418], [-98.066655, 18.93546], [-98.077794, 18.93546], [-98.077794, 18.922418]]]}}, {"type": "Feature", "id": 1063, "properties": {"seccion": 1063, "id": 1063, "municipio": 113, "nombre": "Puebla", "distrito_l": 10, "distrito_f": 1}, "geometry": {"type": "Polygon", "coordinates": [[[-98.066654, 18.922418], [-98.055515, 18.922418], [-98.055515, 18.93546], [-98.066654, 18.93546], [-98.066654, 18.922418]]]}}, {"type": "Feature", "id": 1064, "properties": {"seccion": 1064, "id": 1064, "municipio": 113, "nombre": "Puebla", "distrito_l": 10, "distrito_f": 1}, "geometry": {"type": "Polygon", "coordinates": [[[-98.055515, 18.922418], [-98.044376, 18.922418], [-98.044376, 18.93546], [-98.055515, 18.93546], [-98.055515, 18.922418]]]}}, {"type": "Feature", "id": 1066, "properties": {"seccion": 1066, "id": 1066, "municipio": 113, "nombre": "Puebla", "distrito_l": 10, "distrito_f": 1}, "geometry": {"type": "Polygon", "coordinates": [[[-98.044376, 18.922418], [-98.033237, 18.922418], [-98.033237, 18.93546], [-98.044376, 18.93546], [-98.044376, 18.922418]]]}}, {"type": "Feature", "id": 1067, "properties": {"seccion": 1067, "id": 1067, "municipio": 113, "nombre": "Puebla", "distrito_l": 10, "distrito_f": 1}, "geometry": {"type": "Polygon", "coordinates": [[[-98.033237, 18.922418], [-98.022098, 18.922418], [-98.022098, 18.93546], [-98.033237, 18.93546], [-98.033237, 18.922418]]]}}, {"type": "Feature", "id": 1068, "properties": {"seccion": 1068, "id": 1068, "municipio": 113, "nombre": "Puebla", "distrito_l": 10, "distrito_f": 1}, "geometry": {"type": "Polygon", "coordinates": [[[-98.022098, 18.922418], [-98.010959, 18.922418], [-98.010959, 18.93546], [-98.022098, 18.93546], [-98.022098, 18.922418]]]}}, {"type": "Feature", "id": 1069, "properties": {"seccion": 1069, "id": 1069, "municipio": 113, "nombre": "Puebla", "distrito_l": 9, "distrito_f": 1}, "geometry": {"type": "Polygon", "coordinates": [[[-98.010958, 18.922418], [-97.999819, 18.922418], [-97.999819, 18.93546], [-98.010958, 18.93546], [-98.010958, 18.922418]]]}}, {"type": "Feature", "id": 1070, "properties": {"seccion": 1070, "id": 1070, "municipio": 113, "nombre": "Puebla", "distrito_l": 9, "distrito_f": 1}, "geometry": {"type": "Polygon", "coordinates": [[[-97.999819, 18.922418], [-97.98868, 18.922418], [-97.98868, 18.93546], [-97.999819, 18.93546], [-97.999819, 18.922418]]]}}, {"type": "Feature", "id": 1071, "properties": {"seccion": 1071, "id": 1071, "municipio": 113, "nombre": "Puebla", "distrito_l": 9, "distrito_f": 1}, "geometry": {"type": "Polygon", "coordinates": [[[-97.98868, 18.922418], [-97.977541, 18.922418], [-97.977541, 18.93546], [-97.98868, 18.93546], [-97.98868, 18.922418]]]}}, {"type": "Feature", "id": 1072, "properties": {"seccion": 1072, "id": 1072, "municipio": 113, "nombre": "Puebla", "distrito_l": 10, "distrito_f": 1}, "geometry": {"type": "Polygon", "coordinates": [[[-97.977541, 18.922418], [-97.966402, 18.922418], [-97.966402, 18.93546], [-97.977541, 18.93546], [-97.977541, 18.922418]]]}}, {"type": "Feature", "id": 1073, "properties": {"seccion": 1073, "id": 1073, "municipio": 113, "nombre": "Puebla", "distrito_l": 10, "distrito_f": 1}, "geometry": {"type": "Polygon", "coordinates": [[[-97.966402, 18.922418], [-97.955263, 18.922418], [-97.955263, 18.93546], [-97.966402, 18.93546], [-97.966402, 18.922418]]]}}, {"type": "Feature", "id": 1074, "properties": {"seccion": 1074, "id": 1074, "municipio": 113, "nombre": "Puebla", "distrito_l": 10, "distrito_f": 1}, "geometry": {"type": "Polygon", "coordinates": [[[-97.955263, 18.922418], [-97.944124, 18.922418], [-97.944124, 18.93546], [-97.955263, 18.93546], [-97.955263, 18.922418]]]}}, {"type": "Feature", "id": 1075, "properties": {"seccion": 1075, "id": 1075, "municipio": 113, "nombre": "Puebla", "distrito_l": 10, "distrito_f": 1}, "geometry": {"type": "Polygon", "coordinates": [[[-97.944123, 18.922418], [-97.932984, 18.922418], [-97.932984, 18.93546], [-97.944123, 18.93546], [-97.944123, 18.922418]]]}}, {"type": "Feature", "id": 1077, "properties": {"seccion": 1077, "id": 1077, "municipio": 113, "nombre": "Puebla", "distrito_l": 10, "distrito_f": 1}, "geometry": {"type": "Polygon", "coordinates": [[[-97.932984, 18.922418], [-97.921845, 18.922418], [-97.921845, 18.93546], [-97.932984, 18.93546], [-97.932984, 18.922418]]]}}, {"type": "Feature", "id": 1078, "properties": {"seccion": 1078, "id": 1078, "municipio": 113, "nombre": "Puebla", "distrito_l": 10, "distrito_f": 1}, "geometry": {"type": "Polygon", "coordinates": [[[-97.921845, 18.922418], [-97.910706, 18.922418], [-97.910706, 18.93546], [-97.921845, 18.93546], [-97.921845, 18.922418]]]}}, {"type": "Feature", "id": 1079, "properties": {"seccion": 1079, "id": 1079, "municipio": 113, "nombre": "Puebla", "distrito_l": 9, "distrito_f": 1}, "geometry": {"type": "Polygon", "coordinates": [[[-97.910706, 18.922418], [-97.899567, 18.922418], [-97.899567, 18.93546], [-97.910706, 18.93546], [-97.910706, 18.922418]]]}}, {"type": "Feature", "id": 1080, "properties": {"seccion": 1080, "id": 1080, "municipio": 113, "nombre": "Puebla", "distrito_l": 17, "distrito_f": 1}, "geometry": {"type": "Polygon", "coordinates": [[[-98.222603, 18.935459], [-98.211464, 18.935459], [-98.211464, 18.948501], [-98.222603, 18.948501], [-98.222603, 18.935459]]]}}, {"type": "Feature", "id": 1081, "properties": {"seccion": 1081, "id": 1081, "municipio": 113, "nombre": "Puebla", "distrito_l": 17, "distrito_f": 1}, "geometry": {"type": "Polygon", "coordinates": [[[-98.211464, 18.935459], [-98.200325, 18.935459], [-98.200325, 18.948501], [-98.211464, 18.948501], [-98.211464, 18.935459]]]}}, {"type": "Feature", "id": 1082, "properties": {"seccion": 1082, "id": 1082, "municipio": 113, "nombre": "Puebla", "distrito_l": 17, "distrito_f": 1}, "geometry": {"type": "Polygon", "coordinates": [[[-98.200324, 18.935459], [-98.189185, 18.935459], [-98.189185, 18.948501], [-98.200324, 18.948501], [-98.200324, 18.935459]]]}}, {"type": "Feature", "id": 1083, "properties": {"seccion": 1083, "id": 1083, "municipio": 113, "nombre": "Puebla", "distrito_l": 17, "distrito_f": 1}, "geometry": {"type": "Polygon", "coordinates": [[[-98.189185, 18.935459], [-98.178046, 18.935459], [-98.178046, 18.948501], [-98.189185, 18.948501], [-98.189185, 18.935459]]]}}, {"type": "Feature", "id": 1084, "properties": {"seccion": 1084, "id": 1084, "municipio": 113, "nombre": "Puebla", "distrito_l": 17, "distrito_f": 1}, "geometry": {"type": "Polygon", "coordinates": [[[-98.178046, 18.935459], [-98.166907, 18.935459], [-98.166907, 18.948501], [-98.178046, 18.948501], [-98.178046, 18.935459]]]}}, {"type": "Feature", "id": 1085, "properties": {"seccion": 1085, "id": 1085, "municipio": 113, "nombre": "Puebla", "distrito_l": 17, "distrito_f": 1}, "geometry": {"type": "Polygon", "coordinates": [[[-98.166907, 18.935459], [-98.155768, 18.935459], [-98.155768, 18.948501], [-98.166907, 18.948501], [-98.166907, 18.935459]]]}}, {"type": "Feature", "id": 1086, "properties": {"seccion": 1086, "id": 1086, "municipio": 113, "nombre": "Puebla", "distrito_l": 17, "distrito_f": 1}, "geometry": {"type": "Polygon", "coordinates": [[[-98.155768, 18.935459], [-98.144629, 18.935459], [-98.144629, 18.948501], [-98.155768, 18.948501], [-98.155768, 18.935459]]]}}, {"type": "Feature", "id": 1087, "properties": {"seccion": 1087, "id": 1087, "municipio": 113, "nombre": "Puebla", "distrito_l": 17, "distrito_f": 1}, "geometry": {"type": "Polygon", "coordinates": [[[-98.144629, 18.935459], [-98.13349, 18.935459], [-98.13349, 18.948501], [-98.144629, 18.948501], [-98.144629, 18.935459]]]}}, {"type": "Feature", "id": 1088, "properties": {"seccion": 1088, "id": 1088, "municipio": 113, "nombre": "Puebla", "distrito_l": 17, "distrito_f": 1}, "geometry": {"type": "Polygon", "coordinates": [[[-98.133489, 18.935459], [-98.12235, 18.935459], [-98.12235, 18.948501], [-98.133489, 18.948501], [-98.133489, 18.935459]]]}}, {"type": "Feature", "id": 1089, "properties": {"seccion": 1089, "id": 1089, "municipio": 113, "nombre": "Puebla", "distrito_l": 17, "distrito_f": 1}, "geometry": {"type": "Polygon", "coordinates": [[[-98.12235, 18.935459], [-98.111211, 18.935459], [-98.111211, 18.948501], [-98.12235, 18.948501], [-98.12235, 18.935459]]]}}, {"type": "Feature", "id": 1090, "properties": {"seccion": 1090, "id": 1090, "municipio": 113, "nombre": "Puebla", "distrito_l": 17, "distrito_f": 1}, "geometry": {"type": "Polygon", "coordinates": [[[-98.111211, 18.935459], [-98.100072, 18.935459], [-98.100072, 18.948501], [-98.111211, 18.948501], [-98.111211, 18.935459]]]}}, {"type": "Feature", "id": 1091, "properties": {"seccion": 1091, "id": 1091, "municipio": 113, "nombre": "Puebla", "distrito_l": 17, "distrito_f": 1}, "geometry": {"type": "Polygon", "coordinates": [[[-98.100072, 18.935459], [-98.088933, 18.935459], [-98.088933, 18.948501], [-98.100072, 18.948501], [-98.100072, 18.935459]]]}}, {"type": "Feature", "id": 1092, "properties": {"seccion": 1092, "id": 1092, "municipio": 113, "nombre": "Puebla", "distrito_l": 9, "distrito_f": 1}, "geometry": {"type": "Polygon", "coordinates": [[[-98.088933, 18.935459], [-98.077794, 18.935459], [-98.077794, 18.948501], [-98.088933, 18.948501], [-98.088933, 18.935459]]]}}, {"type": "Feature", "id": 1093, "properties": {"seccion": 1093, "id": 1093, "municipio": 113, "nombre": "Puebla", "distrito_l": 9, "distrito_f": 1}, "geometry": {"type": "Polygon", "coordinates": [[[-98.077794, 18.935459], [-98.066655, 18.935459], [-98.066655, 18.948501], [-98.077794, 18.948501], [-98.077794, 18.935459]]]}}, {"type": "Feature", "id": 1094, "properties": {"seccion": 1094, "id": 1094, "municipio": 113, "nombre": "Puebla", "distrito_l": 9, "distrito_f": 1}, "geometry": {"type": "Polygon", "coordinates": [[[-98.066654, 18.935459], [-98.055515, 18.935459], [-98.055515, 18.948501], [-98.066654, 18.948501], [-98.066654, 18.935459]]]}}, {"type": "Feature", "id": 1095, "properties": {"seccion": 1095, "id": 1095, "municipio": 113, "nombre": "Puebla", "distrito_l": 9, "distrito_f": 1}, "geometry": {"type": "Polygon", "coordinates": [[[-98.055515, 18.935459], [-98.044376, 18.935459], [-98.044376, 18.948501], [-98.055515, 18.948501], [-98.055515, 18.935459]]]}}, {"type": "Feature", "id": 1096, "properties": {"seccion": 1096, "id": 1096, "municipio": 113, "nombre": "Puebla", "distrito_l": 9, "distrito_f": 1}, "geometry": {"type": "Polygon", "coordinates": [[[-98.044376, 18.935459], [-98.033237, 18.935459], [-98.033237, 18.948501], [-98.044376, 18.948501], [-98.044376, 18.935459]]]}}, {"type": "Feature", "id": 1097, "properties": {"seccion": 1097, "id": 1097, "municipio": 113, "nombre": "Puebla", "distrito_l": 17, "distrito_f": 1}, "geometry": {"type": "Polygon", "coordinates": [[[-98.033237, 18.935459], [-98.022098, 18.935459], [-98.022098, 18.948501], [-98.033237, 18.948501], [-98.033237, 18.935459]]]}}, {"type": "Feature", "id": 1098, "properties": {"seccion": 1098, "id": 1098, "municipio": 113, "nombre": "Puebla", "distrito_l": 17, "distrito_f": 1}, "geometry": {"type": "Polygon", "coordinates": [[[-98.022098, 18.935459], [-98.010959, 18.935459], [-98.010959, 18.948501], [-98.022098, 18.948501], [-98.022098, 18.935459]]]}}, {"type": "Feature", "id": 1099, "properties": {"seccion": 1099, "id": 1099, "municipio": 113, "nombre": "Puebla", "distrito_l": 17, "distrito_f": 1}, "geometry": {"type": "Polygon", "coordinates": [[[-98.010958, 18.935459], [-97.999819, 18.935459], [-97.999819, 18.948501], [-98.010958, 18.948501], [-98.010958, 18.935459]]]}}, {"type": "Feature", "id": 1100, "properties": {"seccion": 1100, "id": 1100, "municipio": 113, "nombre": "Puebla", "distrito_l": 17, "distrito_f": 1}, "geometry": {"type": "Polygon", "coordinates": [[[-97.999819, 18.935459], [-97.98868, 18.935459], [-97.98868, 18.948501], [-97.999819, 18.948501], [-97.999819, 18.935459]]]}}, {"type": "Feature", "id": 1101, "properties": {"seccion": 1101, "id": 1101, "municipio": 113, "nombre": "Puebla", "distrito_l": 17, "distrito_f": 1}, "geometry": {"type": "Polygon", "coordinates": [[[-97.98868, 18.935459], [-97.977541, 18.935459], [-97.977541, 18.948501], [-97.98868, 18.948501], [-97.98868, 18.935459]]]}}, {"type": "Feature", "id": 1102, "properties": {"seccion": 1102, "id": 1102, "municipio": 113, "nombre": "Puebla", "distrito_l": 17, "distrito_f": 1}, "geometry": {"type": "Polygon", "coordinates": [[[-97.977541, 18.935459], [-97.966402, 18.935459], [-97.966402, 18.948501], [-97.977541, 18.948501], [-97.977541, 18.935459]]]}}, {"type": "Feature", "id": 1103, "properties": {"seccion": 1103, "id": 1103, "municipio": 113, "nombre": "Puebla", "distrito_l": 17, "distrito_f": 1}, "geometry": {"type": "Polygon", "coordinates": [[[-97.966402, 18.935459], [-97.955263, 18.935459], [-97.955263, 18.948501], [-97.966402, 18.948501], [-97.966402, 18.935459]]]}}, {"type": "Feature", "id": 1104, "properties": {"seccion": 1104, "id": 1104, "municipio": 113, "nombre": "Puebla", "distrito_l": 17, "distrito_f": 1}, "geometry": {"type": "Polygon", "coordinates": [[[-97.955263, 18.935459], [-97.944124, 18.935459], [-97.944124, 18.948501], [-97.955263, 18.948501], [-97.955263, 18.935459]]]}}, {"type": "Feature", "id": 1105, "properties": {"seccion": 1105, "id": 1105, "municipio": 113, "nombre": "Puebla", "distrito_l": 17, "distrito_f": 1}, "geometry": {"type": "Polygon", "coordinates": [[[-97.944123, 18.935459], [-97.932984, 18.935459], [-97.932984, 18.948501], [-97.944123, 18.948501], [-97.944123, 18.935459]]]}}, {"type": "Feature", "id": 1106, "properties": {"seccion": 1106, "id": 1106, "municipio": 113, "nombre": "Puebla", "distrito_l": 17, "distrito_f": 1}, "geometry": {"type": "Polygon", "coordinates": [[[-97.932984, 18.935459], [-97.921845, 18.935459], [-97.921845, 18.948501], [-97.932984, 18.948501], [-97.932984, 18.935459]]]}}, {"type": "Feature", "id": 1107, "properties": {"seccion": 1107, "id": 1107, "municipio": 113, "nombre": "Puebla", "distrito_l": 17, "distrito_f": 1}, "geometry": {"type": "Polygon", "coordinates": [[[-97.921845, 18.935459], [-97.910706, 18.935459], [-97.910706, 18.948501], [-97.921845, 18.948501], [-97.921845, 18.935459]]]}}, {"type": "Feature", "id": 1108, "properties": {"seccion": 1108, "id": 1108, "municipio": 113, "nombre": "Puebla", "distrito_l": 17, "distrito_f": 1}, "geometry": {"type": "Polygon", "coordinates": [[[-97.910706, 18.935459], [-97.899567, 18.935459], [-97.899567, 18.948501], [-97.910706, 18.948501], [-97.910706, 18.935459]]]}}, {"type": "Feature", "id": 1109, "properties": {"seccion": 1109, "id": 1109, "municipio": 113, "nombre": "Puebla", "distrito_l": 17, "distrito_f": 1}, "geometry": {"type": "Polygon", "coordinates": [[[-98.222603, 18.948501], [-98.211464, 18.948501], [-98.211464, 18.961543], [-98.222603, 18.961543], [-98.222603, 18.948501]]]}}, {"type": "Feature", "id": 1110, "properties": {"seccion": 1110, "id": 1110, "municipio": 113, "nombre": "Puebla", "distrito_l": 17, "distrito_f": 1}, "geometry": {"type": "Polygon", "coordinates": [[[-98.211464, 18.948501], [-98.200325, 18.948501], [-98.200325, 18.961543], [-98.211464, 18.961543], [-98.211464, 18.948501]]]}}, {"type": "Feature", "id": 1111, "properties": {"seccion": 1111, "id": 1111, "municipio": 113, "nombre": "Puebla", "distrito_l": 17, "distrito_f": 1}, "geometry": {"type": "Polygon", "coordinates": [[[-98.200324, 18.948501], [-98.189185, 18.948501], [-98.189185, 18.961543], [-98.200324, 18.961543], [-98.200324, 18.948501]]]}}, {"type": "Feature", "id": 1112, "properties": {"seccion": 1112, "id": 1112, "municipio": 113, "nombre": "Puebla", "distrito_l": 17, "distrito_f": 1}, "geometry": {"type": "Polygon", "coordinates": [[[-98.189185, 18.948501], [-98.178046, 18.948501], [-98.178046, 18.961543], [-98.189185, 18.961543], [-98.189185, 18.948501]]]}}, {"type": "Feature", "id": 1113, "properties": {"seccion": 1113, "id": 1113, "municipio": 113, "nombre": "Puebla", "distrito_l": 17, "distrito_f": 1}, "geometry": {"type": "Polygon", "coordinates": [[[-98.178046, 18.948501], [-98.166907, 18.948501], [-98.166907, 18.961543], [-98.178046, 18.961543], [-98.178046, 18.948501]]]}}, {"type": "Feature", "id": 1114, "properties": {"seccion": 1114, "id": 1114, "municipio": 113, "nombre": "Puebla", "distrito_l": 17, "distrito_f": 1}, "geometry": {"type": "Polygon", "coordinates": [[[-98.166907, 18.948501], [-98.155768, 18.948501], [-98.155768, 18.961543], [-98.166907, 18.961543], [-98.166907, 18.948501]]]}}, {"type": "Feature", "id": 1115, "properties": {"seccion": 1115, "id": 1115, "municipio": 113, "nombre": "Puebla", "distrito_l": 17, "distrito_f": 1}, "geometry": {"type": "Polygon", "coordinates": [[[-98.155768, 18.948501], [-98.144629, 18.948501], [-98.144629, 18.961543], [-98.155768, 18.961543], [-98.155768, 18.948501]]]}}, {"type": "Feature", "id": 1116, "properties": {"seccion": 1116, "id": 1116, "municipio": 113, "nombre": "Puebla", "distrito_l": 17, "distrito_f": 1}, "geometry": {"type": "Polygon", "coordinates": [[[-98.144629, 18.948501], [-98.13349, 18.948501], [-98.13349, 18.961543], [-98.144629, 18.961543], [-98.144629, 18.948501]]]}}, {"type": "Feature", "id": 1117, "properties": {"seccion": 1117, "id": 1117, "municipio": 113, "nombre": "Puebla", "distrito_l": 17, "distrito_f": 1}, "geometry": {"type": "Polygon", "coordinates": [[[-98.133489, 18.948501], [-98.12235, 18.948501], [-98.12235, 18.961543], [-98.133489, 18.961543], [-98.133489, 18.948501]]]}}, {"type": "Feature", "id": 1118, "properties": {"seccion": 1118, "id": 1118, "municipio": 113, "nombre": "Puebla", "distrito_l": 17, "distrito_f": 1}, "geometry": {"type": "Polygon", "coordinates": [[[-98.12235, 18.948501], [-98.111211, 18.948501], [-98.111211, 18.961543], [-98.12235, 18.961543], [-98.12235, 18.948501]]]}}, {"type": "Feature", "id": 1119, "properties": {"seccion": 1119, "id": 1119, "municipio": 113, "nombre": "Puebla", "distrito_l": 17, "distrito_f": 1}, "geometry": {"type": "Polygon", "coordinates": [[[-98.111211, 18.948501], [-98.100072, 18.948501], [-98.100072, 18.961543], [-98.111211, 18.961543], [-98.111211, 18.948501]]]}}, {"type": "Feature", "id": 1120, "properties": {"seccion": 1120, "id": 1120, "municipio": 113, "nombre": "Puebla", "distrito_l": 17, "distrito_f": 1}, "geometry": {"type": "Polygon", "coordinates": [[[-98.100072, 18.948501], [-98.088933, 18.948501], [-98.088933, 18.961543], [-98.100072, 18.961543], [-98.100072, 18.948501]]]}}, {"type": "Feature", "id": 1121, "properties": {"seccion": 1121, "id": 1121, "municipio": 113, "nombre": "Puebla", "distrito_l": 17, "distrito_f": 1}, "geometry": {"type": "Polygon", "coordinates": [[[-98.088933, 18.948501], [-98.077794, 18.948501], [-98.077794, 18.961543], [-98.088933, 18.961543], [-98.088933, 18.948501]]]}}, {"type": "Feature", "id": 1122, "properties": {"seccion": 1122, "id": 1122, "municipio": 113, "nombre": "Puebla", "distrito_l": 17, "distrito_f": 1}, "geometry": {"type": "Polygon", "coordinates": [[[-98.077794, 18.948501], [-98.066655, 18.948501], [-98.066655, 18.961543], [-98.077794, 18.961543], [-98.077794, 18.948501]]]}}, {"type": "Feature", "id": 1123, "properties": {"seccion": 1123, "id": 1123, "municipio": 113, "nombre": "Puebla", "distrito_l": 17, "distrito_f": 1}, "geometry": {"type": "Polygon", "coordinates": [[[-98.066654, 18.948501], [-98.055515, 18.948501], [-98.055515, 18.961543], [-98.066654, 18.961543], [-98.066654, 18.948501]]]}}, {"type": "Feature", "id": 1124, "properties": {"seccion": 1124, "id": 1124, "municipio": 113, "nombre": "Puebla", "distrito_l": 17, "distrito_f": 1}, "geometry": {"type": "Polygon", "coordinates": [[[-98.055515, 18.948501], [-98.044376, 18.948501], [-98.044376, 18.961543], [-98.055515, 18.961543], [-98.055515, 18.948501]]]}}, {"type": "Feature", "id": 1125, "properties": {"seccion": 1125, "id": 1125, "municipio": 113, "nombre": "Puebla", "distrito_l": 17, "distrito_f": 1}, "geometry": {"type": "Polygon", "coordinates": [[[-98.044376, 18.948501], [-98.033237, 18.948501], [-98.033237, 18.961543], [-98.044376, 18.961543], [-98.044376, 18.948501]]]}}, {"type": "Feature", "id": 1126, "properties": {"seccion": 1126, "id": 1126, "municipio": 113, "nombre": "Puebla", "distrito_l": 17, "distrito_f": 1}, "geometry": {"type": "Polygon", "coordinates": [[[-98.033237, 18.948501], [-98.022098, 18.948501], [-98.022098, 18.961543], [-98.033237, 18.961543], [-98.033237, 18.948501]]]}}, {"type": "Feature", "id": 1128, "properties": {"seccion": 1128, "id": 1128, "municipio": 113, "nombre": "Puebla", "distrito_l": 9, "distrito_f": 1}, "geometry": {"type": "Polygon", "coordinates": [[[-98.022098, 18.948501], [-98.010959, 18.948501], [-98.010959, 18.961543], [-98.022098, 18.961543], [-98.022098, 18.948501]]]}}, {"type": "Feature", "id": 1129, "properties": {"seccion": 1129, "id": 1129, "municipio": 113, "nombre": "Puebla", "distrito_l": 17, "distrito_f": 1}, "geometry": {"type": "Polygon", "coordinates": [[[-98.010958, 18.948501], [-97.999819, 18.948501], [-97.999819, 18.961543], [-98.010958, 18.961543], [-98.010958, 18.948501]]]}}, {"type": "Feature", "id": 1130, "properties": {"seccion": 1130, "id": 1130, "municipio": 113, "nombre": "Puebla", "distrito_l": 17, "distrito_f": 1}, "geometry": {"type": "Polygon", "coordinates": [[[-97.999819, 18.948501], [-97.98868, 18.948501], [-97.98868, 18.961543], [-97.999819, 18.961543], [-97.999819, 18.948501]]]}}, {"type": "Feature", "id": 1131, "properties": {"seccion": 1131, "id": 1131, "municipio": 113, "nombre": "Puebla", "distrito_l": 17, "distrito_f": 1}, "geometry": {"type": "Polygon", "coordinates": [[[-97.98868, 18.948501], [-97.977541, 18.948501], [-97.977541, 18.961543], [-97.98868, 18.961543], [-97.98868, 18.948501]]]}}, {"type": "Feature", "id": 1132, "properties": {"seccion": 1132, "id": 1132, "municipio": 113, "nombre": "Puebla", "distrito_l": 17, "distrito_f": 1}, "geometry": {"type": "Polygon", "coordinates": [[[-97.977541, 18.948501], [-97.966402, 18.948501], [-97.966402, 18.961543], [-97.977541, 18.961543], [-97.977541, 18.948501]]]}}, {"type": "Feature", "id": 1133, "properties": {"seccion": 1133, "id": 1133, "municipio": 113, "nombre": "Puebla", "distrito_l": 17, "distrito_f": 1}, "geometry": {"type": "Polygon", "coordinates": [[[-97.966402, 18.948501], [-97.955263, 18.948501], [-97.955263, 18.961543], [-97.966402, 18.961543], [-97.966402, 18.948501]]]}}, {"type": "Feature", "id": 1134, "properties": {"seccion": 1134, "id": 1134, "municipio": 113, "nombre": "Puebla", "distrito_l": 17, "distrito_f": 1}, "geometry": {"type": "Polygon", "coordinates": [[[-97.955263, 18.948501], [-97.944124, 18.948501], [-97.944124, 18.961543], [-97.955263, 18.961543], [-97.955263, 18.948501]]]}}, {"type": "Feature", "id": 1135, "properties": {"seccion": 1135, "id": 1135, "municipio": 113, "nombre": "Puebla", "distrito_l": 17, "distrito_f": 1}, "geometry": {"type": "Polygon", "coordinates": [[[-97.944123, 18.948501], [-97.932984, 18.948501], [-97.932984, 18.961543], [-97.944123, 18.961543], [-97.944123, 18.948501]]]}}, {"type": "Feature", "id": 1136, "properties": {"seccion": 1136, "id": 1136, "municipio": 113, "nombre": "Puebla", "distrito_l": 17, "distrito_f": 1}, "geometry": {"type": "Polygon", "coordinates": [[[-97.932984, 18.948501], [-97.921845, 18.948501], [-97.921845, 18.961543], [-97.932984, 18.961543], [-97.932984, 18.948501]]]}}, {"type": "Feature", "id": 1137, "properties": {"seccion": 1137, "id": 1137, "municipio": 113, "nombre": "Puebla", "distrito_l": 17, "distrito_f": 1}, "geometry": {"type": "Polygon", "coordinates": [[[-97.921845, 18.948501], [-97.910706, 18.948501], [-97.910706, 18.961543], [-97.921845, 18.961543], [-97.921845, 18.948501]]]}}, {"type": "Feature", "id": 1138, "properties": {"seccion": 1138, "id": 1138, "municipio": 113, "nombre": "Puebla", "distrito_l": 17, "distrito_f": 1}, "geometry": {"type": "Polygon", "coordinates": [[[-97.910706, 18.948501], [-97.899567, 18.948501], [-97.899567, 18.961543], [-97.910706, 18.961543], [-97.910706, 18.948501]]]}}, {"type": "Feature", "id": 1139, "properties": {"seccion": 1139, "id": 1139, "municipio": 113, "nombre": "Puebla", "distrito_l": 17, "distrito_f": 1}, "geometry": {"type": "Polygon", "coordinates": [[[-98.222603, 18.961543], [-98.211464, 18.961543], [-98.211464, 18.974585], [-98.222603, 18.974585], [-98.222603, 18.961543]]]}}, {"type": "Feature", "id": 1140, "properties": {"seccion": 1140, "id": 1140, "municipio": 113, "nombre": "Puebla", "distrito_l": 17, "distrito_f": 1}, "geometry": {"type": "Polygon", "coordinates": [[[-98.211464, 18.961543], [-98.200325, 18.961543], [-98.200325, 18.974585], [-98.211464, 18.974585], [-98.211464, 18.961543]]]}}, {"type": "Feature", "id": 1141, "properties": {"seccion": 1141, "id": 1141, "municipio": 113, "nombre": "Puebla", "distrito_l": 17, "distrito_f": 1}, "geometry": {"type": "Polygon", "coordinates": [[[-98.200324, 18.961543], [-98.189185, 18.961543], [-98.189185, 18.974585], [-98.200324, 18.974585], [-98.200324, 18.961543]]]}}, {"type": "Feature", "id": 1142, "properties": {"seccion": 1142, "id": 1142, "municipio": 113, "nombre": "Puebla", "distrito_l": 17, "distrito_f": 1}, "geometry": {"type": "Polygon", "coordinates": [[[-98.189185, 18.961543], [-98.178046, 18.961543], [-98.178046, 18.974585], [-98.189185, 18.974585], [-98.189185, 18.961543]]]}}, {"type": "Feature", "id": 1143, "properties": {"seccion": 1143, "id": 1143, "municipio": 113, "nombre": "Puebla", "distrito_l": 17, "distrito_f": 1}, "geometry": {"type": "Polygon", "coordinates": [[[-98.178046, 18.961543], [-98.166907, 18.961543], [-98.166907, 18.974585], [-98.178046, 18.974585], [-98.178046, 18.961543]]]}}, {"type": "Feature", "id": 1144, "properties": {"seccion": 1144, "id": 1144, "municipio": 113, "nombre": "Puebla", "distrito_l": 17, "distrito_f": 1}, "geometry": {"type": "Polygon", "coordinates": [[[-98.166907, 18.961543], [-98.155768, 18.961543], [-98.155768, 18.974585], [-98.166907, 18.974585], [-98.166907, 18.961543]]]}}, {"type": "Feature", "id": 1145, "properties": {"seccion": 1145, "id": 1145, "municipio": 113, "nombre": "Puebla", "distrito_l": 17, "distrito_f": 1}, "geometry": {"type": "Polygon", "coordinates": [[[-98.155768, 18.961543], [-98.144629, 18.961543], [-98.144629, 18.974585], [-98.155768, 18.974585], [-98.155768, 18.961543]]]}}, {"type": "Feature", "id": 1146, "properties": {"seccion": 1146, "id": 1146, "municipio": 113, "nombre": "Puebla", "distrito_l": 17, "distrito_f": 1}, "geometry": {"type": "Polygon", "coordinates": [[[-98.144629, 18.961543], [-98.13349, 18.961543], [-98.13349, 18.974585], [-98.144629, 18.974585], [-98.144629, 18.961543]]]}}, {"type": "Feature", "id": 1147, "properties": {"seccion": 1147, "id": 1147, "municipio": 113, "nombre": "Puebla", "distrito_l": 17, "distrito_f": 1}, "geometry": {"type": "Polygon", "coordinates": [[[-98.133489, 18.961543], [-98.12235, 18.961543], [-98.12235, 18.974585], [-98.133489, 18.974585], [-98.133489, 18.961543]]]}}, {"type": "Feature", "id": 1148, "properties": {"seccion": 1148, "id": 1148, "municipio": 113, "nombre": "Puebla", "distrito_l": 17, "distrito_f": 1}, "geometry": {"type": "Polygon", "coordinates": [[[-98.12235, 18.961543], [-98.111211, 18.961543], [-98.111211, 18.974585], [-98.12235, 18.974585], [-98.12235, 18.961543]]]}}, {"type": "Feature", "id": 1149, "properties": {"seccion": 1149, "id": 1149, "municipio": 113, "nombre": "Puebla", "distrito_l": 17, "distrito_f": 1}, "geometry": {"type": "Polygon", "coordinates": [[[-98.111211, 18.961543], [-98.100072, 18.961543], [-98.100072, 18.974585], [-98.111211, 18.974585], [-98.111211, 18.961543]]]}}, {"type": "Feature", "id": 1150, "properties": {"seccion": 1150, "id": 1150, "municipio": 113, "nombre": "Puebla", "distrito_l": 17, "distrito_f": 1}, "geometry": {"type": "Polygon", "coordinates": [[[-98.100072, 18.961543], [-98.088933, 18.961543], [-98.088933, 18.974585], [-98.100072, 18.974585], [-98.100072, 18.961543]]]}}, {"type": "Feature", "id": 1151, "properties": {"seccion": 1151, "id": 1151, "municipio": 113, "nombre": "Puebla", "distrito_l": 17, "distrito_f": 1}, "geometry": {"type": "Polygon", "coordinates": [[[-98.088933, 18.961543], [-98.077794, 18.961543], [-98.077794, 18.974585], [-98.088933, 18.974585], [-98.088933, 18.961543]]]}}, {"type": "Feature", "id": 1152, "properties": {"seccion": 1152, "id": 1152, "municipio": 113, "nombre": "Puebla", "distrito_l": 17, "distrito_f": 1}, "geometry": {"type": "Polygon", "coordinates": [[[-98.077794, 18.961543], [-98.066655, 18.961543], [-98.066655, 18.974585], [-98.077794, 18.974585], [-98.077794, 18.961543]]]}}, {"type": "Feature", "id": 1153, "properties": {"seccion": 1153, "id": 1153, "municipio": 113, "nombre": "Puebla", "distrito_l": 17, "distrito_f": 1}, "geometry": {"type": "Polygon", "coordinates": [[[-98.066654, 18.961543], [-98.055515, 18.961543], [-98.055515, 18.974585], [-98.066654, 18.974585], [-98.066654, 18.961543]]]}}, {"type": "Feature", "id": 1154, "properties": {"seccion": 1154, "id": 1154, "municipio": 113, "nombre": "Puebla", "distrito_l": 17, "distrito_f": 1}, "geometry": {"type": "Polygon", "coordinates": [[[-98.055515, 18.961543], [-98.044376, 18.961543], [-98.044376, 18.974585], [-98.055515, 18.974585], [-98.055515, 18.961543]]]}}, {"type": "Feature", "id": 1155, "properties": {"seccion": 1155, "id": 1155, "municipio": 113, "nombre": "Puebla", "distrito_l": 17, "distrito_f": 1}, "geometry": {"type": "Polygon", "coordinates": [[[-98.044376, 18.961543], [-98.033237, 18.961543], [-98.033237, 18.974585], [-98.044376, 18.974585], [-98.044376, 18.961543]]]}}, {"type": "Feature", "id": 1156, "properties": {"seccion": 1156, "id": 1156, "municipio": 113, "nombre": "Puebla", "distrito_l": 17, "distrito_f": 1}, "geometry": {"type": "Polygon", "coordinates": [[[-98.033237, 18.961543], [-98.022098, 18.961543], [-98.022098, 18.974585], [-98.033237, 18.974585], [-98.033237, 18.961543]]]}}, {"type": "Feature", "id": 1157, "properties": {"seccion": 1157, "id": 1157, "municipio": 113, "nombre": "Puebla", "distrito_l": 17, "distrito_f": 1}, "geometry": {"type": "Polygon", "coordinates": [[[-98.022098, 18.961543], [-98.010959, 18.961543], [-98.010959, 18.974585], [-98.022098, 18.974585], [-98.022098, 18.961543]]]}}, {"type": "Feature", "id": 1158, "properties": {"seccion": 1158, "id": 1158, "municipio": 113, "nombre": "Puebla", "distrito_l": 17, "distrito_f": 1}, "geometry": {"type": "Polygon", "coordinates": [[[-98.010958, 18.961543], [-97.999819, 18.961543], [-97.999819, 18.974585], [-98.010958, 18.974585], [-98.010958, 18.961543]]]}}, {"type": "Feature", "id": 1159, "properties": {"seccion": 1159, "id": 1159, "municipio": 113, "nombre": "Puebla", "distrito_l": 17, "distrito_f": 1}, "geometry": {"type": "Polygon", "coordinates": [[[-97.999819, 18.961543], [-97.98868, 18.961543], [-97.98868, 18.974585], [-97.999819, 18.974585], [-97.999819, 18.961543]]]}}, {"type": "Feature", "id": 1160, "properties": {"seccion": 1160, "id": 1160, "municipio": 113, "nombre": "Puebla", "distrito_l": 17, "distrito_f": 1}, "geometry": {"type": "Polygon", "coordinates": [[[-97.98868, 18.961543], [-97.977541, 18.961543], [-97.977541, 18.974585], [-97.98868, 18.974585], [-97.98868, 18.961543]]]}}, {"type": "Feature", "id": 1161, "properties": {"seccion": 1161, "id": 1161, "municipio": 113, "nombre": "Puebla", "distrito_l": 17, "distrito_f": 1}, "geometry": {"type": "Polygon", "coordinates": [[[-97.977541, 18.961543], [-97.966402, 18.961543], [-97.966402, 18.974585], [-97.977541, 18.974585], [-97.977541, 18.961543]]]}}, {"type": "Feature", "id": 1162, "properties": {"seccion": 1162, "id": 1162, "municipio": 113, "nombre": "Puebla", "distrito_l": 17, "distrito_f": 1}, "geometry": {"type": "Polygon", "coordinates": [[[-97.966402, 18.961543], [-97.955263, 18.961543], [-97.955263, 18.974585], [-97.966402, 18.974585], [-97.966402, 18.961543]]]}}, {"type": "Feature", "id": 1163, "properties": {"seccion": 1163, "id": 1163, "municipio": 113, "nombre": "Puebla", "distrito_l": 17, "distrito_f": 1}, "geometry": {"type": "Polygon", "coordinates": [[[-97.955263, 18.961543], [-97.944124, 18.961543], [-97.944124, 18.974585], [-97.955263, 18.974585], [-97.955263, 18.961543]]]}}, {"type": "Feature", "id": 1164, "properties": {"seccion": 1164, "id": 1164, "municipio": 113, "nombre": "Puebla", "distrito_l": 17, "distrito_f": 1}, "geometry": {"type": "Polygon", "coordinates": [[[-97.944123, 18.961543], [-97.932984, 18.961543], [-97.932984, 18.974585], [-97.944123, 18.974585], [-97.944123, 18.961543]]]}}, {"type": "Feature", "id": 1165, "properties": {"seccion": 1165, "id": 1165, "municipio": 113, "nombre": "Puebla", "distrito_l": 17, "distrito_f": 1}, "geometry": {"type": "Polygon", "coordinates": [[[-97.932984, 18.961543], [-97.921845, 18.961543], [-97.921845, 18.974585], [-97.932984, 18.974585], [-97.932984, 18.961543]]]}}, {"type": "Feature", "id": 1166, "properties": {"seccion": 1166, "id": 1166, "municipio": 113, "nombre": "Puebla", "distrito_l": 17, "distrito_f": 1}, "geometry": {"type": "Polygon", "coordinates": [[[-97.921845, 18.961543], [-97.910706, 18.961543], [-97.910706, 18.974585], [-97.921845, 18.974585], [-97.921845, 18.961543]]]}}, {"type": "Feature", "id": 1167, "properties": {"seccion": 1167, "id": 1167, "municipio": 113, "nombre": "Puebla", "distrito_l": 17, "distrito_f": 1}, "geometry": {"type": "Polygon", "coordinates": [[[-97.910706, 18.961543], [-97.899567, 18.961543], [-97.899567, 18.974585], [-97.910706, 18.974585], [-97.910706, 18.961543]]]}}, {"type": "Feature", "id": 1168, "properties": {"seccion": 1168, "id": 1168, "municipio": 113, "nombre": "Puebla", "distrito_l": 17, "distrito_f": 1}, "geometry": {"type": "Polygon", "coordinates": [[[-98.222603, 18.974585], [-98.211464, 18.974585], [-98.211464, 18.987627], [-98.222603, 18.987627], [-98.222603, 18.974585]]]}}, {"type": "Feature", "id": 1169, "properties": {"seccion": 1169, "id": 1169, "municipio": 113, "nombre": "Puebla", "distrito_l": 17, "distrito_f": 1}, "geometry": {"type": "Polygon", "coordinates": [[[-98.211464, 18.974585], [-98.200325, 18.974585], [-98.200325, 18.987627], [-98.211464, 18.987627], [-98.211464, 18.974585]]]}}, {"type": "Feature", "id": 1170, "properties": {"seccion": 1170, "id": 1170, "municipio": 113, "nombre": "Puebla", "distrito_l": 17, "distrito_f": 1}, "geometry": {"type": "Polygon", "coordinates": [[[-98.200324, 18.974585], [-98.189185, 18.974585], [-98.189185, 18.987627], [-98.200324, 18.987627], [-98.200324, 18.974585]]]}}, {"type": "Feature", "id": 1171, "properties": {"seccion": 1171, "id": 1171, "municipio": 113, "nombre": "Puebla", "distrito_l": 17, "distrito_f": 1}, "geometry": {"type": "Polygon", "coordinates": [[[-98.189185, 18.974585], [-98.178046, 18.974585], [-98.178046, 18.987627], [-98.189185, 18.987627], [-98.189185, 18.974585]]]}}, {"type": "Feature", "id": 1172, "properties": {"seccion": 1172, "id": 1172, "municipio": 113, "nombre": "Puebla", "distrito_l": 17, "distrito_f": 1}, "geometry": {"type": "Polygon", "coordinates": [[[-98.178046, 18.974585], [-98.166907, 18.974585], [-98.166907, 18.987627], [-98.178046, 18.987627], [-98.178046, 18.974585]]]}}, {"type": "Feature", "id": 1173, "properties": {"seccion": 1173, "id": 1173, "municipio": 113, "nombre": "Puebla", "distrito_l": 17, "distrito_f": 1}, "geometry": {"type": "Polygon", "coordinates": [[[-98.166907, 18.974585], [-98.155768, 18.974585], [-98.155768, 18.987627], [-98.166907, 18.987627], [-98.166907, 18.974585]]]}}, {"type": "Feature", "id": 1174, "properties": {"seccion": 1174, "id": 1174, "municipio": 113, "nombre": "Puebla", "distrito_l": 17, "distrito_f": 1}, "geometry": {"type": "Polygon", "coordinates": [[[-98.155768, 18.974585], [-98.144629, 18.974585], [-98.144629, 18.987627], [-98.155768, 18.987627], [-98.155768, 18.974585]]]}}, {"type": "Feature", "id": 1175, "properties": {"seccion": 1175, "id": 1175, "municipio": 113, "nombre": "Puebla", "distrito_l": 17, "distrito_f": 1}, "geometry": {"type": "Polygon", "coordinates": [[[-98.144629, 18.974585], [-98.13349, 18.974585], [-98.13349, 18.987627], [-98.144629, 18.987627], [-98.144629, 18.974585]]]}}, {"type": "Feature", "id": 1176, "properties": {"seccion": 1176, "id": 1176, "municipio": 113, "nombre": "Puebla", "distrito_l": 19, "distrito_f": 1}, "geometry": {"type": "Polygon", "coordinates": [[[-98.133489, 18.974585], [-98.12235, 18.974585], [-98.12235, 18.987627], [-98.133489, 18.987627], [-98.133489, 18.974585]]]}}, {"type": "Feature", "id": 1177, "properties": {"seccion": 1177, "id": 1177, "municipio": 113, "nombre": "Puebla", "distrito_l": 17, "distrito_f": 1}, "geometry": {"type": "Polygon", "coordinates": [[[-98.12235, 18.974585], [-98.111211, 18.974585], [-98.111211, 18.987627], [-98.12235, 18.987627], [-98.12235, 18.974585]]]}}, {"type": "Feature", "id": 1178, "properties": {"seccion": 1178, "id": 1178, "municipio": 113, "nombre": "Puebla", "distrito_l": 17, "distrito_f": 1}, "geometry": {"type": "Polygon", "coordinates": [[[-98.111211, 18.974585], [-98.100072, 18.974585], [-98.100072, 18.987627], [-98.111211, 18.987627], [-98.111211, 18.974585]]]}}, {"type": "Feature", "id": 1179, "properties": {"seccion": 1179, "id": 1179, "municipio": 113, "nombre": "Puebla", "distrito_l": 17, "distrito_f": 1}, "geometry": {"type": "Polygon", "coordinates": [[[-98.100072, 18.974585], [-98.088933, 18.974585], [-98.088933, 18.987627], [-98.100072, 18.987627], [-98.100072, 18.974585]]]}}, {"type": "Feature", "id": 1180, "properties": {"seccion": 1180, "id": 1180, "municipio": 113, "nombre": "Puebla", "distrito_l": 17, "distrito_f": 1}, "geometry": {"type": "Polygon", "coordinates": [[[-98.088933, 18.974585], [-98.077794, 18.974585], [-98.077794, 18.987627], [-98.088933, 18.987627], [-98.088933, 18.974585]]]}}, {"type": "Feature", "id": 1181, "properties": {"seccion": 1181, "id": 1181, "municipio": 113, "nombre": "Puebla", "distrito_l": 17, "distrito_f": 1}, "geometry": {"type": "Polygon", "coordinates": [[[-98.077794, 18.974585], [-98.066655, 18.974585], [-98.066655, 18.987627], [-98.077794, 18.987627], [-98.077794, 18.974585]]]}}, {"type": "Feature", "id": 1182, "properties": {"seccion": 1182, "id": 1182, "municipio": 113, "nombre": "Puebla", "distrito_l": 17, "distrito_f": 1}, "geometry": {"type": "Polygon", "coordinates": [[[-98.066654, 18.974585], [-98.055515, 18.974585], [-98.055515, 18.987627], [-98.066654, 18.987627], [-98.066654, 18.974585]]]}}, {"type": "Feature", "id": 1183, "properties": {"seccion": 1183, "id": 1183, "municipio": 113, "nombre": "Puebla", "distrito_l": 17, "distrito_f": 1}, "geometry": {"type": "Polygon", "coordinates": [[[-98.055515, 18.974585], [-98.044376, 18.974585], [-98.044376, 18.987627], [-98.055515, 18.987627], [-98.055515, 18.974585]]]}}, {"type": "Feature", "id": 1184, "properties": {"seccion": 1184, "id": 1184, "municipio": 113, "nombre": "Puebla", "distrito_l": 17, "distrito_f": 1}, "geometry": {"type": "Polygon", "coordinates": [[[-98.044376, 18.974585], [-98.033237, 18.974585], [-98.033237, 18.987627], [-98.044376, 18.987627], [-98.044376, 18.974585]]]}}, {"type": "Feature", "id": 1185, "properties": {"seccion": 1185, "id": 1185, "municipio": 113, "nombre": "Puebla", "distrito_l": 17, "distrito_f": 1}, "geometry": {"type": "Polygon", "coordinates": [[[-98.033237, 18.974585], [-98.022098, 18.974585], [-98.022098, 18.987627], [-98.033237, 18.987627], [-98.033237, 18.974585]]]}}, {"type": "Feature", "id": 1186, "properties": {"seccion": 1186, "id": 1186, "municipio": 113, "nombre": "Puebla", "distrito_l": 19, "distrito_f": 1}, "geometry": {"type": "Polygon", "coordinates": [[[-98.022098, 18.974585], [-98.010959, 18.974585], [-98.010959, 18.987627], [-98.022098, 18.987627], [-98.022098, 18.974585]]]}}, {"type": "Feature", "id": 1187, "properties": {"seccion": 1187, "id": 1187, "municipio": 113, "nombre": "Puebla", "distrito_l": 19, "distrito_f": 1}, "geometry": {"type": "Polygon", "coordinates": [[[-98.010958, 18.974585], [-97.999819, 18.974585], [-97.999819, 18.987627], [-98.010958, 18.987627], [-98.010958, 18.974585]]]}}, {"type": "Feature", "id": 1188, "properties": {"seccion": 1188, "id": 1188, "municipio": 113, "nombre": "Puebla", "distrito_l": 19, "distrito_f": 1}, "geometry": {"type": "Polygon", "coordinates": [[[-97.999819, 18.974585], [-97.98868, 18.974585], [-97.98868, 18.987627], [-97.999819, 18.987627], [-97.999819, 18.974585]]]}}, {"type": "Feature", "id": 1189, "properties": {"seccion": 1189, "id": 1189, "municipio": 113, "nombre": "Puebla", "distrito_l": 19, "distrito_f": 1}, "geometry": {"type": "Polygon", "coordinates": [[[-97.98868, 18.974585], [-97.977541, 18.974585], [-97.977541, 18.987627], [-97.98868, 18.987627], [-97.98868, 18.974585]]]}}, {"type": "Feature", "id": 1190, "properties": {"seccion": 1190, "id": 1190, "municipio": 113, "nombre": "Puebla", "distrito_l": 19, "distrito_f": 1}, "geometry": {"type": "Polygon", "coordinates": [[[-97.977541, 18.974585], [-97.966402, 18.974585], [-97.966402, 18.987627], [-97.977541, 18.987627], [-97.977541, 18.974585]]]}}, {"type": "Feature", "id": 1191, "properties": {"seccion": 1191, "id": 1191, "municipio": 113, "nombre": "Puebla", "distrito_l": 19, "distrito_f": 1}, "geometry": {"type": "Polygon", "coordinates": [[[-97.966402, 18.974585], [-97.955263, 18.974585], [-97.955263, 18.987627], [-97.966402, 18.987627], [-97.966402, 18.974585]]]}}, {"type": "Feature", "id": 1192, "properties": {"seccion": 1192, "id": 1192, "municipio": 113, "nombre": "Puebla", "distrito_l": 19, "distrito_f": 1}, "geometry": {"type": "Polygon", "coordinates": [[[-97.955263, 18.974585], [-97.944124, 18.974585], [-97.944124, 18.987627], [-97.955263, 18.987627], [-97.955263, 18.974585]]]}}, {"type": "Feature", "id": 1193, "properties": {"seccion": 1193, "id": 1193, "municipio": 113, "nombre": "Puebla", "distrito_l": 19, "distrito_f": 1}, "geometry": {"type": "Polygon", "coordinates": [[[-97.944123, 18.974585], [-97.932984, 18.974585], [-97.932984, 18.987627], [-97.944123, 18.987627], [-97.944123, 18.974585]]]}}, {"type": "Feature", "id": 1194, "properties": {"seccion": 1194, "id": 1194, "municipio": 113, "nombre": "Puebla", "distrito_l": 19, "distrito_f": 1}, "geometry": {"type": "Polygon", "coordinates": [[[-97.932984, 18.974585], [-97.921845, 18.974585], [-97.921845, 18.987627], [-97.932984, 18.987627], [-97.932984, 18.974585]]]}}, {"type": "Feature", "id": 1195, "properties": {"seccion": 1195, "id": 1195, "municipio": 113, "nombre": "Puebla", "distrito_l": 17, "distrito_f": 1}, "geometry": {"type": "Polygon", "coordinates": [[[-97.921845, 18.974585], [-97.910706, 18.974585], [-97.910706, 18.987627], [-97.921845, 18.987627], [-97.921845, 18.974585]]]}}, {"type": "Feature", "id": 1197, "properties": {"seccion": 1197, "id": 1197, "municipio": 113, "nombre": "Puebla", "distrito_l": 17, "distrito_f": 1}, "geometry": {"type": "Polygon", "coordinates": [[[-97.910706, 18.974585], [-97.899567, 18.974585], [-97.899567, 18.987627], [-97.910706, 18.987627], [-97.910706, 18.974585]]]}}, {"type": "Feature", "id": 1198, "properties": {"seccion": 1198, "id": 1198, "municipio": 113, "nombre": "Puebla", "distrito_l": 17, "distrito_f": 1}, "geometry": {"type": "Polygon", "coordinates": [[[-98.222603, 18.987626], [-98.211464, 18.987626], [-98.211464, 19.000668], [-98.222603, 19.000668], [-98.222603, 18.987626]]]}}, {"type": "Feature", "id": 1199, "properties": {"seccion": 1199, "id": 1199, "municipio": 113, "nombre": "Puebla", "distrito_l": 17, "distrito_f": 1}, "geometry": {"type": "Polygon", "coordinates": [[[-98.211464, 18.987626], [-98.200325, 18.987626], [-98.200325, 19.000668], [-98.211464, 19.000668], [-98.211464, 18.987626]]]}}, {"type": "Feature", "id": 1200, "properties": {"seccion": 1200, "id": 1200, "municipio": 113, "nombre": "Puebla", "distrito_l": 17, "distrito_f": 1}, "geometry": {"type": "Polygon", "coordinates": [[[-98.200324, 18.987626], [-98.189185, 18.987626], [-98.189185, 19.000668], [-98.200324, 19.000668], [-98.200324, 18.987626]]]}}, {"type": "Feature", "id": 1201, "properties": {"seccion": 1201, "id": 1201, "municipio": 113, "nombre": "Puebla", "distrito_l": 17, "distrito_f": 1}, "geometry": {"type": "Polygon", "coordinates": [[[-98.189185, 18.987626], [-98.178046, 18.987626], [-98.178046, 19.000668], [-98.189185, 19.000668], [-98.189185, 18.987626]]]}}, {"type": "Feature", "id": 1202, "properties": {"seccion": 1202, "id": 1202, "municipio": 113, "nombre": "Puebla", "distrito_l": 17, "distrito_f": 1}, "geometry": {"type": "Polygon", "coordinates": [[[-98.178046, 18.987626], [-98.166907, 18.987626], [-98.166907, 19.000668], [-98.178046, 19.000668], [-98.178046, 18.987626]]]}}, {"type": "Feature", "id": 1203, "properties": {"seccion": 1203, "id": 1203, "municipio": 113, "nombre": "Puebla", "distrito_l": 17, "distrito_f": 1}, "geometry": {"type": "Polygon", "coordinates": [[[-98.166907, 18.987626], [-98.155768, 18.987626], [-98.155768, 19.000668], [-98.166907, 19.000668], [-98.166907, 18.987626]]]}}, {"type": "Feature", "id": 1204, "properties": {"seccion": 1204, "id": 1204, "municipio": 113, "nombre": "Puebla", "distrito_l": 19, "distrito_f": 1}, "geometry": {"type": "Polygon", "coordinates": [[[-98.155768, 18.987626], [-98.144629, 18.987626], [-98.144629, 19.000668], [-98.155768, 19.000668], [-98.155768, 18.987626]]]}}, {"type": "Feature", "id": 1206, "properties": {"seccion": 1206, "id": 1206, "municipio": 113, "nombre": "Puebla", "distrito_l": 19, "distrito_f": 1}, "geometry": {"type": "Polygon", "coordinates": [[[-98.144629, 18.987626], [-98.13349, 18.987626], [-98.13349, 19.000668], [-98.144629, 19.000668], [-98.144629, 18.987626]]]}}, {"type": "Feature", "id": 1207, "properties": {"seccion": 1207, "id": 1207, "municipio": 113, "nombre": "Puebla", "distrito_l": 19, "distrito_f": 1}, "geometry": {"type": "Polygon", "coordinates": [[[-98.133489, 18.987626], [-98.12235, 18.987626], [-98.12235, 19.000668], [-98.133489, 19.000668], [-98.133489, 18.987626]]]}}, {"type": "Feature", "id": 1208, "properties": {"seccion": 1208, "id": 1208, "municipio": 113, "nombre": "Puebla", "distrito_l": 19, "distrito_f": 1}, "geometry": {"type": "Polygon", "coordinates": [[[-98.12235, 18.987626], [-98.111211, 18.987626], [-98.111211, 19.000668], [-98.12235, 19.000668], [-98.12235, 18.987626]]]}}, {"type": "Feature", "id": 1209, "properties": {"seccion": 1209, "id": 1209, "municipio": 113, "nombre": "Puebla", "distrito_l": 19, "distrito_f": 1}, "geometry": {"type": "Polygon", "coordinates": [[[-98.111211, 18.987626], [-98.100072, 18.987626], [-98.100072, 19.000668], [-98.111211, 19.000668], [-98.111211, 18.987626]]]}}, {"type": "Feature", "id": 1210, "properties": {"seccion": 1210, "id": 1210, "municipio": 113, "nombre": "Puebla", "distrito_l": 19, "distrito_f": 1}, "geometry": {"type": "Polygon", "coordinates": [[[-98.100072, 18.987626], [-98.088933, 18.987626], [-98.088933, 19.000668], [-98.100072, 19.000668], [-98.100072, 18.987626]]]}}, {"type": "Feature", "id": 1211, "properties": {"seccion": 1211, "id": 1211, "municipio": 113, "nombre": "Puebla", "distrito_l": 17, "distrito_f": 1}, "geometry": {"type": "Polygon", "coordinates": [[[-98.088933, 18.987626], [-98.077794, 18.987626], [-98.077794, 19.000668], [-98.088933, 19.000668], [-98.088933, 18.987626]]]}}, {"type": "Feature", "id": 1212, "properties": {"seccion": 1212, "id": 1212, "municipio": 113, "nombre": "Puebla", "distrito_l": 20, "distrito_f": 1}, "geometry": {"type": "Polygon", "coordinates": [[[-98.077794, 18.987626], [-98.066655, 18.987626], [-98.066655, 19.000668], [-98.077794, 19.000668], [-98.077794, 18.987626]]]}}, {"type": "Feature", "id": 1213, "properties": {"seccion": 1213, "id": 1213, "municipio": 113, "nombre": "Puebla", "distrito_l": 20, "distrito_f": 1}, "geometry": {"type": "Polygon", "coordinates": [[[-98.066654, 18.987626], [-98.055515, 18.987626], [-98.055515, 19.000668], [-98.066654, 19.000668], [-98.066654, 18.987626]]]}}, {"type": "Feature", "id": 1214, "properties": {"seccion": 1214, "id": 1214, "municipio": 113, "nombre": "Puebla", "distrito_l": 20, "distrito_f": 1}, "geometry": {"type": "Polygon", "coordinates": [[[-98.055515, 18.987626], [-98.044376, 18.987626], [-98.044376, 19.000668], [-98.055515, 19.000668], [-98.055515, 18.987626]]]}}, {"type": "Feature", "id": 1215, "properties": {"seccion": 1215, "id": 1215, "municipio": 113, "nombre": "Puebla", "distrito_l": 19, "distrito_f": 1}, "geometry": {"type": "Polygon", "coordinates": [[[-98.044376, 18.987626], [-98.033237, 18.987626], [-98.033237, 19.000668], [-98.044376, 19.000668], [-98.044376, 18.987626]]]}}, {"type": "Feature", "id": 1216, "properties": {"seccion": 1216, "id": 1216, "municipio": 113, "nombre": "Puebla", "distrito_l": 19, "distrito_f": 1}, "geometry": {"type": "Polygon", "coordinates": [[[-98.033237, 18.987626], [-98.022098, 18.987626], [-98.022098, 19.000668], [-98.033237, 19.000668], [-98.033237, 18.987626]]]}}, {"type": "Feature", "id": 1217, "properties": {"seccion": 1217, "id": 1217, "municipio": 113, "nombre": "Puebla", "distrito_l": 19, "distrito_f": 1}, "geometry": {"type": "Polygon", "coordinates": [[[-98.022098, 18.987626], [-98.010959, 18.987626], [-98.010959, 19.000668], [-98.022098, 19.000668], [-98.022098, 18.987626]]]}}, {"type": "Feature", "id": 1218, "properties": {"seccion": 1218, "id": 1218, "municipio": 113, "nombre": "Puebla", "distrito_l": 19, "distrito_f": 1}, "geometry": {"type": "Polygon", "coordinates": [[[-98.010958, 18.987626], [-97.999819, 18.987626], [-97.999819, 19.000668], [-98.010958, 19.000668], [-98.010958, 18.987626]]]}}, {"type": "Feature", "id": 1219, "properties": {"seccion": 1219, "id": 1219, "municipio": 113, "nombre": "Puebla", "distrito_l": 19, "distrito_f": 1}, "geometry": {"type": "Polygon", "coordinates": [[[-97.999819, 18.987626], [-97.98868, 18.987626], [-97.98868, 19.000668], [-97.999819, 19.000668], [-97.999819, 18.987626]]]}}, {"type": "Feature", "id": 1220, "properties": {"seccion": 1220, "id": 1220, "municipio": 113, "nombre": "Puebla", "distrito_l": 19, "distrito_f": 1}, "geometry": {"type": "Polygon", "coordinates": [[[-97.98868, 18.987626], [-97.977541, 18.987626], [-97.977541, 19.000668], [-97.98868, 19.000668], [-97.98868, 18.987626]]]}}, {"type": "Feature", "id": 1221, "properties": {"seccion": 1221, "id": 1221, "municipio": 113, "nombre": "Puebla", "distrito_l": 19, "distrito_f": 1}, "geometry": {"type": "Polygon", "coordinates": [[[-97.977541, 18.987626], [-97.966402, 18.987626], [-97.966402, 19.000668], [-97.977541, 19.000668], [-97.977541, 18.987626]]]}}, {"type": "Feature", "id": 1222, "properties": {"seccion": 1222, "id": 1222, "municipio": 113, "nombre": "Puebla", "distrito_l": 19, "distrito_f": 1}, "geometry": {"type": "Polygon", "coordinates": [[[-97.966402, 18.987626], [-97.955263, 18.987626], [-97.955263, 19.000668], [-97.966402, 19.000668], [-97.966402, 18.987626]]]}}, {"type": "Feature", "id": 1223, "properties": {"seccion": 1223, "id": 1223, "municipio": 113, "nombre": "Puebla", "distrito_l": 19, "distrito_f": 1}, "geometry": {"type": "Polygon", "coordinates": [[[-97.955263, 18.987626], [-97.944124, 18.987626], [-97.944124, 19.000668], [-97.955263, 19.000668], [-97.955263, 18.987626]]]}}, {"type": "Feature", "id": 1224, "properties": {"seccion": 1224, "id": 1224, "municipio": 113, "nombre": "Puebla", "distrito_l": 19, "distrito_f": 1}, "geometry": {"type": "Polygon", "coordinates": [[[-97.944123, 18.987626], [-97.932984, 18.987626], [-97.932984, 19.000668], [-97.944123, 19.000668], [-97.944123, 18.987626]]]}}, {"type": "Feature", "id": 1225, "properties": {"seccion": 1225, "id": 1225, "municipio": 113, "nombre": "Puebla", "distrito_l": 19, "distrito_f": 1}, "geometry": {"type": "Polygon", "coordinates": [[[-97.932984, 18.987626], [-97.921845, 18.987626], [-97.921845, 19.000668], [-97.932984, 19.000668], [-97.932984, 18.987626]]]}}, {"type": "Feature", "id": 1226, "properties": {"seccion": 1226, "id": 1226, "municipio": 113, "nombre": "Puebla", "distrito_l": 19, "distrito_f": 1}, "geometry": {"type": "Polygon", "coordinates": [[[-97.921845, 18.987626], [-97.910706, 18.987626], [-97.910706, 19.000668], [-97.921845, 19.000668], [-97.921845, 18.987626]]]}}, {"type": "Feature", "id": 1227, "properties": {"seccion": 1227, "id": 1227, "municipio": 113, "nombre": "Puebla", "distrito_l": 19, "distrito_f": 1}, "geometry": {"type": "Polygon", "coordinates": [[[-97.910706, 18.987626], [-97.899567, 18.987626], [-97.899567, 19.000668], [-97.910706, 19.000668], [-97.910706, 18.987626]]]}}, {"type": "Feature", "id": 1228, "properties": {"seccion": 1228, "id": 1228, "municipio": 113, "nombre": "Puebla", "distrito_l": 19, "distrito_f": 1}, "geometry": {"type": "Polygon", "coordinates": [[[-98.222603, 19.000668], [-98.211464, 19.000668], [-98.211464, 19.01371], [-98.222603, 19.01371], [-98.222603, 19.000668]]]}}, {"type": "Feature", "id": 1229, "properties": {"seccion": 1229, "id": 1229, "municipio": 113, "nombre": "Puebla", "distrito_l": 19, "distrito_f": 1}, "geometry": {"type": "Polygon", "coordinates": [[[-98.211464, 19.000668], [-98.200325, 19.000668], [-98.200325, 19.01371], [-98.211464, 19.01371], [-98.211464, 19.000668]]]}}, {"type": "Feature", "id": 1230, "properties": {"seccion": 1230, "id": 1230, "municipio": 113, "nombre": "Puebla", "distrito_l": 19, "distrito_f": 1}, "geometry": {"type": "Polygon", "coordinates": [[[-98.200324, 19.000668], [-98.189185, 19.000668], [-98.189185, 19.01371], [-98.200324, 19.01371], [-98.200324, 19.000668]]]}}, {"type": "Feature", "id": 1231, "properties": {"seccion": 1231, "id": 1231, "municipio": 113, "nombre": "Puebla", "distrito_l": 19, "distrito_f": 1}, "geometry": {"type": "Polygon", "coordinates": [[[-98.189185, 19.000668], [-98.178046, 19.000668], [-98.178046, 19.01371], [-98.189185, 19.01371], [-98.189185, 19.000668]]]}}, {"type": "Feature", "id": 1232, "properties": {"seccion": 1232, "id": 1232, "municipio": 113, "nombre": "Puebla", "distrito_l": 19, "distrito_f": 1}, "geometry": {"type": "Polygon", "coordinates": [[[-98.178046, 19.000668], [-98.166907, 19.000668], [-98.166907, 19.01371], [-98.178046, 19.01371], [-98.178046, 19.000668]]]}}, {"type": "Feature", "id": 1233, "properties": {"seccion": 1233, "id": 1233, "municipio": 113, "nombre": "Puebla", "distrito_l": 19, "distrito_f": 1}, "geometry": {"type": "Polygon", "coordinates": [[[-98.166907, 19.000668], [-98.155768, 19.000668], [-98.155768, 19.01371], [-98.166907, 19.01371], [-98.166907, 19.000668]]]}}, {"type": "Feature", "id": 1235, "properties": {"seccion": 1235, "id": 1235, "municipio": 113, "nombre": "Puebla", "distrito_l": 19, "distrito_f": 1}, "geometry": {"type": "Polygon", "coordinates": [[[-98.155768, 19.000668], [-98.144629, 19.000668], [-98.144629, 19.01371], [-98.155768, 19.01371], [-98.155768, 19.000668]]]}}, {"type": "Feature", "id": 1236, "properties": {"seccion": 1236, "id": 1236, "municipio": 113, "nombre": "Puebla", "distrito_l": 19, "distrito_f": 1}, "geometry": {"type": "Polygon", "coordinates": [[[-98.144629, 19.000668], [-98.13349, 19.000668], [-98.13349, 19.01371], [-98.144629, 19.01371], [-98.144629, 19.000668]]]}}, {"type": "Feature", "id": 1237, "properties": {"seccion": 1237, "id": 1237, "municipio": 113, "nombre": "Puebla", "distrito_l": 19, "distrito_f": 1}, "geometry": {"type": "Polygon", "coordinates": [[[-98.133489, 19.000668], [-98.12235, 19.000668], [-98.12235, 19.01371], [-98.133489, 19.01371], [-98.133489, 19.000668]]]}}, {"type": "Feature", "id": 1238, "properties": {"seccion": 1238, "id": 1238, "municipio": 113, "nombre": "Puebla", "distrito_l": 19, "distrito_f": 1}, "geometry": {"type": "Polygon", "coordinates": [[[-98.12235, 19.000668], [-98.111211, 19.000668], [-98.111211, 19.01371], [-98.12235, 19.01371], [-98.12235, 19.000668]]]}}, {"type": "Feature", "id": 1239, "properties": {"seccion": 1239, "id": 1239, "municipio": 113, "nombre": "Puebla", "distrito_l": 20, "distrito_f": 1}, "geometry": {"type": "Polygon", "coordinates": [[[-98.111211, 19.000668], [-98.100072, 19.000668], [-98.100072, 19.01371], [-98.111211, 19.01371], [-98.111211, 19.000668]]]}}, {"type": "Feature", "id": 1240, "properties": {"seccion": 1240, "id": 1240, "municipio": 113, "nombre": "Puebla", "distrito_l": 20, "distrito_f": 1}, "geometry": {"type": "Polygon", "coordinates": [[[-98.100072, 19.000668], [-98.088933, 19.000668], [-98.088933, 19.01371], [-98.100072, 19.01371], [-98.100072, 19.000668]]]}}, {"type": "Feature", "id": 1241, "properties": {"seccion": 1241, "id": 1241, "municipio": 113, "nombre": "Puebla", "distrito_l": 20, "distrito_f": 1}, "geometry": {"type": "Polygon", "coordinates": [[[-98.088933, 19.000668], [-98.077794, 19.000668], [-98.077794, 19.01371], [-98.088933, 19.01371], [-98.088933, 19.000668]]]}}, {"type": "Feature", "id": 1242, "properties": {"seccion": 1242, "id": 1242, "municipio": 113, "nombre": "Puebla", "distrito_l": 20, "distrito_f": 1}, "geometry": {"type": "Polygon", "coordinates": [[[-98.077794, 19.000668], [-98.066655, 19.000668], [-98.066655, 19.01371], [-98.077794, 19.01371], [-98.077794, 19.000668]]]}}, {"type": "Feature", "id": 1243, "properties": {"seccion": 1243, "id": 1243, "municipio": 113, "nombre": "Puebla", "distrito_l": 19, "distrito_f": 1}, "geometry": {"type": "Polygon", "coordinates": [[[-98.066654, 19.000668], [-98.055515, 19.000668], [-98.055515, 19.01371], [-98.066654, 19.01371], [-98.066654, 19.000668]]]}}, {"type": "Feature", "id": 1244, "properties": {"seccion": 1244, "id": 1244, "municipio": 113, "nombre": "Puebla", "distrito_l": 19, "distrito_f": 1}, "geometry": {"type": "Polygon", "coordinates": [[[-98.055515, 19.000668], [-98.044376, 19.000668], [-98.044376, 19.01371], [-98.055515, 19.01371], [-98.055515, 19.000668]]]}}, {"type": "Feature", "id": 1245, "properties": {"seccion": 1245, "id": 1245, "municipio": 113, "nombre": "Puebla", "distrito_l": 19, "distrito_f": 1}, "geometry": {"type": "Polygon", "coordinates": [[[-98.044376, 19.000668], [-98.033237, 19.000668], [-98.033237, 19.01371], [-98.044376, 19.01371], [-98.044376, 19.000668]]]}}, {"type": "Feature", "id": 1248, "properties": {"seccion": 1248, "id": 1248, "municipio": 113, "nombre": "Puebla", "distrito_l": 19, "distrito_f": 1}, "geometry": {"type": "Polygon", "coordinates": [[[-98.033237, 19.000668], [-98.022098, 19.000668], [-98.022098, 19.01371], [-98.033237, 19.01371], [-98.033237, 19.000668]]]}}, {"type": "Feature", "id": 1249, "properties": {"seccion": 1249, "id": 1249, "municipio": 113, "nombre": "Puebla", "distrito_l": 20, "distrito_f": 1}, "geometry": {"type": "Polygon", "coordinates": [[[-98.022098, 19.000668], [-98.010959, 19.000668], [-98.010959, 19.01371], [-98.022098, 19.01371], [-98.022098, 19.000668]]]}}, {"type": "Feature", "id": 1251, "properties": {"seccion": 1251, "id": 1251, "municipio": 113, "nombre": "Puebla", "distrito_l": 20, "distrito_f": 1}, "geometry": {"type": "Polygon", "coordinates": [[[-98.010958, 19.000668], [-97.999819, 19.000668], [-97.999819, 19.01371], [-98.010958, 19.01371], [-98.010958, 19.000668]]]}}, {"type": "Feature", "id": 1252, "properties": {"seccion": 1252, "id": 1252, "municipio": 113, "nombre": "Puebla", "distrito_l": 20, "distrito_f": 1}, "geometry": {"type": "Polygon", "coordinates": [[[-97.999819, 19.000668], [-97.98868, 19.000668], [-97.98868, 19.01371], [-97.999819, 19.01371], [-97.999819, 19.000668]]]}}, {"type": "Feature", "id": 1254, "properties": {"seccion": 1254, "id": 1254, "municipio": 113, "nombre": "Puebla", "distrito_l": 20, "distrito_f": 1}, "geometry": {"type": "Polygon", "coordinates": [[[-97.98868, 19.000668], [-97.977541, 19.000668], [-97.977541, 19.01371], [-97.98868, 19.01371], [-97.98868, 19.000668]]]}}, {"type": "Feature", "id": 1255, "properties": {"seccion": 1255, "id": 1255, "municipio": 113, "nombre": "Puebla", "distrito_l": 20, "distrito_f": 1}, "geometry": {"type": "Polygon", "coordinates": [[[-97.977541, 19.000668], [-97.966402, 19.000668], [-97.966402, 19.01371], [-97.977541, 19.01371], [-97.977541, 19.000668]]]}}, {"type": "Feature", "id": 1256, "properties": {"seccion": 1256, "id": 1256, "municipio": 113, "nombre": "Puebla", "distrito_l": 20, "distrito_f": 1}, "geometry": {"type": "Polygon", "coordinates": [[[-97.966402, 19.000668], [-97.955263, 19.000668], [-97.955263, 19.01371], [-97.966402, 19.01371], [-97.966402, 19.000668]]]}}, {"type": "Feature", "id": 1257, "properties": {"seccion": 1257, "id": 1257, "municipio": 113, "nombre": "Puebla", "distrito_l": 20, "distrito_f": 1}, "geometry": {"type": "Polygon", "coordinates": [[[-97.955263, 19.000668], [-97.944124, 19.000668], [-97.944124, 19.01371], [-97.955263, 19.01371], [-97.955263, 19.000668]]]}}, {"type": "Feature", "id": 1258, "properties": {"seccion": 1258, "id": 1258, "municipio": 113, "nombre": "Puebla", "distrito_l": 20, "distrito_f": 1}, "geometry": {"type": "Polygon", "coordinates": [[[-97.944123, 19.000668], [-97.932984, 19.000668], [-97.932984, 19.01371], [-97.944123, 19.01371], [-97.944123, 19.000668]]]}}, {"type": "Feature", "id": 1259, "properties": {"seccion": 1259, "id": 1259, "municipio": 113, "nombre": "Puebla", "distrito_l": 20, "distrito_f": 1}, "geometry": {"type": "Polygon", "coordinates": [[[-97.932984, 19.000668], [-97.921845, 19.000668], [-97.921845, 19.01371], [-97.932984, 19.01371], [-97.932984, 19.000668]]]}}, {"type": "Feature", "id": 1261, "properties": {"seccion": 1261, "id": 1261, "municipio": 113, "nombre": "Puebla", "distrito_l": 17, "distrito_f": 1}, "geometry": {"type": "Polygon", "coordinates": [[[-97.921845, 19.000668], [-97.910706, 19.000668], [-97.910706, 19.01371], [-97.921845, 19.01371], [-97.921845, 19.000668]]]}}, {"type": "Feature", "id": 1262, "properties": {"seccion": 1262, "id": 1262, "municipio": 113, "nombre": "Puebla", "distrito_l": 17, "distrito_f": 1}, "geometry": {"type": "Polygon", "coordinates": [[[-97.910706, 19.000668], [-97.899567, 19.000668], [-97.899567, 19.01371], [-97.910706, 19.01371], [-97.910706, 19.000668]]]}}, {"type": "Feature", "id": 1263, "properties": {"seccion": 1263, "id": 1263, "municipio": 113, "nombre": "Puebla", "distrito_l": 17, "distrito_f": 1}, "geometry": {"type": "Polygon", "coordinates": [[[-98.222603, 19.01371], [-98.211464, 19.01371], [-98.211464, 19.026752], [-98.222603, 19.026752], [-98.222603, 19.01371]]]}}, {"type": "Feature", "id": 1264, "properties": {"seccion": 1264, "id": 1264, "municipio": 113, "nombre": "Puebla", "distrito_l": 17, "distrito_f": 1}, "geometry": {"type": "Polygon", "coordinates": [[[-98.211464, 19.01371], [-98.200325, 19.01371], [-98.200325, 19.026752], [-98.211464, 19.026752], [-98.211464, 19.01371]]]}}, {"type": "Feature", "id": 1265, "properties": {"seccion": 1265, "id": 1265, "municipio": 113, "nombre": "Puebla", "distrito_l": 17, "distrito_f": 1}, "geometry": {"type": "Polygon", "coordinates": [[[-98.200324, 19.01371], [-98.189185, 19.01371], [-98.189185, 19.026752], [-98.200324, 19.026752], [-98.200324, 19.01371]]]}}, {"type": "Feature", "id": 1267, "properties": {"seccion": 1267, "id": 1267, "municipio": 113, "nombre": "Puebla", "distrito_l": 16, "distrito_f": 1}, "geometry": {"type": "Polygon", "coordinates": [[[-98.189185, 19.01371], [-98.178046, 19.01371], [-98.178046, 19.026752], [-98.189185, 19.026752], [-98.189185, 19.01371]]]}}, {"type": "Feature", "id": 1268, "properties": {"seccion": 1268, "id": 1268, "municipio": 113, "nombre": "Puebla", "distrito_l": 16, "distrito_f": 1}, "geometry": {"type": "Polygon", "coordinates": [[[-98.178046, 19.01371], [-98.166907, 19.01371], [-98.166907, 19.026752], [-98.178046, 19.026752], [-98.178046, 19.01371]]]}}, {"type": "Feature", "id": 1269, "properties": {"seccion": 1269, "id": 1269, "municipio": 113, "nombre": "Puebla", "distrito_l": 16, "distrito_f": 1}, "geometry": {"type": "Polygon", "coordinates": [[[-98.166907, 19.01371], [-98.155768, 19.01371], [-98.155768, 19.026752], [-98.166907, 19.026752], [-98.166907, 19.01371]]]}}, {"type": "Feature", "id": 1270, "properties": {"seccion": 1270, "id": 1270, "municipio": 113, "nombre": "Puebla", "distrito_l": 17, "distrito_f": 1}, "geometry": {"type": "Polygon", "coordinates": [[[-98.155768, 19.01371], [-98.144629, 19.01371], [-98.144629, 19.026752], [-98.155768, 19.026752], [-98.155768, 19.01371]]]}}, {"type": "Feature", "id": 1271, "properties": {"seccion": 1271, "id": 1271, "municipio": 113, "nombre": "Puebla", "distrito_l": 17, "distrito_f": 1}, "geometry": {"type": "Polygon", "coordinates": [[[-98.144629, 19.01371], [-98.13349, 19.01371], [-98.13349, 19.026752], [-98.144629, 19.026752], [-98.144629, 19.01371]]]}}, {"type": "Feature", "id": 1272, "properties": {"seccion": 1272, "id": 1272, "municipio": 113, "nombre": "Puebla", "distrito_l": 17, "distrito_f": 1}, "geometry": {"type": "Polygon", "coordinates": [[[-98.133489, 19.01371], [-98.12235, 19.01371], [-98.12235, 19.026752], [-98.133489, 19.026752], [-98.133489, 19.01371]]]}}, {"type": "Feature", "id": 1273, "properties": {"seccion": 1273, "id": 1273, "municipio": 113, "nombre": "Puebla", "distrito_l": 17, "distrito_f": 1}, "geometry": {"type": "Polygon", "coordinates": [[[-98.12235, 19.01371], [-98.111211, 19.01371], [-98.111211, 19.026752], [-98.12235, 19.026752], [-98.12235, 19.01371]]]}}, {"type": "Feature", "id": 1274, "properties": {"seccion": 1274, "id": 1274, "municipio": 113, "nombre": "Puebla", "distrito_l": 17, "distrito_f": 1}, "geometry": {"type": "Polygon", "coordinates": [[[-98.111211, 19.01371], [-98.100072, 19.01371], [-98.100072, 19.026752], [-98.111211, 19.026752], [-98.111211, 19.01371]]]}}, {"type": "Feature", "id": 1275, "properties": {"seccion": 1275, "id": 1275, "municipio": 113, "nombre": "Puebla", "distrito_l": 10, "distrito_f": 1}, "geometry": {"type": "Polygon", "coordinates": [[[-98.100072, 19.01371], [-98.088933, 19.01371], [-98.088933, 19.026752], [-98.100072, 19.026752], [-98.100072, 19.01371]]]}}, {"type": "Feature", "id": 1276, "properties": {"seccion": 1276, "id": 1276, "municipio": 113, "nombre": "Puebla", "distrito_l": 10, "distrito_f": 1}, "geometry": {"type": "Polygon", "coordinates": [[[-98.088933, 19.01371], [-98.077794, 19.01371], [-98.077794, 19.026752], [-98.088933, 19.026752], [-98.088933, 19.01371]]]}}, {"type": "Feature", "id": 1277, "properties": {"seccion": 1277, "id": 1277, "municipio": 113, "nombre": "Puebla", "distrito_l": 10, "distrito_f": 1}, "geometry": {"type": "Polygon", "coordinates": [[[-98.077794, 19.01371], [-98.066655, 19.01371], [-98.066655, 19.026752], [-98.077794, 19.026752], [-98.077794, 19.01371]]]}}, {"type": "Feature", "id": 1278, "properties": {"seccion": 1278, "id": 1278, "municipio": 113, "nombre": "Puebla", "distrito_l": 16, "distrito_f": 1}, "geometry": {"type": "Polygon", "coordinates": [[[-98.066654, 19.01371], [-98.055515, 19.01371], [-98.055515, 19.026752], [-98.066654, 19.026752], [-98.066654, 19.01371]]]}}, {"type": "Feature", "id": 1279, "properties": {"seccion": 1279, "id": 1279, "municipio": 113, "nombre": "Puebla", "distrito_l": 16, "distrito_f": 1}, "geometry": {"type": "Polygon", "coordinates": [[[-98.055515, 19.01371], [-98.044376, 19.01371], [-98.044376, 19.026752], [-98.055515, 19.026752], [-98.055515, 19.01371]]]}}, {"type": "Feature", "id": 1280, "properties": {"seccion": 1280, "id": 1280, "municipio": 113, "nombre": "Puebla", "distrito_l": 16, "distrito_f": 1}, "geometry": {"type": "Polygon", "coordinates": [[[-98.044376, 19.01371], [-98.033237, 19.01371], [-98.033237, 19.026752], [-98.044376, 19.026752], [-98.044376, 19.01371]]]}}, {"type": "Feature", "id": 1281, "properties": {"seccion": 1281, "id": 1281, "municipio": 113, "nombre": "Puebla", "distrito_l": 10, "distrito_f": 1}, "geometry": {"type": "Polygon", "coordinates": [[[-98.033237, 19.01371], [-98.022098, 19.01371], [-98.022098, 19.026752], [-98.033237, 19.026752], [-98.033237, 19.01371]]]}}, {"type": "Feature", "id": 1282, "properties": {"seccion": 1282, "id": 1282, "municipio": 113, "nombre": "Puebla", "distrito_l": 10, "distrito_f": 1}, "geometry": {"type": "Polygon", "coordinates": [[[-98.022098, 19.01371], [-98.010959, 19.01371], [-98.010959, 19.026752], [-98.022098, 19.026752], [-98.022098, 19.01371]]]}}, {"type": "Feature", "id": 1283, "properties": {"seccion": 1283, "id": 1283, "municipio": 113, "nombre": "Puebla", "distrito_l": 10, "distrito_f": 1}, "geometry": {"type": "Polygon", "coordinates": [[[-98.010958, 19.01371], [-97.999819, 19.01371], [-97.999819, 19.026752], [-98.010958, 19.026752], [-98.010958, 19.01371]]]}}, {"type": "Feature", "id": 1284, "properties": {"seccion": 1284, "id": 1284, "municipio": 113, "nombre": "Puebla", "distrito_l": 17, "distrito_f": 1}, "geometry": {"type": "Polygon", "coordinates": [[[-97.999819, 19.01371], [-97.98868, 19.01371], [-97.98868, 19.026752], [-97.999819, 19.026752], [-97.999819, 19.01371]]]}}, {"type": "Feature", "id": 1285, "properties": {"seccion": 1285, "id": 1285, "municipio": 113, "nombre": "Puebla", "distrito_l": 17, "distrito_f": 1}, "geometry": {"type": "Polygon", "coordinates": [[[-97.98868, 19.01371], [-97.977541, 19.01371], [-97.977541, 19.026752], [-97.98868, 19.026752], [-97.98868, 19.01371]]]}}, {"type": "Feature", "id": 1286, "properties": {"seccion": 1286, "id": 1286, "municipio": 113, "nombre": "Puebla", "distrito_l": 17, "distrito_f": 1}, "geometry": {"type": "Polygon", "coordinates": [[[-97.977541, 19.01371], [-97.966402, 19.01371], [-97.966402, 19.026752], [-97.977541, 19.026752], [-97.977541, 19.01371]]]}}, {"type": "Feature", "id": 1287, "properties": {"seccion": 1287, "id": 1287, "municipio": 113, "nombre": "Puebla", "distrito_l": 10, "distrito_f": 1}, "geometry": {"type": "Polygon", "coordinates": [[[-97.966402, 19.01371], [-97.955263, 19.01371], [-97.955263, 19.026752], [-97.966402, 19.026752], [-97.966402, 19.01371]]]}}, {"type": "Feature", "id": 1288, "properties": {"seccion": 1288, "id": 1288, "municipio": 113, "nombre": "Puebla", "distrito_l": 10, "distrito_f": 1}, "geometry": {"type": "Polygon", "coordinates": [[[-97.955263, 19.01371], [-97.944124, 19.01371], [-97.944124, 19.026752], [-97.955263, 19.026752], [-97.955263, 19.01371]]]}}, {"type": "Feature", "id": 1289, "properties": {"seccion": 1289, "id": 1289, "municipio": 113, "nombre": "Puebla", "distrito_l": 10, "distrito_f": 1}, "geometry": {"type": "Polygon", "coordinates": [[[-97.944123, 19.01371], [-97.932984, 19.01371], [-97.932984, 19.026752], [-97.944123, 19.026752], [-97.944123, 19.01371]]]}}, {"type": "Feature", "id": 1290, "properties": {"seccion": 1290, "id": 1290, "municipio": 113, "nombre": "Puebla", "distrito_l": 16, "distrito_f": 1}, "geometry": {"type": "Polygon", "coordinates": [[[-97.932984, 19.01371], [-97.921845, 19.01371], [-97.921845, 19.026752], [-97.932984, 19.026752], [-97.932984, 19.01371]]]}}, {"type": "Feature", "id": 1291, "properties": {"seccion": 1291, "id": 1291, "municipio": 113, "nombre": "Puebla", "distrito_l": 10, "distrito_f": 1}, "geometry": {"type": "Polygon", "coordinates": [[[-97.921845, 19.01371], [-97.910706, 19.01371], [-97.910706, 19.026752], [-97.921845, 19.026752], [-97.921845, 19.01371]]]}}, {"type": "Feature", "id": 1292, "properties": {"seccion": 1292, "id": 1292, "municipio": 113, "nombre": "Puebla", "distrito_l": 10, "distrito_f": 1}, "geometry": {"type": "Polygon", "coordinates": [[[-97.910706, 19.01371], [-97.899567, 19.01371], [-97.899567, 19.026752], [-97.910706, 19.026752], [-97.910706, 19.01371]]]}}, {"type": "Feature", "id": 1293, "properties": {"seccion": 1293, "id": 1293, "municipio": 113, "nombre": "Puebla", "distrito_l": 10, "distrito_f": 1}, "geometry": {"type": "Polygon", "coordinates": [[[-98.222603, 19.026751], [-98.211464, 19.026751], [-98.211464, 19.039793], [-98.222603, 19.039793], [-98.222603, 19.026751]]]}}, {"type": "Feature", "id": 1294, "properties": {"seccion": 1294, "id": 1294, "municipio": 113, "nombre": "Puebla", "distrito_l": 10, "distrito_f": 1}, "geometry": {"type": "Polygon", "coordinates": [[[-98.211464, 19.026751], [-98.200325, 19.026751], [-98.200325, 19.039793], [-98.211464, 19.039793], [-98.211464, 19.026751]]]}}, {"type": "Feature", "id": 1295, "properties": {"seccion": 1295, "id": 1295, "municipio": 113, "nombre": "Puebla", "distrito_l": 10, "distrito_f": 1}, "geometry": {"type": "Polygon", "coordinates": [[[-98.200324, 19.026751], [-98.189185, 19.026751], [-98.189185, 19.039793], [-98.200324, 19.039793], [-98.200324, 19.026751]]]}}, {"type": "Feature", "id": 1296, "properties": {"seccion": 1296, "id": 1296, "municipio": 113, "nombre": "Puebla", "distrito_l": 10, "distrito_f": 1}, "geometry": {"type": "Polygon", "coordinates": [[[-98.189185, 19.026751], [-98.178046, 19.026751], [-98.178046, 19.039793], [-98.189185, 19.039793], [-98.189185, 19.026751]]]}}, {"type": "Feature", "id": 1297, "properties": {"seccion": 1297, "id": 1297, "municipio": 113, "nombre": "Puebla", "distrito_l": 10, "distrito_f": 1}, "geometry": {"type": "Polygon", "coordinates": [[[-98.178046, 19.026751], [-98.166907, 19.026751], [-98.166907, 19.039793], [-98.178046, 19.039793], [-98.178046, 19.026751]]]}}, {"type": "Feature", "id": 1298, "properties": {"seccion": 1298, "id": 1298, "municipio": 113, "nombre": "Puebla", "distrito_l": 10, "distrito_f": 1}, "geometry": {"type": "Polygon", "coordinates": [[[-98.166907, 19.026751], [-98.155768, 19.026751], [-98.155768, 19.039793], [-98.166907, 19.039793], [-98.166907, 19.026751]]]}}, {"type": "Feature", "id": 1299, "properties": {"seccion": 1299, "id": 1299, "municipio": 113, "nombre": "Puebla", "distrito_l": 10, "distrito_f": 1}, "geometry": {"type": "Polygon", "coordinates": [[[-98.155768, 19.026751], [-98.144629, 19.026751], [-98.144629, 19.039793], [-98.155768, 19.039793], [-98.155768, 19.026751]]]}}, {"type": "Feature", "id": 1300, "properties": {"seccion": 1300, "id": 1300, "municipio": 113, "nombre": "Puebla", "distrito_l": 17, "distrito_f": 1}, "geometry": {"type": "Polygon", "coordinates": [[[-98.144629, 19.026751], [-98.13349, 19.026751], [-98.13349, 19.039793], [-98.144629, 19.039793], [-98.144629, 19.026751]]]}}, {"type": "Feature", "id": 1301, "properties": {"seccion": 1301, "id": 1301, "municipio": 113, "nombre": "Puebla", "distrito_l": 17, "distrito_f": 1}, "geometry": {"type": "Polygon", "coordinates": [[[-98.133489, 19.026751], [-98.12235, 19.026751], [-98.12235, 19.039793], [-98.133489, 19.039793], [-98.133489, 19.026751]]]}}, {"type": "Feature", "id": 1302, "properties": {"seccion": 1302, "id": 1302, "municipio": 113, "nombre": "Puebla", "distrito_l": 10, "distrito_f": 1}, "geometry": {"type": "Polygon", "coordinates": [[[-98.12235, 19.026751], [-98.111211, 19.026751], [-98.111211, 19.039793], [-98.12235, 19.039793], [-98.12235, 19.026751]]]}}, {"type": "Feature", "id": 1303, "properties": {"seccion": 1303, "id": 1303, "municipio": 113, "nombre": "Puebla", "distrito_l": 10, "distrito_f": 1}, "geometry": {"type": "Polygon", "coordinates": [[[-98.111211, 19.026751], [-98.100072, 19.026751], [-98.100072, 19.039793], [-98.111211, 19.039793], [-98.111211, 19.026751]]]}}, {"type": "Feature", "id": 1304, "properties": {"seccion": 1304, "id": 1304, "municipio": 113, "nombre": "Puebla", "distrito_l": 10, "distrito_f": 1}, "geometry": {"type": "Polygon", "coordinates": [[[-98.100072, 19.026751], [-98.088933, 19.026751], [-98.088933, 19.039793], [-98.100072, 19.039793], [-98.100072, 19.026751]]]}}, {"type": "Feature", "id": 1305, "properties": {"seccion": 1305, "id": 1305, "municipio": 113, "nombre": "Puebla", "distrito_l": 10, "distrito_f": 1}, "geometry": {"type": "Polygon", "coordinates": [[[-98.088933, 19.026751], [-98.077794, 19.026751], [-98.077794, 19.039793], [-98.088933, 19.039793], [-98.088933, 19.026751]]]}}, {"type": "Feature", "id": 1306, "properties": {"seccion": 1306, "id": 1306, "municipio": 113, "nombre": "Puebla", "distrito_l": 10, "distrito_f": 1}, "geometry": {"type": "Polygon", "coordinates": [[[-98.077794, 19.026751], [-98.066655, 19.026751], [-98.066655, 19.039793], [-98.077794, 19.039793], [-98.077794, 19.026751]]]}}, {"type": "Feature", "id": 1307, "properties": {"seccion": 1307, "id": 1307, "municipio": 113, "nombre": "Puebla", "distrito_l": 10, "distrito_f": 1}, "geometry": {"type": "Polygon", "coordinates": [[[-98.066654, 19.026751], [-98.055515, 19.026751], [-98.055515, 19.039793], [-98.066654, 19.039793], [-98.066654, 19.026751]]]}}, {"type": "Feature", "id": 1308, "properties": {"seccion": 1308, "id": 1308, "municipio": 113, "nombre": "Puebla", "distrito_l": 10, "distrito_f": 1}, "geometry": {"type": "Polygon", "coordinates": [[[-98.055515, 19.026751], [-98.044376, 19.026751], [-98.044376, 19.039793], [-98.055515, 19.039793], [-98.055515, 19.026751]]]}}, {"type": "Feature", "id": 1309, "properties": {"seccion": 1309, "id": 1309, "municipio": 113, "nombre": "Puebla", "distrito_l": 17, "distrito_f": 1}, "geometry": {"type": "Polygon", "coordinates": [[[-98.044376, 19.026751], [-98.033237, 19.026751], [-98.033237, 19.039793], [-98.044376, 19.039793], [-98.044376, 19.026751]]]}}, {"type": "Feature", "id": 1310, "properties": {"seccion": 1310, "id": 1310, "municipio": 113, "nombre": "Puebla", "distrito_l": 10, "distrito_f": 1}, "geometry": {"type": "Polygon", "coordinates": [[[-98.033237, 19.026751], [-98.022098, 19.026751], [-98.022098, 19.039793], [-98.033237, 19.039793], [-98.033237, 19.026751]]]}}, {"type": "Feature", "id": 1311, "properties": {"seccion": 1311, "id": 1311, "municipio": 113, "nombre": "Puebla", "distrito_l": 10, "distrito_f": 1}, "geometry": {"type": "Polygon", "coordinates": [[[-98.022098, 19.026751], [-98.010959, 19.026751], [-98.010959, 19.039793], [-98.022098, 19.039793], [-98.022098, 19.026751]]]}}, {"type": "Feature", "id": 1312, "properties": {"seccion": 1312, "id": 1312, "municipio": 113, "nombre": "Puebla", "distrito_l": 10, "distrito_f": 1}, "geometry": {"type": "Polygon", "coordinates": [[[-98.010958, 19.026751], [-97.999819, 19.026751], [-97.999819, 19.039793], [-98.010958, 19.039793], [-98.010958, 19.026751]]]}}, {"type": "Feature", "id": 1313, "properties": {"seccion": 1313, "id": 1313, "municipio": 113, "nombre": "Puebla", "distrito_l": 10, "distrito_f": 1}, "geometry": {"type": "Polygon", "coordinates": [[[-97.999819, 19.026751], [-97.98868, 19.026751], [-97.98868, 19.039793], [-97.999819, 19.039793], [-97.999819, 19.026751]]]}}, {"type": "Feature", "id": 1314, "properties": {"seccion": 1314, "id": 1314, "municipio": 113, "nombre": "Puebla", "distrito_l": 10, "distrito_f": 1}, "geometry": {"type": "Polygon", "coordinates": [[[-97.98868, 19.026751], [-97.977541, 19.026751], [-97.977541, 19.039793], [-97.98868, 19.039793], [-97.98868, 19.026751]]]}}, {"type": "Feature", "id": 1315, "properties": {"seccion": 1315, "id": 1315, "municipio": 113, "nombre": "Puebla", "distrito_l": 10, "distrito_f": 1}, "geometry": {"type": "Polygon", "coordinates": [[[-97.977541, 19.026751], [-97.966402, 19.026751], [-97.966402, 19.039793], [-97.977541, 19.039793], [-97.977541, 19.026751]]]}}, {"type": "Feature", "id": 1316, "properties": {"seccion": 1316, "id": 1316, "municipio": 113, "nombre": "Puebla", "distrito_l": 10, "distrito_f": 1}, "geometry": {"type": "Polygon", "coordinates": [[[-97.966402, 19.026751], [-97.955263, 19.026751], [-97.955263, 19.039793], [-97.966402, 19.039793], [-97.966402, 19.026751]]]}}, {"type": "Feature", "id": 1317, "properties": {"seccion": 1317, "id": 1317, "municipio": 113, "nombre": "Puebla", "distrito_l": 10, "distrito_f": 1}, "geometry": {"type": "Polygon", "coordinates": [[[-97.955263, 19.026751], [-97.944124, 19.026751], [-97.944124, 19.039793], [-97.955263, 19.039793], [-97.955263, 19.026751]]]}}, {"type": "Feature", "id": 1319, "properties": {"seccion": 1319, "id": 1319, "municipio": 113, "nombre": "Puebla", "distrito_l": 10, "distrito_f": 1}, "geometry": {"type": "Polygon", "coordinates": [[[-97.944123, 19.026751], [-97.932984, 19.026751], [-97.932984, 19.039793], [-97.944123, 19.039793], [-97.944123, 19.026751]]]}}, {"type": "Feature", "id": 1320, "properties": {"seccion": 1320, "id": 1320, "municipio": 113, "nombre": "Puebla", "distrito_l": 10, "distrito_f": 1}, "geometry": {"type": "Polygon", "coordinates": [[[-97.932984, 19.026751], [-97.921845, 19.026751], [-97.921845, 19.039793], [-97.932984, 19.039793], [-97.932984, 19.026751]]]}}, {"type": "Feature", "id": 1321, "properties": {"seccion": 1321, "id": 1321, "municipio": 113, "nombre": "Puebla", "distrito_l": 10, "distrito_f": 1}, "geometry": {"type": "Polygon", "coordinates": [[[-97.921845, 19.026751], [-97.910706, 19.026751], [-97.910706, 19.039793], [-97.921845, 19.039793], [-97.921845, 19.026751]]]}}, {"type": "Feature", "id": 1322, "properties": {"seccion": 1322, "id": 1322, "municipio": 113, "nombre": "Puebla", "distrito_l": 10, "distrito_f": 1}, "geometry": {"type": "Polygon", "coordinates": [[[-97.910706, 19.026751], [-97.899567, 19.026751], [-97.899567, 19.039793], [-97.910706, 19.039793], [-97.910706, 19.026751]]]}}, {"type": "Feature", "id": 1323, "properties": {"seccion": 1323, "id": 1323, "municipio": 113, "nombre": "Puebla", "distrito_l": 10, "distrito_f": 1}, "geometry": {"type": "Polygon", "coordinates": [[[-98.222603, 19.039793], [-98.211464, 19.039793], [-98.211464, 19.052835], [-98.222603, 19.052835], [-98.222603, 19.039793]]]}}, {"type": "Feature", "id": 1324, "properties": {"seccion": 1324, "id": 1324, "municipio": 113, "nombre": "Puebla", "distrito_l": 10, "distrito_f": 1}, "geometry": {"type": "Polygon", "coordinates": [[[-98.211464, 19.039793], [-98.200325, 19.039793], [-98.200325, 19.052835], [-98.211464, 19.052835], [-98.211464, 19.039793]]]}}, {"type": "Feature", "id": 1325, "properties": {"seccion": 1325, "id": 1325, "municipio": 113, "nombre": "Puebla", "distrito_l": 10, "distrito_f": 1}, "geometry": {"type": "Polygon", "coordinates": [[[-98.200324, 19.039793], [-98.189185, 19.039793], [-98.189185, 19.052835], [-98.200324, 19.052835], [-98.200324, 19.039793]]]}}, {"type": "Feature", "id": 1326, "properties": {"seccion": 1326, "id": 1326, "municipio": 113, "nombre": "Puebla", "distrito_l": 10, "distrito_f": 1}, "geometry": {"type": "Polygon", "coordinates": [[[-98.189185, 19.039793], [-98.178046, 19.039793], [-98.178046, 19.052835], [-98.189185, 19.052835], [-98.189185, 19.039793]]]}}, {"type": "Feature", "id": 1327, "properties": {"seccion": 1327, "id": 1327, "municipio": 113, "nombre": "Puebla", "distrito_l": 10, "distrito_f": 1}, "geometry": {"type": "Polygon", "coordinates": [[[-98.178046, 19.039793], [-98.166907, 19.039793], [-98.166907, 19.052835], [-98.178046, 19.052835], [-98.178046, 19.039793]]]}}, {"type": "Feature", "id": 1328, "properties": {"seccion": 1328, "id": 1328, "municipio": 113, "nombre": "Puebla", "distrito_l": 10, "distrito_f": 1}, "geometry": {"type": "Polygon", "coordinates": [[[-98.166907, 19.039793], [-98.155768, 19.039793], [-98.155768, 19.052835], [-98.166907, 19.052835], [-98.166907, 19.039793]]]}}, {"type": "Feature", "id": 1329, "properties": {"seccion": 1329, "id": 1329, "municipio": 113, "nombre": "Puebla", "distrito_l": 10, "distrito_f": 1}, "geometry": {"type": "Polygon", "coordinates": [[[-98.155768, 19.039793], [-98.144629, 19.039793], [-98.144629, 19.052835], [-98.155768, 19.052835], [-98.155768, 19.039793]]]}}, {"type": "Feature", "id": 1330, "properties": {"seccion": 1330, "id": 1330, "municipio": 113, "nombre": "Puebla", "distrito_l": 10, "distrito_f": 1}, "geometry": {"type": "Polygon", "coordinates": [[[-98.144629, 19.039793], [-98.13349, 19.039793], [-98.13349, 19.052835], [-98.144629, 19.052835], [-98.144629, 19.039793]]]}}, {"type": "Feature", "id": 1331, "properties": {"seccion": 1331, "id": 1331, "municipio": 113, "nombre": "Puebla", "distrito_l": 10, "distrito_f": 1}, "geometry": {"type": "Polygon", "coordinates": [[[-98.133489, 19.039793], [-98.12235, 19.039793], [-98.12235, 19.052835], [-98.133489, 19.052835], [-98.133489, 19.039793]]]}}, {"type": "Feature", "id": 1332, "properties": {"seccion": 1332, "id": 1332, "municipio": 113, "nombre": "Puebla", "distrito_l": 10, "distrito_f": 1}, "geometry": {"type": "Polygon", "coordinates": [[[-98.12235, 19.039793], [-98.111211, 19.039793], [-98.111211, 19.052835], [-98.12235, 19.052835], [-98.12235, 19.039793]]]}}, {"type": "Feature", "id": 1333, "properties": {"seccion": 1333, "id": 1333, "municipio": 113, "nombre": "Puebla", "distrito_l": 10, "distrito_f": 1}, "geometry": {"type": "Polygon", "coordinates": [[[-98.111211, 19.039793], [-98.100072, 19.039793], [-98.100072, 19.052835], [-98.111211, 19.052835], [-98.111211, 19.039793]]]}}, {"type": "Feature", "id": 1334, "properties": {"seccion": 1334, "id": 1334, "municipio": 113, "nombre": "Puebla", "distrito_l": 10, "distrito_f": 1}, "geometry": {"type": "Polygon", "coordinates": [[[-98.100072, 19.039793], [-98.088933, 19.039793], [-98.088933, 19.052835], [-98.100072, 19.052835], [-98.100072, 19.039793]]]}}, {"type": "Feature", "id": 1335, "properties": {"seccion": 1335, "id": 1335, "municipio": 113, "nombre": "Puebla", "distrito_l": 10, "distrito_f": 1}, "geometry": {"type": "Polygon", "coordinates": [[[-98.088933, 19.039793], [-98.077794, 19.039793], [-98.077794, 19.052835], [-98.088933, 19.052835], [-98.088933, 19.039793]]]}}, {"type": "Feature", "id": 1336, "properties": {"seccion": 1336, "id": 1336, "municipio": 113, "nombre": "Puebla", "distrito_l": 10, "distrito_f": 1}, "geometry": {"type": "Polygon", "coordinates": [[[-98.077794, 19.039793], [-98.066655, 19.039793], [-98.066655, 19.052835], [-98.077794, 19.052835], [-98.077794, 19.039793]]]}}, {"type": "Feature", "id": 1337, "properties": {"seccion": 1337, "id": 1337, "municipio": 113, "nombre": "Puebla", "distrito_l": 10, "distrito_f": 1}, "geometry": {"type": "Polygon", "coordinates": [[[-98.066654, 19.039793], [-98.055515, 19.039793], [-98.055515, 19.052835], [-98.066654, 19.052835], [-98.066654, 19.039793]]]}}, {"type": "Feature", "id": 1338, "properties": {"seccion": 1338, "id": 1338, "municipio": 113, "nombre": "Puebla", "distrito_l": 10, "distrito_f": 1}, "geometry": {"type": "Polygon", "coordinates": [[[-98.055515, 19.039793], [-98.044376, 19.039793], [-98.044376, 19.052835], [-98.055515, 19.052835], [-98.055515, 19.039793]]]}}, {"type": "Feature", "id": 1339, "properties": {"seccion": 1339, "id": 1339, "municipio": 113, "nombre": "Puebla", "distrito_l": 11, "distrito_f": 1}, "geometry": {"type": "Polygon", "coordinates": [[[-98.044376, 19.039793], [-98.033237, 19.039793], [-98.033237, 19.052835], [-98.044376, 19.052835], [-98.044376, 19.039793]]]}}, {"type": "Feature", "id": 1340, "properties": {"seccion": 1340, "id": 1340, "municipio": 113, "nombre": "Puebla", "distrito_l": 11, "distrito_f": 1}, "geometry": {"type": "Polygon", "coordinates": [[[-98.033237, 19.039793], [-98.022098, 19.039793], [-98.022098, 19.052835], [-98.033237, 19.052835], [-98.033237, 19.039793]]]}}, {"type": "Feature", "id": 1341, "properties": {"seccion": 1341, "id": 1341, "municipio": 113, "nombre": "Puebla", "distrito_l": 10, "distrito_f": 1}, "geometry": {"type": "Polygon", "coordinates": [[[-98.022098, 19.039793], [-98.010959, 19.039793], [-98.010959, 19.052835], [-98.022098, 19.052835], [-98.022098, 19.039793]]]}}, {"type": "Feature", "id": 1342, "properties": {"seccion": 1342, "id": 1342, "municipio": 113, "nombre": "Puebla", "distrito_l": 10, "distrito_f": 1}, "geometry": {"type": "Polygon", "coordinates": [[[-98.010958, 19.039793], [-97.999819, 19.039793], [-97.999819, 19.052835], [-98.010958, 19.052835], [-98.010958, 19.039793]]]}}, {"type": "Feature", "id": 1343, "properties": {"seccion": 1343, "id": 1343, "municipio": 113, "nombre": "Puebla", "distrito_l": 10, "distrito_f": 1}, "geometry": {"type": "Polygon", "coordinates": [[[-97.999819, 19.039793], [-97.98868, 19.039793], [-97.98868, 19.052835], [-97.999819, 19.052835], [-97.999819, 19.039793]]]}}, {"type": "Feature", "id": 1344, "properties": {"seccion": 1344, "id": 1344, "municipio": 113, "nombre": "Puebla", "distrito_l": 10, "distrito_f": 1}, "geometry": {"type": "Polygon", "coordinates": [[[-97.98868, 19.039793], [-97.977541, 19.039793], [-97.977541, 19.052835], [-97.98868, 19.052835], [-97.98868, 19.039793]]]}}, {"type": "Feature", "id": 1345, "properties": {"seccion": 1345, "id": 1345, "municipio": 113, "nombre": "Puebla", "distrito_l": 10, "distrito_f": 1}, "geometry": {"type": "Polygon", "coordinates": [[[-97.977541, 19.039793], [-97.966402, 19.039793], [-97.966402, 19.052835], [-97.977541, 19.052835], [-97.977541, 19.039793]]]}}, {"type": "Feature", "id": 1346, "properties": {"seccion": 1346, "id": 1346, "municipio": 113, "nombre": "Puebla", "distrito_l": 10, "distrito_f": 1}, "geometry": {"type": "Polygon", "coordinates": [[[-97.966402, 19.039793], [-97.955263, 19.039793], [-97.955263, 19.052835], [-97.966402, 19.052835], [-97.966402, 19.039793]]]}}, {"type": "Feature", "id": 1347, "properties": {"seccion": 1347, "id": 1347, "municipio": 113, "nombre": "Puebla", "distrito_l": 10, "distrito_f": 1}, "geometry": {"type": "Polygon", "coordinates": [[[-97.955263, 19.039793], [-97.944124, 19.039793], [-97.944124, 19.052835], [-97.955263, 19.052835], [-97.955263, 19.039793]]]}}, {"type": "Feature", "id": 1348, "properties": {"seccion": 1348, "id": 1348, "municipio": 113, "nombre": "Puebla", "distrito_l": 10, "distrito_f": 1}, "geometry": {"type": "Polygon", "coordinates": [[[-97.944123, 19.039793], [-97.932984, 19.039793], [-97.932984, 19.052835], [-97.944123, 19.052835], [-97.944123, 19.039793]]]}}, {"type": "Feature", "id": 1349, "properties": {"seccion": 1349, "id": 1349, "municipio": 113, "nombre": "Puebla", "distrito_l": 10, "distrito_f": 1}, "geometry": {"type": "Polygon", "coordinates": [[[-97.932984, 19.039793], [-97.921845, 19.039793], [-97.921845, 19.052835], [-97.932984, 19.052835], [-97.932984, 19.039793]]]}}, {"type": "Feature", "id": 1350, "properties": {"seccion": 1350, "id": 1350, "municipio": 113, "nombre": "Puebla", "distrito_l": 10, "distrito_f": 1}, "geometry": {"type": "Polygon", "coordinates": [[[-97.921845, 19.039793], [-97.910706, 19.039793], [-97.910706, 19.052835], [-97.921845, 19.052835], [-97.921845, 19.039793]]]}}, {"type": "Feature", "id": 1351, "properties": {"seccion": 1351, "id": 1351, "municipio": 113, "nombre": "Puebla", "distrito_l": 10, "distrito_f": 1}, "geometry": {"type": "Polygon", "coordinates": [[[-97.910706, 19.039793], [-97.899567, 19.039793], [-97.899567, 19.052835], [-97.910706, 19.052835], [-97.910706, 19.039793]]]}}, {"type": "Feature", "id": 1352, "properties": {"seccion": 1352, "id": 1352, "municipio": 113, "nombre": "Puebla", "distrito_l": 10, "distrito_f": 1}, "geometry": {"type": "Polygon", "coordinates": [[[-98.222603, 19.052835], [-98.211464, 19.052835], [-98.211464, 19.065877], [-98.222603, 19.065877], [-98.222603, 19.052835]]]}}, {"type": "Feature", "id": 1353, "properties": {"seccion": 1353, "id": 1353, "municipio": 113, "nombre": "Puebla", "distrito_l": 10, "distrito_f": 1}, "geometry": {"type": "Polygon", "coordinates": [[[-98.211464, 19.052835], [-98.200325, 19.052835], [-98.200325, 19.065877], [-98.211464, 19.065877], [-98.211464, 19.052835]]]}}, {"type": "Feature", "id": 1354, "properties": {"seccion": 1354, "id": 1354, "municipio": 113, "nombre": "Puebla", "distrito_l": 11, "distrito_f": 1}, "geometry": {"type": "Polygon", "coordinates": [[[-98.200324, 19.052835], [-98.189185, 19.052835], [-98.189185, 19.065877], [-98.200324, 19.065877], [-98.200324, 19.052835]]]}}, {"type": "Feature", "id": 1355, "properties": {"seccion": 1355, "id": 1355, "municipio": 113, "nombre": "Puebla", "distrito_l": 11, "distrito_f": 1}, "geometry": {"type": "Polygon", "coordinates": [[[-98.189185, 19.052835], [-98.178046, 19.052835], [-98.178046, 19.065877], [-98.189185, 19.065877], [-98.189185, 19.052835]]]}}, {"type": "Feature", "id": 1356, "properties": {"seccion": 1356, "id": 1356, "municipio": 113, "nombre": "Puebla", "distrito_l": 11, "distrito_f": 1}, "geometry": {"type": "Polygon", "coordinates": [[[-98.178046, 19.052835], [-98.166907, 19.052835], [-98.166907, 19.065877], [-98.178046, 19.065877], [-98.178046, 19.052835]]]}}, {"type": "Feature", "id": 1357, "properties": {"seccion": 1357, "id": 1357, "municipio": 113, "nombre": "Puebla", "distrito_l": 11, "distrito_f": 1}, "geometry": {"type": "Polygon", "coordinates": [[[-98.166907, 19.052835], [-98.155768, 19.052835], [-98.155768, 19.065877], [-98.166907, 19.065877], [-98.166907, 19.052835]]]}}, {"type": "Feature", "id": 1358, "properties": {"seccion": 1358, "id": 1358, "municipio": 113, "nombre": "Puebla", "distrito_l": 11, "distrito_f": 1}, "geometry": {"type": "Polygon", "coordinates": [[[-98.155768, 19.052835], [-98.144629, 19.052835], [-98.144629, 19.065877], [-98.155768, 19.065877], [-98.155768, 19.052835]]]}}, {"type": "Feature", "id": 1359, "properties": {"seccion": 1359, "id": 1359, "municipio": 113, "nombre": "Puebla", "distrito_l": 10, "distrito_f": 1}, "geometry": {"type": "Polygon", "coordinates": [[[-98.144629, 19.052835], [-98.13349, 19.052835], [-98.13349, 19.065877], [-98.144629, 19.065877], [-98.144629, 19.052835]]]}}, {"type": "Feature", "id": 1360, "properties": {"seccion": 1360, "id": 1360, "municipio": 113, "nombre": "Puebla", "distrito_l": 10, "distrito_f": 1}, "geometry": {"type": "Polygon", "coordinates": [[[-98.133489, 19.052835], [-98.12235, 19.052835], [-98.12235, 19.065877], [-98.133489, 19.065877], [-98.133489, 19.052835]]]}}, {"type": "Feature", "id": 1361, "properties": {"seccion": 1361, "id": 1361, "municipio": 113, "nombre": "Puebla", "distrito_l": 10, "distrito_f": 1}, "geometry": {"type": "Polygon", "coordinates": [[[-98.12235, 19.052835], [-98.111211, 19.052835], [-98.111211, 19.065877], [-98.12235, 19.065877], [-98.12235, 19.052835]]]}}, {"type": "Feature", "id": 1362, "properties": {"seccion": 1362, "id": 1362, "municipio": 113, "nombre": "Puebla", "distrito_l": 10, "distrito_f": 1}, "geometry": {"type": "Polygon", "coordinates": [[[-98.111211, 19.052835], [-98.100072, 19.052835], [-98.100072, 19.065877], [-98.111211, 19.065877], [-98.111211, 19.052835]]]}}, {"type": "Feature", "id": 1363, "properties": {"seccion": 1363, "id": 1363, "municipio": 113, "nombre": "Puebla", "distrito_l": 10, "distrito_f": 1}, "geometry": {"type": "Polygon", "coordinates": [[[-98.100072, 19.052835], [-98.088933, 19.052835], [-98.088933, 19.065877], [-98.100072, 19.065877], [-98.100072, 19.052835]]]}}, {"type": "Feature", "id": 1364, "properties": {"seccion": 1364, "id": 1364, "municipio": 113, "nombre": "Puebla", "distrito_l": 10, "distrito_f": 1}, "geometry": {"type": "Polygon", "coordinates": [[[-98.088933, 19.052835], [-98.077794, 19.052835], [-98.077794, 19.065877], [-98.088933, 19.065877], [-98.088933, 19.052835]]]}}, {"type": "Feature", "id": 1365, "properties": {"seccion": 1365, "id": 1365, "municipio": 113, "nombre": "Puebla", "distrito_l": 10, "distrito_f": 1}, "geometry": {"type": "Polygon", "coordinates": [[[-98.077794, 19.052835], [-98.066655, 19.052835], [-98.066655, 19.065877], [-98.077794, 19.065877], [-98.077794, 19.052835]]]}}, {"type": "Feature", "id": 1366, "properties": {"seccion": 1366, "id": 1366, "municipio": 113, "nombre": "Puebla", "distrito_l": 10, "distrito_f": 1}, "geometry": {"type": "Polygon", "coordinates": [[[-98.066654, 19.052835], [-98.055515, 19.052835], [-98.055515, 19.065877], [-98.066654, 19.065877], [-98.066654, 19.052835]]]}}, {"type": "Feature", "id": 1367, "properties": {"seccion": 1367, "id": 1367, "municipio": 113, "nombre": "Puebla", "distrito_l": 10, "distrito_f": 1}, "geometry": {"type": "Polygon", "coordinates": [[[-98.055515, 19.052835], [-98.044376, 19.052835], [-98.044376, 19.065877], [-98.055515, 19.065877], [-98.055515, 19.052835]]]}}, {"type": "Feature", "id": 1368, "properties": {"seccion": 1368, "id": 1368, "municipio": 113, "nombre": "Puebla", "distrito_l": 10, "distrito_f": 1}, "geometry": {"type": "Polygon", "coordinates": [[[-98.044376, 19.052835], [-98.033237, 19.052835], [-98.033237, 19.065877], [-98.044376, 19.065877], [-98.044376, 19.052835]]]}}, {"type": "Feature", "id": 1369, "properties": {"seccion": 1369, "id": 1369, "municipio": 113, "nombre": "Puebla", "distrito_l": 10, "distrito_f": 1}, "geometry": {"type": "Polygon", "coordinates": [[[-98.033237, 19.052835], [-98.022098, 19.052835], [-98.022098, 19.065877], [-98.033237, 19.065877], [-98.033237, 19.052835]]]}}, {"type": "Feature", "id": 1370, "properties": {"seccion": 1370, "id": 1370, "municipio": 113, "nombre": "Puebla", "distrito_l": 10, "distrito_f": 1}, "geometry": {"type": "Polygon", "coordinates": [[[-98.022098, 19.052835], [-98.010959, 19.052835], [-98.010959, 19.065877], [-98.022098, 19.065877], [-98.022098, 19.052835]]]}}, {"type": "Feature", "id": 1371, "properties": {"seccion": 1371, "id": 1371, "municipio": 113, "nombre": "Puebla", "distrito_l": 11, "distrito_f": 1}, "geometry": {"type": "Polygon", "coordinates": [[[-98.010958, 19.052835], [-97.999819, 19.052835], [-97.999819, 19.065877], [-98.010958, 19.065877], [-98.010958, 19.052835]]]}}, {"type": "Feature", "id": 1372, "properties": {"seccion": 1372, "id": 1372, "municipio": 113, "nombre": "Puebla", "distrito_l": 11, "distrito_f": 1}, "geometry": {"type": "Polygon", "coordinates": [[[-97.999819, 19.052835], [-97.98868, 19.052835], [-97.98868, 19.065877], [-97.999819, 19.065877], [-97.999819, 19.052835]]]}}, {"type": "Feature", "id": 1373, "properties": {"seccion": 1373, "id": 1373, "municipio": 113, "nombre": "Puebla", "distrito_l": 11, "distrito_f": 1}, "geometry": {"type": "Polygon", "coordinates": [[[-97.98868, 19.052835], [-97.977541, 19.052835], [-97.977541, 19.065877], [-97.98868, 19.065877], [-97.98868, 19.052835]]]}}, {"type": "Feature", "id": 1374, "properties": {"seccion": 1374, "id": 1374, "municipio": 113, "nombre": "Puebla", "distrito_l": 11, "distrito_f": 1}, "geometry": {"type": "Polygon", "coordinates": [[[-97.977541, 19.052835], [-97.966402, 19.052835], [-97.966402, 19.065877], [-97.977541, 19.065877], [-97.977541, 19.052835]]]}}, {"type": "Feature", "id": 1375, "properties": {"seccion": 1375, "id": 1375, "municipio": 113, "nombre": "Puebla", "distrito_l": 10, "distrito_f": 1}, "geometry": {"type": "Polygon", "coordinates": [[[-97.966402, 19.052835], [-97.955263, 19.052835], [-97.955263, 19.065877], [-97.966402, 19.065877], [-97.966402, 19.052835]]]}}, {"type": "Feature", "id": 1376, "properties": {"seccion": 1376, "id": 1376, "municipio": 113, "nombre": "Puebla", "distrito_l": 10, "distrito_f": 1}, "geometry": {"type": "Polygon", "coordinates": [[[-97.955263, 19.052835], [-97.944124, 19.052835], [-97.944124, 19.065877], [-97.955263, 19.065877], [-97.955263, 19.052835]]]}}, {"type": "Feature", "id": 1377, "properties": {"seccion": 1377, "id": 1377, "municipio": 113, "nombre": "Puebla", "distrito_l": 10, "distrito_f": 1}, "geometry": {"type": "Polygon", "coordinates": [[[-97.944123, 19.052835], [-97.932984, 19.052835], [-97.932984, 19.065877], [-97.944123, 19.065877], [-97.944123, 19.052835]]]}}, {"type": "Feature", "id": 1378, "properties": {"seccion": 1378, "id": 1378, "municipio": 113, "nombre": "Puebla", "distrito_l": 10, "distrito_f": 1}, "geometry": {"type": "Polygon", "coordinates": [[[-97.932984, 19.052835], [-97.921845, 19.052835], [-97.921845, 19.065877], [-97.932984, 19.065877], [-97.932984, 19.052835]]]}}, {"type": "Feature", "id": 1379, "properties": {"seccion": 1379, "id": 1379, "municipio": 113, "nombre": "Puebla", "distrito_l": 10, "distrito_f": 1}, "geometry": {"type": "Polygon", "coordinates": [[[-97.921845, 19.052835], [-97.910706, 19.052835], [-97.910706, 19.065877], [-97.921845, 19.065877], [-97.921845, 19.052835]]]}}, {"type": "Feature", "id": 1380, "properties": {"seccion": 1380, "id": 1380, "municipio": 113, "nombre": "Puebla", "distrito_l": 10, "distrito_f": 1}, "geometry": {"type": "Polygon", "coordinates": [[[-97.910706, 19.052835], [-97.899567, 19.052835], [-97.899567, 19.065877], [-97.910706, 19.065877], [-97.910706, 19.052835]]]}}, {"type": "Feature", "id": 1381, "properties": {"seccion": 1381, "id": 1381, "municipio": 113, "nombre": "Puebla", "distrito_l": 10, "distrito_f": 1}, "geometry": {"type": "Polygon", "coordinates": [[[-98.222603, 19.065877], [-98.211464, 19.065877], [-98.211464, 19.078919], [-98.222603, 19.078919], [-98.222603, 19.065877]]]}}, {"type": "Feature", "id": 1382, "properties": {"seccion": 1382, "id": 1382, "municipio": 113, "nombre": "Puebla", "distrito_l": 10, "distrito_f": 1}, "geometry": {"type": "Polygon", "coordinates": [[[-98.211464, 19.065877], [-98.200325, 19.065877], [-98.200325, 19.078919], [-98.211464, 19.078919], [-98.211464, 19.065877]]]}}, {"type": "Feature", "id": 1383, "properties": {"seccion": 1383, "id": 1383, "municipio": 113, "nombre": "Puebla", "distrito_l": 11, "distrito_f": 1}, "geometry": {"type": "Polygon", "coordinates": [[[-98.200324, 19.065877], [-98.189185, 19.065877], [-98.189185, 19.078919], [-98.200324, 19.078919], [-98.200324, 19.065877]]]}}, {"type": "Feature", "id": 1384, "properties": {"seccion": 1384, "id": 1384, "municipio": 113, "nombre": "Puebla", "distrito_l": 11, "distrito_f": 1}, "geometry": {"type": "Polygon", "coordinates": [[[-98.189185, 19.065877], [-98.178046, 19.065877], [-98.178046, 19.078919], [-98.189185, 19.078919], [-98.189185, 19.065877]]]}}, {"type": "Feature", "id": 1385, "properties": {"seccion": 1385, "id": 1385, "municipio": 113, "nombre": "Puebla", "distrito_l": 11, "distrito_f": 1}, "geometry": {"type": "Polygon", "coordinates": [[[-98.178046, 19.065877], [-98.166907, 19.065877], [-98.166907, 19.078919], [-98.178046, 19.078919], [-98.178046, 19.065877]]]}}, {"type": "Feature", "id": 1386, "properties": {"seccion": 1386, "id": 1386, "municipio": 113, "nombre": "Puebla", "distrito_l": 10, "distrito_f": 1}, "geometry": {"type": "Polygon", "coordinates": [[[-98.166907, 19.065877], [-98.155768, 19.065877], [-98.155768, 19.078919], [-98.166907, 19.078919], [-98.166907, 19.065877]]]}}, {"type": "Feature", "id": 1387, "properties": {"seccion": 1387, "id": 1387, "municipio": 113, "nombre": "Puebla", "distrito_l": 10, "distrito_f": 1}, "geometry": {"type": "Polygon", "coordinates": [[[-98.155768, 19.065877], [-98.144629, 19.065877], [-98.144629, 19.078919], [-98.155768, 19.078919], [-98.155768, 19.065877]]]}}, {"type": "Feature", "id": 1388, "properties": {"seccion": 1388, "id": 1388, "municipio": 113, "nombre": "Puebla", "distrito_l": 10, "distrito_f": 1}, "geometry": {"type": "Polygon", "coordinates": [[[-98.144629, 19.065877], [-98.13349, 19.065877], [-98.13349, 19.078919], [-98.144629, 19.078919], [-98.144629, 19.065877]]]}}, {"type": "Feature", "id": 1389, "properties": {"seccion": 1389, "id": 1389, "municipio": 113, "nombre": "Puebla", "distrito_l": 10, "distrito_f": 1}, "geometry": {"type": "Polygon", "coordinates": [[[-98.133489, 19.065877], [-98.12235, 19.065877], [-98.12235, 19.078919], [-98.133489, 19.078919], [-98.133489, 19.065877]]]}}, {"type": "Feature", "id": 1390, "properties": {"seccion": 1390, "id": 1390, "municipio": 113, "nombre": "Puebla", "distrito_l": 10, "distrito_f": 1}, "geometry": {"type": "Polygon", "coordinates": [[[-98.12235, 19.065877], [-98.111211, 19.065877], [-98.111211, 19.078919], [-98.12235, 19.078919], [-98.12235, 19.065877]]]}}, {"type": "Feature", "id": 1391, "properties": {"seccion": 1391, "id": 1391, "municipio": 113, "nombre": "Puebla", "distrito_l": 10, "distrito_f": 1}, "geometry": {"type": "Polygon", "coordinates": [[[-98.111211, 19.065877], [-98.100072, 19.065877], [-98.100072, 19.078919], [-98.111211, 19.078919], [-98.111211, 19.065877]]]}}, {"type": "Feature", "id": 1392, "properties": {"seccion": 1392, "id": 1392, "municipio": 113, "nombre": "Puebla", "distrito_l": 10, "distrito_f": 1}, "geometry": {"type": "Polygon", "coordinates": [[[-98.100072, 19.065877], [-98.088933, 19.065877], [-98.088933, 19.078919], [-98.100072, 19.078919], [-98.100072, 19.065877]]]}}, {"type": "Feature", "id": 1393, "properties": {"seccion": 1393, "id": 1393, "municipio": 113, "nombre": "Puebla", "distrito_l": 10, "distrito_f": 1}, "geometry": {"type": "Polygon", "coordinates": [[[-98.088933, 19.065877], [-98.077794, 19.065877], [-98.077794, 19.078919], [-98.088933, 19.078919], [-98.088933, 19.065877]]]}}, {"type": "Feature", "id": 1394, "properties": {"seccion": 1394, "id": 1394, "municipio": 113, "nombre": "Puebla", "distrito_l": 10, "distrito_f": 1}, "geometry": {"type": "Polygon", "coordinates": [[[-98.077794, 19.065877], [-98.066655, 19.065877], [-98.066655, 19.078919], [-98.077794, 19.078919], [-98.077794, 19.065877]]]}}, {"type": "Feature", "id": 1395, "properties": {"seccion": 1395, "id": 1395, "municipio": 113, "nombre": "Puebla", "distrito_l": 10, "distrito_f": 1}, "geometry": {"type": "Polygon", "coordinates": [[[-98.066654, 19.065877], [-98.055515, 19.065877], [-98.055515, 19.078919], [-98.066654, 19.078919], [-98.066654, 19.065877]]]}}, {"type": "Feature", "id": 1396, "properties": {"seccion": 1396, "id": 1396, "municipio": 113, "nombre": "Puebla", "distrito_l": 10, "distrito_f": 1}, "geometry": {"type": "Polygon", "coordinates": [[[-98.055515, 19.065877], [-98.044376, 19.065877], [-98.044376, 19.078919], [-98.055515, 19.078919], [-98.055515, 19.065877]]]}}, {"type": "Feature", "id": 1397, "properties": {"seccion": 1397, "id": 1397, "municipio": 113, "nombre": "Puebla", "distrito_l": 11, "distrito_f": 1}, "geometry": {"type": "Polygon", "coordinates": [[[-98.044376, 19.065877], [-98.033237, 19.065877], [-98.033237, 19.078919], [-98.044376, 19.078919], [-98.044376, 19.065877]]]}}, {"type": "Feature", "id": 1398, "properties": {"seccion": 1398, "id": 1398, "municipio": 113, "nombre": "Puebla", "distrito_l": 11, "distrito_f": 1}, "geometry": {"type": "Polygon", "coordinates": [[[-98.033237, 19.065877], [-98.022098, 19.065877], [-98.022098, 19.078919], [-98.033237, 19.078919], [-98.033237, 19.065877]]]}}, {"type": "Feature", "id": 1399, "properties": {"seccion": 1399, "id": 1399, "municipio": 113, "nombre": "Puebla", "distrito_l": 11, "distrito_f": 1}, "geometry": {"type": "Polygon", "coordinates": [[[-98.022098, 19.065877], [-98.010959, 19.065877], [-98.010959, 19.078919], [-98.022098, 19.078919], [-98.022098, 19.065877]]]}}, {"type": "Feature", "id": 1400, "properties": {"seccion": 1400, "id": 1400, "municipio": 113, "nombre": "Puebla", "distrito_l": 11, "distrito_f": 1}, "geometry": {"type": "Polygon", "coordinates": [[[-98.010958, 19.065877], [-97.999819, 19.065877], [-97.999819, 19.078919], [-98.010958, 19.078919], [-98.010958, 19.065877]]]}}, {"type": "Feature", "id": 1401, "properties": {"seccion": 1401, "id": 1401, "municipio": 113, "nombre": "Puebla", "distrito_l": 11, "distrito_f": 1}, "geometry": {"type": "Polygon", "coordinates": [[[-97.999819, 19.065877], [-97.98868, 19.065877], [-97.98868, 19.078919], [-97.999819, 19.078919], [-97.999819, 19.065877]]]}}, {"type": "Feature", "id": 1402, "properties": {"seccion": 1402, "id": 1402, "municipio": 113, "nombre": "Puebla", "distrito_l": 11, "distrito_f": 1}, "geometry": {"type": "Polygon", "coordinates": [[[-97.98868, 19.065877], [-97.977541, 19.065877], [-97.977541, 19.078919], [-97.98868, 19.078919], [-97.98868, 19.065877]]]}}, {"type": "Feature", "id": 1403, "properties": {"seccion": 1403, "id": 1403, "municipio": 113, "nombre": "Puebla", "distrito_l": 11, "distrito_f": 1}, "geometry": {"type": "Polygon", "coordinates": [[[-97.977541, 19.065877], [-97.966402, 19.065877], [-97.966402, 19.078919], [-97.977541, 19.078919], [-97.977541, 19.065877]]]}}, {"type": "Feature", "id": 1404, "properties": {"seccion": 1404, "id": 1404, "municipio": 113, "nombre": "Puebla", "distrito_l": 11, "distrito_f": 1}, "geometry": {"type": "Polygon", "coordinates": [[[-97.966402, 19.065877], [-97.955263, 19.065877], [-97.955263, 19.078919], [-97.966402, 19.078919], [-97.966402, 19.065877]]]}}, {"type": "Feature", "id": 1405, "properties": {"seccion": 1405, "id": 1405, "municipio": 113, "nombre": "Puebla", "distrito_l": 11, "distrito_f": 1}, "geometry": {"type": "Polygon", "coordinates": [[[-97.955263, 19.065877], [-97.944124, 19.065877], [-97.944124, 19.078919], [-97.955263, 19.078919], [-97.955263, 19.065877]]]}}, {"type": "Feature", "id": 1406, "properties": {"seccion": 1406, "id": 1406, "municipio": 113, "nombre": "Puebla", "distrito_l": 10, "distrito_f": 1}, "geometry": {"type": "Polygon", "coordinates": [[[-97.944123, 19.065877], [-97.932984, 19.065877], [-97.932984, 19.078919], [-97.944123, 19.078919], [-97.944123, 19.065877]]]}}, {"type": "Feature", "id": 1408, "properties": {"seccion": 1408, "id": 1408, "municipio": 113, "nombre": "Puebla", "distrito_l": 10, "distrito_f": 1}, "geometry": {"type": "Polygon", "coordinates": [[[-97.932984, 19.065877], [-97.921845, 19.065877], [-97.921845, 19.078919], [-97.932984, 19.078919], [-97.932984, 19.065877]]]}}, {"type": "Feature", "id": 1409, "properties": {"seccion": 1409, "id": 1409, "municipio": 113, "nombre": "Puebla", "distrito_l": 11, "distrito_f": 1}, "geometry": {"type": "Polygon", "coordinates": [[[-97.921845, 19.065877], [-97.910706, 19.065877], [-97.910706, 19.078919], [-97.921845, 19.078919], [-97.921845, 19.065877]]]}}, {"type": "Feature", "id": 1410, "properties": {"seccion": 1410, "id": 1410, "municipio": 113, "nombre": "Puebla", "distrito_l": 11, "distrito_f": 1}, "geometry": {"type": "Polygon", "coordinates": [[[-97.910706, 19.065877], [-97.899567, 19.065877], [-97.899567, 19.078919], [-97.910706, 19.078919], [-97.910706, 19.065877]]]}}, {"type": "Feature", "id": 1411, "properties": {"seccion": 1411, "id": 1411, "municipio": 113, "nombre": "Puebla", "distrito_l": 11, "distrito_f": 1}, "geometry": {"type": "Polygon", "coordinates": [[[-98.222603, 19.078918], [-98.211464, 19.078918], [-98.211464, 19.09196], [-98.222603, 19.09196], [-98.222603, 19.078918]]]}}, {"type": "Feature", "id": 1412, "properties": {"seccion": 1412, "id": 1412, "municipio": 113, "nombre": "Puebla", "distrito_l": 11, "distrito_f": 1}, "geometry": {"type": "Polygon", "coordinates": [[[-98.211464, 19.078918], [-98.200325, 19.078918], [-98.200325, 19.09196], [-98.211464, 19.09196], [-98.211464, 19.078918]]]}}, {"type": "Feature", "id": 1413, "properties": {"seccion": 1413, "id": 1413, "municipio": 113, "nombre": "Puebla", "distrito_l": 11, "distrito_f": 1}, "geometry": {"type": "Polygon", "coordinates": [[[-98.200324, 19.078918], [-98.189185, 19.078918], [-98.189185, 19.09196], [-98.200324, 19.09196], [-98.200324, 19.078918]]]}}, {"type": "Feature", "id": 1414, "properties": {"seccion": 1414, "id": 1414, "municipio": 113, "nombre": "Puebla", "distrito_l": 11, "distrito_f": 1}, "geometry": {"type": "Polygon", "coordinates": [[[-98.189185, 19.078918], [-98.178046, 19.078918], [-98.178046, 19.09196], [-98.189185, 19.09196], [-98.189185, 19.078918]]]}}, {"type": "Feature", "id": 1415, "properties": {"seccion": 1415, "id": 1415, "municipio": 113, "nombre": "Puebla", "distrito_l": 11, "distrito_f": 1}, "geometry": {"type": "Polygon", "coordinates": [[[-98.178046, 19.078918], [-98.166907, 19.078918], [-98.166907, 19.09196], [-98.178046, 19.09196], [-98.178046, 19.078918]]]}}, {"type": "Feature", "id": 1416, "properties": {"seccion": 1416, "id": 1416, "municipio": 113, "nombre": "Puebla", "distrito_l": 11, "distrito_f": 1}, "geometry": {"type": "Polygon", "coordinates": [[[-98.166907, 19.078918], [-98.155768, 19.078918], [-98.155768, 19.09196], [-98.166907, 19.09196], [-98.166907, 19.078918]]]}}, {"type": "Feature", "id": 1417, "properties": {"seccion": 1417, "id": 1417, "municipio": 113, "nombre": "Puebla", "distrito_l": 11, "distrito_f": 1}, "geometry": {"type": "Polygon", "coordinates": [[[-98.155768, 19.078918], [-98.144629, 19.078918], [-98.144629, 19.09196], [-98.155768, 19.09196], [-98.155768, 19.078918]]]}}, {"type": "Feature", "id": 1418, "properties": {"seccion": 1418, "id": 1418, "municipio": 113, "nombre": "Puebla", "distrito_l": 11, "distrito_f": 1}, "geometry": {"type": "Polygon", "coordinates": [[[-98.144629, 19.078918], [-98.13349, 19.078918], [-98.13349, 19.09196], [-98.144629, 19.09196], [-98.144629, 19.078918]]]}}, {"type": "Feature", "id": 1419, "properties": {"seccion": 1419, "id": 1419, "municipio": 113, "nombre": "Puebla", "distrito_l": 11, "distrito_f": 1}, "geometry": {"type": "Polygon", "coordinates": [[[-98.133489, 19.078918], [-98.12235, 19.078918], [-98.12235, 19.09196], [-98.133489, 19.09196], [-98.133489, 19.078918]]]}}, {"type": "Feature", "id": 1420, "properties": {"seccion": 1420, "id": 1420, "municipio": 113, "nombre": "Puebla", "distrito_l": 11, "distrito_f": 1}, "geometry": {"type": "Polygon", "coordinates": [[[-98.12235, 19.078918], [-98.111211, 19.078918], [-98.111211, 19.09196], [-98.12235, 19.09196], [-98.12235, 19.078918]]]}}, {"type": "Feature", "id": 1421, "properties": {"seccion": 1421, "id": 1421, "municipio": 113, "nombre": "Puebla", "distrito_l": 11, "distrito_f": 1}, "geometry": {"type": "Polygon", "coordinates": [[[-98.111211, 19.078918], [-98.100072, 19.078918], [-98.100072, 19.09196], [-98.111211, 19.09196], [-98.111211, 19.078918]]]}}, {"type": "Feature", "id": 1422, "properties": {"seccion": 1422, "id": 1422, "municipio": 113, "nombre": "Puebla", "distrito_l": 11, "distrito_f": 1}, "geometry": {"type": "Polygon", "coordinates": [[[-98.100072, 19.078918], [-98.088933, 19.078918], [-98.088933, 19.09196], [-98.100072, 19.09196], [-98.100072, 19.078918]]]}}, {"type": "Feature", "id": 1423, "properties": {"seccion": 1423, "id": 1423, "municipio": 113, "nombre": "Puebla", "distrito_l": 17, "distrito_f": 1}, "geometry": {"type": "Polygon", "coordinates": [[[-98.088933, 19.078918], [-98.077794, 19.078918], [-98.077794, 19.09196], [-98.088933, 19.09196], [-98.088933, 19.078918]]]}}, {"type": "Feature", "id": 1424, "properties": {"seccion": 1424, "id": 1424, "municipio": 113, "nombre": "Puebla", "distrito_l": 17, "distrito_f": 1}, "geometry": {"type": "Polygon", "coordinates": [[[-98.077794, 19.078918], [-98.066655, 19.078918], [-98.066655, 19.09196], [-98.077794, 19.09196], [-98.077794, 19.078918]]]}}, {"type": "Feature", "id": 1425, "properties": {"seccion": 1425, "id": 1425, "municipio": 113, "nombre": "Puebla", "distrito_l": 17, "distrito_f": 1}, "geometry": {"type": "Polygon", "coordinates": [[[-98.066654, 19.078918], [-98.055515, 19.078918], [-98.055515, 19.09196], [-98.066654, 19.09196], [-98.066654, 19.078918]]]}}, {"type": "Feature", "id": 1426, "properties": {"seccion": 1426, "id": 1426, "municipio": 113, "nombre": "Puebla", "distrito_l": 17, "distrito_f": 1}, "geometry": {"type": "Polygon", "coordinates": [[[-98.055515, 19.078918], [-98.044376, 19.078918], [-98.044376, 19.09196], [-98.055515, 19.09196], [-98.055515, 19.078918]]]}}, {"type": "Feature", "id": 1427, "properties": {"seccion": 1427, "id": 1427, "municipio": 113, "nombre": "Puebla", "distrito_l": 16, "distrito_f": 1}, "geometry": {"type": "Polygon", "coordinates": [[[-98.044376, 19.078918], [-98.033237, 19.078918], [-98.033237, 19.09196], [-98.044376, 19.09196], [-98.044376, 19.078918]]]}}, {"type": "Feature", "id": 1428, "properties": {"seccion": 1428, "id": 1428, "municipio": 113, "nombre": "Puebla", "distrito_l": 16, "distrito_f": 1}, "geometry": {"type": "Polygon", "coordinates": [[[-98.033237, 19.078918], [-98.022098, 19.078918], [-98.022098, 19.09196], [-98.033237, 19.09196], [-98.033237, 19.078918]]]}}, {"type": "Feature", "id": 1429, "properties": {"seccion": 1429, "id": 1429, "municipio": 113, "nombre": "Puebla", "distrito_l": 16, "distrito_f": 1}, "geometry": {"type": "Polygon", "coordinates": [[[-98.022098, 19.078918], [-98.010959, 19.078918], [-98.010959, 19.09196], [-98.022098, 19.09196], [-98.022098, 19.078918]]]}}, {"type": "Feature", "id": 1430, "properties": {"seccion": 1430, "id": 1430, "municipio": 113, "nombre": "Puebla", "distrito_l": 16, "distrito_f": 1}, "geometry": {"type": "Polygon", "coordinates": [[[-98.010958, 19.078918], [-97.999819, 19.078918], [-97.999819, 19.09196], [-98.010958, 19.09196], [-98.010958, 19.078918]]]}}, {"type": "Feature", "id": 1431, "properties": {"seccion": 1431, "id": 1431, "municipio": 113, "nombre": "Puebla", "distrito_l": 16, "distrito_f": 1}, "geometry": {"type": "Polygon", "coordinates": [[[-97.999819, 19.078918], [-97.98868, 19.078918], [-97.98868, 19.09196], [-97.999819, 19.09196], [-97.999819, 19.078918]]]}}, {"type": "Feature", "id": 1432, "properties": {"seccion": 1432, "id": 1432, "municipio": 113, "nombre": "Puebla", "distrito_l": 16, "distrito_f": 1}, "geometry": {"type": "Polygon", "coordinates": [[[-97.98868, 19.078918], [-97.977541, 19.078918], [-97.977541, 19.09196], [-97.98868, 19.09196], [-97.98868, 19.078918]]]}}, {"type": "Feature", "id": 1433, "properties": {"seccion": 1433, "id": 1433, "municipio": 113, "nombre": "Puebla", "distrito_l": 17, "distrito_f": 1}, "geometry": {"type": "Polygon", "coordinates": [[[-97.977541, 19.078918], [-97.966402, 19.078918], [-97.966402, 19.09196], [-97.977541, 19.09196], [-97.977541, 19.078918]]]}}, {"type": "Feature", "id": 1434, "properties": {"seccion": 1434, "id": 1434, "municipio": 113, "nombre": "Puebla", "distrito_l": 17, "distrito_f": 1}, "geometry": {"type": "Polygon", "coordinates": [[[-97.966402, 19.078918], [-97.955263, 19.078918], [-97.955263, 19.09196], [-97.966402, 19.09196], [-97.966402, 19.078918]]]}}, {"type": "Feature", "id": 1435, "properties": {"seccion": 1435, "id": 1435, "municipio": 113, "nombre": "Puebla", "distrito_l": 17, "distrito_f": 1}, "geometry": {"type": "Polygon", "coordinates": [[[-97.955263, 19.078918], [-97.944124, 19.078918], [-97.944124, 19.09196], [-97.955263, 19.09196], [-97.955263, 19.078918]]]}}, {"type": "Feature", "id": 1436, "properties": {"seccion": 1436, "id": 1436, "municipio": 113, "nombre": "Puebla", "distrito_l": 17, "distrito_f": 1}, "geometry": {"type": "Polygon", "coordinates": [[[-97.944123, 19.078918], [-97.932984, 19.078918], [-97.932984, 19.09196], [-97.944123, 19.09196], [-97.944123, 19.078918]]]}}, {"type": "Feature", "id": 1437, "properties": {"seccion": 1437, "id": 1437, "municipio": 113, "nombre": "Puebla", "distrito_l": 17, "distrito_f": 1}, "geometry": {"type": "Polygon", "coordinates": [[[-97.932984, 19.078918], [-97.921845, 19.078918], [-97.921845, 19.09196], [-97.932984, 19.09196], [-97.932984, 19.078918]]]}}, {"type": "Feature", "id": 1438, "properties": {"seccion": 1438, "id": 1438, "municipio": 113, "nombre": "Puebla", "distrito_l": 16, "distrito_f": 1}, "geometry": {"type": "Polygon", "coordinates": [[[-97.921845, 19.078918], [-97.910706, 19.078918], [-97.910706, 19.09196], [-97.921845, 19.09196], [-97.921845, 19.078918]]]}}, {"type": "Feature", "id": 1439, "properties": {"seccion": 1439, "id": 1439, "municipio": 113, "nombre": "Puebla", "distrito_l": 16, "distrito_f": 1}, "geometry": {"type": "Polygon", "coordinates": [[[-97.910706, 19.078918], [-97.899567, 19.078918], [-97.899567, 19.09196], [-97.910706, 19.09196], [-97.910706, 19.078918]]]}}, {"type": "Feature", "id": 1440, "properties": {"seccion": 1440, "id": 1440, "municipio": 113, "nombre": "Puebla", "distrito_l": 16, "distrito_f": 1}, "geometry": {"type": "Polygon", "coordinates": [[[-98.222603, 19.09196], [-98.211464, 19.09196], [-98.211464, 19.105002], [-98.222603, 19.105002], [-98.222603, 19.09196]]]}}, {"type": "Feature", "id": 1441, "properties": {"seccion": 1441, "id": 1441, "municipio": 113, "nombre": "Puebla", "distrito_l": 16, "distrito_f": 1}, "geometry": {"type": "Polygon", "coordinates": [[[-98.211464, 19.09196], [-98.200325, 19.09196], [-98.200325, 19.105002], [-98.211464, 19.105002], [-98.211464, 19.09196]]]}}, {"type": "Feature", "id": 1442, "properties": {"seccion": 1442, "id": 1442, "municipio": 113, "nombre": "Puebla", "distrito_l": 16, "distrito_f": 1}, "geometry": {"type": "Polygon", "coordinates": [[[-98.200324, 19.09196], [-98.189185, 19.09196], [-98.189185, 19.105002], [-98.200324, 19.105002], [-98.200324, 19.09196]]]}}, {"type": "Feature", "id": 1443, "properties": {"seccion": 1443, "id": 1443, "municipio": 113, "nombre": "Puebla", "distrito_l": 16, "distrito_f": 1}, "geometry": {"type": "Polygon", "coordinates": [[[-98.189185, 19.09196], [-98.178046, 19.09196], [-98.178046, 19.105002], [-98.189185, 19.105002], [-98.189185, 19.09196]]]}}, {"type": "Feature", "id": 1444, "properties": {"seccion": 1444, "id": 1444, "municipio": 113, "nombre": "Puebla", "distrito_l": 16, "distrito_f": 1}, "geometry": {"type": "Polygon", "coordinates": [[[-98.178046, 19.09196], [-98.166907, 19.09196], [-98.166907, 19.105002], [-98.178046, 19.105002], [-98.178046, 19.09196]]]}}, {"type": "Feature", "id": 1445, "properties": {"seccion": 1445, "id": 1445, "municipio": 113, "nombre": "Puebla", "distrito_l": 16, "distrito_f": 1}, "geometry": {"type": "Polygon", "coordinates": [[[-98.166907, 19.09196], [-98.155768, 19.09196], [-98.155768, 19.105002], [-98.166907, 19.105002], [-98.166907, 19.09196]]]}}, {"type": "Feature", "id": 1446, "properties": {"seccion": 1446, "id": 1446, "municipio": 113, "nombre": "Puebla", "distrito_l": 16, "distrito_f": 1}, "geometry": {"type": "Polygon", "coordinates": [[[-98.155768, 19.09196], [-98.144629, 19.09196], [-98.144629, 19.105002], [-98.155768, 19.105002], [-98.155768, 19.09196]]]}}, {"type": "Feature", "id": 1447, "properties": {"seccion": 1447, "id": 1447, "municipio": 113, "nombre": "Puebla", "distrito_l": 16, "distrito_f": 1}, "geometry": {"type": "Polygon", "coordinates": [[[-98.144629, 19.09196], [-98.13349, 19.09196], [-98.13349, 19.105002], [-98.144629, 19.105002], [-98.144629, 19.09196]]]}}, {"type": "Feature", "id": 1448, "properties": {"seccion": 1448, "id": 1448, "municipio": 113, "nombre": "Puebla", "distrito_l": 16, "distrito_f": 1}, "geometry": {"type": "Polygon", "coordinates": [[[-98.133489, 19.09196], [-98.12235, 19.09196], [-98.12235, 19.105002], [-98.133489, 19.105002], [-98.133489, 19.09196]]]}}, {"type": "Feature", "id": 1449, "properties": {"seccion": 1449, "id": 1449, "municipio": 113, "nombre": "Puebla", "distrito_l": 16, "distrito_f": 1}, "geometry": {"type": "Polygon", "coordinates": [[[-98.12235, 19.09196], [-98.111211, 19.09196], [-98.111211, 19.105002], [-98.12235, 19.105002], [-98.12235, 19.09196]]]}}, {"type": "Feature", "id": 1450, "properties": {"seccion": 1450, "id": 1450, "municipio": 113, "nombre": "Puebla", "distrito_l": 16, "distrito_f": 1}, "geometry": {"type": "Polygon", "coordinates": [[[-98.111211, 19.09196], [-98.100072, 19.09196], [-98.100072, 19.105002], [-98.111211, 19.105002], [-98.111211, 19.09196]]]}}, {"type": "Feature", "id": 1451, "properties": {"seccion": 1451, "id": 1451, "municipio": 113, "nombre": "Puebla", "distrito_l": 17, "distrito_f": 1}, "geometry": {"type": "Polygon", "coordinates": [[[-98.100072, 19.09196], [-98.088933, 19.09196], [-98.088933, 19.105002], [-98.100072, 19.105002], [-98.100072, 19.09196]]]}}, {"type": "Feature", "id": 1452, "properties": {"seccion": 1452, "id": 1452, "municipio": 113, "nombre": "Puebla", "distrito_l": 17, "distrito_f": 1}, "geometry": {"type": "Polygon", "coordinates": [[[-98.088933, 19.09196], [-98.077794, 19.09196], [-98.077794, 19.105002], [-98.088933, 19.105002], [-98.088933, 19.09196]]]}}, {"type": "Feature", "id": 1453, "properties": {"seccion": 1453, "id": 1453, "municipio": 113, "nombre": "Puebla", "distrito_l": 17, "distrito_f": 1}, "geometry": {"type": "Polygon", "coordinates": [[[-98.077794, 19.09196], [-98.066655, 19.09196], [-98.066655, 19.105002], [-98.077794, 19.105002], [-98.077794, 19.09196]]]}}, {"type": "Feature", "id": 1454, "properties": {"seccion": 1454, "id": 1454, "municipio": 113, "nombre": "Puebla", "distrito_l": 17, "distrito_f": 1}, "geometry": {"type": "Polygon", "coordinates": [[[-98.066654, 19.09196], [-98.055515, 19.09196], [-98.055515, 19.105002], [-98.066654, 19.105002], [-98.066654, 19.09196]]]}}, {"type": "Feature", "id": 1455, "properties": {"seccion": 1455, "id": 1455, "municipio": 113, "nombre": "Puebla", "distrito_l": 16, "distrito_f": 1}, "geometry": {"type": "Polygon", "coordinates": [[[-98.055515, 19.09196], [-98.044376, 19.09196], [-98.044376, 19.105002], [-98.055515, 19.105002], [-98.055515, 19.09196]]]}}, {"type": "Feature", "id": 1456, "properties": {"seccion": 1456, "id": 1456, "municipio": 113, "nombre": "Puebla", "distrito_l": 16, "distrito_f": 1}, "geometry": {"type": "Polygon", "coordinates": [[[-98.044376, 19.09196], [-98.033237, 19.09196], [-98.033237, 19.105002], [-98.044376, 19.105002], [-98.044376, 19.09196]]]}}, {"type": "Feature", "id": 1457, "properties": {"seccion": 1457, "id": 1457, "municipio": 113, "nombre": "Puebla", "distrito_l": 16, "distrito_f": 1}, "geometry": {"type": "Polygon", "coordinates": [[[-98.033237, 19.09196], [-98.022098, 19.09196], [-98.022098, 19.105002], [-98.033237, 19.105002], [-98.033237, 19.09196]]]}}, {"type": "Feature", "id": 1458, "properties": {"seccion": 1458, "id": 1458, "municipio": 113, "nombre": "Puebla", "distrito_l": 16, "distrito_f": 1}, "geometry": {"type": "Polygon", "coordinates": [[[-98.022098, 19.09196], [-98.010959, 19.09196], [-98.010959, 19.105002], [-98.022098, 19.105002], [-98.022098, 19.09196]]]}}, {"type": "Feature", "id": 1459, "properties": {"seccion": 1459, "id": 1459, "municipio": 113, "nombre": "Puebla", "distrito_l": 16, "distrito_f": 1}, "geometry": {"type": "Polygon", "coordinates": [[[-98.010958, 19.09196], [-97.999819, 19.09196], [-97.999819, 19.105002], [-98.010958, 19.105002], [-98.010958, 19.09196]]]}}, {"type": "Feature", "id": 1460, "properties": {"seccion": 1460, "id": 1460, "municipio": 113, "nombre": "Puebla", "distrito_l": 16, "distrito_f": 1}, "geometry": {"type": "Polygon", "coordinates": [[[-97.999819, 19.09196], [-97.98868, 19.09196], [-97.98868, 19.105002], [-97.999819, 19.105002], [-97.999819, 19.09196]]]}}, {"type": "Feature", "id": 1461, "properties": {"seccion": 1461, "id": 1461, "municipio": 113, "nombre": "Puebla", "distrito_l": 16, "distrito_f": 1}, "geometry": {"type": "Polygon", "coordinates": [[[-97.98868, 19.09196], [-97.977541, 19.09196], [-97.977541, 19.105002], [-97.98868, 19.105002], [-97.98868, 19.09196]]]}}, {"type": "Feature", "id": 1462, "properties": {"seccion": 1462, "id": 1462, "municipio": 113, "nombre": "Puebla", "distrito_l": 16, "distrito_f": 1}, "geometry": {"type": "Polygon", "coordinates": [[[-97.977541, 19.09196], [-97.966402, 19.09196], [-97.966402, 19.105002], [-97.977541, 19.105002], [-97.977541, 19.09196]]]}}, {"type": "Feature", "id": 1463, "properties": {"seccion": 1463, "id": 1463, "municipio": 113, "nombre": "Puebla", "distrito_l": 16, "distrito_f": 1}, "geometry": {"type": "Polygon", "coordinates": [[[-97.966402, 19.09196], [-97.955263, 19.09196], [-97.955263, 19.105002], [-97.966402, 19.105002], [-97.966402, 19.09196]]]}}, {"type": "Feature", "id": 1464, "properties": {"seccion": 1464, "id": 1464, "municipio": 113, "nombre": "Puebla", "distrito_l": 16, "distrito_f": 1}, "geometry": {"type": "Polygon", "coordinates": [[[-97.955263, 19.09196], [-97.944124, 19.09196], [-97.944124, 19.105002], [-97.955263, 19.105002], [-97.955263, 19.09196]]]}}, {"type": "Feature", "id": 1465, "properties": {"seccion": 1465, "id": 1465, "municipio": 113, "nombre": "Puebla", "distrito_l": 16, "distrito_f": 1}, "geometry": {"type": "Polygon", "coordinates": [[[-97.944123, 19.09196], [-97.932984, 19.09196], [-97.932984, 19.105002], [-97.944123, 19.105002], [-97.944123, 19.09196]]]}}, {"type": "Feature", "id": 1466, "properties": {"seccion": 1466, "id": 1466, "municipio": 113, "nombre": "Puebla", "distrito_l": 16, "distrito_f": 1}, "geometry": {"type": "Polygon", "coordinates": [[[-97.932984, 19.09196], [-97.921845, 19.09196], [-97.921845, 19.105002], [-97.932984, 19.105002], [-97.932984, 19.09196]]]}}, {"type": "Feature", "id": 1467, "properties": {"seccion": 1467, "id": 1467, "municipio": 113, "nombre": "Puebla", "distrito_l": 16, "distrito_f": 1}, "geometry": {"type": "Polygon", "coordinates": [[[-97.921845, 19.09196], [-97.910706, 19.09196], [-97.910706, 19.105002], [-97.921845, 19.105002], [-97.921845, 19.09196]]]}}, {"type": "Feature", "id": 1468, "properties": {"seccion": 1468, "id": 1468, "municipio": 113, "nombre": "Puebla", "distrito_l": 16, "distrito_f": 1}, "geometry": {"type": "Polygon", "coordinates": [[[-97.910706, 19.09196], [-97.899567, 19.09196], [-97.899567, 19.105002], [-97.910706, 19.105002], [-97.910706, 19.09196]]]}}, {"type": "Feature", "id": 1469, "properties": {"seccion": 1469, "id": 1469, "municipio": 113, "nombre": "Puebla", "distrito_l": 16, "distrito_f": 1}, "geometry": {"type": "Polygon", "coordinates": [[[-98.222603, 19.105002], [-98.211464, 19.105002], [-98.211464, 19.118044], [-98.222603, 19.118044], [-98.222603, 19.105002]]]}}, {"type": "Feature", "id": 1470, "properties": {"seccion": 1470, "id": 1470, "municipio": 113, "nombre": "Puebla", "distrito_l": 16, "distrito_f": 1}, "geometry": {"type": "Polygon", "coordinates": [[[-98.211464, 19.105002], [-98.200325, 19.105002], [-98.200325, 19.118044], [-98.211464, 19.118044], [-98.211464, 19.105002]]]}}, {"type": "Feature", "id": 1471, "properties": {"seccion": 1471, "id": 1471, "municipio": 113, "nombre": "Puebla", "distrito_l": 17, "distrito_f": 1}, "geometry": {"type": "Polygon", "coordinates": [[[-98.200324, 19.105002], [-98.189185, 19.105002], [-98.189185, 19.118044], [-98.200324, 19.118044], [-98.200324, 19.105002]]]}}, {"type": "Feature", "id": 1472, "properties": {"seccion": 1472, "id": 1472, "municipio": 113, "nombre": "Puebla", "distrito_l": 17, "distrito_f": 1}, "geometry": {"type": "Polygon", "coordinates": [[[-98.189185, 19.105002], [-98.178046, 19.105002], [-98.178046, 19.118044], [-98.189185, 19.118044], [-98.189185, 19.105002]]]}}, {"type": "Feature", "id": 1473, "properties": {"seccion": 1473, "id": 1473, "municipio": 113, "nombre": "Puebla", "distrito_l": 17, "distrito_f": 1}, "geometry": {"type": "Polygon", "coordinates": [[[-98.178046, 19.105002], [-98.166907, 19.105002], [-98.166907, 19.118044], [-98.178046, 19.118044], [-98.178046, 19.105002]]]}}, {"type": "Feature", "id": 1474, "properties": {"seccion": 1474, "id": 1474, "municipio": 113, "nombre": "Puebla", "distrito_l": 17, "distrito_f": 1}, "geometry": {"type": "Polygon", "coordinates": [[[-98.166907, 19.105002], [-98.155768, 19.105002], [-98.155768, 19.118044], [-98.166907, 19.118044], [-98.166907, 19.105002]]]}}, {"type": "Feature", "id": 1475, "properties": {"seccion": 1475, "id": 1475, "municipio": 113, "nombre": "Puebla", "distrito_l": 17, "distrito_f": 1}, "geometry": {"type": "Polygon", "coordinates": [[[-98.155768, 19.105002], [-98.144629, 19.105002], [-98.144629, 19.118044], [-98.155768, 19.118044], [-98.155768, 19.105002]]]}}, {"type": "Feature", "id": 1476, "properties": {"seccion": 1476, "id": 1476, "municipio": 113, "nombre": "Puebla", "distrito_l": 17, "distrito_f": 1}, "geometry": {"type": "Polygon", "coordinates": [[[-98.144629, 19.105002], [-98.13349, 19.105002], [-98.13349, 19.118044], [-98.144629, 19.118044], [-98.144629, 19.105002]]]}}, {"type": "Feature", "id": 1477, "properties": {"seccion": 1477, "id": 1477, "municipio": 113, "nombre": "Puebla", "distrito_l": 17, "distrito_f": 1}, "geometry": {"type": "Polygon", "coordinates": [[[-98.133489, 19.105002], [-98.12235, 19.105002], [-98.12235, 19.118044], [-98.133489, 19.118044], [-98.133489, 19.105002]]]}}, {"type": "Feature", "id": 1478, "properties": {"seccion": 1478, "id": 1478, "municipio": 113, "nombre": "Puebla", "distrito_l": 16, "distrito_f": 1}, "geometry": {"type": "Polygon", "coordinates": [[[-98.12235, 19.105002], [-98.111211, 19.105002], [-98.111211, 19.118044], [-98.12235, 19.118044], [-98.12235, 19.105002]]]}}, {"type": "Feature", "id": 1479, "properties": {"seccion": 1479, "id": 1479, "municipio": 113, "nombre": "Puebla", "distrito_l": 16, "distrito_f": 1}, "geometry": {"type": "Polygon", "coordinates": [[[-98.111211, 19.105002], [-98.100072, 19.105002], [-98.100072, 19.118044], [-98.111211, 19.118044], [-98.111211, 19.105002]]]}}, {"type": "Feature", "id": 1480, "properties": {"seccion": 1480, "id": 1480, "municipio": 113, "nombre": "Puebla", "distrito_l": 16, "distrito_f": 1}, "geometry": {"type": "Polygon", "coordinates": [[[-98.100072, 19.105002], [-98.088933, 19.105002], [-98.088933, 19.118044], [-98.100072, 19.118044], [-98.100072, 19.105002]]]}}, {"type": "Feature", "id": 1481, "properties": {"seccion": 1481, "id": 1481, "municipio": 113, "nombre": "Puebla", "distrito_l": 16, "distrito_f": 1}, "geometry": {"type": "Polygon", "coordinates": [[[-98.088933, 19.105002], [-98.077794, 19.105002], [-98.077794, 19.118044], [-98.088933, 19.118044], [-98.088933, 19.105002]]]}}, {"type": "Feature", "id": 1482, "properties": {"seccion": 1482, "id": 1482, "municipio": 113, "nombre": "Puebla", "distrito_l": 16, "distrito_f": 1}, "geometry": {"type": "Polygon", "coordinates": [[[-98.077794, 19.105002], [-98.066655, 19.105002], [-98.066655, 19.118044], [-98.077794, 19.118044], [-98.077794, 19.105002]]]}}, {"type": "Feature", "id": 1483, "properties": {"seccion": 1483, "id": 1483, "municipio": 113, "nombre": "Puebla", "distrito_l": 16, "distrito_f": 1}, "geometry": {"type": "Polygon", "coordinates": [[[-98.066654, 19.105002], [-98.055515, 19.105002], [-98.055515, 19.118044], [-98.066654, 19.118044], [-98.066654, 19.105002]]]}}, {"type": "Feature", "id": 1484, "properties": {"seccion": 1484, "id": 1484, "municipio": 113, "nombre": "Puebla", "distrito_l": 16, "distrito_f": 1}, "geometry": {"type": "Polygon", "coordinates": [[[-98.055515, 19.105002], [-98.044376, 19.105002], [-98.044376, 19.118044], [-98.055515, 19.118044], [-98.055515, 19.105002]]]}}, {"type": "Feature", "id": 1485, "properties": {"seccion": 1485, "id": 1485, "municipio": 113, "nombre": "Puebla", "distrito_l": 16, "distrito_f": 1}, "geometry": {"type": "Polygon", "coordinates": [[[-98.044376, 19.105002], [-98.033237, 19.105002], [-98.033237, 19.118044], [-98.044376, 19.118044], [-98.044376, 19.105002]]]}}, {"type": "Feature", "id": 1486, "properties": {"seccion": 1486, "id": 1486, "municipio": 113, "nombre": "Puebla", "distrito_l": 16, "distrito_f": 1}, "geometry": {"type": "Polygon", "coordinates": [[[-98.033237, 19.105002], [-98.022098, 19.105002], [-98.022098, 19.118044], [-98.033237, 19.118044], [-98.033237, 19.105002]]]}}, {"type": "Feature", "id": 1487, "properties": {"seccion": 1487, "id": 1487, "municipio": 113, "nombre": "Puebla", "distrito_l": 16, "distrito_f": 1}, "geometry": {"type": "Polygon", "coordinates": [[[-98.022098, 19.105002], [-98.010959, 19.105002], [-98.010959, 19.118044], [-98.022098, 19.118044], [-98.022098, 19.105002]]]}}, {"type": "Feature", "id": 1488, "properties": {"seccion": 1488, "id": 1488, "municipio": 113, "nombre": "Puebla", "distrito_l": 16, "distrito_f": 1}, "geometry": {"type": "Polygon", "coordinates": [[[-98.010958, 19.105002], [-97.999819, 19.105002], [-97.999819, 19.118044], [-98.010958, 19.118044], [-98.010958, 19.105002]]]}}, {"type": "Feature", "id": 1489, "properties": {"seccion": 1489, "id": 1489, "municipio": 113, "nombre": "Puebla", "distrito_l": 16, "distrito_f": 1}, "geometry": {"type": "Polygon", "coordinates": [[[-97.999819, 19.105002], [-97.98868, 19.105002], [-97.98868, 19.118044], [-97.999819, 19.118044], [-97.999819, 19.105002]]]}}, {"type": "Feature", "id": 1490, "properties": {"seccion": 1490, "id": 1490, "municipio": 113, "nombre": "Puebla", "distrito_l": 16, "distrito_f": 1}, "geometry": {"type": "Polygon", "coordinates": [[[-97.98868, 19.105002], [-97.977541, 19.105002], [-97.977541, 19.118044], [-97.98868, 19.118044], [-97.98868, 19.105002]]]}}, {"type": "Feature", "id": 1491, "properties": {"seccion": 1491, "id": 1491, "municipio": 113, "nombre": "Puebla", "distrito_l": 16, "distrito_f": 1}, "geometry": {"type": "Polygon", "coordinates": [[[-97.977541, 19.105002], [-97.966402, 19.105002], [-97.966402, 19.118044], [-97.977541, 19.118044], [-97.977541, 19.105002]]]}}, {"type": "Feature", "id": 1494, "properties": {"seccion": 1494, "id": 1494, "municipio": 113, "nombre": "Puebla", "distrito_l": 16, "distrito_f": 1}, "geometry": {"type": "Polygon", "coordinates": [[[-97.966402, 19.105002], [-97.955263, 19.105002], [-97.955263, 19.118044], [-97.966402, 19.118044], [-97.966402, 19.105002]]]}}, {"type": "Feature", "id": 1495, "properties": {"seccion": 1495, "id": 1495, "municipio": 113, "nombre": "Puebla", "distrito_l": 16, "distrito_f": 1}, "geometry": {"type": "Polygon", "coordinates": [[[-97.955263, 19.105002], [-97.944124, 19.105002], [-97.944124, 19.118044], [-97.955263, 19.118044], [-97.955263, 19.105002]]]}}, {"type": "Feature", "id": 1496, "properties": {"seccion": 1496, "id": 1496, "municipio": 113, "nombre": "Puebla", "distrito_l": 16, "distrito_f": 1}, "geometry": {"type": "Polygon", "coordinates": [[[-97.944123, 19.105002], [-97.932984, 19.105002], [-97.932984, 19.118044], [-97.944123, 19.118044], [-97.944123, 19.105002]]]}}, {"type": "Feature", "id": 1497, "properties": {"seccion": 1497, "id": 1497, "municipio": 113, "nombre": "Puebla", "distrito_l": 16, "distrito_f": 1}, "geometry": {"type": "Polygon", "coordinates": [[[-97.932984, 19.105002], [-97.921845, 19.105002], [-97.921845, 19.118044], [-97.932984, 19.118044], [-97.932984, 19.105002]]]}}, {"type": "Feature", "id": 1498, "properties": {"seccion": 1498, "id": 1498, "municipio": 113, "nombre": "Puebla", "distrito_l": 16, "distrito_f": 1}, "geometry": {"type": "Polygon", "coordinates": [[[-97.921845, 19.105002], [-97.910706, 19.105002], [-97.910706, 19.118044], [-97.921845, 19.118044], [-97.921845, 19.105002]]]}}, {"type": "Feature", "id": 1499, "properties": {"seccion": 1499, "id": 1499, "municipio": 113, "nombre": "Puebla", "distrito_l": 16, "distrito_f": 1}, "geometry": {"type": "Polygon", "coordinates": [[[-97.910706, 19.105002], [-97.899567, 19.105002], [-97.899567, 19.118044], [-97.910706, 19.118044], [-97.910706, 19.105002]]]}}, {"type": "Feature", "id": 1500, "properties": {"seccion": 1500, "id": 1500, "municipio": 113, "nombre": "Puebla", "distrito_l": 16, "distrito_f": 1}, "geometry": {"type": "Polygon", "coordinates": [[[-98.222603, 19.118044], [-98.211464, 19.118044], [-98.211464, 19.131086], [-98.222603, 19.131086], [-98.222603, 19.118044]]]}}, {"type": "Feature", "id": 1501, "properties": {"seccion": 1501, "id": 1501, "municipio": 113, "nombre": "Puebla", "distrito_l": 16, "distrito_f": 1}, "geometry": {"type": "Polygon", "coordinates": [[[-98.211464, 19.118044], [-98.200325, 19.118044], [-98.200325, 19.131086], [-98.211464, 19.131086], [-98.211464, 19.118044]]]}}, {"type": "Feature", "id": 1502, "properties": {"seccion": 1502, "id": 1502, "municipio": 113, "nombre": "Puebla", "distrito_l": 16, "distrito_f": 1}, "geometry": {"type": "Polygon", "coordinates": [[[-98.200324, 19.118044], [-98.189185, 19.118044], [-98.189185, 19.131086], [-98.200324, 19.131086], [-98.200324, 19.118044]]]}}, {"type": "Feature", "id": 1503, "properties": {"seccion": 1503, "id": 1503, "municipio": 113, "nombre": "Puebla", "distrito_l": 16, "distrito_f": 1}, "geometry": {"type": "Polygon", "coordinates": [[[-98.189185, 19.118044], [-98.178046, 19.118044], [-98.178046, 19.131086], [-98.189185, 19.131086], [-98.189185, 19.118044]]]}}, {"type": "Feature", "id": 1504, "properties": {"seccion": 1504, "id": 1504, "municipio": 113, "nombre": "Puebla", "distrito_l": 16, "distrito_f": 1}, "geometry": {"type": "Polygon", "coordinates": [[[-98.178046, 19.118044], [-98.166907, 19.118044], [-98.166907, 19.131086], [-98.178046, 19.131086], [-98.178046, 19.118044]]]}}, {"type": "Feature", "id": 1505, "properties": {"seccion": 1505, "id": 1505, "municipio": 113, "nombre": "Puebla", "distrito_l": 17, "distrito_f": 1}, "geometry": {"type": "Polygon", "coordinates": [[[-98.166907, 19.118044], [-98.155768, 19.118044], [-98.155768, 19.131086], [-98.166907, 19.131086], [-98.166907, 19.118044]]]}}, {"type": "Feature", "id": 1506, "properties": {"seccion": 1506, "id": 1506, "municipio": 113, "nombre": "Puebla", "distrito_l": 16, "distrito_f": 1}, "geometry": {"type": "Polygon", "coordinates": [[[-98.155768, 19.118044], [-98.144629, 19.118044], [-98.144629, 19.131086], [-98.155768, 19.131086], [-98.155768, 19.118044]]]}}, {"type": "Feature", "id": 1507, "properties": {"seccion": 1507, "id": 1507, "municipio": 113, "nombre": "Puebla", "distrito_l": 16, "distrito_f": 1}, "geometry": {"type": "Polygon", "coordinates": [[[-98.144629, 19.118044], [-98.13349, 19.118044], [-98.13349, 19.131086], [-98.144629, 19.131086], [-98.144629, 19.118044]]]}}, {"type": "Feature", "id": 1508, "properties": {"seccion": 1508, "id": 1508, "municipio": 113, "nombre": "Puebla", "distrito_l": 16, "distrito_f": 1}, "geometry": {"type": "Polygon", "coordinates": [[[-98.133489, 19.118044], [-98.12235, 19.118044], [-98.12235, 19.131086], [-98.133489, 19.131086], [-98.133489, 19.118044]]]}}, {"type": "Feature", "id": 1509, "properties": {"seccion": 1509, "id": 1509, "municipio": 113, "nombre": "Puebla", "distrito_l": 16, "distrito_f": 1}, "geometry": {"type": "Polygon", "coordinates": [[[-98.12235, 19.118044], [-98.111211, 19.118044], [-98.111211, 19.131086], [-98.12235, 19.131086], [-98.12235, 19.118044]]]}}, {"type": "Feature", "id": 1510, "properties": {"seccion": 1510, "id": 1510, "municipio": 113, "nombre": "Puebla", "distrito_l": 16, "distrito_f": 1}, "geometry": {"type": "Polygon", "coordinates": [[[-98.111211, 19.118044], [-98.100072, 19.118044], [-98.100072, 19.131086], [-98.111211, 19.131086], [-98.111211, 19.118044]]]}}, {"type": "Feature", "id": 1511, "properties": {"seccion": 1511, "id": 1511, "municipio": 113, "nombre": "Puebla", "distrito_l": 16, "distrito_f": 1}, "geometry": {"type": "Polygon", "coordinates": [[[-98.100072, 19.118044], [-98.088933, 19.118044], [-98.088933, 19.131086], [-98.100072, 19.131086], [-98.100072, 19.118044]]]}}, {"type": "Feature", "id": 1512, "properties": {"seccion": 1512, "id": 1512, "municipio": 113, "nombre": "Puebla", "distrito_l": 16, "distrito_f": 1}, "geometry": {"type": "Polygon", "coordinates": [[[-98.088933, 19.118044], [-98.077794, 19.118044], [-98.077794, 19.131086], [-98.088933, 19.131086], [-98.088933, 19.118044]]]}}, {"type": "Feature", "id": 1513, "properties": {"seccion": 1513, "id": 1513, "municipio": 113, "nombre": "Puebla", "distrito_l": 16, "distrito_f": 1}, "geometry": {"type": "Polygon", "coordinates": [[[-98.077794, 19.118044], [-98.066655, 19.118044], [-98.066655, 19.131086], [-98.077794, 19.131086], [-98.077794, 19.118044]]]}}, {"type": "Feature", "id": 1514, "properties": {"seccion": 1514, "id": 1514, "municipio": 113, "nombre": "Puebla", "distrito_l": 16, "distrito_f": 1}, "geometry": {"type": "Polygon", "coordinates": [[[-98.066654, 19.118044], [-98.055515, 19.118044], [-98.055515, 19.131086], [-98.066654, 19.131086], [-98.066654, 19.118044]]]}}, {"type": "Feature", "id": 1515, "properties": {"seccion": 1515, "id": 1515, "municipio": 113, "nombre": "Puebla", "distrito_l": 16, "distrito_f": 1}, "geometry": {"type": "Polygon", "coordinates": [[[-98.055515, 19.118044], [-98.044376, 19.118044], [-98.044376, 19.131086], [-98.055515, 19.131086], [-98.055515, 19.118044]]]}}, {"type": "Feature", "id": 1516, "properties": {"seccion": 1516, "id": 1516, "municipio": 113, "nombre": "Puebla", "distrito_l": 16, "distrito_f": 1}, "geometry": {"type": "Polygon", "coordinates": [[[-98.044376, 19.118044], [-98.033237, 19.118044], [-98.033237, 19.131086], [-98.044376, 19.131086], [-98.044376, 19.118044]]]}}, {"type": "Feature", "id": 1517, "properties": {"seccion": 1517, "id": 1517, "municipio": 113, "nombre": "Puebla", "distrito_l": 16, "distrito_f": 1}, "geometry": {"type": "Polygon", "coordinates": [[[-98.033237, 19.118044], [-98.022098, 19.118044], [-98.022098, 19.131086], [-98.033237, 19.131086], [-98.033237, 19.118044]]]}}, {"type": "Feature", "id": 1518, "properties": {"seccion": 1518, "id": 1518, "municipio": 113, "nombre": "Puebla", "distrito_l": 16, "distrito_f": 1}, "geometry": {"type": "Polygon", "coordinates": [[[-98.022098, 19.118044], [-98.010959, 19.118044], [-98.010959, 19.131086], [-98.022098, 19.131086], [-98.022098, 19.118044]]]}}, {"type": "Feature", "id": 1519, "properties": {"seccion": 1519, "id": 1519, "municipio": 113, "nombre": "Puebla", "distrito_l": 16, "distrito_f": 1}, "geometry": {"type": "Polygon", "coordinates": [[[-98.010958, 19.118044], [-97.999819, 19.118044], [-97.999819, 19.131086], [-98.010958, 19.131086], [-98.010958, 19.118044]]]}}, {"type": "Feature", "id": 1520, "properties": {"seccion": 1520, "id": 1520, "municipio": 113, "nombre": "Puebla", "distrito_l": 16, "distrito_f": 1}, "geometry": {"type": "Polygon", "coordinates": [[[-97.999819, 19.118044], [-97.98868, 19.118044], [-97.98868, 19.131086], [-97.999819, 19.131086], [-97.999819, 19.118044]]]}}, {"type": "Feature", "id": 1521, "properties": {"seccion": 1521, "id": 1521, "municipio": 113, "nombre": "Puebla", "distrito_l": 16, "distrito_f": 1}, "geometry": {"type": "Polygon", "coordinates": [[[-97.98868, 19.118044], [-97.977541, 19.118044], [-97.977541, 19.131086], [-97.98868, 19.131086], [-97.98868, 19.118044]]]}}, {"type": "Feature", "id": 1522, "properties": {"seccion": 1522, "id": 1522, "municipio": 113, "nombre": "Puebla", "distrito_l": 16, "distrito_f": 1}, "geometry": {"type": "Polygon", "coordinates": [[[-97.977541, 19.118044], [-97.966402, 19.118044], [-97.966402, 19.131086], [-97.977541, 19.131086], [-97.977541, 19.118044]]]}}, {"type": "Feature", "id": 1523, "properties": {"seccion": 1523, "id": 1523, "municipio": 113, "nombre": "Puebla", "distrito_l": 16, "distrito_f": 1}, "geometry": {"type": "Polygon", "coordinates": [[[-97.966402, 19.118044], [-97.955263, 19.118044], [-97.955263, 19.131086], [-97.966402, 19.131086], [-97.966402, 19.118044]]]}}, {"type": "Feature", "id": 1524, "properties": {"seccion": 1524, "id": 1524, "municipio": 113, "nombre": "Puebla", "distrito_l": 16, "distrito_f": 1}, "geometry": {"type": "Polygon", "coordinates": [[[-97.955263, 19.118044], [-97.944124, 19.118044], [-97.944124, 19.131086], [-97.955263, 19.131086], [-97.955263, 19.118044]]]}}, {"type": "Feature", "id": 1525, "properties": {"seccion": 1525, "id": 1525, "municipio": 113, "nombre": "Puebla", "distrito_l": 16, "distrito_f": 1}, "geometry": {"type": "Polygon", "coordinates": [[[-97.944123, 19.118044], [-97.932984, 19.118044], [-97.932984, 19.131086], [-97.944123, 19.131086], [-97.944123, 19.118044]]]}}, {"type": "Feature", "id": 1526, "properties": {"seccion": 1526, "id": 1526, "municipio": 113, "nombre": "Puebla", "distrito_l": 16, "distrito_f": 1}, "geometry": {"type": "Polygon", "coordinates": [[[-97.932984, 19.118044], [-97.921845, 19.118044], [-97.921845, 19.131086], [-97.932984, 19.131086], [-97.932984, 19.118044]]]}}, {"type": "Feature", "id": 1527, "properties": {"seccion": 1527, "id": 1527, "municipio": 113, "nombre": "Puebla", "distrito_l": 16, "distrito_f": 1}, "geometry": {"type": "Polygon", "coordinates": [[[-97.921845, 19.118044], [-97.910706, 19.118044], [-97.910706, 19.131086], [-97.921845, 19.131086], [-97.921845, 19.118044]]]}}, {"type": "Feature", "id": 1528, "properties": {"seccion": 1528, "id": 1528, "municipio": 113, "nombre": "Puebla", "distrito_l": 16, "distrito_f": 1}, "geometry": {"type": "Polygon", "coordinates": [[[-97.910706, 19.118044], [-97.899567, 19.118044], [-97.899567, 19.131086], [-97.910706, 19.131086], [-97.910706, 19.118044]]]}}, {"type": "Feature", "id": 1529, "properties": {"seccion": 1529, "id": 1529, "municipio": 113, "nombre": "Puebla", "distrito_l": 16, "distrito_f": 1}, "geometry": {"type": "Polygon", "coordinates": [[[-98.222603, 19.131085], [-98.211464, 19.131085], [-98.211464, 19.144127], [-98.222603, 19.144127], [-98.222603, 19.131085]]]}}, {"type": "Feature", "id": 1530, "properties": {"seccion": 1530, "id": 1530, "municipio": 113, "nombre": "Puebla", "distrito_l": 16, "distrito_f": 1}, "geometry": {"type": "Polygon", "coordinates": [[[-98.211464, 19.131085], [-98.200325, 19.131085], [-98.200325, 19.144127], [-98.211464, 19.144127], [-98.211464, 19.131085]]]}}, {"type": "Feature", "id": 1531, "properties": {"seccion": 1531, "id": 1531, "municipio": 113, "nombre": "Puebla", "distrito_l": 16, "distrito_f": 1}, "geometry": {"type": "Polygon", "coordinates": [[[-98.200324, 19.131085], [-98.189185, 19.131085], [-98.189185, 19.144127], [-98.200324, 19.144127], [-98.200324, 19.131085]]]}}, {"type": "Feature", "id": 1532, "properties": {"seccion": 1532, "id": 1532, "municipio": 113, "nombre": "Puebla", "distrito_l": 16, "distrito_f": 1}, "geometry": {"type": "Polygon", "coordinates": [[[-98.189185, 19.131085], [-98.178046, 19.131085], [-98.178046, 19.144127], [-98.189185, 19.144127], [-98.189185, 19.131085]]]}}, {"type": "Feature", "id": 1533, "properties": {"seccion": 1533, "id": 1533, "municipio": 113, "nombre": "Puebla", "distrito_l": 16, "distrito_f": 1}, "geometry": {"type": "Polygon", "coordinates": [[[-98.178046, 19.131085], [-98.166907, 19.131085], [-98.166907, 19.144127], [-98.178046, 19.144127], [-98.178046, 19.131085]]]}}, {"type": "Feature", "id": 1534, "properties": {"seccion": 1534, "id": 1534, "municipio": 113, "nombre": "Puebla", "distrito_l": 16, "distrito_f": 1}, "geometry": {"type": "Polygon", "coordinates": [[[-98.166907, 19.131085], [-98.155768, 19.131085], [-98.155768, 19.144127], [-98.166907, 19.144127], [-98.166907, 19.131085]]]}}, {"type": "Feature", "id": 1535, "properties": {"seccion": 1535, "id": 1535, "municipio": 113, "nombre": "Puebla", "distrito_l": 20, "distrito_f": 1}, "geometry": {"type": "Polygon", "coordinates": [[[-98.155768, 19.131085], [-98.144629, 19.131085], [-98.144629, 19.144127], [-98.155768, 19.144127], [-98.155768, 19.131085]]]}}, {"type": "Feature", "id": 1536, "properties": {"seccion": 1536, "id": 1536, "municipio": 113, "nombre": "Puebla", "distrito_l": 20, "distrito_f": 1}, "geometry": {"type": "Polygon", "coordinates": [[[-98.144629, 19.131085], [-98.13349, 19.131085], [-98.13349, 19.144127], [-98.144629, 19.144127], [-98.144629, 19.131085]]]}}, {"type": "Feature", "id": 1537, "properties": {"seccion": 1537, "id": 1537, "municipio": 113, "nombre": "Puebla", "distrito_l": 16, "distrito_f": 1}, "geometry": {"type": "Polygon", "coordinates": [[[-98.133489, 19.131085], [-98.12235, 19.131085], [-98.12235, 19.144127], [-98.133489, 19.144127], [-98.133489, 19.131085]]]}}, {"type": "Feature", "id": 1538, "properties": {"seccion": 1538, "id": 1538, "municipio": 113, "nombre": "Puebla", "distrito_l": 16, "distrito_f": 1}, "geometry": {"type": "Polygon", "coordinates": [[[-98.12235, 19.131085], [-98.111211, 19.131085], [-98.111211, 19.144127], [-98.12235, 19.144127], [-98.12235, 19.131085]]]}}, {"type": "Feature", "id": 1539, "properties": {"seccion": 1539, "id": 1539, "municipio": 113, "nombre": "Puebla", "distrito_l": 16, "distrito_f": 1}, "geometry": {"type": "Polygon", "coordinates": [[[-98.111211, 19.131085], [-98.100072, 19.131085], [-98.100072, 19.144127], [-98.111211, 19.144127], [-98.111211, 19.131085]]]}}, {"type": "Feature", "id": 1540, "properties": {"seccion": 1540, "id": 1540, "municipio": 113, "nombre": "Puebla", "distrito_l": 16, "distrito_f": 1}, "geometry": {"type": "Polygon", "coordinates": [[[-98.100072, 19.131085], [-98.088933, 19.131085], [-98.088933, 19.144127], [-98.100072, 19.144127], [-98.100072, 19.131085]]]}}, {"type": "Feature", "id": 1541, "properties": {"seccion": 1541, "id": 1541, "municipio": 113, "nombre": "Puebla", "distrito_l": 16, "distrito_f": 1}, "geometry": {"type": "Polygon", "coordinates": [[[-98.088933, 19.131085], [-98.077794, 19.131085], [-98.077794, 19.144127], [-98.088933, 19.144127], [-98.088933, 19.131085]]]}}, {"type": "Feature", "id": 1542, "properties": {"seccion": 1542, "id": 1542, "municipio": 113, "nombre": "Puebla", "distrito_l": 16, "distrito_f": 1}, "geometry": {"type": "Polygon", "coordinates": [[[-98.077794, 19.131085], [-98.066655, 19.131085], [-98.066655, 19.144127], [-98.077794, 19.144127], [-98.077794, 19.131085]]]}}, {"type": "Feature", "id": 1543, "properties": {"seccion": 1543, "id": 1543, "municipio": 113, "nombre": "Puebla", "distrito_l": 16, "distrito_f": 1}, "geometry": {"type": "Polygon", "coordinates": [[[-98.066654, 19.131085], [-98.055515, 19.131085], [-98.055515, 19.144127], [-98.066654, 19.144127], [-98.066654, 19.131085]]]}}, {"type": "Feature", "id": 1544, "properties": {"seccion": 1544, "id": 1544, "municipio": 113, "nombre": "Puebla", "distrito_l": 16, "distrito_f": 1}, "geometry": {"type": "Polygon", "coordinates": [[[-98.055515, 19.131085], [-98.044376, 19.131085], [-98.044376, 19.144127], [-98.055515, 19.144127], [-98.055515, 19.131085]]]}}, {"type": "Feature", "id": 1545, "properties": {"seccion": 1545, "id": 1545, "municipio": 113, "nombre": "Puebla", "distrito_l": 11, "distrito_f": 1}, "geometry": {"type": "Polygon", "coordinates": [[[-98.044376, 19.131085], [-98.033237, 19.131085], [-98.033237, 19.144127], [-98.044376, 19.144127], [-98.044376, 19.131085]]]}}, {"type": "Feature", "id": 1546, "properties": {"seccion": 1546, "id": 1546, "municipio": 113, "nombre": "Puebla", "distrito_l": 16, "distrito_f": 1}, "geometry": {"type": "Polygon", "coordinates": [[[-98.033237, 19.131085], [-98.022098, 19.131085], [-98.022098, 19.144127], [-98.033237, 19.144127], [-98.033237, 19.131085]]]}}, {"type": "Feature", "id": 1547, "properties": {"seccion": 1547, "id": 1547, "municipio": 113, "nombre": "Puebla", "distrito_l": 16, "distrito_f": 1}, "geometry": {"type": "Polygon", "coordinates": [[[-98.022098, 19.131085], [-98.010959, 19.131085], [-98.010959, 19.144127], [-98.022098, 19.144127], [-98.022098, 19.131085]]]}}, {"type": "Feature", "id": 1548, "properties": {"seccion": 1548, "id": 1548, "municipio": 113, "nombre": "Puebla", "distrito_l": 16, "distrito_f": 1}, "geometry": {"type": "Polygon", "coordinates": [[[-98.010958, 19.131085], [-97.999819, 19.131085], [-97.999819, 19.144127], [-98.010958, 19.144127], [-98.010958, 19.131085]]]}}, {"type": "Feature", "id": 1549, "properties": {"seccion": 1549, "id": 1549, "municipio": 113, "nombre": "Puebla", "distrito_l": 16, "distrito_f": 1}, "geometry": {"type": "Polygon", "coordinates": [[[-97.999819, 19.131085], [-97.98868, 19.131085], [-97.98868, 19.144127], [-97.999819, 19.144127], [-97.999819, 19.131085]]]}}, {"type": "Feature", "id": 1550, "properties": {"seccion": 1550, "id": 1550, "municipio": 113, "nombre": "Puebla", "distrito_l": 16, "distrito_f": 1}, "geometry": {"type": "Polygon", "coordinates": [[[-97.98868, 19.131085], [-97.977541, 19.131085], [-97.977541, 19.144127], [-97.98868, 19.144127], [-97.98868, 19.131085]]]}}, {"type": "Feature", "id": 1551, "properties": {"seccion": 1551, "id": 1551, "municipio": 113, "nombre": "Puebla", "distrito_l": 16, "distrito_f": 1}, "geometry": {"type": "Polygon", "coordinates": [[[-97.977541, 19.131085], [-97.966402, 19.131085], [-97.966402, 19.144127], [-97.977541, 19.144127], [-97.977541, 19.131085]]]}}, {"type": "Feature", "id": 1552, "properties": {"seccion": 1552, "id": 1552, "municipio": 113, "nombre": "Puebla", "distrito_l": 16, "distrito_f": 1}, "geometry": {"type": "Polygon", "coordinates": [[[-97.966402, 19.131085], [-97.955263, 19.131085], [-97.955263, 19.144127], [-97.966402, 19.144127], [-97.966402, 19.131085]]]}}, {"type": "Feature", "id": 1553, "properties": {"seccion": 1553, "id": 1553, "municipio": 113, "nombre": "Puebla", "distrito_l": 16, "distrito_f": 1}, "geometry": {"type": "Polygon", "coordinates": [[[-97.955263, 19.131085], [-97.944124, 19.131085], [-97.944124, 19.144127], [-97.955263, 19.144127], [-97.955263, 19.131085]]]}}, {"type": "Feature", "id": 1554, "properties": {"seccion": 1554, "id": 1554, "municipio": 113, "nombre": "Puebla", "distrito_l": 16, "distrito_f": 1}, "geometry": {"type": "Polygon", "coordinates": [[[-97.944123, 19.131085], [-97.932984, 19.131085], [-97.932984, 19.144127], [-97.944123, 19.144127], [-97.944123, 19.131085]]]}}, {"type": "Feature", "id": 1555, "properties": {"seccion": 1555, "id": 1555, "municipio": 113, "nombre": "Puebla", "distrito_l": 16, "distrito_f": 1}, "geometry": {"type": "Polygon", "coordinates": [[[-97.932984, 19.131085], [-97.921845, 19.131085], [-97.921845, 19.144127], [-97.932984, 19.144127], [-97.932984, 19.131085]]]}}, {"type": "Feature", "id": 1556, "properties": {"seccion": 1556, "id": 1556, "municipio": 113, "nombre": "Puebla", "distrito_l": 16, "distrito_f": 1}, "geometry": {"type": "Polygon", "coordinates": [[[-97.921845, 19.131085], [-97.910706, 19.131085], [-97.910706, 19.144127], [-97.921845, 19.144127], [-97.921845, 19.131085]]]}}, {"type": "Feature", "id": 1557, "properties": {"seccion": 1557, "id": 1557, "municipio": 113, "nombre": "Puebla", "distrito_l": 16, "distrito_f": 1}, "geometry": {"type": "Polygon", "coordinates": [[[-97.910706, 19.131085], [-97.899567, 19.131085], [-97.899567, 19.144127], [-97.910706, 19.144127], [-97.910706, 19.131085]]]}}, {"type": "Feature", "id": 1558, "properties": {"seccion": 1558, "id": 1558, "municipio": 113, "nombre": "Puebla", "distrito_l": 20, "distrito_f": 1}, "geometry": {"type": "Polygon", "coordinates": [[[-98.222603, 19.144127], [-98.211464, 19.144127], [-98.211464, 19.157169], [-98.222603, 19.157169], [-98.222603, 19.144127]]]}}, {"type": "Feature", "id": 1559, "properties": {"seccion": 1559, "id": 1559, "municipio": 113, "nombre": "Puebla", "distrito_l": 20, "distrito_f": 1}, "geometry": {"type": "Polygon", "coordinates": [[[-98.211464, 19.144127], [-98.200325, 19.144127], [-98.200325, 19.157169], [-98.211464, 19.157169], [-98.211464, 19.144127]]]}}, {"type": "Feature", "id": 1561, "properties": {"seccion": 1561, "id": 1561, "municipio": 113, "nombre": "Puebla", "distrito_l": 20, "distrito_f": 1}, "geometry": {"type": "Polygon", "coordinates": [[[-98.200324, 19.144127], [-98.189185, 19.144127], [-98.189185, 19.157169], [-98.200324, 19.157169], [-98.200324, 19.144127]]]}}, {"type": "Feature", "id": 1562, "properties": {"seccion": 1562, "id": 1562, "municipio": 113, "nombre": "Puebla", "distrito_l": 16, "distrito_f": 1}, "geometry": {"type": "Polygon", "coordinates": [[[-98.189185, 19.144127], [-98.178046, 19.144127], [-98.178046, 19.157169], [-98.189185, 19.157169], [-98.189185, 19.144127]]]}}, {"type": "Feature", "id": 1563, "properties": {"seccion": 1563, "id": 1563, "municipio": 113, "nombre": "Puebla", "distrito_l": 20, "distrito_f": 1}, "geometry": {"type": "Polygon", "coordinates": [[[-98.178046, 19.144127], [-98.166907, 19.144127], [-98.166907, 19.157169], [-98.178046, 19.157169], [-98.178046, 19.144127]]]}}, {"type": "Feature", "id": 1564, "properties": {"seccion": 1564, "id": 1564, "municipio": 113, "nombre": "Puebla", "distrito_l": 16, "distrito_f": 1}, "geometry": {"type": "Polygon", "coordinates": [[[-98.166907, 19.144127], [-98.155768, 19.144127], [-98.155768, 19.157169], [-98.166907, 19.157169], [-98.166907, 19.144127]]]}}, {"type": "Feature", "id": 1565, "properties": {"seccion": 1565, "id": 1565, "municipio": 113, "nombre": "Puebla", "distrito_l": 16, "distrito_f": 1}, "geometry": {"type": "Polygon", "coordinates": [[[-98.155768, 19.144127], [-98.144629, 19.144127], [-98.144629, 19.157169], [-98.155768, 19.157169], [-98.155768, 19.144127]]]}}, {"type": "Feature", "id": 1566, "properties": {"seccion": 1566, "id": 1566, "municipio": 113, "nombre": "Puebla", "distrito_l": 16, "distrito_f": 1}, "geometry": {"type": "Polygon", "coordinates": [[[-98.144629, 19.144127], [-98.13349, 19.144127], [-98.13349, 19.157169], [-98.144629, 19.157169], [-98.144629, 19.144127]]]}}, {"type": "Feature", "id": 1567, "properties": {"seccion": 1567, "id": 1567, "municipio": 113, "nombre": "Puebla", "distrito_l": 16, "distrito_f": 1}, "geometry": {"type": "Polygon", "coordinates": [[[-98.133489, 19.144127], [-98.12235, 19.144127], [-98.12235, 19.157169], [-98.133489, 19.157169], [-98.133489, 19.144127]]]}}, {"type": "Feature", "id": 1568, "properties": {"seccion": 1568, "id": 1568, "municipio": 113, "nombre": "Puebla", "distrito_l": 16, "distrito_f": 1}, "geometry": {"type": "Polygon", "coordinates": [[[-98.12235, 19.144127], [-98.111211, 19.144127], [-98.111211, 19.157169], [-98.12235, 19.157169], [-98.12235, 19.144127]]]}}, {"type": "Feature", "id": 1569, "properties": {"seccion": 1569, "id": 1569, "municipio": 113, "nombre": "Puebla", "distrito_l": 16, "distrito_f": 1}, "geometry": {"type": "Polygon", "coordinates": [[[-98.111211, 19.144127], [-98.100072, 19.144127], [-98.100072, 19.157169], [-98.111211, 19.157169], [-98.111211, 19.144127]]]}}, {"type": "Feature", "id": 1570, "properties": {"seccion": 1570, "id": 1570, "municipio": 113, "nombre": "Puebla", "distrito_l": 16, "distrito_f": 1}, "geometry": {"type": "Polygon", "coordinates": [[[-98.100072, 19.144127], [-98.088933, 19.144127], [-98.088933, 19.157169], [-98.100072, 19.157169], [-98.100072, 19.144127]]]}}, {"type": "Feature", "id": 1571, "properties": {"seccion": 1571, "id": 1571, "municipio": 113, "nombre": "Puebla", "distrito_l": 16, "distrito_f": 1}, "geometry": {"type": "Polygon", "coordinates": [[[-98.088933, 19.144127], [-98.077794, 19.144127], [-98.077794, 19.157169], [-98.088933, 19.157169], [-98.088933, 19.144127]]]}}, {"type": "Feature", "id": 1572, "properties": {"seccion": 1572, "id": 1572, "municipio": 113, "nombre": "Puebla", "distrito_l": 11, "distrito_f": 1}, "geometry": {"type": "Polygon", "coordinates": [[[-98.077794, 19.144127], [-98.066655, 19.144127], [-98.066655, 19.157169], [-98.077794, 19.157169], [-98.077794, 19.144127]]]}}, {"type": "Feature", "id": 1573, "properties": {"seccion": 1573, "id": 1573, "municipio": 113, "nombre": "Puebla", "distrito_l": 11, "distrito_f": 1}, "geometry": {"type": "Polygon", "coordinates": [[[-98.066654, 19.144127], [-98.055515, 19.144127], [-98.055515, 19.157169], [-98.066654, 19.157169], [-98.066654, 19.144127]]]}}, {"type": "Feature", "id": 1574, "properties": {"seccion": 1574, "id": 1574, "municipio": 113, "nombre": "Puebla", "distrito_l": 11, "distrito_f": 1}, "geometry": {"type": "Polygon", "coordinates": [[[-98.055515, 19.144127], [-98.044376, 19.144127], [-98.044376, 19.157169], [-98.055515, 19.157169], [-98.055515, 19.144127]]]}}, {"type": "Feature", "id": 1575, "properties": {"seccion": 1575, "id": 1575, "municipio": 113, "nombre": "Puebla", "distrito_l": 11, "distrito_f": 1}, "geometry": {"type": "Polygon", "coordinates": [[[-98.044376, 19.144127], [-98.033237, 19.144127], [-98.033237, 19.157169], [-98.044376, 19.157169], [-98.044376, 19.144127]]]}}, {"type": "Feature", "id": 1576, "properties": {"seccion": 1576, "id": 1576, "municipio": 113, "nombre": "Puebla", "distrito_l": 11, "distrito_f": 1}, "geometry": {"type": "Polygon", "coordinates": [[[-98.033237, 19.144127], [-98.022098, 19.144127], [-98.022098, 19.157169], [-98.033237, 19.157169], [-98.033237, 19.144127]]]}}, {"type": "Feature", "id": 1577, "properties": {"seccion": 1577, "id": 1577, "municipio": 113, "nombre": "Puebla", "distrito_l": 16, "distrito_f": 1}, "geometry": {"type": "Polygon", "coordinates": [[[-98.022098, 19.144127], [-98.010959, 19.144127], [-98.010959, 19.157169], [-98.022098, 19.157169], [-98.022098, 19.144127]]]}}, {"type": "Feature", "id": 1578, "properties": {"seccion": 1578, "id": 1578, "municipio": 113, "nombre": "Puebla", "distrito_l": 16, "distrito_f": 1}, "geometry": {"type": "Polygon", "coordinates": [[[-98.010958, 19.144127], [-97.999819, 19.144127], [-97.999819, 19.157169], [-98.010958, 19.157169], [-98.010958, 19.144127]]]}}, {"type": "Feature", "id": 1579, "properties": {"seccion": 1579, "id": 1579, "municipio": 113, "nombre": "Puebla", "distrito_l": 16, "distrito_f": 1}, "geometry": {"type": "Polygon", "coordinates": [[[-97.999819, 19.144127], [-97.98868, 19.144127], [-97.98868, 19.157169], [-97.999819, 19.157169], [-97.999819, 19.144127]]]}}, {"type": "Feature", "id": 1580, "properties": {"seccion": 1580, "id": 1580, "municipio": 113, "nombre": "Puebla", "distrito_l": 16, "distrito_f": 1}, "geometry": {"type": "Polygon", "coordinates": [[[-97.98868, 19.144127], [-97.977541, 19.144127], [-97.977541, 19.157169], [-97.98868, 19.157169], [-97.98868, 19.144127]]]}}, {"type": "Feature", "id": 1581, "properties": {"seccion": 1581, "id": 1581, "municipio": 113, "nombre": "Puebla", "distrito_l": 16, "distrito_f": 1}, "geometry": {"type": "Polygon", "coordinates": [[[-97.977541, 19.144127], [-97.966402, 19.144127], [-97.966402, 19.157169], [-97.977541, 19.157169], [-97.977541, 19.144127]]]}}, {"type": "Feature", "id": 1582, "properties": {"seccion": 1582, "id": 1582, "municipio": 113, "nombre": "Puebla", "distrito_l": 16, "distrito_f": 1}, "geometry": {"type": "Polygon", "coordinates": [[[-97.966402, 19.144127], [-97.955263, 19.144127], [-97.955263, 19.157169], [-97.966402, 19.157169], [-97.966402, 19.144127]]]}}, {"type": "Feature", "id": 1583, "properties": {"seccion": 1583, "id": 1583, "municipio": 113, "nombre": "Puebla", "distrito_l": 16, "distrito_f": 1}, "geometry": {"type": "Polygon", "coordinates": [[[-97.955263, 19.144127], [-97.944124, 19.144127], [-97.944124, 19.157169], [-97.955263, 19.157169], [-97.955263, 19.144127]]]}}, {"type": "Feature", "id": 1584, "properties": {"seccion": 1584, "id": 1584, "municipio": 113, "nombre": "Puebla", "distrito_l": 16, "distrito_f": 1}, "geometry": {"type": "Polygon", "coordinates": [[[-97.944123, 19.144127], [-97.932984, 19.144127], [-97.932984, 19.157169], [-97.944123, 19.157169], [-97.944123, 19.144127]]]}}, {"type": "Feature", "id": 1585, "properties": {"seccion": 1585, "id": 1585, "municipio": 113, "nombre": "Puebla", "distrito_l": 16, "distrito_f": 1}, "geometry": {"type": "Polygon", "coordinates": [[[-97.932984, 19.144127], [-97.921845, 19.144127], [-97.921845, 19.157169], [-97.932984, 19.157169], [-97.932984, 19.144127]]]}}, {"type": "Feature", "id": 1587, "properties": {"seccion": 1587, "id": 1587, "municipio": 113, "nombre": "Puebla", "distrito_l": 11, "distrito_f": 1}, "geometry": {"type": "Polygon", "coordinates": [[[-97.921845, 19.144127], [-97.910706, 19.144127], [-97.910706, 19.157169], [-97.921845, 19.157169], [-97.921845, 19.144127]]]}}, {"type": "Feature", "id": 1588, "properties": {"seccion": 1588, "id": 1588, "municipio": 113, "nombre": "Puebla", "distrito_l": 16, "distrito_f": 1}, "geometry": {"type": "Polygon", "coordinates": [[[-97.910706, 19.144127], [-97.899567, 19.144127], [-97.899567, 19.157169], [-97.910706, 19.157169], [-97.910706, 19.144127]]]}}, {"type": "Feature", "id": 1590, "properties": {"seccion": 1590, "id": 1590, "municipio": 113, "nombre": "Puebla", "distrito_l": 20, "distrito_f": 1}, "geometry": {"type": "Polygon", "coordinates": [[[-98.222603, 19.157169], [-98.211464, 19.157169], [-98.211464, 19.170211], [-98.222603, 19.170211], [-98.222603, 19.157169]]]}}, {"type": "Feature", "id": 1591, "properties": {"seccion": 1591, "id": 1591, "municipio": 113, "nombre": "Puebla", "distrito_l": 20, "distrito_f": 1}, "geometry": {"type": "Polygon", "coordinates": [[[-98.211464, 19.157169], [-98.200325, 19.157169], [-98.200325, 19.170211], [-98.211464, 19.170211], [-98.211464, 19.157169]]]}}, {"type": "Feature", "id": 1592, "properties": {"seccion": 1592, "id": 1592, "municipio": 113, "nombre": "Puebla", "distrito_l": 20, "distrito_f": 1}, "geometry": {"type": "Polygon", "coordinates": [[[-98.200324, 19.157169], [-98.189185, 19.157169], [-98.189185, 19.170211], [-98.200324, 19.170211], [-98.200324, 19.157169]]]}}, {"type": "Feature", "id": 1594, "properties": {"seccion": 1594, "id": 1594, "municipio": 113, "nombre": "Puebla", "distrito_l": 16, "distrito_f": 1}, "geometry": {"type": "Polygon", "coordinates": [[[-98.189185, 19.157169], [-98.178046, 19.157169], [-98.178046, 19.170211], [-98.189185, 19.170211], [-98.189185, 19.157169]]]}}, {"type": "Feature", "id": 1595, "properties": {"seccion": 1595, "id": 1595, "municipio": 113, "nombre": "Puebla", "distrito_l": 16, "distrito_f": 1}, "geometry": {"type": "Polygon", "coordinates": [[[-98.178046, 19.157169], [-98.166907, 19.157169], [-98.166907, 19.170211], [-98.178046, 19.170211], [-98.178046, 19.157169]]]}}, {"type": "Feature", "id": 1597, "properties": {"seccion": 1597, "id": 1597, "municipio": 113, "nombre": "Puebla", "distrito_l": 11, "distrito_f": 1}, "geometry": {"type": "Polygon", "coordinates": [[[-98.166907, 19.157169], [-98.155768, 19.157169], [-98.155768, 19.170211], [-98.166907, 19.170211], [-98.166907, 19.157169]]]}}, {"type": "Feature", "id": 1598, "properties": {"seccion": 1598, "id": 1598, "municipio": 113, "nombre": "Puebla", "distrito_l": 16, "distrito_f": 1}, "geometry": {"type": "Polygon", "coordinates": [[[-98.155768, 19.157169], [-98.144629, 19.157169], [-98.144629, 19.170211], [-98.155768, 19.170211], [-98.155768, 19.157169]]]}}, {"type": "Feature", "id": 1599, "properties": {"seccion": 1599, "id": 1599, "municipio": 113, "nombre": "Puebla", "distrito_l": 20, "distrito_f": 1}, "geometry": {"type": "Polygon", "coordinates": [[[-98.144629, 19.157169], [-98.13349, 19.157169], [-98.13349, 19.170211], [-98.144629, 19.170211], [-98.144629, 19.157169]]]}}, {"type": "Feature", "id": 1600, "properties": {"seccion": 1600, "id": 1600, "municipio": 113, "nombre": "Puebla", "distrito_l": 20, "distrito_f": 1}, "geometry": {"type": "Polygon", "coordinates": [[[-98.133489, 19.157169], [-98.12235, 19.157169], [-98.12235, 19.170211], [-98.133489, 19.170211], [-98.133489, 19.157169]]]}}, {"type": "Feature", "id": 1601, "properties": {"seccion": 1601, "id": 1601, "municipio": 113, "nombre": "Puebla", "distrito_l": 11, "distrito_f": 1}, "geometry": {"type": "Polygon", "coordinates": [[[-98.12235, 19.157169], [-98.111211, 19.157169], [-98.111211, 19.170211], [-98.12235, 19.170211], [-98.12235, 19.157169]]]}}, {"type": "Feature", "id": 1602, "properties": {"seccion": 1602, "id": 1602, "municipio": 113, "nombre": "Puebla", "distrito_l": 20, "distrito_f": 1}, "geometry": {"type": "Polygon", "coordinates": [[[-98.111211, 19.157169], [-98.100072, 19.157169], [-98.100072, 19.170211], [-98.111211, 19.170211], [-98.111211, 19.157169]]]}}, {"type": "Feature", "id": 1603, "properties": {"seccion": 1603, "id": 1603, "municipio": 113, "nombre": "Puebla", "distrito_l": 20, "distrito_f": 1}, "geometry": {"type": "Polygon", "coordinates": [[[-98.100072, 19.157169], [-98.088933, 19.157169], [-98.088933, 19.170211], [-98.100072, 19.170211], [-98.100072, 19.157169]]]}}, {"type": "Feature", "id": 1604, "properties": {"seccion": 1604, "id": 1604, "municipio": 113, "nombre": "Puebla", "distrito_l": 20, "distrito_f": 1}, "geometry": {"type": "Polygon", "coordinates": [[[-98.088933, 19.157169], [-98.077794, 19.157169], [-98.077794, 19.170211], [-98.088933, 19.170211], [-98.088933, 19.157169]]]}}, {"type": "Feature", "id": 1605, "properties": {"seccion": 1605, "id": 1605, "municipio": 113, "nombre": "Puebla", "distrito_l": 20, "distrito_f": 1}, "geometry": {"type": "Polygon", "coordinates": [[[-98.077794, 19.157169], [-98.066655, 19.157169], [-98.066655, 19.170211], [-98.077794, 19.170211], [-98.077794, 19.157169]]]}}, {"type": "Feature", "id": 1607, "properties": {"seccion": 1607, "id": 1607, "municipio": 113, "nombre": "Puebla", "distrito_l": 20, "distrito_f": 1}, "geometry": {"type": "Polygon", "coordinates": [[[-98.066654, 19.157169], [-98.055515, 19.157169], [-98.055515, 19.170211], [-98.066654, 19.170211], [-98.066654, 19.157169]]]}}, {"type": "Feature", "id": 1608, "properties": {"seccion": 1608, "id": 1608, "municipio": 113, "nombre": "Puebla", "distrito_l": 20, "distrito_f": 1}, "geometry": {"type": "Polygon", "coordinates": [[[-98.055515, 19.157169], [-98.044376, 19.157169], [-98.044376, 19.170211], [-98.055515, 19.170211], [-98.055515, 19.157169]]]}}, {"type": "Feature", "id": 1609, "properties": {"seccion": 1609, "id": 1609, "municipio": 113, "nombre": "Puebla", "distrito_l": 20, "distrito_f": 1}, "geometry": {"type": "Polygon", "coordinates": [[[-98.044376, 19.157169], [-98.033237, 19.157169], [-98.033237, 19.170211], [-98.044376, 19.170211], [-98.044376, 19.157169]]]}}, {"type": "Feature", "id": 2550, "properties": {"seccion": 2550, "id": 2550, "municipio": 113, "nombre": "Puebla", "distrito_l": 12, "distrito_f": 1}, "geometry": {"type": "Polygon", "coordinates": [[[-98.033237, 19.157169], [-98.022098, 19.157169], [-98.022098, 19.170211], [-98.033237, 19.170211], [-98.033237, 19.157169]]]}}, {"type": "Feature", "id": 2551, "properties": {"seccion": 2551, "id": 2551, "municipio": 113, "nombre": "Puebla", "distrito_l": 19, "distrito_f": 1}, "geometry": {"type": "Polygon", "coordinates": [[[-98.022098, 19.157169], [-98.010959, 19.157169], [-98.010959, 19.170211], [-98.022098, 19.170211], [-98.022098, 19.157169]]]}}, {"type": "Feature", "id": 2552, "properties": {"seccion": 2552, "id": 2552, "municipio": 113, "nombre": "Puebla", "distrito_l": 19, "distrito_f": 1}, "geometry": {"type": "Polygon", "coordinates": [[[-98.010958, 19.157169], [-97.999819, 19.157169], [-97.999819, 19.170211], [-98.010958, 19.170211], [-98.010958, 19.157169]]]}}, {"type": "Feature", "id": 2553, "properties": {"seccion": 2553, "id": 2553, "municipio": 113, "nombre": "Puebla", "distrito_l": 19, "distrito_f": 1}, "geometry": {"type": "Polygon", "coordinates": [[[-97.999819, 19.157169], [-97.98868, 19.157169], [-97.98868, 19.170211], [-97.999819, 19.170211], [-97.999819, 19.157169]]]}}, {"type": "Feature", "id": 2554, "properties": {"seccion": 2554, "id": 2554, "municipio": 113, "nombre": "Puebla", "distrito_l": 19, "distrito_f": 1}, "geometry": {"type": "Polygon", "coordinates": [[[-97.98868, 19.157169], [-97.977541, 19.157169], [-97.977541, 19.170211], [-97.98868, 19.170211], [-97.98868, 19.157169]]]}}, {"type": "Feature", "id": 2555, "properties": {"seccion": 2555, "id": 2555, "municipio": 113, "nombre": "Puebla", "distrito_l": 19, "distrito_f": 1}, "geometry": {"type": "Polygon", "coordinates": [[[-97.977541, 19.157169], [-97.966402, 19.157169], [-97.966402, 19.170211], [-97.977541, 19.170211], [-97.977541, 19.157169]]]}}, {"type": "Feature", "id": 2556, "properties": {"seccion": 2556, "id": 2556, "municipio": 113, "nombre": "Puebla", "distrito_l": 19, "distrito_f": 1}, "geometry": {"type": "Polygon", "coordinates": [[[-97.966402, 19.157169], [-97.955263, 19.157169], [-97.955263, 19.170211], [-97.966402, 19.170211], [-97.966402, 19.157169]]]}}, {"type": "Feature", "id": 2557, "properties": {"seccion": 2557, "id": 2557, "municipio": 113, "nombre": "Puebla", "distrito_l": 19, "distrito_f": 1}, "geometry": {"type": "Polygon", "coordinates": [[[-97.955263, 19.157169], [-97.944124, 19.157169], [-97.944124, 19.170211], [-97.955263, 19.170211], [-97.955263, 19.157169]]]}}, {"type": "Feature", "id": 2558, "properties": {"seccion": 2558, "id": 2558, "municipio": 113, "nombre": "Puebla", "distrito_l": 19, "distrito_f": 1}, "geometry": {"type": "Polygon", "coordinates": [[[-97.944123, 19.157169], [-97.932984, 19.157169], [-97.932984, 19.170211], [-97.944123, 19.170211], [-97.944123, 19.157169]]]}}, {"type": "Feature", "id": 2559, "properties": {"seccion": 2559, "id": 2559, "municipio": 113, "nombre": "Puebla", "distrito_l": 19, "distrito_f": 1}, "geometry": {"type": "Polygon", "coordinates": [[[-97.932984, 19.157169], [-97.921845, 19.157169], [-97.921845, 19.170211], [-97.932984, 19.170211], [-97.932984, 19.157169]]]}}, {"type": "Feature", "id": 2560, "properties": {"seccion": 2560, "id": 2560, "municipio": 113, "nombre": "Puebla", "distrito_l": 19, "distrito_f": 1}, "geometry": {"type": "Polygon", "coordinates": [[[-97.921845, 19.157169], [-97.910706, 19.157169], [-97.910706, 19.170211], [-97.921845, 19.170211], [-97.921845, 19.157169]]]}}, {"type": "Feature", "id": 2561, "properties": {"seccion": 2561, "id": 2561, "municipio": 113, "nombre": "Puebla", "distrito_l": 19, "distrito_f": 1}, "geometry": {"type": "Polygon", "coordinates": [[[-97.910706, 19.157169], [-97.899567, 19.157169], [-97.899567, 19.170211], [-97.910706, 19.170211], [-97.910706, 19.157169]]]}}, {"type": "Feature", "id": 2562, "properties": {"seccion": 2562, "id": 2562, "municipio": 113, "nombre": "Puebla", "distrito_l": 19, "distrito_f": 1}, "geometry": {"type": "Polygon", "coordinates": [[[-98.222603, 19.17021], [-98.211464, 19.17021], [-98.211464, 19.183252], [-98.222603, 19.183252], [-98.222603, 19.17021]]]}}, {"type": "Feature", "id": 2563, "properties": {"seccion": 2563, "id": 2563, "municipio": 113, "nombre": "Puebla", "distrito_l": 20, "distrito_f": 1}, "geometry": {"type": "Polygon", "coordinates": [[[-98.211464, 19.17021], [-98.200325, 19.17021], [-98.200325, 19.183252], [-98.211464, 19.183252], [-98.211464, 19.17021]]]}}, {"type": "Feature", "id": 2564, "properties": {"seccion": 2564, "id": 2564, "municipio": 113, "nombre": "Puebla", "distrito_l": 20, "distrito_f": 1}, "geometry": {"type": "Polygon", "coordinates": [[[-98.200324, 19.17021], [-98.189185, 19.17021], [-98.189185, 19.183252], [-98.200324, 19.183252], [-98.200324, 19.17021]]]}}, {"type": "Feature", "id": 2565, "properties": {"seccion": 2565, "id": 2565, "municipio": 113, "nombre": "Puebla", "distrito_l": 19, "distrito_f": 1}, "geometry": {"type": "Polygon", "coordinates": [[[-98.189185, 19.17021], [-98.178046, 19.17021], [-98.178046, 19.183252], [-98.189185, 19.183252], [-98.189185, 19.17021]]]}}, {"type": "Feature", "id": 2566, "properties": {"seccion": 2566, "id": 2566, "municipio": 113, "nombre": "Puebla", "distrito_l": 19, "distrito_f": 1}, "geometry": {"type": "Polygon", "coordinates": [[[-98.178046, 19.17021], [-98.166907, 19.17021], [-98.166907, 19.183252], [-98.178046, 19.183252], [-98.178046, 19.17021]]]}}, {"type": "Feature", "id": 2567, "properties": {"seccion": 2567, "id": 2567, "municipio": 113, "nombre": "Puebla", "distrito_l": 19, "distrito_f": 1}, "geometry": {"type": "Polygon", "coordinates": [[[-98.166907, 19.17021], [-98.155768, 19.17021], [-98.155768, 19.183252], [-98.166907, 19.183252], [-98.166907, 19.17021]]]}}, {"type": "Feature", "id": 2568, "properties": {"seccion": 2568, "id": 2568, "municipio": 113, "nombre": "Puebla", "distrito_l": 19, "distrito_f": 1}, "geometry": {"type": "Polygon", "coordinates": [[[-98.155768, 19.17021], [-98.144629, 19.17021], [-98.144629, 19.183252], [-98.155768, 19.183252], [-98.155768, 19.17021]]]}}, {"type": "Feature", "id": 2569, "properties": {"seccion": 2569, "id": 2569, "municipio": 113, "nombre": "Puebla", "distrito_l": 19, "distrito_f": 1}, "geometry": {"type": "Polygon", "coordinates": [[[-98.144629, 19.17021], [-98.13349, 19.17021], [-98.13349, 19.183252], [-98.144629, 19.183252], [-98.144629, 19.17021]]]}}, {"type": "Feature", "id": 2570, "properties": {"seccion": 2570, "id": 2570, "municipio": 113, "nombre": "Puebla", "distrito_l": 19, "distrito_f": 1}, "geometry": {"type": "Polygon", "coordinates": [[[-98.133489, 19.17021], [-98.12235, 19.17021], [-98.12235, 19.183252], [-98.133489, 19.183252], [-98.133489, 19.17021]]]}}, {"type": "Feature", "id": 2571, "properties": {"seccion": 2571, "id": 2571, "municipio": 113, "nombre": "Puebla", "distrito_l": 19, "distrito_f": 1}, "geometry": {"type": "Polygon", "coordinates": [[[-98.12235, 19.17021], [-98.111211, 19.17021], [-98.111211, 19.183252], [-98.12235, 19.183252], [-98.12235, 19.17021]]]}}, {"type": "Feature", "id": 2572, "properties": {"seccion": 2572, "id": 2572, "municipio": 113, "nombre": "Puebla", "distrito_l": 19, "distrito_f": 1}, "geometry": {"type": "Polygon", "coordinates": [[[-98.111211, 19.17021], [-98.100072, 19.17021], [-98.100072, 19.183252], [-98.111211, 19.183252], [-98.111211, 19.17021]]]}}, {"type": "Feature", "id": 2573, "properties": {"seccion": 2573, "id": 2573, "municipio": 113, "nombre": "Puebla", "distrito_l": 19, "distrito_f": 1}, "geometry": {"type": "Polygon", "coordinates": [[[-98.100072, 19.17021], [-98.088933, 19.17021], [-98.088933, 19.183252], [-98.100072, 19.183252], [-98.100072, 19.17021]]]}}, {"type": "Feature", "id": 2574, "properties": {"seccion": 2574, "id": 2574, "municipio": 113, "nombre": "Puebla", "distrito_l": 19, "distrito_f": 1}, "geometry": {"type": "Polygon", "coordinates": [[[-98.088933, 19.17021], [-98.077794, 19.17021], [-98.077794, 19.183252], [-98.088933, 19.183252], [-98.088933, 19.17021]]]}}, {"type": "Feature", "id": 2575, "properties": {"seccion": 2575, "id": 2575, "municipio": 113, "nombre": "Puebla", "distrito_l": 19, "distrito_f": 1}, "geometry": {"type": "Polygon", "coordinates": [[[-98.077794, 19.17021], [-98.066655, 19.17021], [-98.066655, 19.183252], [-98.077794, 19.183252], [-98.077794, 19.17021]]]}}, {"type": "Feature", "id": 2576, "properties": {"seccion": 2576, "id": 2576, "municipio": 113, "nombre": "Puebla", "distrito_l": 19, "distrito_f": 1}, "geometry": {"type": "Polygon", "coordinates": [[[-98.066654, 19.17021], [-98.055515, 19.17021], [-98.055515, 19.183252], [-98.066654, 19.183252], [-98.066654, 19.17021]]]}}, {"type": "Feature", "id": 2577, "properties": {"seccion": 2577, "id": 2577, "municipio": 113, "nombre": "Puebla", "distrito_l": 19, "distrito_f": 1}, "geometry": {"type": "Polygon", "coordinates": [[[-98.055515, 19.17021], [-98.044376, 19.17021], [-98.044376, 19.183252], [-98.055515, 19.183252], [-98.055515, 19.17021]]]}}, {"type": "Feature", "id": 2578, "properties": {"seccion": 2578, "id": 2578, "municipio": 113, "nombre": "Puebla", "distrito_l": 19, "distrito_f": 1}, "geometry": {"type": "Polygon", "coordinates": [[[-98.044376, 19.17021], [-98.033237, 19.17021], [-98.033237, 19.183252], [-98.044376, 19.183252], [-98.044376, 19.17021]]]}}, {"type": "Feature", "id": 2579, "properties": {"seccion": 2579, "id": 2579, "municipio": 113, "nombre": "Puebla", "distrito_l": 19, "distrito_f": 1}, "geometry": {"type": "Polygon", "coordinates": [[[-98.033237, 19.17021], [-98.022098, 19.17021], [-98.022098, 19.183252], [-98.033237, 19.183252], [-98.033237, 19.17021]]]}}, {"type": "Feature", "id": 2580, "properties": {"seccion": 2580, "id": 2580, "municipio": 113, "nombre": "Puebla", "distrito_l": 19, "distrito_f": 1}, "geometry": {"type": "Polygon", "coordinates": [[[-98.022098, 19.17021], [-98.010959, 19.17021], [-98.010959, 19.183252], [-98.022098, 19.183252], [-98.022098, 19.17021]]]}}, {"type": "Feature", "id": 2581, "properties": {"seccion": 2581, "id": 2581, "municipio": 113, "nombre": "Puebla", "distrito_l": 19, "distrito_f": 1}, "geometry": {"type": "Polygon", "coordinates": [[[-98.010958, 19.17021], [-97.999819, 19.17021], [-97.999819, 19.183252], [-98.010958, 19.183252], [-98.010958, 19.17021]]]}}, {"type": "Feature", "id": 2582, "properties": {"seccion": 2582, "id": 2582, "municipio": 113, "nombre": "Puebla", "distrito_l": 19, "distrito_f": 1}, "geometry": {"type": "Polygon", "coordinates": [[[-97.999819, 19.17021], [-97.98868, 19.17021], [-97.98868, 19.183252], [-97.999819, 19.183252], [-97.999819, 19.17021]]]}}, {"type": "Feature", "id": 2583, "properties": {"seccion": 2583, "id": 2583, "municipio": 113, "nombre": "Puebla", "distrito_l": 20, "distrito_f": 1}, "geometry": {"type": "Polygon", "coordinates": [[[-97.98868, 19.17021], [-97.977541, 19.17021], [-97.977541, 19.183252], [-97.98868, 19.183252], [-97.98868, 19.17021]]]}}, {"type": "Feature", "id": 2584, "properties": {"seccion": 2584, "id": 2584, "municipio": 113, "nombre": "Puebla", "distrito_l": 20, "distrito_f": 1}, "geometry": {"type": "Polygon", "coordinates": [[[-97.977541, 19.17021], [-97.966402, 19.17021], [-97.966402, 19.183252], [-97.977541, 19.183252], [-97.977541, 19.17021]]]}}, {"type": "Feature", "id": 2585, "properties": {"seccion": 2585, "id": 2585, "municipio": 113, "nombre": "Puebla", "distrito_l": 20, "distrito_f": 1}, "geometry": {"type": "Polygon", "coordinates": [[[-97.966402, 19.17021], [-97.955263, 19.17021], [-97.955263, 19.183252], [-97.966402, 19.183252], [-97.966402, 19.17021]]]}}, {"type": "Feature", "id": 2586, "properties": {"seccion": 2586, "id": 2586, "municipio": 113, "nombre": "Puebla", "distrito_l": 20, "distrito_f": 1}, "geometry": {"type": "Polygon", "coordinates": [[[-97.955263, 19.17021], [-97.944124, 19.17021], [-97.944124, 19.183252], [-97.955263, 19.183252], [-97.955263, 19.17021]]]}}, {"type": "Feature", "id": 2587, "properties": {"seccion": 2587, "id": 2587, "municipio": 113, "nombre": "Puebla", "distrito_l": 20, "distrito_f": 1}, "geometry": {"type": "Polygon", "coordinates": [[[-97.944123, 19.17021], [-97.932984, 19.17021], [-97.932984, 19.183252], [-97.944123, 19.183252], [-97.944123, 19.17021]]]}}, {"type": "Feature", "id": 2588, "properties": {"seccion": 2588, "id": 2588, "municipio": 113, "nombre": "Puebla", "distrito_l": 20, "distrito_f": 1}, "geometry": {"type": "Polygon", "coordinates": [[[-97.932984, 19.17021], [-97.921845, 19.17021], [-97.921845, 19.183252], [-97.932984, 19.183252], [-97.932984, 19.17021]]]}}, {"type": "Feature", "id": 2589, "properties": {"seccion": 2589, "id": 2589, "municipio": 113, "nombre": "Puebla", "distrito_l": 20, "distrito_f": 1}, "geometry": {"type": "Polygon", "coordinates": [[[-97.921845, 19.17021], [-97.910706, 19.17021], [-97.910706, 19.183252], [-97.921845, 19.183252], [-97.921845, 19.17021]]]}}, {"type": "Feature", "id": 2590, "properties": {"seccion": 2590, "id": 2590, "municipio": 113, "nombre": "Puebla", "distrito_l": 20, "distrito_f": 1}, "geometry": {"type": "Polygon", "coordinates": [[[-97.910706, 19.17021], [-97.899567, 19.17021], [-97.899567, 19.183252], [-97.910706, 19.183252], [-97.910706, 19.17021]]]}}, {"type": "Feature", "id": 2591, "properties": {"seccion": 2591, "id": 2591, "municipio": 113, "nombre": "Puebla", "distrito_l": 20, "distrito_f": 1}, "geometry": {"type": "Polygon", "coordinates": [[[-98.222603, 19.183252], [-98.211464, 19.183252], [-98.211464, 19.196294], [-98.222603, 19.196294], [-98.222603, 19.183252]]]}}, {"type": "Feature", "id": 2592, "properties": {"seccion": 2592, "id": 2592, "municipio": 113, "nombre": "Puebla", "distrito_l": 20, "distrito_f": 1}, "geometry": {"type": "Polygon", "coordinates": [[[-98.211464, 19.183252], [-98.200325, 19.183252], [-98.200325, 19.196294], [-98.211464, 19.196294], [-98.211464, 19.183252]]]}}, {"type": "Feature", "id": 2593, "properties": {"seccion": 2593, "id": 2593, "municipio": 113, "nombre": "Puebla", "distrito_l": 20, "distrito_f": 1}, "geometry": {"type": "Polygon", "coordinates": [[[-98.200324, 19.183252], [-98.189185, 19.183252], [-98.189185, 19.196294], [-98.200324, 19.196294], [-98.200324, 19.183252]]]}}, {"type": "Feature", "id": 2594, "properties": {"seccion": 2594, "id": 2594, "municipio": 113, "nombre": "Puebla", "distrito_l": 20, "distrito_f": 1}, "geometry": {"type": "Polygon", "coordinates": [[[-98.189185, 19.183252], [-98.178046, 19.183252], [-98.178046, 19.196294], [-98.189185, 19.196294], [-98.189185, 19.183252]]]}}, {"type": "Feature", "id": 2595, "properties": {"seccion": 2595, "id": 2595, "municipio": 113, "nombre": "Puebla", "distrito_l": 20, "distrito_f": 1}, "geometry": {"type": "Polygon", "coordinates": [[[-98.178046, 19.183252], [-98.166907, 19.183252], [-98.166907, 19.196294], [-98.178046, 19.196294], [-98.178046, 19.183252]]]}}, {"type": "Feature", "id": 2596, "properties": {"seccion": 2596, "id": 2596, "municipio": 113, "nombre": "Puebla", "distrito_l": 20, "distrito_f": 1}, "geometry": {"type": "Polygon", "coordinates": [[[-98.166907, 19.183252], [-98.155768, 19.183252], [-98.155768, 19.196294], [-98.166907, 19.196294], [-98.166907, 19.183252]]]}}, {"type": "Feature", "id": 2597, "properties": {"seccion": 2597, "id": 2597, "municipio": 113, "nombre": "Puebla", "distrito_l": 20, "distrito_f": 1}, "geometry": {"type": "Polygon", "coordinates": [[[-98.155768, 19.183252], [-98.144629, 19.183252], [-98.144629, 19.196294], [-98.155768, 19.196294], [-98.155768, 19.183252]]]}}, {"type": "Feature", "id": 2598, "properties": {"seccion": 2598, "id": 2598, "municipio": 113, "nombre": "Puebla", "distrito_l": 20, "distrito_f": 1}, "geometry": {"type": "Polygon", "coordinates": [[[-98.144629, 19.183252], [-98.13349, 19.183252], [-98.13349, 19.196294], [-98.144629, 19.196294], [-98.144629, 19.183252]]]}}, {"type": "Feature", "id": 2599, "properties": {"seccion": 2599, "id": 2599, "municipio": 113, "nombre": "Puebla", "distrito_l": 20, "distrito_f": 1}, "geometry": {"type": "Polygon", "coordinates": [[[-98.133489, 19.183252], [-98.12235, 19.183252], [-98.12235, 19.196294], [-98.133489, 19.196294], [-98.133489, 19.183252]]]}}, {"type": "Feature", "id": 2600, "properties": {"seccion": 2600, "id": 2600, "municipio": 113, "nombre": "Puebla", "distrito_l": 20, "distrito_f": 1}, "geometry": {"type": "Polygon", "coordinates": [[[-98.12235, 19.183252], [-98.111211, 19.183252], [-98.111211, 19.196294], [-98.12235, 19.196294], [-98.12235, 19.183252]]]}}, {"type": "Feature", "id": 2601, "properties": {"seccion": 2601, "id": 2601, "municipio": 113, "nombre": "Puebla", "distrito_l": 20, "distrito_f": 1}, "geometry": {"type": "Polygon", "coordinates": [[[-98.111211, 19.183252], [-98.100072, 19.183252], [-98.100072, 19.196294], [-98.111211, 19.196294], [-98.111211, 19.183252]]]}}, {"type": "Feature", "id": 2602, "properties": {"seccion": 2602, "id": 2602, "municipio": 113, "nombre": "Puebla", "distrito_l": 20, "distrito_f": 1}, "geometry": {"type": "Polygon", "coordinates": [[[-98.100072, 19.183252], [-98.088933, 19.183252], [-98.088933, 19.196294], [-98.100072, 19.196294], [-98.100072, 19.183252]]]}}, {"type": "Feature", "id": 2603, "properties": {"seccion": 2603, "id": 2603, "municipio": 113, "nombre": "Puebla", "distrito_l": 20, "distrito_f": 1}, "geometry": {"type": "Polygon", "coordinates": [[[-98.088933, 19.183252], [-98.077794, 19.183252], [-98.077794, 19.196294], [-98.088933, 19.196294], [-98.088933, 19.183252]]]}}, {"type": "Feature", "id": 2604, "properties": {"seccion": 2604, "id": 2604, "municipio": 113, "nombre": "Puebla", "distrito_l": 20, "distrito_f": 1}, "geometry": {"type": "Polygon", "coordinates": [[[-98.077794, 19.183252], [-98.066655, 19.183252], [-98.066655, 19.196294], [-98.077794, 19.196294], [-98.077794, 19.183252]]]}}, {"type": "Feature", "id": 2605, "properties": {"seccion": 2605, "id": 2605, "municipio": 113, "nombre": "Puebla", "distrito_l": 20, "distrito_f": 1}, "geometry": {"type": "Polygon", "coordinates": [[[-98.066654, 19.183252], [-98.055515, 19.183252], [-98.055515, 19.196294], [-98.066654, 19.196294], [-98.066654, 19.183252]]]}}, {"type": "Feature", "id": 2606, "properties": {"seccion": 2606, "id": 2606, "municipio": 113, "nombre": "Puebla", "distrito_l": 20, "distrito_f": 1}, "geometry": {"type": "Polygon", "coordinates": [[[-98.055515, 19.183252], [-98.044376, 19.183252], [-98.044376, 19.196294], [-98.055515, 19.196294], [-98.055515, 19.183252]]]}}, {"type": "Feature", "id": 2607, "properties": {"seccion": 2607, "id": 2607, "municipio": 113, "nombre": "Puebla", "distrito_l": 20, "distrito_f": 1}, "geometry": {"type": "Polygon", "coordinates": [[[-98.044376, 19.183252], [-98.033237, 19.183252], [-98.033237, 19.196294], [-98.044376, 19.196294], [-98.044376, 19.183252]]]}}, {"type": "Feature", "id": 2608, "properties": {"seccion": 2608, "id": 2608, "municipio": 113, "nombre": "Puebla", "distrito_l": 20, "distrito_f": 1}, "geometry": {"type": "Polygon", "coordinates": [[[-98.033237, 19.183252], [-98.022098, 19.183252], [-98.022098, 19.196294], [-98.033237, 19.196294], [-98.033237, 19.183252]]]}}, {"type": "Feature", "id": 2609, "properties": {"seccion": 2609, "id": 2609, "municipio": 113, "nombre": "Puebla", "distrito_l": 20, "distrito_f": 1}, "geometry": {"type": "Polygon", "coordinates": [[[-98.022098, 19.183252], [-98.010959, 19.183252], [-98.010959, 19.196294], [-98.022098, 19.196294], [-98.022098, 19.183252]]]}}, {"type": "Feature", "id": 2610, "properties": {"seccion": 2610, "id": 2610, "municipio": 113, "nombre": "Puebla", "distrito_l": 20, "distrito_f": 1}, "geometry": {"type": "Polygon", "coordinates": [[[-98.010958, 19.183252], [-97.999819, 19.183252], [-97.999819, 19.196294], [-98.010958, 19.196294], [-98.010958, 19.183252]]]}}, {"type": "Feature", "id": 2611, "properties": {"seccion": 2611, "id": 2611, "municipio": 113, "nombre": "Puebla", "distrito_l": 20, "distrito_f": 1}, "geometry": {"type": "Polygon", "coordinates": [[[-97.999819, 19.183252], [-97.98868, 19.183252], [-97.98868, 19.196294], [-97.999819, 19.196294], [-97.999819, 19.183252]]]}}, {"type": "Feature", "id": 2612, "properties": {"seccion": 2612, "id": 2612, "municipio": 113, "nombre": "Puebla", "distrito_l": 20, "distrito_f": 1}, "geometry": {"type": "Polygon", "coordinates": [[[-97.98868, 19.183252], [-97.977541, 19.183252], [-97.977541, 19.196294], [-97.98868, 19.196294], [-97.98868, 19.183252]]]}}, {"type": "Feature", "id": 2613, "properties": {"seccion": 2613, "id": 2613, "municipio": 113, "nombre": "Puebla", "distrito_l": 20, "distrito_f": 1}, "geometry": {"type": "Polygon", "coordinates": [[[-97.977541, 19.183252], [-97.966402, 19.183252], [-97.966402, 19.196294], [-97.977541, 19.196294], [-97.977541, 19.183252]]]}}, {"type": "Feature", "id": 2614, "properties": {"seccion": 2614, "id": 2614, "municipio": 113, "nombre": "Puebla", "distrito_l": 20, "distrito_f": 1}, "geometry": {"type": "Polygon", "coordinates": [[[-97.966402, 19.183252], [-97.955263, 19.183252], [-97.955263, 19.196294], [-97.966402, 19.196294], [-97.966402, 19.183252]]]}}, {"type": "Feature", "id": 2615, "properties": {"seccion": 2615, "id": 2615, "municipio": 113, "nombre": "Puebla", "distrito_l": 20, "distrito_f": 1}, "geometry": {"type": "Polygon", "coordinates": [[[-97.955263, 19.183252], [-97.944124, 19.183252], [-97.944124, 19.196294], [-97.955263, 19.196294], [-97.955263, 19.183252]]]}}, {"type": "Feature", "id": 2616, "properties": {"seccion": 2616, "id": 2616, "municipio": 113, "nombre": "Puebla", "distrito_l": 20, "distrito_f": 1}, "geometry": {"type": "Polygon", "coordinates": [[[-97.944123, 19.183252], [-97.932984, 19.183252], [-97.932984, 19.196294], [-97.944123, 19.196294], [-97.944123, 19.183252]]]}}, {"type": "Feature", "id": 2617, "properties": {"seccion": 2617, "id": 2617, "municipio": 113, "nombre": "Puebla", "distrito_l": 20, "distrito_f": 1}, "geometry": {"type": "Polygon", "coordinates": [[[-97.932984, 19.183252], [-97.921845, 19.183252], [-97.921845, 19.196294], [-97.932984, 19.196294], [-97.932984, 19.183252]]]}}, {"type": "Feature", "id": 2618, "properties": {"seccion": 2618, "id": 2618, "municipio": 113, "nombre": "Puebla", "distrito_l": 20, "distrito_f": 1}, "geometry": {"type": "Polygon", "coordinates": [[[-97.921845, 19.183252], [-97.910706, 19.183252], [-97.910706, 19.196294], [-97.921845, 19.196294], [-97.921845, 19.183252]]]}}, {"type": "Feature", "id": 2619, "properties": {"seccion": 2619, "id": 2619, "municipio": 113, "nombre": "Puebla", "distrito_l": 20, "distrito_f": 1}, "geometry": {"type": "Polygon", "coordinates": [[[-97.910706, 19.183252], [-97.899567, 19.183252], [-97.899567, 19.196294], [-97.910706, 19.196294], [-97.910706, 19.183252]]]}}, {"type": "Feature", "id": 2620, "properties": {"seccion": 2620, "id": 2620, "municipio": 113, "nombre": "Puebla", "distrito_l": 20, "distrito_f": 1}, "geometry": {"type": "Polygon", "coordinates": [[[-98.222603, 19.196294], [-98.211464, 19.196294], [-98.211464, 19.209336], [-98.222603, 19.209336], [-98.222603, 19.196294]]]}}, {"type": "Feature", "id": 2621, "properties": {"seccion": 2621, "id": 2621, "municipio": 113, "nombre": "Puebla", "distrito_l": 20, "distrito_f": 1}, "geometry": {"type": "Polygon", "coordinates": [[[-98.211464, 19.196294], [-98.200325, 19.196294], [-98.200325, 19.209336], [-98.211464, 19.209336], [-98.211464, 19.196294]]]}}, {"type": "Feature", "id": 2622, "properties": {"seccion": 2622, "id": 2622, "municipio": 113, "nombre": "Puebla", "distrito_l": 10, "distrito_f": 1}, "geometry": {"type": "Polygon", "coordinates": [[[-98.200324, 19.196294], [-98.189185, 19.196294], [-98.189185, 19.209336], [-98.200324, 19.209336], [-98.200324, 19.196294]]]}}, {"type": "Feature", "id": 2623, "properties": {"seccion": 2623, "id": 2623, "municipio": 113, "nombre": "Puebla", "distrito_l": 10, "distrito_f": 1}, "geometry": {"type": "Polygon", "coordinates": [[[-98.189185, 19.196294], [-98.178046, 19.196294], [-98.178046, 19.209336], [-98.189185, 19.209336], [-98.189185, 19.196294]]]}}, {"type": "Feature", "id": 2624, "properties": {"seccion": 2624, "id": 2624, "municipio": 113, "nombre": "Puebla", "distrito_l": 10, "distrito_f": 1}, "geometry": {"type": "Polygon", "coordinates": [[[-98.178046, 19.196294], [-98.166907, 19.196294], [-98.166907, 19.209336], [-98.178046, 19.209336], [-98.178046, 19.196294]]]}}, {"type": "Feature", "id": 2625, "properties": {"seccion": 2625, "id": 2625, "municipio": 113, "nombre": "Puebla", "distrito_l": 10, "distrito_f": 1}, "geometry": {"type": "Polygon", "coordinates": [[[-98.166907, 19.196294], [-98.155768, 19.196294], [-98.155768, 19.209336], [-98.166907, 19.209336], [-98.166907, 19.196294]]]}}, {"type": "Feature", "id": 2626, "properties": {"seccion": 2626, "id": 2626, "municipio": 113, "nombre": "Puebla", "distrito_l": 10, "distrito_f": 1}, "geometry": {"type": "Polygon", "coordinates": [[[-98.155768, 19.196294], [-98.144629, 19.196294], [-98.144629, 19.209336], [-98.155768, 19.209336], [-98.155768, 19.196294]]]}}, {"type": "Feature", "id": 2627, "properties": {"seccion": 2627, "id": 2627, "municipio": 113, "nombre": "Puebla", "distrito_l": 10, "distrito_f": 1}, "geometry": {"type": "Polygon", "coordinates": [[[-98.144629, 19.196294], [-98.13349, 19.196294], [-98.13349, 19.209336], [-98.144629, 19.209336], [-98.144629, 19.196294]]]}}, {"type": "Feature", "id": 2628, "properties": {"seccion": 2628, "id": 2628, "municipio": 113, "nombre": "Puebla", "distrito_l": 10, "distrito_f": 1}, "geometry": {"type": "Polygon", "coordinates": [[[-98.133489, 19.196294], [-98.12235, 19.196294], [-98.12235, 19.209336], [-98.133489, 19.209336], [-98.133489, 19.196294]]]}}, {"type": "Feature", "id": 2629, "properties": {"seccion": 2629, "id": 2629, "municipio": 113, "nombre": "Puebla", "distrito_l": 10, "distrito_f": 1}, "geometry": {"type": "Polygon", "coordinates": [[[-98.12235, 19.196294], [-98.111211, 19.196294], [-98.111211, 19.209336], [-98.12235, 19.209336], [-98.12235, 19.196294]]]}}, {"type": "Feature", "id": 2630, "properties": {"seccion": 2630, "id": 2630, "municipio": 113, "nombre": "Puebla", "distrito_l": 10, "distrito_f": 1}, "geometry": {"type": "Polygon", "coordinates": [[[-98.111211, 19.196294], [-98.100072, 19.196294], [-98.100072, 19.209336], [-98.111211, 19.209336], [-98.111211, 19.196294]]]}}, {"type": "Feature", "id": 2631, "properties": {"seccion": 2631, "id": 2631, "municipio": 113, "nombre": "Puebla", "distrito_l": 10, "distrito_f": 1}, "geometry": {"type": "Polygon", "coordinates": [[[-98.100072, 19.196294], [-98.088933, 19.196294], [-98.088933, 19.209336], [-98.100072, 19.209336], [-98.100072, 19.196294]]]}}, {"type": "Feature", "id": 2632, "properties": {"seccion": 2632, "id": 2632, "municipio": 113, "nombre": "Puebla", "distrito_l": 10, "distrito_f": 1}, "geometry": {"type": "Polygon", "coordinates": [[[-98.088933, 19.196294], [-98.077794, 19.196294], [-98.077794, 19.209336], [-98.088933, 19.209336], [-98.088933, 19.196294]]]}}, {"type": "Feature", "id": 2643, "properties": {"seccion": 2643, "id": 2643, "municipio": 113, "nombre": "Puebla", "distrito_l": 19, "distrito_f": 1}, "geometry": {"type": "Polygon", "coordinates": [[[-98.077794, 19.196294], [-98.066655, 19.196294], [-98.066655, 19.209336], [-98.077794, 19.209336], [-98.077794, 19.196294]]]}}, {"type": "Feature", "id": 2648, "properties": {"seccion": 2648, "id": 2648, "municipio": 113, "nombre": "Puebla", "distrito_l": 19, "distrito_f": 1}, "geometry": {"type": "Polygon", "coordinates": [[[-98.066654, 19.196294], [-98.055515, 19.196294], [-98.055515, 19.209336], [-98.066654, 19.209336], [-98.066654, 19.196294]]]}}, {"type": "Feature", "id": 2649, "properties": {"seccion": 2649, "id": 2649, "municipio": 113, "nombre": "Puebla", "distrito_l": 19, "distrito_f": 1}, "geometry": {"type": "Polygon", "coordinates": [[[-98.055515, 19.196294], [-98.044376, 19.196294], [-98.044376, 19.209336], [-98.055515, 19.209336], [-98.055515, 19.196294]]]}}, {"type": "Feature", "id": 2650, "properties": {"seccion": 2650, "id": 2650, "municipio": 113, "nombre": "Puebla", "distrito_l": 19, "distrito_f": 1}, "geometry": {"type": "Polygon", "coordinates": [[[-98.044376, 19.196294], [-98.033237, 19.196294], [-98.033237, 19.209336], [-98.044376, 19.209336], [-98.044376, 19.196294]]]}}, {"type": "Feature", "id": 2651, "properties": {"seccion": 2651, "id": 2651, "municipio": 113, "nombre": "Puebla", "distrito_l": 19, "distrito_f": 1}, "geometry": {"type": "Polygon", "coordinates": [[[-98.033237, 19.196294], [-98.022098, 19.196294], [-98.022098, 19.209336], [-98.033237, 19.209336], [-98.033237, 19.196294]]]}}, {"type": "Feature", "id": 2652, "properties": {"seccion": 2652, "id": 2652, "municipio": 113, "nombre": "Puebla", "distrito_l": 19, "distrito_f": 1}, "geometry": {"type": "Polygon", "coordinates": [[[-98.022098, 19.196294], [-98.010959, 19.196294], [-98.010959, 19.209336], [-98.022098, 19.209336], [-98.022098, 19.196294]]]}}, {"type": "Feature", "id": 2653, "properties": {"seccion": 2653, "id": 2653, "municipio": 113, "nombre": "Puebla", "distrito_l": 19, "distrito_f": 1}, "geometry": {"type": "Polygon", "coordinates": [[[-98.010958, 19.196294], [-97.999819, 19.196294], [-97.999819, 19.209336], [-98.010958, 19.209336], [-98.010958, 19.196294]]]}}, {"type": "Feature", "id": 2654, "properties": {"seccion": 2654, "id": 2654, "municipio": 113, "nombre": "Puebla", "distrito_l": 20, "distrito_f": 1}, "geometry": {"type": "Polygon", "coordinates": [[[-97.999819, 19.196294], [-97.98868, 19.196294], [-97.98868, 19.209336], [-97.999819, 19.209336], [-97.999819, 19.196294]]]}}, {"type": "Feature", "id": 2655, "properties": {"seccion": 2655, "id": 2655, "municipio": 113, "nombre": "Puebla", "distrito_l": 19, "distrito_f": 1}, "geometry": {"type": "Polygon", "coordinates": [[[-97.98868, 19.196294], [-97.977541, 19.196294], [-97.977541, 19.209336], [-97.98868, 19.209336], [-97.98868, 19.196294]]]}}, {"type": "Feature", "id": 2656, "properties": {"seccion": 2656, "id": 2656, "municipio": 113, "nombre": "Puebla", "distrito_l": 20, "distrito_f": 1}, "geometry": {"type": "Polygon", "coordinates": [[[-97.977541, 19.196294], [-97.966402, 19.196294], [-97.966402, 19.209336], [-97.977541, 19.209336], [-97.977541, 19.196294]]]}}, {"type": "Feature", "id": 2657, "properties": {"seccion": 2657, "id": 2657, "municipio": 113, "nombre": "Puebla", "distrito_l": 20, "distrito_f": 1}, "geometry": {"type": "Polygon", "coordinates": [[[-97.966402, 19.196294], [-97.955263, 19.196294], [-97.955263, 19.209336], [-97.966402, 19.209336], [-97.966402, 19.196294]]]}}, {"type": "Feature", "id": 2658, "properties": {"seccion": 2658, "id": 2658, "municipio": 113, "nombre": "Puebla", "distrito_l": 20, "distrito_f": 1}, "geometry": {"type": "Polygon", "coordinates": [[[-97.955263, 19.196294], [-97.944124, 19.196294], [-97.944124, 19.209336], [-97.955263, 19.209336], [-97.955263, 19.196294]]]}}, {"type": "Feature", "id": 2663, "properties": {"seccion": 2663, "id": 2663, "municipio": 113, "nombre": "Puebla", "distrito_l": 17, "distrito_f": 1}, "geometry": {"type": "Polygon", "coordinates": [[[-97.944123, 19.196294], [-97.932984, 19.196294], [-97.932984, 19.209336], [-97.944123, 19.209336], [-97.944123, 19.196294]]]}}, {"type": "Feature", "id": 2664, "properties": {"seccion": 2664, "id": 2664, "municipio": 113, "nombre": "Puebla", "distrito_l": 19, "distrito_f": 1}, "geometry": {"type": "Polygon", "coordinates": [[[-97.932984, 19.196294], [-97.921845, 19.196294], [-97.921845, 19.209336], [-97.932984, 19.209336], [-97.932984, 19.196294]]]}}, {"type": "Feature", "id": 2665, "properties": {"seccion": 2665, "id": 2665, "municipio": 113, "nombre": "Puebla", "distrito_l": 19, "distrito_f": 1}, "geometry": {"type": "Polygon", "coordinates": [[[-97.921845, 19.196294], [-97.910706, 19.196294], [-97.910706, 19.209336], [-97.921845, 19.209336], [-97.921845, 19.196294]]]}}, {"type": "Feature", "id": 2666, "properties": {"seccion": 2666, "id": 2666, "municipio": 113, "nombre": "Puebla", "distrito_l": 19, "distrito_f": 1}, "geometry": {"type": "Polygon", "coordinates": [[[-97.910706, 19.196294], [-97.899567, 19.196294], [-97.899567, 19.209336], [-97.910706, 19.209336], [-97.910706, 19.196294]]]}}, {"type": "Feature", "id": 2667, "properties": {"seccion": 2667, "id": 2667, "municipio": 113, "nombre": "Puebla", "distrito_l": 19, "distrito_f": 1}, "geometry": {"type": "Polygon", "coordinates": [[[-98.222603, 19.209336], [-98.211464, 19.209336], [-98.211464, 19.222378], [-98.222603, 19.222378], [-98.222603, 19.209336]]]}}, {"type": "Feature", "id": 2668, "properties": {"seccion": 2668, "id": 2668, "municipio": 113, "nombre": "Puebla", "distrito_l": 19, "distrito_f": 1}, "geometry": {"type": "Polygon", "coordinates": [[[-98.211464, 19.209336], [-98.200325, 19.209336], [-98.200325, 19.222378], [-98.211464, 19.222378], [-98.211464, 19.209336]]]}}, {"type": "Feature", "id": 2669, "properties": {"seccion": 2669, "id": 2669, "municipio": 113, "nombre": "Puebla", "distrito_l": 19, "distrito_f": 1}, "geometry": {"type": "Polygon", "coordinates": [[[-98.200324, 19.209336], [-98.189185, 19.209336], [-98.189185, 19.222378], [-98.200324, 19.222378], [-98.200324, 19.209336]]]}}, {"type": "Feature", "id": 2670, "properties": {"seccion": 2670, "id": 2670, "municipio": 113, "nombre": "Puebla", "distrito_l": 19, "distrito_f": 1}, "geometry": {"type": "Polygon", "coordinates": [[[-98.189185, 19.209336], [-98.178046, 19.209336], [-98.178046, 19.222378], [-98.189185, 19.222378], [-98.189185, 19.209336]]]}}, {"type": "Feature", "id": 2671, "properties": {"seccion": 2671, "id": 2671, "municipio": 113, "nombre": "Puebla", "distrito_l": 19, "distrito_f": 1}, "geometry": {"type": "Polygon", "coordinates": [[[-98.178046, 19.209336], [-98.166907, 19.209336], [-98.166907, 19.222378], [-98.178046, 19.222378], [-98.178046, 19.209336]]]}}, {"type": "Feature", "id": 2698, "properties": {"seccion": 2698, "id": 2698, "municipio": 113, "nombre": "Puebla", "distrito_l": 20, "distrito_f": 1}, "geometry": {"type": "Polygon", "coordinates": [[[-98.166907, 19.209336], [-98.155768, 19.209336], [-98.155768, 19.222378], [-98.166907, 19.222378], [-98.166907, 19.209336]]]}}, {"type": "Feature", "id": 2699, "properties": {"seccion": 2699, "id": 2699, "municipio": 113, "nombre": "Puebla", "distrito_l": 20, "distrito_f": 1}, "geometry": {"type": "Polygon", "coordinates": [[[-98.155768, 19.209336], [-98.144629, 19.209336], [-98.144629, 19.222378], [-98.155768, 19.222378], [-98.155768, 19.209336]]]}}, {"type": "Feature", "id": 2700, "properties": {"seccion": 2700, "id": 2700, "municipio": 113, "nombre": "Puebla", "distrito_l": 20, "distrito_f": 1}, "geometry": {"type": "Polygon", "coordinates": [[[-98.144629, 19.209336], [-98.13349, 19.209336], [-98.13349, 19.222378], [-98.144629, 19.222378], [-98.144629, 19.209336]]]}}, {"type": "Feature", "id": 2754, "properties": {"seccion": 2754, "id": 2754, "municipio": 113, "nombre": "Puebla", "distrito_l": 20, "distrito_f": 1}, "geometry": {"type": "Polygon", "coordinates": [[[-98.133489, 19.209336], [-98.12235, 19.209336], [-98.12235, 19.222378], [-98.133489, 19.222378], [-98.133489, 19.209336]]]}}, {"type": "Feature", "id": 2755, "properties": {"seccion": 2755, "id": 2755, "municipio": 113, "nombre": "Puebla", "distrito_l": 17, "distrito_f": 1}, "geometry": {"type": "Polygon", "coordinates": [[[-98.12235, 19.209336], [-98.111211, 19.209336], [-98.111211, 19.222378], [-98.12235, 19.222378], [-98.12235, 19.209336]]]}}, {"type": "Feature", "id": 2756, "properties": {"seccion": 2756, "id": 2756, "municipio": 113, "nombre": "Puebla", "distrito_l": 16, "distrito_f": 1}, "geometry": {"type": "Polygon", "coordinates": [[[-98.111211, 19.209336], [-98.100072, 19.209336], [-98.100072, 19.222378], [-98.111211, 19.222378], [-98.111211, 19.209336]]]}}, {"type": "Feature", "id": 2776, "properties": {"seccion": 2776, "id": 2776, "municipio": 113, "nombre": "Puebla", "distrito_l": 10, "distrito_f": 1}, "geometry": {"type": "Polygon", "coordinates": [[[-98.100072, 19.209336], [-98.088933, 19.209336], [-98.088933, 19.222378], [-98.100072, 19.222378], [-98.100072, 19.209336]]]}}, {"type": "Feature", "id": 2777, "properties": {"seccion": 2777, "id": 2777, "municipio": 113, "nombre": "Puebla", "distrito_l": 10, "distrito_f": 1}, "geometry": {"type": "Polygon", "coordinates": [[[-98.088933, 19.209336], [-98.077794, 19.209336], [-98.077794, 19.222378], [-98.088933, 19.222378], [-98.088933, 19.209336]]]}}, {"type": "Feature", "id": 2778, "properties": {"seccion": 2778, "id": 2778, "municipio": 113, "nombre": "Puebla", "distrito_l": 10, "distrito_f": 1}, "geometry": {"type": "Polygon", "coordinates": [[[-98.077794, 19.209336], [-98.066655, 19.209336], [-98.066655, 19.222378], [-98.077794, 19.222378], [-98.077794, 19.209336]]]}}, {"type": "Feature", "id": 2779, "properties": {"seccion": 2779, "id": 2779, "municipio": 113, "nombre": "Puebla", "distrito_l": 10, "distrito_f": 1}, "geometry": {"type": "Polygon", "coordinates": [[[-98.066654, 19.209336], [-98.055515, 19.209336], [-98.055515, 19.222378], [-98.066654, 19.222378], [-98.066654, 19.209336]]]}}, {"type": "Feature", "id": 2780, "properties": {"seccion": 2780, "id": 2780, "municipio": 113, "nombre": "Puebla", "distrito_l": 10, "distrito_f": 1}, "geometry": {"type": "Polygon", "coordinates": [[[-98.055515, 19.209336], [-98.044376, 19.209336], [-98.044376, 19.222378], [-98.055515, 19.222378], [-98.055515, 19.209336]]]}}, {"type": "Feature", "id": 2781, "properties": {"seccion": 2781, "id": 2781, "municipio": 113, "nombre": "Puebla", "distrito_l": 10, "distrito_f": 1}, "geometry": {"type": "Polygon", "coordinates": [[[-98.044376, 19.209336], [-98.033237, 19.209336], [-98.033237, 19.222378], [-98.044376, 19.222378], [-98.044376, 19.209336]]]}}, {"type": "Feature", "id": 2782, "properties": {"seccion": 2782, "id": 2782, "municipio": 113, "nombre": "Puebla", "distrito_l": 9, "distrito_f": 1}, "geometry": {"type": "Polygon", "coordinates": [[[-98.033237, 19.209336], [-98.022098, 19.209336], [-98.022098, 19.222378], [-98.033237, 19.222378], [-98.033237, 19.209336]]]}}, {"type": "Feature", "id": 2783, "properties": {"seccion": 2783, "id": 2783, "municipio": 113, "nombre": "Puebla", "distrito_l": 9, "distrito_f": 1}, "geometry": {"type": "Polygon", "coordinates": [[[-98.022098, 19.209336], [-98.010959, 19.209336], [-98.010959, 19.222378], [-98.022098, 19.222378], [-98.022098, 19.209336]]]}}, {"type": "Feature", "id": 2792, "properties": {"seccion": 2792, "id": 2792, "municipio": 113, "nombre": "Puebla", "distrito_l": 16, "distrito_f": 1}, "geometry": {"type": "Polygon", "coordinates": [[[-98.010958, 19.209336], [-97.999819, 19.209336], [-97.999819, 19.222378], [-98.010958, 19.222378], [-98.010958, 19.209336]]]}}, {"type": "Feature", "id": 2793, "properties": {"seccion": 2793, "id": 2793, "municipio": 113, "nombre": "Puebla", "distrito_l": 16, "distrito_f": 1}, "geometry": {"type": "Polygon", "coordinates": [[[-97.999819, 19.209336], [-97.98868, 19.209336], [-97.98868, 19.222378], [-97.999819, 19.222378], [-97.999819, 19.209336]]]}}, {"type": "Feature", "id": 2794, "properties": {"seccion": 2794, "id": 2794, "municipio": 113, "nombre": "Puebla", "distrito_l": 20, "distrito_f": 1}, "geometry": {"type": "Polygon", "coordinates": [[[-97.98868, 19.209336], [-97.977541, 19.209336], [-97.977541, 19.222378], [-97.98868, 19.222378], [-97.98868, 19.209336]]]}}, {"type": "Feature", "id": 2795, "properties": {"seccion": 2795, "id": 2795, "municipio": 113, "nombre": "Puebla", "distrito_l": 20, "distrito_f": 1}, "geometry": {"type": "Polygon", "coordinates": [[[-97.977541, 19.209336], [-97.966402, 19.209336], [-97.966402, 19.222378], [-97.977541, 19.222378], [-97.977541, 19.209336]]]}}, {"type": "Feature", "id": 2796, "properties": {"seccion": 2796, "id": 2796, "municipio": 113, "nombre": "Puebla", "distrito_l": 20, "distrito_f": 1}, "geometry": {"type": "Polygon", "coordinates": [[[-97.966402, 19.209336], [-97.955263, 19.209336], [-97.955263, 19.222378], [-97.966402, 19.222378], [-97.966402, 19.209336]]]}}, {"type": "Feature", "id": 2797, "properties": {"seccion": 2797, "id": 2797, "municipio": 113, "nombre": "Puebla", "distrito_l": 20, "distrito_f": 1}, "geometry": {"type": "Polygon", "coordinates": [[[-97.955263, 19.209336], [-97.944124, 19.209336], [-97.944124, 19.222378], [-97.955263, 19.222378], [-97.955263, 19.209336]]]}}, {"type": "Feature", "id": 2798, "properties": {"seccion": 2798, "id": 2798, "municipio": 113, "nombre": "Puebla", "distrito_l": 20, "distrito_f": 1}, "geometry": {"type": "Polygon", "coordinates": [[[-97.944123, 19.209336], [-97.932984, 19.209336], [-97.932984, 19.222378], [-97.944123, 19.222378], [-97.944123, 19.209336]]]}}, {"type": "Feature", "id": 2799, "properties": {"seccion": 2799, "id": 2799, "municipio": 113, "nombre": "Puebla", "distrito_l": 17, "distrito_f": 1}, "geometry": {"type": "Polygon", "coordinates": [[[-97.932984, 19.209336], [-97.921845, 19.209336], [-97.921845, 19.222378], [-97.932984, 19.222378], [-97.932984, 19.209336]]]}}, {"type": "Feature", "id": 2800, "properties": {"seccion": 2800, "id": 2800, "municipio": 113, "nombre": "Puebla", "distrito_l": 17, "distrito_f": 1}, "geometry": {"type": "Polygon", "coordinates": [[[-97.921845, 19.209336], [-97.910706, 19.209336], [-97.910706, 19.222378], [-97.921845, 19.222378], [-97.921845, 19.209336]]]}}, {"type": "Feature", "id": 2820, "properties": {"seccion": 2820, "id": 2820, "municipio": 113, "nombre": "Puebla", "distrito_l": 11, "distrito_f": 1}, "geometry": {"type": "Polygon", "coordinates": [[[-97.910706, 19.209336], [-97.899567, 19.209336], [-97.899567, 19.222378], [-97.910706, 19.222378], [-97.910706, 19.209336]]]}}, {"type": "Feature", "id": 2821, "properties": {"seccion": 2821, "id": 2821, "municipio": 113, "nombre": "Puebla", "distrito_l": 11, "distrito_f": 1}, "geometry": {"type": "Polygon", "coordinates": [[[-98.222603, 19.222377], [-98.211464, 19.222377], [-98.211464, 19.235419], [-98.222603, 19.235419], [-98.222603, 19.222377]]]}}, {"type": "Feature", "id": 2822, "properties": {"seccion": 2822, "id": 2822, "municipio": 113, "nombre": "Puebla", "distrito_l": 11, "distrito_f": 1}, "geometry": {"type": "Polygon", "coordinates": [[[-98.211464, 19.222377], [-98.200325, 19.222377], [-98.200325, 19.235419], [-98.211464, 19.235419], [-98.211464, 19.222377]]]}}, {"type": "Feature", "id": 2823, "properties": {"seccion": 2823, "id": 2823, "municipio": 113, "nombre": "Puebla", "distrito_l": 11, "distrito_f": 1}, "geometry": {"type": "Polygon", "coordinates": [[[-98.200324, 19.222377], [-98.189185, 19.222377], [-98.189185, 19.235419], [-98.200324, 19.235419], [-98.200324, 19.222377]]]}}, {"type": "Feature", "id": 2824, "properties": {"seccion": 2824, "id": 2824, "municipio": 113, "nombre": "Puebla", "distrito_l": 11, "distrito_f": 1}, "geometry": {"type": "Polygon", "coordinates": [[[-98.189185, 19.222377], [-98.178046, 19.222377], [-98.178046, 19.235419], [-98.189185, 19.235419], [-98.189185, 19.222377]]]}}, {"type": "Feature", "id": 2825, "properties": {"seccion": 2825, "id": 2825, "municipio": 113, "nombre": "Puebla", "distrito_l": 11, "distrito_f": 1}, "geometry": {"type": "Polygon", "coordinates": [[[-98.178046, 19.222377], [-98.166907, 19.222377], [-98.166907, 19.235419], [-98.178046, 19.235419], [-98.178046, 19.222377]]]}}, {"type": "Feature", "id": 2826, "properties": {"seccion": 2826, "id": 2826, "municipio": 113, "nombre": "Puebla", "distrito_l": 11, "distrito_f": 1}, "geometry": {"type": "Polygon", "coordinates": [[[-98.166907, 19.222377], [-98.155768, 19.222377], [-98.155768, 19.235419], [-98.166907, 19.235419], [-98.166907, 19.222377]]]}}, {"type": "Feature", "id": 2827, "properties": {"seccion": 2827, "id": 2827, "municipio": 113, "nombre": "Puebla", "distrito_l": 11, "distrito_f": 1}, "geometry": {"type": "Polygon", "coordinates": [[[-98.155768, 19.222377], [-98.144629, 19.222377], [-98.144629, 19.235419], [-98.155768, 19.235419], [-98.155768, 19.222377]]]}}, {"type": "Feature", "id": 2828, "properties": {"seccion": 2828, "id": 2828, "municipio": 113, "nombre": "Puebla", "distrito_l": 11, "distrito_f": 1}, "geometry": {"type": "Polygon", "coordinates": [[[-98.144629, 19.222377], [-98.13349, 19.222377], [-98.13349, 19.235419], [-98.144629, 19.235419], [-98.144629, 19.222377]]]}}, {"type": "Feature", "id": 2829, "properties": {"seccion": 2829, "id": 2829, "municipio": 113, "nombre": "Puebla", "distrito_l": 11, "distrito_f": 1}, "geometry": {"type": "Polygon", "coordinates": [[[-98.133489, 19.222377], [-98.12235, 19.222377], [-98.12235, 19.235419], [-98.133489, 19.235419], [-98.133489, 19.222377]]]}}, {"type": "Feature", "id": 2830, "properties": {"seccion": 2830, "id": 2830, "municipio": 113, "nombre": "Puebla", "distrito_l": 11, "distrito_f": 1}, "geometry": {"type": "Polygon", "coordinates": [[[-98.12235, 19.222377], [-98.111211, 19.222377], [-98.111211, 19.235419], [-98.12235, 19.235419], [-98.12235, 19.222377]]]}}, {"type": "Feature", "id": 2831, "properties": {"seccion": 2831, "id": 2831, "municipio": 113, "nombre": "Puebla", "distrito_l": 11, "distrito_f": 1}, "geometry": {"type": "Polygon", "coordinates": [[[-98.111211, 19.222377], [-98.100072, 19.222377], [-98.100072, 19.235419], [-98.111211, 19.235419], [-98.111211, 19.222377]]]}}, {"type": "Feature", "id": 2832, "properties": {"seccion": 2832, "id": 2832, "municipio": 113, "nombre": "Puebla", "distrito_l": 11, "distrito_f": 1}, "geometry": {"type": "Polygon", "coordinates": [[[-98.100072, 19.222377], [-98.088933, 19.222377], [-98.088933, 19.235419], [-98.100072, 19.235419], [-98.100072, 19.222377]]]}}, {"type": "Feature", "id": 2833, "properties": {"seccion": 2833, "id": 2833, "municipio": 113, "nombre": "Puebla", "distrito_l": 16, "distrito_f": 1}, "geometry": {"type": "Polygon", "coordinates": [[[-98.088933, 19.222377], [-98.077794, 19.222377], [-98.077794, 19.235419], [-98.088933, 19.235419], [-98.088933, 19.222377]]]}}, {"type": "Feature", "id": 2834, "properties": {"seccion": 2834, "id": 2834, "municipio": 113, "nombre": "Puebla", "distrito_l": 16, "distrito_f": 1}, "geometry": {"type": "Polygon", "coordinates": [[[-98.077794, 19.222377], [-98.066655, 19.222377], [-98.066655, 19.235419], [-98.077794, 19.235419], [-98.077794, 19.222377]]]}}, {"type": "Feature", "id": 2843, "properties": {"seccion": 2843, "id": 2843, "municipio": 113, "nombre": "Puebla", "distrito_l": 10, "distrito_f": 1}, "geometry": {"type": "Polygon", "coordinates": [[[-98.066654, 19.222377], [-98.055515, 19.222377], [-98.055515, 19.235419], [-98.066654, 19.235419], [-98.066654, 19.222377]]]}}, {"type": "Feature", "id": 2844, "properties": {"seccion": 2844, "id": 2844, "municipio": 113, "nombre": "Puebla", "distrito_l": 10, "distrito_f": 1}, "geometry": {"type": "Polygon", "coordinates": [[[-98.055515, 19.222377], [-98.044376, 19.222377], [-98.044376, 19.235419], [-98.055515, 19.235419], [-98.055515, 19.222377]]]}}, {"type": "Feature", "id": 2845, "properties": {"seccion": 2845, "id": 2845, "municipio": 113, "nombre": "Puebla", "distrito_l": 10, "distrito_f": 1}, "geometry": {"type": "Polygon", "coordinates": [[[-98.044376, 19.222377], [-98.033237, 19.222377], [-98.033237, 19.235419], [-98.044376, 19.235419], [-98.044376, 19.222377]]]}}, {"type": "Feature", "id": 2846, "properties": {"seccion": 2846, "id": 2846, "municipio": 113, "nombre": "Puebla", "distrito_l": 10, "distrito_f": 1}, "geometry": {"type": "Polygon", "coordinates": [[[-98.033237, 19.222377], [-98.022098, 19.222377], [-98.022098, 19.235419], [-98.033237, 19.235419], [-98.033237, 19.222377]]]}}, {"type": "Feature", "id": 2847, "properties": {"seccion": 2847, "id": 2847, "municipio": 113, "nombre": "Puebla", "distrito_l": 10, "distrito_f": 1}, "geometry": {"type": "Polygon", "coordinates": [[[-98.022098, 19.222377], [-98.010959, 19.222377], [-98.010959, 19.235419], [-98.022098, 19.235419], [-98.022098, 19.222377]]]}}, {"type": "Feature", "id": 2860, "properties": {"seccion": 2860, "id": 2860, "municipio": 113, "nombre": "Puebla", "distrito_l": 19, "distrito_f": 1}, "geometry": {"type": "Polygon", "coordinates": [[[-98.010958, 19.222377], [-97.999819, 19.222377], [-97.999819, 19.235419], [-98.010958, 19.235419], [-98.010958, 19.222377]]]}}, {"type": "Feature", "id": 2861, "properties": {"seccion": 2861, "id": 2861, "municipio": 113, "nombre": "Puebla", "distrito_l": 19, "distrito_f": 1}, "geometry": {"type": "Polygon", "coordinates": [[[-97.999819, 19.222377], [-97.98868, 19.222377], [-97.98868, 19.235419], [-97.999819, 19.235419], [-97.999819, 19.222377]]]}}, {"type": "Feature", "id": 2862, "properties": {"seccion": 2862, "id": 2862, "municipio": 113, "nombre": "Puebla", "distrito_l": 19, "distrito_f": 1}, "geometry": {"type": "Polygon", "coordinates": [[[-97.98868, 19.222377], [-97.977541, 19.222377], [-97.977541, 19.235419], [-97.98868, 19.235419], [-97.98868, 19.222377]]]}}, {"type": "Feature", "id": 2863, "properties": {"seccion": 2863, "id": 2863, "municipio": 113, "nombre": "Puebla", "distrito_l": 19, "distrito_f": 1}, "geometry": {"type": "Polygon", "coordinates": [[[-97.977541, 19.222377], [-97.966402, 19.222377], [-97.966402, 19.235419], [-97.977541, 19.235419], [-97.977541, 19.222377]]]}}, {"type": "Feature", "id": 2864, "properties": {"seccion": 2864, "id": 2864, "municipio": 113, "nombre": "Puebla", "distrito_l": 19, "distrito_f": 1}, "geometry": {"type": "Polygon", "coordinates": [[[-97.966402, 19.222377], [-97.955263, 19.222377], [-97.955263, 19.235419], [-97.966402, 19.235419], [-97.966402, 19.222377]]]}}, {"type": "Feature", "id": 2865, "properties": {"seccion": 2865, "id": 2865, "municipio": 113, "nombre": "Puebla", "distrito_l": 19, "distrito_f": 1}, "geometry": {"type": "Polygon", "coordinates": [[[-97.955263, 19.222377], [-97.944124, 19.222377], [-97.944124, 19.235419], [-97.955263, 19.235419], [-97.955263, 19.222377]]]}}, {"type": "Feature", "id": 2866, "properties": {"seccion": 2866, "id": 2866, "municipio": 113, "nombre": "Puebla", "distrito_l": 19, "distrito_f": 1}, "geometry": {"type": "Polygon", "coordinates": [[[-97.944123, 19.222377], [-97.932984, 19.222377], [-97.932984, 19.235419], [-97.944123, 19.235419], [-97.944123, 19.222377]]]}}, {"type": "Feature", "id": 2867, "properties": {"seccion": 2867, "id": 2867, "municipio": 113, "nombre": "Puebla", "distrito_l": 20, "distrito_f": 1}, "geometry": {"type": "Polygon", "coordinates": [[[-97.932984, 19.222377], [-97.921845, 19.222377], [-97.921845, 19.235419], [-97.932984, 19.235419], [-97.932984, 19.222377]]]}}, {"type": "Feature", "id": 2868, "properties": {"seccion": 2868, "id": 2868, "municipio": 113, "nombre": "Puebla", "distrito_l": 20, "distrito_f": 1}, "geometry": {"type": "Polygon", "coordinates": [[[-97.921845, 19.222377], [-97.910706, 19.222377], [-97.910706, 19.235419], [-97.921845, 19.235419], [-97.921845, 19.222377]]]}}, {"type": "Feature", "id": 2869, "properties": {"seccion": 2869, "id": 2869, "municipio": 113, "nombre": "Puebla", "distrito_l": 19, "distrito_f": 1}, "geometry": {"type": "Polygon", "coordinates": [[[-97.910706, 19.222377], [-97.899567, 19.222377], [-97.899567, 19.235419], [-97.910706, 19.235419], [-97.910706, 19.222377]]]}}, {"type": "Feature", "id": 2870, "properties": {"seccion": 2870, "id": 2870, "municipio": 113, "nombre": "Puebla", "distrito_l": 19, "distrito_f": 1}, "geometry": {"type": "Polygon", "coordinates": [[[-98.222603, 19.235419], [-98.211464, 19.235419], [-98.211464, 19.248461], [-98.222603, 19.248461], [-98.222603, 19.235419]]]}}, {"type": "Feature", "id": 2871, "properties": {"seccion": 2871, "id": 2871, "municipio": 113, "nombre": "Puebla", "distrito_l": 19, "distrito_f": 1}, "geometry": {"type": "Polygon", "coordinates": [[[-98.211464, 19.235419], [-98.200325, 19.235419], [-98.200325, 19.248461], [-98.211464, 19.248461], [-98.211464, 19.235419]]]}}, {"type": "Feature", "id": 2872, "properties": {"seccion": 2872, "id": 2872, "municipio": 113, "nombre": "Puebla", "distrito_l": 19, "distrito_f": 1}, "geometry": {"type": "Polygon", "coordinates": [[[-98.200324, 19.235419], [-98.189185, 19.235419], [-98.189185, 19.248461], [-98.200324, 19.248461], [-98.200324, 19.235419]]]}}, {"type": "Feature", "id": 2873, "properties": {"seccion": 2873, "id": 2873, "municipio": 113, "nombre": "Puebla", "distrito_l": 19, "distrito_f": 1}, "geometry": {"type": "Polygon", "coordinates": [[[-98.189185, 19.235419], [-98.178046, 19.235419], [-98.178046, 19.248461], [-98.189185, 19.248461], [-98.189185, 19.235419]]]}}, {"type": "Feature", "id": 1610, "properties": {"seccion": 1610, "id": 1610, "municipio": 114, "nombre": "Quecholac", "distrito_l": 15, "distrito_f": 1}, "geometry": {"type": "Polygon", "coordinates": [[[-97.678963, 18.9086], [-97.618777, 18.9086], [-97.618777, 18.937188], [-97.678963, 18.937188], [-97.678963, 18.9086]]]}}, {"type": "Feature", "id": 1611, "properties": {"seccion": 1611, "id": 1611, "municipio": 114, "nombre": "Quecholac", "distrito_l": 15, "distrito_f": 1}, "geometry": {"type": "Polygon", "coordinates": [[[-97.618776, 18.9086], [-97.55859, 18.9086], [-97.55859, 18.937188], [-97.618776, 18.937188], [-97.618776, 18.9086]]]}}, {"type": "Feature", "id": 1612, "properties": {"seccion": 1612, "id": 1612, "municipio": 114, "nombre": "Quecholac", "distrito_l": 15, "distrito_f": 1}, "geometry": {"type": "Polygon", "coordinates": [[[-97.55859, 18.9086], [-97.498404, 18.9086], [-97.498404, 18.937188], [-97.55859, 18.937188], [-97.55859, 18.9086]]]}}, {"type": "Feature", "id": 1613, "properties": {"seccion": 1613, "id": 1613, "municipio": 114, "nombre": "Quecholac", "distrito_l": 15, "distrito_f": 1}, "geometry": {"type": "Polygon", "coordinates": [[[-97.498404, 18.9086], [-97.438218, 18.9086], [-97.438218, 18.937188], [-97.498404, 18.937188], [-97.498404, 18.9086]]]}}, {"type": "Feature", "id": 1614, "properties": {"seccion": 1614, "id": 1614, "municipio": 114, "nombre": "Quecholac", "distrito_l": 15, "distrito_f": 1}, "geometry": {"type": "Polygon", "coordinates": [[[-97.678963, 18.937188], [-97.618777, 18.937188], [-97.618777, 18.965776], [-97.678963, 18.965776], [-97.678963, 18.937188]]]}}, {"type": "Feature", "id": 1615, "properties": {"seccion": 1615, "id": 1615, "municipio": 114, "nombre": "Quecholac", "distrito_l": 15, "distrito_f": 1}, "geometry": {"type": "Polygon", "coordinates": [[[-97.618776, 18.937188], [-97.55859, 18.937188], [-97.55859, 18.965776], [-97.618776, 18.965776], [-97.618776, 18.937188]]]}}, {"type": "Feature", "id": 1616, "properties": {"seccion": 1616, "id": 1616, "municipio": 114, "nombre": "Quecholac", "distrito_l": 15, "distrito_f": 1}, "geometry": {"type": "Polygon", "coordinates": [[[-97.55859, 18.937188], [-97.498404, 18.937188], [-97.498404, 18.965776], [-97.55859, 18.965776], [-97.55859, 18.937188]]]}}, {"type": "Feature", "id": 1617, "properties": {"seccion": 1617, "id": 1617, "municipio": 114, "nombre": "Quecholac", "distrito_l": 15, "distrito_f": 1}, "geometry": {"type": "Polygon", "coordinates": [[[-97.498404, 18.937188], [-97.438218, 18.937188], [-97.438218, 18.965776], [-97.498404, 18.965776], [-97.498404, 18.937188]]]}}, {"type": "Feature", "id": 1618, "properties": {"seccion": 1618, "id": 1618, "municipio": 114, "nombre": "Quecholac", "distrito_l": 15, "distrito_f": 1}, "geometry": {"type": "Polygon", "coordinates": [[[-97.678963, 18.965775], [-97.618777, 18.965775], [-97.618777, 18.994363], [-97.678963, 18.994363], [-97.678963, 18.965775]]]}}, {"type": "Feature", "id": 1619, "properties": {"seccion": 1619, "id": 1619, "municipio": 114, "nombre": "Quecholac", "distrito_l": 15, "distrito_f": 1}, "geometry": {"type": "Polygon", "coordinates": [[[-97.618776, 18.965775], [-97.55859, 18.965775], [-97.55859, 18.994363], [-97.618776, 18.994363], [-97.618776, 18.965775]]]}}, {"type": "Feature", "id": 1620, "properties": {"seccion": 1620, "id": 1620, "municipio": 114, "nombre": "Quecholac", "distrito_l": 15, "distrito_f": 1}, "geometry": {"type": "Polygon", "coordinates": [[[-97.55859, 18.965775], [-97.498404, 18.965775], [-97.498404, 18.994363], [-97.55859, 18.994363], [-97.55859, 18.965775]]]}}, {"type": "Feature", "id": 1621, "properties": {"seccion": 1621, "id": 1621, "municipio": 114, "nombre": "Quecholac", "distrito_l": 15, "distrito_f": 1}, "geometry": {"type": "Polygon", "coordinates": [[[-97.498404, 18.965775], [-97.438218, 18.965775], [-97.438218, 18.994363], [-97.498404, 18.994363], [-97.498404, 18.965775]]]}}, {"type": "Feature", "id": 1622, "properties": {"seccion": 1622, "id": 1622, "municipio": 114, "nombre": "Quecholac", "distrito_l": 15, "distrito_f": 1}, "geometry": {"type": "Polygon", "coordinates": [[[-97.678963, 18.994363], [-97.618777, 18.994363], [-97.618777, 19.022951], [-97.678963, 19.022951], [-97.678963, 18.994363]]]}}, {"type": "Feature", "id": 1623, "properties": {"seccion": 1623, "id": 1623, "municipio": 114, "nombre": "Quecholac", "distrito_l": 15, "distrito_f": 1}, "geometry": {"type": "Polygon", "coordinates": [[[-97.618776, 18.994363], [-97.55859, 18.994363], [-97.55859, 19.022951], [-97.618776, 19.022951], [-97.618776, 18.994363]]]}}, {"type": "Feature", "id": 1624, "properties": {"seccion": 1624, "id": 1624, "municipio": 114, "nombre": "Quecholac", "distrito_l": 15, "distrito_f": 1}, "geometry": {"type": "Polygon", "coordinates": [[[-97.55859, 18.994363], [-97.498404, 18.994363], [-97.498404, 19.022951], [-97.55859, 19.022951], [-97.55859, 18.994363]]]}}, {"type": "Feature", "id": 1625, "properties": {"seccion": 1625, "id": 1625, "municipio": 114, "nombre": "Quecholac", "distrito_l": 15, "distrito_f": 1}, "geometry": {"type": "Polygon", "coordinates": [[[-97.498404, 18.994363], [-97.438218, 18.994363], [-97.438218, 19.022951], [-97.498404, 19.022951], [-97.498404, 18.994363]]]}}, {"type": "Feature", "id": 1626, "properties": {"seccion": 1626, "id": 1626, "municipio": 115, "nombre": "Quimixtlan", "distrito_l": 5, "distrito_f": 1}, "geometry": {"type": "Polygon", "coordinates": [[[-97.075958, 19.22522], [-97.047054, 19.22522], [-97.047054, 19.269404], [-97.075958, 19.269404], [-97.075958, 19.22522]]]}}, {"type": "Feature", "id": 1627, "properties": {"seccion": 1627, "id": 1627, "municipio": 115, "nombre": "Quimixtlan", "distrito_l": 5, "distrito_f": 1}, "geometry": {"type": "Polygon", "coordinates": [[[-97.047054, 19.22522], [-97.01815, 19.22522], [-97.01815, 19.269404], [-97.047054, 19.269404], [-97.047054, 19.22522]]]}}, {"type": "Feature", "id": 1628, "properties": {"seccion": 1628, "id": 1628, "municipio": 115, "nombre": "Quimixtlan", "distrito_l": 5, "distrito_f": 1}, "geometry": {"type": "Polygon", "coordinates": [[[-97.01815, 19.22522], [-96.989246, 19.22522], [-96.989246, 19.269404], [-97.01815, 19.269404], [-97.01815, 19.22522]]]}}, {"type": "Feature", "id": 1629, "properties": {"seccion": 1629, "id": 1629, "municipio": 115, "nombre": "Quimixtlan", "distrito_l": 5, "distrito_f": 1}, "geometry": {"type": "Polygon", "coordinates": [[[-96.989246, 19.22522], [-96.960342, 19.22522], [-96.960342, 19.269404], [-96.989246, 19.269404], [-96.989246, 19.22522]]]}}, {"type": "Feature", "id": 1630, "properties": {"seccion": 1630, "id": 1630, "municipio": 115, "nombre": "Quimixtlan", "distrito_l": 5, "distrito_f": 1}, "geometry": {"type": "Polygon", "coordinates": [[[-97.075958, 19.269404], [-97.047054, 19.269404], [-97.047054, 19.313588], [-97.075958, 19.313588], [-97.075958, 19.269404]]]}}, {"type": "Feature", "id": 1631, "properties": {"seccion": 1631, "id": 1631, "municipio": 115, "nombre": "Quimixtlan", "distrito_l": 5, "distrito_f": 1}, "geometry": {"type": "Polygon", "coordinates": [[[-97.047054, 19.269404], [-97.01815, 19.269404], [-97.01815, 19.313588], [-97.047054, 19.313588], [-97.047054, 19.269404]]]}}, {"type": "Feature", "id": 1632, "properties": {"seccion": 1632, "id": 1632, "municipio": 115, "nombre": "Quimixtlan", "distrito_l": 5, "distrito_f": 1}, "geometry": {"type": "Polygon", "coordinates": [[[-97.01815, 19.269404], [-96.989246, 19.269404], [-96.989246, 19.313588], [-97.01815, 19.313588], [-97.01815, 19.269404]]]}}, {"type": "Feature", "id": 1633, "properties": {"seccion": 1633, "id": 1633, "municipio": 115, "nombre": "Quimixtlan", "distrito_l": 5, "distrito_f": 1}, "geometry": {"type": "Polygon", "coordinates": [[[-96.989246, 19.269404], [-96.960342, 19.269404], [-96.960342, 19.313588], [-96.989246, 19.313588], [-96.989246, 19.269404]]]}}, {"type": "Feature", "id": 1634, "properties": {"seccion": 1634, "id": 1634, "municipio": 115, "nombre": "Quimixtlan", "distrito_l": 5, "distrito_f": 1}, "geometry": {"type": "Polygon", "coordinates": [[[-97.075958, 19.313588], [-97.047054, 19.313588], [-97.047054, 19.357772], [-97.075958, 19.357772], [-97.075958, 19.313588]]]}}, {"type": "Feature", "id": 1635, "properties": {"seccion": 1635, "id": 1635, "municipio": 115, "nombre": "Quimixtlan", "distrito_l": 5, "distrito_f": 1}, "geometry": {"type": "Polygon", "coordinates": [[[-97.047054, 19.313588], [-97.01815, 19.313588], [-97.01815, 19.357772], [-97.047054, 19.357772], [-97.047054, 19.313588]]]}}, {"type": "Feature", "id": 1636, "properties": {"seccion": 1636, "id": 1636, "municipio": 116, "nombre": "Rafael Lara Grajales", "distrito_l": 14, "distrito_f": 1}, "geometry": {"type": "Polygon", "coordinates": [[[-97.738327, 19.21863], [-97.706515, 19.21863], [-97.706515, 19.24271], [-97.738327, 19.24271], [-97.738327, 19.21863]]]}}, {"type": "Feature", "id": 1637, "properties": {"seccion": 1637, "id": 1637, "municipio": 116, "nombre": "Rafael Lara Grajales", "distrito_l": 14, "distrito_f": 1}, "geometry": {"type": "Polygon", "coordinates": [[[-97.706515, 19.21863], [-97.674703, 19.21863], [-97.674703, 19.24271], [-97.706515, 19.24271], [-97.706515, 19.21863]]]}}, {"type": "Feature", "id": 1638, "properties": {"seccion": 1638, "id": 1638, "municipio": 116, "nombre": "Rafael Lara Grajales", "distrito_l": 14, "distrito_f": 1}, "geometry": {"type": "Polygon", "coordinates": [[[-97.674703, 19.21863], [-97.642891, 19.21863], [-97.642891, 19.24271], [-97.674703, 19.24271], [-97.674703, 19.21863]]]}}, {"type": "Feature", "id": 1639, "properties": {"seccion": 1639, "id": 1639, "municipio": 116, "nombre": "Rafael Lara Grajales", "distrito_l": 14, "distrito_f": 1}, "geometry": {"type": "Polygon", "coordinates": [[[-97.738327, 19.24271], [-97.706515, 19.24271], [-97.706515, 19.26679], [-97.738327, 19.26679], [-97.738327, 19.24271]]]}}, {"type": "Feature", "id": 1640, "properties": {"seccion": 1640, "id": 1640, "municipio": 116, "nombre": "Rafael Lara Grajales", "distrito_l": 14, "distrito_f": 1}, "geometry": {"type": "Polygon", "coordinates": [[[-97.706515, 19.24271], [-97.674703, 19.24271], [-97.674703, 19.26679], [-97.706515, 19.26679], [-97.706515, 19.24271]]]}}, {"type": "Feature", "id": 1641, "properties": {"seccion": 1641, "id": 1641, "municipio": 116, "nombre": "Rafael Lara Grajales", "distrito_l": 14, "distrito_f": 1}, "geometry": {"type": "Polygon", "coordinates": [[[-97.674703, 19.24271], [-97.642891, 19.24271], [-97.642891, 19.26679], [-97.674703, 19.26679], [-97.674703, 19.24271]]]}}, {"type": "Feature", "id": 1642, "properties": {"seccion": 1642, "id": 1642, "municipio": 116, "nombre": "Rafael Lara Grajales", "distrito_l": 14, "distrito_f": 1}, "geometry": {"type": "Polygon", "coordinates": [[[-97.738327, 19.26679], [-97.706515, 19.26679], [-97.706515, 19.29087], [-97.738327, 19.29087], [-97.738327, 19.26679]]]}}, {"type": "Feature", "id": 1651, "properties": {"seccion": 1651, "id": 1651, "municipio": 117, "nombre": "San Andres Cholula", "distrito_l": 18, "distrito_f": 1}, "geometry": {"type": "Polygon", "coordinates": [[[-98.248962, 19.001678], [-98.239072, 19.001678], [-98.239072, 19.013488], [-98.248962, 19.013488], [-98.248962, 19.001678]]]}}, {"type": "Feature", "id": 1652, "properties": {"seccion": 1652, "id": 1652, "municipio": 117, "nombre": "San Andres Cholula", "distrito_l": 18, "distrito_f": 1}, "geometry": {"type": "Polygon", "coordinates": [[[-98.239073, 19.001678], [-98.229183, 19.001678], [-98.229183, 19.013488], [-98.239073, 19.013488], [-98.239073, 19.001678]]]}}, {"type": "Feature", "id": 1653, "properties": {"seccion": 1653, "id": 1653, "municipio": 117, "nombre": "San Andres Cholula", "distrito_l": 18, "distrito_f": 1}, "geometry": {"type": "Polygon", "coordinates": [[[-98.229183, 19.001678], [-98.219293, 19.001678], [-98.219293, 19.013488], [-98.229183, 19.013488], [-98.229183, 19.001678]]]}}, {"type": "Feature", "id": 1655, "properties": {"seccion": 1655, "id": 1655, "municipio": 117, "nombre": "San Andres Cholula", "distrito_l": 18, "distrito_f": 1}, "geometry": {"type": "Polygon", "coordinates": [[[-98.219293, 19.001678], [-98.209403, 19.001678], [-98.209403, 19.013488], [-98.219293, 19.013488], [-98.219293, 19.001678]]]}}, {"type": "Feature", "id": 1656, "properties": {"seccion": 1656, "id": 1656, "municipio": 117, "nombre": "San Andres Cholula", "distrito_l": 18, "distrito_f": 1}, "geometry": {"type": "Polygon", "coordinates": [[[-98.209403, 19.001678], [-98.199513, 19.001678], [-98.199513, 19.013488], [-98.209403, 19.013488], [-98.209403, 19.001678]]]}}, {"type": "Feature", "id": 1657, "properties": {"seccion": 1657, "id": 1657, "municipio": 117, "nombre": "San Andres Cholula", "distrito_l": 18, "distrito_f": 1}, "geometry": {"type": "Polygon", "coordinates": [[[-98.199513, 19.001678], [-98.189623, 19.001678], [-98.189623, 19.013488], [-98.199513, 19.013488], [-98.199513, 19.001678]]]}}, {"type": "Feature", "id": 1658, "properties": {"seccion": 1658, "id": 1658, "municipio": 117, "nombre": "San Andres Cholula", "distrito_l": 18, "distrito_f": 1}, "geometry": {"type": "Polygon", "coordinates": [[[-98.189623, 19.001678], [-98.179733, 19.001678], [-98.179733, 19.013488], [-98.189623, 19.013488], [-98.189623, 19.001678]]]}}, {"type": "Feature", "id": 1659, "properties": {"seccion": 1659, "id": 1659, "municipio": 117, "nombre": "San Andres Cholula", "distrito_l": 18, "distrito_f": 1}, "geometry": {"type": "Polygon", "coordinates": [[[-98.248962, 19.013489], [-98.239072, 19.013489], [-98.239072, 19.025299], [-98.248962, 19.025299], [-98.248962, 19.013489]]]}}, {"type": "Feature", "id": 1660, "properties": {"seccion": 1660, "id": 1660, "municipio": 117, "nombre": "San Andres Cholula", "distrito_l": 18, "distrito_f": 1}, "geometry": {"type": "Polygon", "coordinates": [[[-98.239073, 19.013489], [-98.229183, 19.013489], [-98.229183, 19.025299], [-98.239073, 19.025299], [-98.239073, 19.013489]]]}}, {"type": "Feature", "id": 1661, "properties": {"seccion": 1661, "id": 1661, "municipio": 117, "nombre": "San Andres Cholula", "distrito_l": 18, "distrito_f": 1}, "geometry": {"type": "Polygon", "coordinates": [[[-98.229183, 19.013489], [-98.219293, 19.013489], [-98.219293, 19.025299], [-98.229183, 19.025299], [-98.229183, 19.013489]]]}}, {"type": "Feature", "id": 1662, "properties": {"seccion": 1662, "id": 1662, "municipio": 117, "nombre": "San Andres Cholula", "distrito_l": 18, "distrito_f": 1}, "geometry": {"type": "Polygon", "coordinates": [[[-98.219293, 19.013489], [-98.209403, 19.013489], [-98.209403, 19.025299], [-98.219293, 19.025299], [-98.219293, 19.013489]]]}}, {"type": "Feature", "id": 1663, "properties": {"seccion": 1663, "id": 1663, "municipio": 117, "nombre": "San Andres Cholula", "distrito_l": 18, "distrito_f": 1}, "geometry": {"type": "Polygon", "coordinates": [[[-98.209403, 19.013489], [-98.199513, 19.013489], [-98.199513, 19.025299], [-98.209403, 19.025299], [-98.209403, 19.013489]]]}}, {"type": "Feature", "id": 1665, "properties": {"seccion": 1665, "id": 1665, "municipio": 117, "nombre": "San Andres Cholula", "distrito_l": 18, "distrito_f": 1}, "geometry": {"type": "Polygon", "coordinates": [[[-98.199513, 19.013489], [-98.189623, 19.013489], [-98.189623, 19.025299], [-98.199513, 19.025299], [-98.199513, 19.013489]]]}}, {"type": "Feature", "id": 1666, "properties": {"seccion": 1666, "id": 1666, "municipio": 117, "nombre": "San Andres Cholula", "distrito_l": 18, "distrito_f": 1}, "geometry": {"type": "Polygon", "coordinates": [[[-98.189623, 19.013489], [-98.179733, 19.013489], [-98.179733, 19.025299], [-98.189623, 19.025299], [-98.189623, 19.013489]]]}}, {"type": "Feature", "id": 1667, "properties": {"seccion": 1667, "id": 1667, "municipio": 117, "nombre": "San Andres Cholula", "distrito_l": 18, "distrito_f": 1}, "geometry": {"type": "Polygon", "coordinates": [[[-98.248962, 19.025299], [-98.239072, 19.025299], [-98.239072, 19.037109], [-98.248962, 19.037109], [-98.248962, 19.025299]]]}}, {"type": "Feature", "id": 1668, "properties": {"seccion": 1668, "id": 1668, "municipio": 117, "nombre": "San Andres Cholula", "distrito_l": 18, "distrito_f": 1}, "geometry": {"type": "Polygon", "coordinates": [[[-98.239073, 19.025299], [-98.229183, 19.025299], [-98.229183, 19.037109], [-98.239073, 19.037109], [-98.239073, 19.025299]]]}}, {"type": "Feature", "id": 1669, "properties": {"seccion": 1669, "id": 1669, "municipio": 117, "nombre": "San Andres Cholula", "distrito_l": 18, "distrito_f": 1}, "geometry": {"type": "Polygon", "coordinates": [[[-98.229183, 19.025299], [-98.219293, 19.025299], [-98.219293, 19.037109], [-98.229183, 19.037109], [-98.229183, 19.025299]]]}}, {"type": "Feature", "id": 1670, "properties": {"seccion": 1670, "id": 1670, "municipio": 117, "nombre": "San Andres Cholula", "distrito_l": 18, "distrito_f": 1}, "geometry": {"type": "Polygon", "coordinates": [[[-98.219293, 19.025299], [-98.209403, 19.025299], [-98.209403, 19.037109], [-98.219293, 19.037109], [-98.219293, 19.025299]]]}}, {"type": "Feature", "id": 1671, "properties": {"seccion": 1671, "id": 1671, "municipio": 117, "nombre": "San Andres Cholula", "distrito_l": 18, "distrito_f": 1}, "geometry": {"type": "Polygon", "coordinates": [[[-98.209403, 19.025299], [-98.199513, 19.025299], [-98.199513, 19.037109], [-98.209403, 19.037109], [-98.209403, 19.025299]]]}}, {"type": "Feature", "id": 2633, "properties": {"seccion": 2633, "id": 2633, "municipio": 117, "nombre": "San Andres Cholula", "distrito_l": 18, "distrito_f": 1}, "geometry": {"type": "Polygon", "coordinates": [[[-98.199513, 19.025299], [-98.189623, 19.025299], [-98.189623, 19.037109], [-98.199513, 19.037109], [-98.199513, 19.025299]]]}}, {"type": "Feature", "id": 2634, "properties": {"seccion": 2634, "id": 2634, "municipio": 117, "nombre": "San Andres Cholula", "distrito_l": 18, "distrito_f": 1}, "geometry": {"type": "Polygon", "coordinates": [[[-98.189623, 19.025299], [-98.179733, 19.025299], [-98.179733, 19.037109], [-98.189623, 19.037109], [-98.189623, 19.025299]]]}}, {"type": "Feature", "id": 2635, "properties": {"seccion": 2635, "id": 2635, "municipio": 117, "nombre": "San Andres Cholula", "distrito_l": 18, "distrito_f": 1}, "geometry": {"type": "Polygon", "coordinates": [[[-98.248962, 19.037109], [-98.239072, 19.037109], [-98.239072, 19.048919], [-98.248962, 19.048919], [-98.248962, 19.037109]]]}}, {"type": "Feature", "id": 2636, "properties": {"seccion": 2636, "id": 2636, "municipio": 117, "nombre": "San Andres Cholula", "distrito_l": 18, "distrito_f": 1}, "geometry": {"type": "Polygon", "coordinates": [[[-98.239073, 19.037109], [-98.229183, 19.037109], [-98.229183, 19.048919], [-98.239073, 19.048919], [-98.239073, 19.037109]]]}}, {"type": "Feature", "id": 2637, "properties": {"seccion": 2637, "id": 2637, "municipio": 117, "nombre": "San Andres Cholula", "distrito_l": 18, "distrito_f": 1}, "geometry": {"type": "Polygon", "coordinates": [[[-98.229183, 19.037109], [-98.219293, 19.037109], [-98.219293, 19.048919], [-98.229183, 19.048919], [-98.229183, 19.037109]]]}}, {"type": "Feature", "id": 2638, "properties": {"seccion": 2638, "id": 2638, "municipio": 117, "nombre": "San Andres Cholula", "distrito_l": 18, "distrito_f": 1}, "geometry": {"type": "Polygon", "coordinates": [[[-98.219293, 19.037109], [-98.209403, 19.037109], [-98.209403, 19.048919], [-98.219293, 19.048919], [-98.219293, 19.037109]]]}}, {"type": "Feature", "id": 2639, "properties": {"seccion": 2639, "id": 2639, "municipio": 117, "nombre": "San Andres Cholula", "distrito_l": 18, "distrito_f": 1}, "geometry": {"type": "Polygon", "coordinates": [[[-98.209403, 19.037109], [-98.199513, 19.037109], [-98.199513, 19.048919], [-98.209403, 19.048919], [-98.209403, 19.037109]]]}}, {"type": "Feature", "id": 2640, "properties": {"seccion": 2640, "id": 2640, "municipio": 117, "nombre": "San Andres Cholula", "distrito_l": 18, "distrito_f": 1}, "geometry": {"type": "Polygon", "coordinates": [[[-98.199513, 19.037109], [-98.189623, 19.037109], [-98.189623, 19.048919], [-98.199513, 19.048919], [-98.199513, 19.037109]]]}}, {"type": "Feature", "id": 2641, "properties": {"seccion": 2641, "id": 2641, "municipio": 117, "nombre": "San Andres Cholula", "distrito_l": 18, "distrito_f": 1}, "geometry": {"type": "Polygon", "coordinates": [[[-98.189623, 19.037109], [-98.179733, 19.037109], [-98.179733, 19.048919], [-98.189623, 19.048919], [-98.189623, 19.037109]]]}}, {"type": "Feature", "id": 2642, "properties": {"seccion": 2642, "id": 2642, "municipio": 117, "nombre": "San Andres Cholula", "distrito_l": 18, "distrito_f": 1}, "geometry": {"type": "Polygon", "coordinates": [[[-98.248962, 19.04892], [-98.239072, 19.04892], [-98.239072, 19.06073], [-98.248962, 19.06073], [-98.248962, 19.04892]]]}}, {"type": "Feature", "id": 2644, "properties": {"seccion": 2644, "id": 2644, "municipio": 117, "nombre": "San Andres Cholula", "distrito_l": 18, "distrito_f": 1}, "geometry": {"type": "Polygon", "coordinates": [[[-98.239073, 19.04892], [-98.229183, 19.04892], [-98.229183, 19.06073], [-98.239073, 19.06073], [-98.239073, 19.04892]]]}}, {"type": "Feature", "id": 2645, "properties": {"seccion": 2645, "id": 2645, "municipio": 117, "nombre": "San Andres Cholula", "distrito_l": 18, "distrito_f": 1}, "geometry": {"type": "Polygon", "coordinates": [[[-98.229183, 19.04892], [-98.219293, 19.04892], [-98.219293, 19.06073], [-98.229183, 19.06073], [-98.229183, 19.04892]]]}}, {"type": "Feature", "id": 2646, "properties": {"seccion": 2646, "id": 2646, "municipio": 117, "nombre": "San Andres Cholula", "distrito_l": 18, "distrito_f": 1}, "geometry": {"type": "Polygon", "coordinates": [[[-98.219293, 19.04892], [-98.209403, 19.04892], [-98.209403, 19.06073], [-98.219293, 19.06073], [-98.219293, 19.04892]]]}}, {"type": "Feature", "id": 2647, "properties": {"seccion": 2647, "id": 2647, "municipio": 117, "nombre": "San Andres Cholula", "distrito_l": 18, "distrito_f": 1}, "geometry": {"type": "Polygon", "coordinates": [[[-98.209403, 19.04892], [-98.199513, 19.04892], [-98.199513, 19.06073], [-98.209403, 19.06073], [-98.209403, 19.04892]]]}}, {"type": "Feature", "id": 2659, "properties": {"seccion": 2659, "id": 2659, "municipio": 117, "nombre": "San Andres Cholula", "distrito_l": 18, "distrito_f": 1}, "geometry": {"type": "Polygon", "coordinates": [[[-98.199513, 19.04892], [-98.189623, 19.04892], [-98.189623, 19.06073], [-98.199513, 19.06073], [-98.199513, 19.04892]]]}}, {"type": "Feature", "id": 2660, "properties": {"seccion": 2660, "id": 2660, "municipio": 117, "nombre": "San Andres Cholula", "distrito_l": 18, "distrito_f": 1}, "geometry": {"type": "Polygon", "coordinates": [[[-98.189623, 19.04892], [-98.179733, 19.04892], [-98.179733, 19.06073], [-98.189623, 19.06073], [-98.189623, 19.04892]]]}}, {"type": "Feature", "id": 2661, "properties": {"seccion": 2661, "id": 2661, "municipio": 117, "nombre": "San Andres Cholula", "distrito_l": 18, "distrito_f": 1}, "geometry": {"type": "Polygon", "coordinates": [[[-98.248962, 19.06073], [-98.239072, 19.06073], [-98.239072, 19.07254], [-98.248962, 19.07254], [-98.248962, 19.06073]]]}}, {"type": "Feature", "id": 2662, "properties": {"seccion": 2662, "id": 2662, "municipio": 117, "nombre": "San Andres Cholula", "distrito_l": 18, "distrito_f": 1}, "geometry": {"type": "Polygon", "coordinates": [[[-98.239073, 19.06073], [-98.229183, 19.06073], [-98.229183, 19.07254], [-98.239073, 19.07254], [-98.239073, 19.06073]]]}}, {"type": "Feature", "id": 2753, "properties": {"seccion": 2753, "id": 2753, "municipio": 117, "nombre": "San Andres Cholula", "distrito_l": 18, "distrito_f": 1}, "geometry": {"type": "Polygon", "coordinates": [[[-98.229183, 19.06073], [-98.219293, 19.06073], [-98.219293, 19.07254], [-98.229183, 19.07254], [-98.229183, 19.06073]]]}}, {"type": "Feature", "id": 2858, "properties": {"seccion": 2858, "id": 2858, "municipio": 117, "nombre": "San Andres Cholula", "distrito_l": 18, "distrito_f": 1}, "geometry": {"type": "Polygon", "coordinates": [[[-98.219293, 19.06073], [-98.209403, 19.06073], [-98.209403, 19.07254], [-98.219293, 19.07254], [-98.219293, 19.06073]]]}}, {"type": "Feature", "id": 2859, "properties": {"seccion": 2859, "id": 2859, "municipio": 117, "nombre": "San Andres Cholula", "distrito_l": 18, "distrito_f": 1}, "geometry": {"type": "Polygon", "coordinates": [[[-98.209403, 19.06073], [-98.199513, 19.06073], [-98.199513, 19.07254], [-98.209403, 19.07254], [-98.209403, 19.06073]]]}}, {"type": "Feature", "id": 1674, "properties": {"seccion": 1674, "id": 1674, "municipio": 119, "nombre": "San Diego La Mesa Tochimiltzingo", "distrito_l": 23, "distrito_f": 1}, "geometry": {"type": "Polygon", "coordinates": [[[-98.308777, 18.72649], [-98.22757, 18.72649], [-98.22757, 18.82892], [-98.308777, 18.82892], [-98.308777, 18.72649]]]}}, {"type": "Feature", "id": 1675, "properties": {"seccion": 1675, "id": 1675, "municipio": 119, "nombre": "San Diego La Mesa Tochimiltzingo", "distrito_l": 23, "distrito_f": 1}, "geometry": {"type": "Polygon", "coordinates": [[[-98.22757, 18.72649], [-98.146363, 18.72649], [-98.146363, 18.82892], [-98.22757, 18.82892], [-98.22757, 18.72649]]]}}, {"type": "Feature", "id": 1676, "properties": {"seccion": 1676, "id": 1676, "municipio": 119, "nombre": "San Diego La Mesa Tochimiltzingo", "distrito_l": 23, "distrito_f": 1}, "geometry": {"type": "Polygon", "coordinates": [[[-98.308777, 18.82892], [-98.22757, 18.82892], [-98.22757, 18.93135], [-98.308777, 18.93135], [-98.308777, 18.82892]]]}}, {"type": "Feature", "id": 1677, "properties": {"seccion": 1677, "id": 1677, "municipio": 120, "nombre": "San Felipe Teotlalcingo", "distrito_l": 7, "distrito_f": 1}, "geometry": {"type": "Polygon", "coordinates": [[[-98.503281, 19.209923], [-98.45928, 19.209923], [-98.45928, 19.249267], [-98.503281, 19.249267], [-98.503281, 19.209923]]]}}, {"type": "Feature", "id": 1678, "properties": {"seccion": 1678, "id": 1678, "municipio": 120, "nombre": "San Felipe Teotlalcingo", "distrito_l": 7, "distrito_f": 1}, "geometry": {"type": "Polygon", "coordinates": [[[-98.459279, 19.209923], [-98.415278, 19.209923], [-98.415278, 19.249267], [-98.459279, 19.249267], [-98.459279, 19.209923]]]}}, {"type": "Feature", "id": 1679, "properties": {"seccion": 1679, "id": 1679, "municipio": 120, "nombre": "San Felipe Teotlalcingo", "distrito_l": 7, "distrito_f": 1}, "geometry": {"type": "Polygon", "coordinates": [[[-98.415278, 19.209923], [-98.371277, 19.209923], [-98.371277, 19.249267], [-98.415278, 19.249267], [-98.415278, 19.209923]]]}}, {"type": "Feature", "id": 1680, "properties": {"seccion": 1680, "id": 1680, "municipio": 120, "nombre": "San Felipe Teotlalcingo", "distrito_l": 7, "distrito_f": 1}, "geometry": {"type": "Polygon", "coordinates": [[[-98.503281, 19.249267], [-98.45928, 19.249267], [-98.45928, 19.288611], [-98.503281, 19.288611], [-98.503281, 19.249267]]]}}, {"type": "Feature", "id": 1681, "properties": {"seccion": 1681, "id": 1681, "municipio": 120, "nombre": "San Felipe Teotlalcingo", "distrito_l": 7, "distrito_f": 1}, "geometry": {"type": "Polygon", "coordinates": [[[-98.459279, 19.249267], [-98.415278, 19.249267], [-98.415278, 19.288611], [-98.459279, 19.288611], [-98.459279, 19.249267]]]}}, {"type": "Feature", "id": 1682, "properties": {"seccion": 1682, "id": 1682, "municipio": 121, "nombre": "San Felipe Tepatlan", "distrito_l": 3, "distrito_f": 1}, "geometry": {"type": "Polygon", "coordinates": [[[-97.78614, 20.09687], [-97.716411, 20.09687], [-97.716411, 20.13914], [-97.78614, 20.13914], [-97.78614, 20.09687]]]}}, {"type": "Feature", "id": 1683, "properties": {"seccion": 1683, "id": 1683, "municipio": 121, "nombre": "San Felipe Tepatlan", "distrito_l": 3, "distrito_f": 1}, "geometry": {"type": "Polygon", "coordinates": [[[-97.716412, 20.09687], [-97.646683, 20.09687], [-97.646683, 20.13914], [-97.716412, 20.13914], [-97.716412, 20.09687]]]}}, {"type": "Feature", "id": 1684, "properties": {"seccion": 1684, "id": 1684, "municipio": 121, "nombre": "San Felipe Tepatlan", "distrito_l": 3, "distrito_f": 1}, "geometry": {"type": "Polygon", "coordinates": [[[-97.78614, 20.13914], [-97.716411, 20.13914], [-97.716411, 20.18141], [-97.78614, 20.18141], [-97.78614, 20.13914]]]}}, {"type": "Feature", "id": 1685, "properties": {"seccion": 1685, "id": 1685, "municipio": 122, "nombre": "San Gabriel Chilac", "distrito_l": 26, "distrito_f": 1}, "geometry": {"type": "Polygon", "coordinates": [[[-97.333427, 18.2694], [-97.29793, 18.2694], [-97.29793, 18.355875], [-97.333427, 18.355875], [-97.333427, 18.2694]]]}}, {"type": "Feature", "id": 1686, "properties": {"seccion": 1686, "id": 1686, "municipio": 122, "nombre": "San Gabriel Chilac", "distrito_l": 26, "distrito_f": 1}, "geometry": {"type": "Polygon", "coordinates": [[[-97.29793, 18.2694], [-97.262433, 18.2694], [-97.262433, 18.355875], [-97.29793, 18.355875], [-97.29793, 18.2694]]]}}, {"type": "Feature", "id": 1687, "properties": {"seccion": 1687, "id": 1687, "municipio": 122, "nombre": "San Gabriel Chilac", "distrito_l": 26, "distrito_f": 1}, "geometry": {"type": "Polygon", "coordinates": [[[-97.262433, 18.2694], [-97.226936, 18.2694], [-97.226936, 18.355875], [-97.262433, 18.355875], [-97.262433, 18.2694]]]}}, {"type": "Feature", "id": 1688, "properties": {"seccion": 1688, "id": 1688, "municipio": 122, "nombre": "San Gabriel Chilac", "distrito_l": 26, "distrito_f": 1}, "geometry": {"type": "Polygon", "coordinates": [[[-97.333427, 18.355875], [-97.29793, 18.355875], [-97.29793, 18.44235], [-97.333427, 18.44235], [-97.333427, 18.355875]]]}}, {"type": "Feature", "id": 1689, "properties": {"seccion": 1689, "id": 1689, "municipio": 122, "nombre": "San Gabriel Chilac", "distrito_l": 26, "distrito_f": 1}, "geometry": {"type": "Polygon", "coordinates": [[[-97.29793, 18.355875], [-97.262433, 18.355875], [-97.262433, 18.44235], [-97.29793, 18.44235], [-97.29793, 18.355875]]]}}, {"type": "Feature", "id": 1690, "properties": {"seccion": 1690, "id": 1690, "municipio": 122, "nombre": "San Gabriel Chilac", "distrito_l": 26, "distrito_f": 1}, "geometry": {"type": "Polygon", "coordinates": [[[-97.262433, 18.355875], [-97.226936, 18.355875], [-97.226936, 18.44235], [-97.262433, 18.44235], [-97.262433, 18.355875]]]}}, {"type": "Feature", "id": 1691, "properties": {"seccion": 1691, "id": 1691, "municipio": 123, "nombre": "San Gregorio Atzompa", "distrito_l": 21, "distrito_f": 1}, "geometry": {"type": "Polygon", "coordinates": [[[-98.283592, 19.01845], [-98.261966, 19.01845], [-98.261966, 19.04634], [-98.283592, 19.04634], [-98.283592, 19.01845]]]}}, {"type": "Feature", "id": 1692, "properties": {"seccion": 1692, "id": 1692, "municipio": 123, "nombre": "San Gregorio Atzompa", "distrito_l": 21, "distrito_f": 1}, "geometry": {"type": "Polygon", "coordinates": [[[-98.261967, 19.01845], [-98.240341, 19.01845], [-98.240341, 19.04634], [-98.261967, 19.04634], [-98.261967, 19.01845]]]}}, {"type": "Feature", "id": 1693, "properties": {"seccion": 1693, "id": 1693, "municipio": 123, "nombre": "San Gregorio Atzompa", "distrito_l": 21, "distrito_f": 1}, "geometry": {"type": "Polygon", "coordinates": [[[-98.283592, 19.04634], [-98.261966, 19.04634], [-98.261966, 19.07423], [-98.283592, 19.07423], [-98.283592, 19.04634]]]}}, {"type": "Feature", "id": 1694, "properties": {"seccion": 1694, "id": 1694, "municipio": 123, "nombre": "San Gregorio Atzompa", "distrito_l": 21, "distrito_f": 1}, "geometry": {"type": "Polygon", "coordinates": [[[-98.261967, 19.04634], [-98.240341, 19.04634], [-98.240341, 19.07423], [-98.261967, 19.07423], [-98.261967, 19.04634]]]}}, {"type": "Feature", "id": 1695, "properties": {"seccion": 1695, "id": 1695, "municipio": 124, "nombre": "San Jeronimo Tecuanipan", "distrito_l": 21, "distrito_f": 1}, "geometry": {"type": "Polygon", "coordinates": [[[-98.333008, 19.0259], [-98.30632, 19.0259], [-98.30632, 19.068541], [-98.333008, 19.068541], [-98.333008, 19.0259]]]}}, {"type": "Feature", "id": 1696, "properties": {"seccion": 1696, "id": 1696, "municipio": 124, "nombre": "San Jeronimo Tecuanipan", "distrito_l": 21, "distrito_f": 1}, "geometry": {"type": "Polygon", "coordinates": [[[-98.30632, 19.0259], [-98.279632, 19.0259], [-98.279632, 19.068541], [-98.30632, 19.068541], [-98.30632, 19.0259]]]}}, {"type": "Feature", "id": 1697, "properties": {"seccion": 1697, "id": 1697, "municipio": 124, "nombre": "San Jeronimo Tecuanipan", "distrito_l": 21, "distrito_f": 1}, "geometry": {"type": "Polygon", "coordinates": [[[-98.333008, 19.068541], [-98.30632, 19.068541], [-98.30632, 19.111182], [-98.333008, 19.111182], [-98.333008, 19.068541]]]}}, {"type": "Feature", "id": 1698, "properties": {"seccion": 1698, "id": 1698, "municipio": 125, "nombre": "San Jeronimo Xayacatlan", "distrito_l": 23, "distrito_f": 1}, "geometry": {"type": "Polygon", "coordinates": [[[-97.890907, 18.26409], [-97.844104, 18.26409], [-97.844104, 18.328361], [-97.890907, 18.328361], [-97.890907, 18.26409]]]}}, {"type": "Feature", "id": 1699, "properties": {"seccion": 1699, "id": 1699, "municipio": 125, "nombre": "San Jeronimo Xayacatlan", "distrito_l": 23, "distrito_f": 1}, "geometry": {"type": "Polygon", "coordinates": [[[-97.844105, 18.26409], [-97.797302, 18.26409], [-97.797302, 18.328361], [-97.844105, 18.328361], [-97.844105, 18.26409]]]}}, {"type": "Feature", "id": 1700, "properties": {"seccion": 1700, "id": 1700, "municipio": 125, "nombre": "San Jeronimo Xayacatlan", "distrito_l": 23, "distrito_f": 1}, "geometry": {"type": "Polygon", "coordinates": [[[-97.890907, 18.328361], [-97.844104, 18.328361], [-97.844104, 18.392632], [-97.890907, 18.392632], [-97.890907, 18.328361]]]}}, {"type": "Feature", "id": 1701, "properties": {"seccion": 1701, "id": 1701, "municipio": 125, "nombre": "San Jeronimo Xayacatlan", "distrito_l": 23, "distrito_f": 1}, "geometry": {"type": "Polygon", "coordinates": [[[-97.844105, 18.328361], [-97.797302, 18.328361], [-97.797302, 18.392632], [-97.844105, 18.392632], [-97.844105, 18.328361]]]}}, {"type": "Feature", "id": 1702, "properties": {"seccion": 1702, "id": 1702, "municipio": 126, "nombre": "San Jose Chiapa", "distrito_l": 14, "distrito_f": 1}, "geometry": {"type": "Polygon", "coordinates": [[[-97.713509, 19.21064], [-97.646805, 19.21064], [-97.646805, 19.280971], [-97.713509, 19.280971], [-97.713509, 19.21064]]]}}, {"type": "Feature", "id": 1703, "properties": {"seccion": 1703, "id": 1703, "municipio": 126, "nombre": "San Jose Chiapa", "distrito_l": 14, "distrito_f": 1}, "geometry": {"type": "Polygon", "coordinates": [[[-97.646805, 19.21064], [-97.580101, 19.21064], [-97.580101, 19.280971], [-97.646805, 19.280971], [-97.646805, 19.21064]]]}}, {"type": "Feature", "id": 1704, "properties": {"seccion": 1704, "id": 1704, "municipio": 126, "nombre": "San Jose Chiapa", "distrito_l": 14, "distrito_f": 1}, "geometry": {"type": "Polygon", "coordinates": [[[-97.580101, 19.21064], [-97.513397, 19.21064], [-97.513397, 19.280971], [-97.580101, 19.280971], [-97.580101, 19.21064]]]}}, {"type": "Feature", "id": 1705, "properties": {"seccion": 1705, "id": 1705, "municipio": 126, "nombre": "San Jose Chiapa", "distrito_l": 14, "distrito_f": 1}, "geometry": {"type": "Polygon", "coordinates": [[[-97.713509, 19.280971], [-97.646805, 19.280971], [-97.646805, 19.351302], [-97.713509, 19.351302], [-97.713509, 19.280971]]]}}, {"type": "Feature", "id": 1706, "properties": {"seccion": 1706, "id": 1706, "municipio": 126, "nombre": "San Jose Chiapa", "distrito_l": 14, "distrito_f": 1}, "geometry": {"type": "Polygon", "coordinates": [[[-97.646805, 19.280971], [-97.580101, 19.280971], [-97.580101, 19.351302], [-97.646805, 19.351302], [-97.646805, 19.280971]]]}}, {"type": "Feature", "id": 1707, "properties": {"seccion": 1707, "id": 1707, "municipio": 126, "nombre": "San Jose Chiapa", "distrito_l": 14, "distrito_f": 1}, "geometry": {"type": "Polygon", "coordinates": [[[-97.580101, 19.280971], [-97.513397, 19.280971], [-97.513397, 19.351302], [-97.580101, 19.351302], [-97.580101, 19.280971]]]}}, {"type": "Feature", "id": 1708, "properties": {"seccion": 1708, "id": 1708, "municipio": 127, "nombre": "San Jose Miahuatlan", "distrito_l": 26, "distrito_f": 1}, "geometry": {"type": "Polygon", "coordinates": [[[-97.302597, 18.127901], [-97.215774, 18.127901], [-97.215774, 18.200691], [-97.302597, 18.200691], [-97.302597, 18.127901]]]}}, {"type": "Feature", "id": 1709, "properties": {"seccion": 1709, "id": 1709, "municipio": 127, "nombre": "San Jose Miahuatlan", "distrito_l": 26, "distrito_f": 1}, "geometry": {"type": "Polygon", "coordinates": [[[-97.215775, 18.127901], [-97.128952, 18.127901], [-97.128952, 18.200691], [-97.215775, 18.200691], [-97.215775, 18.127901]]]}}, {"type": "Feature", "id": 1710, "properties": {"seccion": 1710, "id": 1710, "municipio": 127, "nombre": "San Jose Miahuatlan", "distrito_l": 26, "distrito_f": 1}, "geometry": {"type": "Polygon", "coordinates": [[[-97.128952, 18.127901], [-97.042129, 18.127901], [-97.042129, 18.200691], [-97.128952, 18.200691], [-97.128952, 18.127901]]]}}, {"type": "Feature", "id": 1711, "properties": {"seccion": 1711, "id": 1711, "municipio": 127, "nombre": "San Jose Miahuatlan", "distrito_l": 26, "distrito_f": 1}, "geometry": {"type": "Polygon", "coordinates": [[[-97.302597, 18.200691], [-97.215774, 18.200691], [-97.215774, 18.273481], [-97.302597, 18.273481], [-97.302597, 18.200691]]]}}, {"type": "Feature", "id": 1712, "properties": {"seccion": 1712, "id": 1712, "municipio": 127, "nombre": "San Jose Miahuatlan", "distrito_l": 26, "distrito_f": 1}, "geometry": {"type": "Polygon", "coordinates": [[[-97.215775, 18.200691], [-97.128952, 18.200691], [-97.128952, 18.273481], [-97.215775, 18.273481], [-97.215775, 18.200691]]]}}, {"type": "Feature", "id": 1713, "properties": {"seccion": 1713, "id": 1713, "municipio": 127, "nombre": "San Jose Miahuatlan", "distrito_l": 26, "distrito_f": 1}, "geometry": {"type": "Polygon", "coordinates": [[[-97.128952, 18.200691], [-97.042129, 18.200691], [-97.042129, 18.273481], [-97.128952, 18.273481], [-97.128952, 18.200691]]]}}, {"type": "Feature", "id": 1714, "properties": {"seccion": 1714, "id": 1714, "municipio": 127, "nombre": "San Jose Miahuatlan", "distrito_l": 26, "distrito_f": 1}, "geometry": {"type": "Polygon", "coordinates": [[[-97.302597, 18.273481], [-97.215774, 18.273481], [-97.215774, 18.346271], [-97.302597, 18.346271], [-97.302597, 18.273481]]]}}, {"type": "Feature", "id": 1715, "properties": {"seccion": 1715, "id": 1715, "municipio": 128, "nombre": "San Juan Atenco", "distrito_l": 14, "distrito_f": 1}, "geometry": {"type": "Polygon", "coordinates": [[[-97.513649, 19.0009], [-97.457981, 19.0009], [-97.457981, 19.080485], [-97.513649, 19.080485], [-97.513649, 19.0009]]]}}, {"type": "Feature", "id": 1716, "properties": {"seccion": 1716, "id": 1716, "municipio": 128, "nombre": "San Juan Atenco", "distrito_l": 14, "distrito_f": 1}, "geometry": {"type": "Polygon", "coordinates": [[[-97.457981, 19.0009], [-97.402313, 19.0009], [-97.402313, 19.080485], [-97.457981, 19.080485], [-97.457981, 19.0009]]]}}, {"type": "Feature", "id": 1717, "properties": {"seccion": 1717, "id": 1717, "municipio": 128, "nombre": "San Juan Atenco", "distrito_l": 14, "distrito_f": 1}, "geometry": {"type": "Polygon", "coordinates": [[[-97.513649, 19.080485], [-97.457981, 19.080485], [-97.457981, 19.16007], [-97.513649, 19.16007], [-97.513649, 19.080485]]]}}, {"type": "Feature", "id": 1718, "properties": {"seccion": 1718, "id": 1718, "municipio": 128, "nombre": "San Juan Atenco", "distrito_l": 14, "distrito_f": 1}, "geometry": {"type": "Polygon", "coordinates": [[[-97.457981, 19.080485], [-97.402313, 19.080485], [-97.402313, 19.16007], [-97.457981, 19.16007], [-97.457981, 19.080485]]]}}, {"type": "Feature", "id": 1719, "properties": {"seccion": 1719, "id": 1719, "municipio": 129, "nombre": "San Juan Atzompa", "distrito_l": 23, "distrito_f": 1}, "geometry": {"type": "Polygon", "coordinates": [[[-97.9599914550781, 18.79976272583], [-97.9543533325195, 18.7998428344728], [-97.9465103149414, 18.8010807037354], [-97.9369583129883, 18.8036994934083], [-97.9322967529297, 18.8057994842529], [-97.9291229248047, 18.8081092834474], [-97.9251861572265, 18.8158702850342], [-97.9222564697266, 18.8154506683349], [-97.918571472168, 18.8148212432861], [-97.9151458740234, 18.8144111633302], [-97.9117279052734, 18.8137817382812], [-97.9043884277343, 18.8120594024659], [-97.8977813720703, 18.8105506896973], [-97.8906860351562, 18.8085994720458], [-97.8858032226562, 18.8064002990724], [-97.8774871826171, 18.8028697967529], [-97.8792114257812, 18.7985401153566], [-97.8819122314453, 18.7964706420898], [-97.8865661621093, 18.793239593506], [-97.8885269165039, 18.7920703887941], [-97.8914566040039, 18.7906799316407], [-97.8946533203124, 18.7879180908203], [-97.8963775634765, 18.785400390625], [-97.8973617553711, 18.7808609008789], [-97.8981094360351, 18.7785797119141], [-97.9003067016601, 18.7753810882569], [-97.9032592773437, 18.7717227935791], [-97.9071807861328, 18.7680416107178], [-97.9133071899414, 18.7632007598878], [-97.9199295043945, 18.7617492675781], [-97.9257965087891, 18.7641716003418], [-97.9306869506836, 18.7675018310547], [-97.9345932006836, 18.7719898223878], [-97.9384918212891, 18.7753410339357], [-97.9421615600585, 18.7798194885254], [-97.9448623657227, 18.7811508178712], [-97.9470520019531, 18.7824802398682], [-97.9497528076172, 18.7849407196044], [-97.9519424438477, 18.7874011993409], [-97.9551162719726, 18.7914409637451], [-97.9565811157227, 18.7941398620606], [-97.9575576782227, 18.7961711883546], [-97.9599914550781, 18.79976272583]]]}}, {"type": "Feature", "id": 1720, "properties": {"seccion": 1720, "id": 1720, "municipio": 130, "nombre": "San Martin Texmelucan", "distrito_l": 7, "distrito_f": 1}, "geometry": {"type": "Polygon", "coordinates": [[[-98.408951, 19.25794], [-98.396673, 19.25794], [-98.396673, 19.269495], [-98.408951, 19.269495], [-98.408951, 19.25794]]]}}, {"type": "Feature", "id": 1721, "properties": {"seccion": 1721, "id": 1721, "municipio": 130, "nombre": "San Martin Texmelucan", "distrito_l": 7, "distrito_f": 1}, "geometry": {"type": "Polygon", "coordinates": [[[-98.396673, 19.25794], [-98.384395, 19.25794], [-98.384395, 19.269495], [-98.396673, 19.269495], [-98.396673, 19.25794]]]}}, {"type": "Feature", "id": 1722, "properties": {"seccion": 1722, "id": 1722, "municipio": 130, "nombre": "San Martin Texmelucan", "distrito_l": 7, "distrito_f": 1}, "geometry": {"type": "Polygon", "coordinates": [[[-98.384396, 19.25794], [-98.372118, 19.25794], [-98.372118, 19.269495], [-98.384396, 19.269495], [-98.384396, 19.25794]]]}}, {"type": "Feature", "id": 1723, "properties": {"seccion": 1723, "id": 1723, "municipio": 130, "nombre": "San Martin Texmelucan", "distrito_l": 7, "distrito_f": 1}, "geometry": {"type": "Polygon", "coordinates": [[[-98.372118, 19.25794], [-98.35984, 19.25794], [-98.35984, 19.269495], [-98.372118, 19.269495], [-98.372118, 19.25794]]]}}, {"type": "Feature", "id": 1724, "properties": {"seccion": 1724, "id": 1724, "municipio": 130, "nombre": "San Martin Texmelucan", "distrito_l": 7, "distrito_f": 1}, "geometry": {"type": "Polygon", "coordinates": [[[-98.35984, 19.25794], [-98.347562, 19.25794], [-98.347562, 19.269495], [-98.35984, 19.269495], [-98.35984, 19.25794]]]}}, {"type": "Feature", "id": 1725, "properties": {"seccion": 1725, "id": 1725, "municipio": 130, "nombre": "San Martin Texmelucan", "distrito_l": 7, "distrito_f": 1}, "geometry": {"type": "Polygon", "coordinates": [[[-98.347563, 19.25794], [-98.335285, 19.25794], [-98.335285, 19.269495], [-98.347563, 19.269495], [-98.347563, 19.25794]]]}}, {"type": "Feature", "id": 1726, "properties": {"seccion": 1726, "id": 1726, "municipio": 130, "nombre": "San Martin Texmelucan", "distrito_l": 7, "distrito_f": 1}, "geometry": {"type": "Polygon", "coordinates": [[[-98.335285, 19.25794], [-98.323007, 19.25794], [-98.323007, 19.269495], [-98.335285, 19.269495], [-98.335285, 19.25794]]]}}, {"type": "Feature", "id": 1727, "properties": {"seccion": 1727, "id": 1727, "municipio": 130, "nombre": "San Martin Texmelucan", "distrito_l": 7, "distrito_f": 1}, "geometry": {"type": "Polygon", "coordinates": [[[-98.323008, 19.25794], [-98.31073, 19.25794], [-98.31073, 19.269495], [-98.323008, 19.269495], [-98.323008, 19.25794]]]}}, {"type": "Feature", "id": 1728, "properties": {"seccion": 1728, "id": 1728, "municipio": 130, "nombre": "San Martin Texmelucan", "distrito_l": 7, "distrito_f": 1}, "geometry": {"type": "Polygon", "coordinates": [[[-98.408951, 19.269495], [-98.396673, 19.269495], [-98.396673, 19.28105], [-98.408951, 19.28105], [-98.408951, 19.269495]]]}}, {"type": "Feature", "id": 1729, "properties": {"seccion": 1729, "id": 1729, "municipio": 130, "nombre": "San Martin Texmelucan", "distrito_l": 7, "distrito_f": 1}, "geometry": {"type": "Polygon", "coordinates": [[[-98.396673, 19.269495], [-98.384395, 19.269495], [-98.384395, 19.28105], [-98.396673, 19.28105], [-98.396673, 19.269495]]]}}, {"type": "Feature", "id": 1730, "properties": {"seccion": 1730, "id": 1730, "municipio": 130, "nombre": "San Martin Texmelucan", "distrito_l": 7, "distrito_f": 1}, "geometry": {"type": "Polygon", "coordinates": [[[-98.384396, 19.269495], [-98.372118, 19.269495], [-98.372118, 19.28105], [-98.384396, 19.28105], [-98.384396, 19.269495]]]}}, {"type": "Feature", "id": 1731, "properties": {"seccion": 1731, "id": 1731, "municipio": 130, "nombre": "San Martin Texmelucan", "distrito_l": 7, "distrito_f": 1}, "geometry": {"type": "Polygon", "coordinates": [[[-98.372118, 19.269495], [-98.35984, 19.269495], [-98.35984, 19.28105], [-98.372118, 19.28105], [-98.372118, 19.269495]]]}}, {"type": "Feature", "id": 1732, "properties": {"seccion": 1732, "id": 1732, "municipio": 130, "nombre": "San Martin Texmelucan", "distrito_l": 7, "distrito_f": 1}, "geometry": {"type": "Polygon", "coordinates": [[[-98.35984, 19.269495], [-98.347562, 19.269495], [-98.347562, 19.28105], [-98.35984, 19.28105], [-98.35984, 19.269495]]]}}, {"type": "Feature", "id": 1733, "properties": {"seccion": 1733, "id": 1733, "municipio": 130, "nombre": "San Martin Texmelucan", "distrito_l": 7, "distrito_f": 1}, "geometry": {"type": "Polygon", "coordinates": [[[-98.347563, 19.269495], [-98.335285, 19.269495], [-98.335285, 19.28105], [-98.347563, 19.28105], [-98.347563, 19.269495]]]}}, {"type": "Feature", "id": 1734, "properties": {"seccion": 1734, "id": 1734, "municipio": 130, "nombre": "San Martin Texmelucan", "distrito_l": 7, "distrito_f": 1}, "geometry": {"type": "Polygon", "coordinates": [[[-98.335285, 19.269495], [-98.323007, 19.269495], [-98.323007, 19.28105], [-98.335285, 19.28105], [-98.335285, 19.269495]]]}}, {"type": "Feature", "id": 1735, "properties": {"seccion": 1735, "id": 1735, "municipio": 130, "nombre": "San Martin Texmelucan", "distrito_l": 7, "distrito_f": 1}, "geometry": {"type": "Polygon", "coordinates": [[[-98.323008, 19.269495], [-98.31073, 19.269495], [-98.31073, 19.28105], [-98.323008, 19.28105], [-98.323008, 19.269495]]]}}, {"type": "Feature", "id": 1736, "properties": {"seccion": 1736, "id": 1736, "municipio": 130, "nombre": "San Martin Texmelucan", "distrito_l": 7, "distrito_f": 1}, "geometry": {"type": "Polygon", "coordinates": [[[-98.408951, 19.28105], [-98.396673, 19.28105], [-98.396673, 19.292605], [-98.408951, 19.292605], [-98.408951, 19.28105]]]}}, {"type": "Feature", "id": 1737, "properties": {"seccion": 1737, "id": 1737, "municipio": 130, "nombre": "San Martin Texmelucan", "distrito_l": 7, "distrito_f": 1}, "geometry": {"type": "Polygon", "coordinates": [[[-98.396673, 19.28105], [-98.384395, 19.28105], [-98.384395, 19.292605], [-98.396673, 19.292605], [-98.396673, 19.28105]]]}}, {"type": "Feature", "id": 1738, "properties": {"seccion": 1738, "id": 1738, "municipio": 130, "nombre": "San Martin Texmelucan", "distrito_l": 7, "distrito_f": 1}, "geometry": {"type": "Polygon", "coordinates": [[[-98.384396, 19.28105], [-98.372118, 19.28105], [-98.372118, 19.292605], [-98.384396, 19.292605], [-98.384396, 19.28105]]]}}, {"type": "Feature", "id": 1739, "properties": {"seccion": 1739, "id": 1739, "municipio": 130, "nombre": "San Martin Texmelucan", "distrito_l": 7, "distrito_f": 1}, "geometry": {"type": "Polygon", "coordinates": [[[-98.372118, 19.28105], [-98.35984, 19.28105], [-98.35984, 19.292605], [-98.372118, 19.292605], [-98.372118, 19.28105]]]}}, {"type": "Feature", "id": 1740, "properties": {"seccion": 1740, "id": 1740, "municipio": 130, "nombre": "San Martin Texmelucan", "distrito_l": 7, "distrito_f": 1}, "geometry": {"type": "Polygon", "coordinates": [[[-98.35984, 19.28105], [-98.347562, 19.28105], [-98.347562, 19.292605], [-98.35984, 19.292605], [-98.35984, 19.28105]]]}}, {"type": "Feature", "id": 1741, "properties": {"seccion": 1741, "id": 1741, "municipio": 130, "nombre": "San Martin Texmelucan", "distrito_l": 7, "distrito_f": 1}, "geometry": {"type": "Polygon", "coordinates": [[[-98.347563, 19.28105], [-98.335285, 19.28105], [-98.335285, 19.292605], [-98.347563, 19.292605], [-98.347563, 19.28105]]]}}, {"type": "Feature", "id": 1742, "properties": {"seccion": 1742, "id": 1742, "municipio": 130, "nombre": "San Martin Texmelucan", "distrito_l": 7, "distrito_f": 1}, "geometry": {"type": "Polygon", "coordinates": [[[-98.335285, 19.28105], [-98.323007, 19.28105], [-98.323007, 19.292605], [-98.335285, 19.292605], [-98.335285, 19.28105]]]}}, {"type": "Feature", "id": 1743, "properties": {"seccion": 1743, "id": 1743, "municipio": 130, "nombre": "San Martin Texmelucan", "distrito_l": 7, "distrito_f": 1}, "geometry": {"type": "Polygon", "coordinates": [[[-98.323008, 19.28105], [-98.31073, 19.28105], [-98.31073, 19.292605], [-98.323008, 19.292605], [-98.323008, 19.28105]]]}}, {"type": "Feature", "id": 1744, "properties": {"seccion": 1744, "id": 1744, "municipio": 130, "nombre": "San Martin Texmelucan", "distrito_l": 7, "distrito_f": 1}, "geometry": {"type": "Polygon", "coordinates": [[[-98.408951, 19.292605], [-98.396673, 19.292605], [-98.396673, 19.30416], [-98.408951, 19.30416], [-98.408951, 19.292605]]]}}, {"type": "Feature", "id": 1745, "properties": {"seccion": 1745, "id": 1745, "municipio": 130, "nombre": "San Martin Texmelucan", "distrito_l": 7, "distrito_f": 1}, "geometry": {"type": "Polygon", "coordinates": [[[-98.396673, 19.292605], [-98.384395, 19.292605], [-98.384395, 19.30416], [-98.396673, 19.30416], [-98.396673, 19.292605]]]}}, {"type": "Feature", "id": 1746, "properties": {"seccion": 1746, "id": 1746, "municipio": 130, "nombre": "San Martin Texmelucan", "distrito_l": 7, "distrito_f": 1}, "geometry": {"type": "Polygon", "coordinates": [[[-98.384396, 19.292605], [-98.372118, 19.292605], [-98.372118, 19.30416], [-98.384396, 19.30416], [-98.384396, 19.292605]]]}}, {"type": "Feature", "id": 1747, "properties": {"seccion": 1747, "id": 1747, "municipio": 130, "nombre": "San Martin Texmelucan", "distrito_l": 7, "distrito_f": 1}, "geometry": {"type": "Polygon", "coordinates": [[[-98.372118, 19.292605], [-98.35984, 19.292605], [-98.35984, 19.30416], [-98.372118, 19.30416], [-98.372118, 19.292605]]]}}, {"type": "Feature", "id": 1748, "properties": {"seccion": 1748, "id": 1748, "municipio": 130, "nombre": "San Martin Texmelucan", "distrito_l": 7, "distrito_f": 1}, "geometry": {"type": "Polygon", "coordinates": [[[-98.35984, 19.292605], [-98.347562, 19.292605], [-98.347562, 19.30416], [-98.35984, 19.30416], [-98.35984, 19.292605]]]}}, {"type": "Feature", "id": 1749, "properties": {"seccion": 1749, "id": 1749, "municipio": 130, "nombre": "San Martin Texmelucan", "distrito_l": 7, "distrito_f": 1}, "geometry": {"type": "Polygon", "coordinates": [[[-98.347563, 19.292605], [-98.335285, 19.292605], [-98.335285, 19.30416], [-98.347563, 19.30416], [-98.347563, 19.292605]]]}}, {"type": "Feature", "id": 1750, "properties": {"seccion": 1750, "id": 1750, "municipio": 130, "nombre": "San Martin Texmelucan", "distrito_l": 7, "distrito_f": 1}, "geometry": {"type": "Polygon", "coordinates": [[[-98.335285, 19.292605], [-98.323007, 19.292605], [-98.323007, 19.30416], [-98.335285, 19.30416], [-98.335285, 19.292605]]]}}, {"type": "Feature", "id": 1751, "properties": {"seccion": 1751, "id": 1751, "municipio": 130, "nombre": "San Martin Texmelucan", "distrito_l": 7, "distrito_f": 1}, "geometry": {"type": "Polygon", "coordinates": [[[-98.323008, 19.292605], [-98.31073, 19.292605], [-98.31073, 19.30416], [-98.323008, 19.30416], [-98.323008, 19.292605]]]}}, {"type": "Feature", "id": 1752, "properties": {"seccion": 1752, "id": 1752, "municipio": 130, "nombre": "San Martin Texmelucan", "distrito_l": 7, "distrito_f": 1}, "geometry": {"type": "Polygon", "coordinates": [[[-98.408951, 19.30416], [-98.396673, 19.30416], [-98.396673, 19.315715], [-98.408951, 19.315715], [-98.408951, 19.30416]]]}}, {"type": "Feature", "id": 1753, "properties": {"seccion": 1753, "id": 1753, "municipio": 130, "nombre": "San Martin Texmelucan", "distrito_l": 7, "distrito_f": 1}, "geometry": {"type": "Polygon", "coordinates": [[[-98.396673, 19.30416], [-98.384395, 19.30416], [-98.384395, 19.315715], [-98.396673, 19.315715], [-98.396673, 19.30416]]]}}, {"type": "Feature", "id": 1755, "properties": {"seccion": 1755, "id": 1755, "municipio": 130, "nombre": "San Martin Texmelucan", "distrito_l": 7, "distrito_f": 1}, "geometry": {"type": "Polygon", "coordinates": [[[-98.384396, 19.30416], [-98.372118, 19.30416], [-98.372118, 19.315715], [-98.384396, 19.315715], [-98.384396, 19.30416]]]}}, {"type": "Feature", "id": 1757, "properties": {"seccion": 1757, "id": 1757, "municipio": 130, "nombre": "San Martin Texmelucan", "distrito_l": 7, "distrito_f": 1}, "geometry": {"type": "Polygon", "coordinates": [[[-98.372118, 19.30416], [-98.35984, 19.30416], [-98.35984, 19.315715], [-98.372118, 19.315715], [-98.372118, 19.30416]]]}}, {"type": "Feature", "id": 1758, "properties": {"seccion": 1758, "id": 1758, "municipio": 130, "nombre": "San Martin Texmelucan", "distrito_l": 7, "distrito_f": 1}, "geometry": {"type": "Polygon", "coordinates": [[[-98.35984, 19.30416], [-98.347562, 19.30416], [-98.347562, 19.315715], [-98.35984, 19.315715], [-98.35984, 19.30416]]]}}, {"type": "Feature", "id": 1759, "properties": {"seccion": 1759, "id": 1759, "municipio": 130, "nombre": "San Martin Texmelucan", "distrito_l": 7, "distrito_f": 1}, "geometry": {"type": "Polygon", "coordinates": [[[-98.347563, 19.30416], [-98.335285, 19.30416], [-98.335285, 19.315715], [-98.347563, 19.315715], [-98.347563, 19.30416]]]}}, {"type": "Feature", "id": 1760, "properties": {"seccion": 1760, "id": 1760, "municipio": 130, "nombre": "San Martin Texmelucan", "distrito_l": 7, "distrito_f": 1}, "geometry": {"type": "Polygon", "coordinates": [[[-98.335285, 19.30416], [-98.323007, 19.30416], [-98.323007, 19.315715], [-98.335285, 19.315715], [-98.335285, 19.30416]]]}}, {"type": "Feature", "id": 1761, "properties": {"seccion": 1761, "id": 1761, "municipio": 130, "nombre": "San Martin Texmelucan", "distrito_l": 7, "distrito_f": 1}, "geometry": {"type": "Polygon", "coordinates": [[[-98.323008, 19.30416], [-98.31073, 19.30416], [-98.31073, 19.315715], [-98.323008, 19.315715], [-98.323008, 19.30416]]]}}, {"type": "Feature", "id": 1762, "properties": {"seccion": 1762, "id": 1762, "municipio": 130, "nombre": "San Martin Texmelucan", "distrito_l": 7, "distrito_f": 1}, "geometry": {"type": "Polygon", "coordinates": [[[-98.408951, 19.315715], [-98.396673, 19.315715], [-98.396673, 19.32727], [-98.408951, 19.32727], [-98.408951, 19.315715]]]}}, {"type": "Feature", "id": 1763, "properties": {"seccion": 1763, "id": 1763, "municipio": 130, "nombre": "San Martin Texmelucan", "distrito_l": 7, "distrito_f": 1}, "geometry": {"type": "Polygon", "coordinates": [[[-98.396673, 19.315715], [-98.384395, 19.315715], [-98.384395, 19.32727], [-98.396673, 19.32727], [-98.396673, 19.315715]]]}}, {"type": "Feature", "id": 1764, "properties": {"seccion": 1764, "id": 1764, "municipio": 130, "nombre": "San Martin Texmelucan", "distrito_l": 7, "distrito_f": 1}, "geometry": {"type": "Polygon", "coordinates": [[[-98.384396, 19.315715], [-98.372118, 19.315715], [-98.372118, 19.32727], [-98.384396, 19.32727], [-98.384396, 19.315715]]]}}, {"type": "Feature", "id": 1765, "properties": {"seccion": 1765, "id": 1765, "municipio": 130, "nombre": "San Martin Texmelucan", "distrito_l": 7, "distrito_f": 1}, "geometry": {"type": "Polygon", "coordinates": [[[-98.372118, 19.315715], [-98.35984, 19.315715], [-98.35984, 19.32727], [-98.372118, 19.32727], [-98.372118, 19.315715]]]}}, {"type": "Feature", "id": 1767, "properties": {"seccion": 1767, "id": 1767, "municipio": 130, "nombre": "San Martin Texmelucan", "distrito_l": 7, "distrito_f": 1}, "geometry": {"type": "Polygon", "coordinates": [[[-98.35984, 19.315715], [-98.347562, 19.315715], [-98.347562, 19.32727], [-98.35984, 19.32727], [-98.35984, 19.315715]]]}}, {"type": "Feature", "id": 1768, "properties": {"seccion": 1768, "id": 1768, "municipio": 130, "nombre": "San Martin Texmelucan", "distrito_l": 7, "distrito_f": 1}, "geometry": {"type": "Polygon", "coordinates": [[[-98.347563, 19.315715], [-98.335285, 19.315715], [-98.335285, 19.32727], [-98.347563, 19.32727], [-98.347563, 19.315715]]]}}, {"type": "Feature", "id": 1769, "properties": {"seccion": 1769, "id": 1769, "municipio": 130, "nombre": "San Martin Texmelucan", "distrito_l": 7, "distrito_f": 1}, "geometry": {"type": "Polygon", "coordinates": [[[-98.335285, 19.315715], [-98.323007, 19.315715], [-98.323007, 19.32727], [-98.335285, 19.32727], [-98.335285, 19.315715]]]}}, {"type": "Feature", "id": 1770, "properties": {"seccion": 1770, "id": 1770, "municipio": 130, "nombre": "San Martin Texmelucan", "distrito_l": 7, "distrito_f": 1}, "geometry": {"type": "Polygon", "coordinates": [[[-98.323008, 19.315715], [-98.31073, 19.315715], [-98.31073, 19.32727], [-98.323008, 19.32727], [-98.323008, 19.315715]]]}}, {"type": "Feature", "id": 1771, "properties": {"seccion": 1771, "id": 1771, "municipio": 130, "nombre": "San Martin Texmelucan", "distrito_l": 7, "distrito_f": 1}, "geometry": {"type": "Polygon", "coordinates": [[[-98.408951, 19.32727], [-98.396673, 19.32727], [-98.396673, 19.338825], [-98.408951, 19.338825], [-98.408951, 19.32727]]]}}, {"type": "Feature", "id": 1772, "properties": {"seccion": 1772, "id": 1772, "municipio": 130, "nombre": "San Martin Texmelucan", "distrito_l": 7, "distrito_f": 1}, "geometry": {"type": "Polygon", "coordinates": [[[-98.396673, 19.32727], [-98.384395, 19.32727], [-98.384395, 19.338825], [-98.396673, 19.338825], [-98.396673, 19.32727]]]}}, {"type": "Feature", "id": 1773, "properties": {"seccion": 1773, "id": 1773, "municipio": 130, "nombre": "San Martin Texmelucan", "distrito_l": 7, "distrito_f": 1}, "geometry": {"type": "Polygon", "coordinates": [[[-98.384396, 19.32727], [-98.372118, 19.32727], [-98.372118, 19.338825], [-98.384396, 19.338825], [-98.384396, 19.32727]]]}}, {"type": "Feature", "id": 2769, "properties": {"seccion": 2769, "id": 2769, "municipio": 130, "nombre": "San Martin Texmelucan", "distrito_l": 7, "distrito_f": 1}, "geometry": {"type": "Polygon", "coordinates": [[[-98.372118, 19.32727], [-98.35984, 19.32727], [-98.35984, 19.338825], [-98.372118, 19.338825], [-98.372118, 19.32727]]]}}, {"type": "Feature", "id": 2770, "properties": {"seccion": 2770, "id": 2770, "municipio": 130, "nombre": "San Martin Texmelucan", "distrito_l": 7, "distrito_f": 1}, "geometry": {"type": "Polygon", "coordinates": [[[-98.35984, 19.32727], [-98.347562, 19.32727], [-98.347562, 19.338825], [-98.35984, 19.338825], [-98.35984, 19.32727]]]}}, {"type": "Feature", "id": 2771, "properties": {"seccion": 2771, "id": 2771, "municipio": 130, "nombre": "San Martin Texmelucan", "distrito_l": 7, "distrito_f": 1}, "geometry": {"type": "Polygon", "coordinates": [[[-98.347563, 19.32727], [-98.335285, 19.32727], [-98.335285, 19.338825], [-98.347563, 19.338825], [-98.347563, 19.32727]]]}}, {"type": "Feature", "id": 2772, "properties": {"seccion": 2772, "id": 2772, "municipio": 130, "nombre": "San Martin Texmelucan", "distrito_l": 7, "distrito_f": 1}, "geometry": {"type": "Polygon", "coordinates": [[[-98.335285, 19.32727], [-98.323007, 19.32727], [-98.323007, 19.338825], [-98.335285, 19.338825], [-98.335285, 19.32727]]]}}, {"type": "Feature", "id": 2773, "properties": {"seccion": 2773, "id": 2773, "municipio": 130, "nombre": "San Martin Texmelucan", "distrito_l": 7, "distrito_f": 1}, "geometry": {"type": "Polygon", "coordinates": [[[-98.323008, 19.32727], [-98.31073, 19.32727], [-98.31073, 19.338825], [-98.323008, 19.338825], [-98.323008, 19.32727]]]}}, {"type": "Feature", "id": 2818, "properties": {"seccion": 2818, "id": 2818, "municipio": 130, "nombre": "San Martin Texmelucan", "distrito_l": 7, "distrito_f": 1}, "geometry": {"type": "Polygon", "coordinates": [[[-98.408951, 19.338825], [-98.396673, 19.338825], [-98.396673, 19.35038], [-98.408951, 19.35038], [-98.408951, 19.338825]]]}}, {"type": "Feature", "id": 2819, "properties": {"seccion": 2819, "id": 2819, "municipio": 130, "nombre": "San Martin Texmelucan", "distrito_l": 7, "distrito_f": 1}, "geometry": {"type": "Polygon", "coordinates": [[[-98.396673, 19.338825], [-98.384395, 19.338825], [-98.384395, 19.35038], [-98.396673, 19.35038], [-98.396673, 19.338825]]]}}, {"type": "Feature", "id": 1774, "properties": {"seccion": 1774, "id": 1774, "municipio": 131, "nombre": "San Martin Totoltepec", "distrito_l": 23, "distrito_f": 1}, "geometry": {"type": "Polygon", "coordinates": [[[-98.2994384765625, 18.7418994903566], [-98.2957687377929, 18.7360706329346], [-98.293083190918, 18.7320404052735], [-98.2906265258788, 18.7282295227052], [-98.2874526977539, 18.7230606079102], [-98.2852478027344, 18.7196998596191], [-98.2835388183594, 18.7170104980469], [-98.2847671508789, 18.7124500274659], [-98.287239074707, 18.70947265625], [-98.2884674072266, 18.7076301574708], [-98.2906875610352, 18.705099105835], [-98.2973480224609, 18.6979503631593], [-98.3049621582031, 18.701000213623], [-98.3088760375977, 18.7025203704835], [-98.3118362426758, 18.7035999298095], [-98.3150329589843, 18.7053604125977], [-98.3189468383788, 18.7080116271974], [-98.321662902832, 18.7111396789551], [-98.323112487793, 18.7149696350098], [-98.3233489990234, 18.7199497222902], [-98.3223419189453, 18.7247295379639], [-98.3208618164062, 18.7283782958984], [-98.3191299438476, 18.7324905395509], [-98.3171615600585, 18.7368412017822], [-98.3146820068358, 18.7405109405518], [-98.3119659423828, 18.7421417236328], [-98.3087768554688, 18.7428798675538], [-98.3036193847655, 18.7425098419189], [-98.2994384765625, 18.7418994903566]]]}}, {"type": "Feature", "id": 1775, "properties": {"seccion": 1775, "id": 1775, "municipio": 132, "nombre": "San Matias Tlalancaleca", "distrito_l": 7, "distrito_f": 1}, "geometry": {"type": "Polygon", "coordinates": [[[-98.457733, 19.312771], [-98.425407, 19.312771], [-98.425407, 19.336865], [-98.457733, 19.336865], [-98.457733, 19.312771]]]}}, {"type": "Feature", "id": 1776, "properties": {"seccion": 1776, "id": 1776, "municipio": 132, "nombre": "San Matias Tlalancaleca", "distrito_l": 7, "distrito_f": 1}, "geometry": {"type": "Polygon", "coordinates": [[[-98.425407, 19.312771], [-98.393081, 19.312771], [-98.393081, 19.336865], [-98.425407, 19.336865], [-98.425407, 19.312771]]]}}, {"type": "Feature", "id": 1777, "properties": {"seccion": 1777, "id": 1777, "municipio": 132, "nombre": "San Matias Tlalancaleca", "distrito_l": 7, "distrito_f": 1}, "geometry": {"type": "Polygon", "coordinates": [[[-98.393082, 19.312771], [-98.360756, 19.312771], [-98.360756, 19.336865], [-98.393082, 19.336865], [-98.393082, 19.312771]]]}}, {"type": "Feature", "id": 1778, "properties": {"seccion": 1778, "id": 1778, "municipio": 132, "nombre": "San Matias Tlalancaleca", "distrito_l": 7, "distrito_f": 1}, "geometry": {"type": "Polygon", "coordinates": [[[-98.457733, 19.336864], [-98.425407, 19.336864], [-98.425407, 19.360958], [-98.457733, 19.360958], [-98.457733, 19.336864]]]}}, {"type": "Feature", "id": 1779, "properties": {"seccion": 1779, "id": 1779, "municipio": 132, "nombre": "San Matias Tlalancaleca", "distrito_l": 7, "distrito_f": 1}, "geometry": {"type": "Polygon", "coordinates": [[[-98.425407, 19.336864], [-98.393081, 19.336864], [-98.393081, 19.360958], [-98.425407, 19.360958], [-98.425407, 19.336864]]]}}, {"type": "Feature", "id": 1780, "properties": {"seccion": 1780, "id": 1780, "municipio": 132, "nombre": "San Matias Tlalancaleca", "distrito_l": 7, "distrito_f": 1}, "geometry": {"type": "Polygon", "coordinates": [[[-98.393082, 19.336864], [-98.360756, 19.336864], [-98.360756, 19.360958], [-98.393082, 19.360958], [-98.393082, 19.336864]]]}}, {"type": "Feature", "id": 1781, "properties": {"seccion": 1781, "id": 1781, "municipio": 132, "nombre": "San Matias Tlalancaleca", "distrito_l": 7, "distrito_f": 1}, "geometry": {"type": "Polygon", "coordinates": [[[-98.457733, 19.360958], [-98.425407, 19.360958], [-98.425407, 19.385052], [-98.457733, 19.385052], [-98.457733, 19.360958]]]}}, {"type": "Feature", "id": 1782, "properties": {"seccion": 1782, "id": 1782, "municipio": 132, "nombre": "San Matias Tlalancaleca", "distrito_l": 7, "distrito_f": 1}, "geometry": {"type": "Polygon", "coordinates": [[[-98.425407, 19.360958], [-98.393081, 19.360958], [-98.393081, 19.385052], [-98.425407, 19.385052], [-98.425407, 19.360958]]]}}, {"type": "Feature", "id": 1783, "properties": {"seccion": 1783, "id": 1783, "municipio": 132, "nombre": "San Matias Tlalancaleca", "distrito_l": 7, "distrito_f": 1}, "geometry": {"type": "Polygon", "coordinates": [[[-98.393082, 19.360958], [-98.360756, 19.360958], [-98.360756, 19.385052], [-98.393082, 19.385052], [-98.393082, 19.360958]]]}}, {"type": "Feature", "id": 1784, "properties": {"seccion": 1784, "id": 1784, "municipio": 133, "nombre": "San Miguel Ixitlan", "distrito_l": 23, "distrito_f": 1}, "geometry": {"type": "Polygon", "coordinates": [[[-97.7633590698242, 18.0844097137451], [-97.7645721435546, 18.0873298645021], [-97.7645416259766, 18.09250831604], [-97.7625579833984, 18.0993003845215], [-97.7598419189453, 18.1047382354736], [-97.7571258544922, 18.1106319427491], [-97.7529373168945, 18.1178894042969], [-97.7487564086913, 18.1242504119873], [-97.7440872192382, 18.1310691833496], [-97.7353973388671, 18.1438808441162], [-97.7293395996094, 18.1349391937256], [-97.7236862182617, 18.1264801025391], [-97.7195358276367, 18.1222705841064], [-97.7124481201172, 18.1167507171632], [-97.7044067382812, 18.1105728149414], [-97.6939468383789, 18.1032810211182], [-97.6815872192383, 18.0957908630371], [-97.6762619018554, 18.0922527313232], [-97.6670761108398, 18.0860595703126], [-97.6612930297851, 18.0827503204345], [-97.6485061645507, 18.077262878418], [-97.6386489868164, 18.0717182159424], [-97.629768371582, 18.06369972229], [-97.6266326904297, 18.054479598999], [-97.6268768310546, 18.0474815368653], [-97.6311798095703, 18.0404510498047], [-97.6364517211914, 18.0352210998536], [-97.6402969360352, 18.0324707031251], [-97.6448593139648, 18.0299396514893], [-97.649169921875, 18.0280895233155], [-97.6530227661132, 18.0255699157714], [-97.6628570556641, 18.0162200927735], [-97.6713027954101, 18.0088195800782], [-97.6743469238281, 18.0121612548828], [-97.6774673461914, 18.015079498291], [-97.6820220947266, 18.0186595916749], [-97.6865768432617, 18.0217895507813], [-97.6909332275391, 18.0242404937744], [-97.6969604492187, 18.0264606475831], [-97.7025070190429, 18.0286808013917], [-97.7068481445312, 18.0324783325196], [-97.709716796875, 18.0369606018067], [-97.7121200561523, 18.0416698455811], [-97.7147674560547, 18.045482635498], [-97.718879699707, 18.0486011505126], [-97.7276229858398, 18.0530300140381], [-97.7336807250976, 18.0565795898437], [-97.7380523681641, 18.0592403411865], [-97.7451095581055, 18.0636711120607], [-97.7502288818359, 18.0674381256105], [-97.7541198730469, 18.0712299346924], [-97.7594680786133, 18.0788307189941], [-97.7614059448242, 18.0815105438232], [-97.7633590698242, 18.0844097137451]]]}}, {"type": "Feature", "id": 1785, "properties": {"seccion": 1785, "id": 1785, "municipio": 134, "nombre": "San Miguel Xoxtla", "distrito_l": 8, "distrito_f": 1}, "geometry": {"type": "Polygon", "coordinates": [[[-98.266533, 19.149509], [-98.239025, 19.149509], [-98.239025, 19.175479], [-98.266533, 19.175479], [-98.266533, 19.149509]]]}}, {"type": "Feature", "id": 1786, "properties": {"seccion": 1786, "id": 1786, "municipio": 134, "nombre": "San Miguel Xoxtla", "distrito_l": 8, "distrito_f": 1}, "geometry": {"type": "Polygon", "coordinates": [[[-98.239025, 19.149509], [-98.211517, 19.149509], [-98.211517, 19.175479], [-98.239025, 19.175479], [-98.239025, 19.149509]]]}}, {"type": "Feature", "id": 1787, "properties": {"seccion": 1787, "id": 1787, "municipio": 134, "nombre": "San Miguel Xoxtla", "distrito_l": 8, "distrito_f": 1}, "geometry": {"type": "Polygon", "coordinates": [[[-98.266533, 19.17548], [-98.239025, 19.17548], [-98.239025, 19.20145], [-98.266533, 19.20145], [-98.266533, 19.17548]]]}}, {"type": "Feature", "id": 1788, "properties": {"seccion": 1788, "id": 1788, "municipio": 134, "nombre": "San Miguel Xoxtla", "distrito_l": 8, "distrito_f": 1}, "geometry": {"type": "Polygon", "coordinates": [[[-98.239025, 19.17548], [-98.211517, 19.17548], [-98.211517, 19.20145], [-98.239025, 19.20145], [-98.239025, 19.17548]]]}}, {"type": "Feature", "id": 1789, "properties": {"seccion": 1789, "id": 1789, "municipio": 135, "nombre": "San Nicolas Buenos Aires", "distrito_l": 14, "distrito_f": 1}, "geometry": {"type": "Polygon", "coordinates": [[[-97.481537, 19.16007], [-97.433451, 19.16007], [-97.433451, 19.269405], [-97.481537, 19.269405], [-97.481537, 19.16007]]]}}, {"type": "Feature", "id": 1790, "properties": {"seccion": 1790, "id": 1790, "municipio": 135, "nombre": "San Nicolas Buenos Aires", "distrito_l": 14, "distrito_f": 1}, "geometry": {"type": "Polygon", "coordinates": [[[-97.433451, 19.16007], [-97.385365, 19.16007], [-97.385365, 19.269405], [-97.433451, 19.269405], [-97.433451, 19.16007]]]}}, {"type": "Feature", "id": 1791, "properties": {"seccion": 1791, "id": 1791, "municipio": 135, "nombre": "San Nicolas Buenos Aires", "distrito_l": 14, "distrito_f": 1}, "geometry": {"type": "Polygon", "coordinates": [[[-97.385366, 19.16007], [-97.33728, 19.16007], [-97.33728, 19.269405], [-97.385366, 19.269405], [-97.385366, 19.16007]]]}}, {"type": "Feature", "id": 1792, "properties": {"seccion": 1792, "id": 1792, "municipio": 135, "nombre": "San Nicolas Buenos Aires", "distrito_l": 14, "distrito_f": 1}, "geometry": {"type": "Polygon", "coordinates": [[[-97.481537, 19.269405], [-97.433451, 19.269405], [-97.433451, 19.37874], [-97.481537, 19.37874], [-97.481537, 19.269405]]]}}, {"type": "Feature", "id": 2748, "properties": {"seccion": 2748, "id": 2748, "municipio": 135, "nombre": "San Nicolas Buenos Aires", "distrito_l": 14, "distrito_f": 1}, "geometry": {"type": "Polygon", "coordinates": [[[-97.433451, 19.269405], [-97.385365, 19.269405], [-97.385365, 19.37874], [-97.433451, 19.37874], [-97.433451, 19.269405]]]}}, {"type": "Feature", "id": 1793, "properties": {"seccion": 1793, "id": 1793, "municipio": 136, "nombre": "San Nicolas De Los Ranchos", "distrito_l": 22, "distrito_f": 1}, "geometry": {"type": "Polygon", "coordinates": [[[-98.551132, 19.036161], [-98.494982, 19.036161], [-98.494982, 19.113036], [-98.551132, 19.113036], [-98.551132, 19.036161]]]}}, {"type": "Feature", "id": 1794, "properties": {"seccion": 1794, "id": 1794, "municipio": 136, "nombre": "San Nicolas De Los Ranchos", "distrito_l": 22, "distrito_f": 1}, "geometry": {"type": "Polygon", "coordinates": [[[-98.494982, 19.036161], [-98.438832, 19.036161], [-98.438832, 19.113036], [-98.494982, 19.113036], [-98.494982, 19.036161]]]}}, {"type": "Feature", "id": 1795, "properties": {"seccion": 1795, "id": 1795, "municipio": 136, "nombre": "San Nicolas De Los Ranchos", "distrito_l": 22, "distrito_f": 1}, "geometry": {"type": "Polygon", "coordinates": [[[-98.438833, 19.036161], [-98.382683, 19.036161], [-98.382683, 19.113036], [-98.438833, 19.113036], [-98.438833, 19.036161]]]}}, {"type": "Feature", "id": 1796, "properties": {"seccion": 1796, "id": 1796, "municipio": 136, "nombre": "San Nicolas De Los Ranchos", "distrito_l": 22, "distrito_f": 1}, "geometry": {"type": "Polygon", "coordinates": [[[-98.551132, 19.113036], [-98.494982, 19.113036], [-98.494982, 19.189911], [-98.551132, 19.189911], [-98.551132, 19.113036]]]}}, {"type": "Feature", "id": 1797, "properties": {"seccion": 1797, "id": 1797, "municipio": 136, "nombre": "San Nicolas De Los Ranchos", "distrito_l": 22, "distrito_f": 1}, "geometry": {"type": "Polygon", "coordinates": [[[-98.494982, 19.113036], [-98.438832, 19.113036], [-98.438832, 19.189911], [-98.494982, 19.189911], [-98.494982, 19.113036]]]}}, {"type": "Feature", "id": 1798, "properties": {"seccion": 1798, "id": 1798, "municipio": 137, "nombre": "San Pablo Anicano", "distrito_l": 23, "distrito_f": 1}, "geometry": {"type": "Polygon", "coordinates": [[[-98.063881, 18.146973], [-98.0196, 18.146973], [-98.0196, 18.260599], [-98.063881, 18.260599], [-98.063881, 18.146973]]]}}, {"type": "Feature", "id": 1799, "properties": {"seccion": 1799, "id": 1799, "municipio": 137, "nombre": "San Pablo Anicano", "distrito_l": 23, "distrito_f": 1}, "geometry": {"type": "Polygon", "coordinates": [[[-98.0196, 18.146973], [-97.975319, 18.146973], [-97.975319, 18.260599], [-98.0196, 18.260599], [-98.0196, 18.146973]]]}}, {"type": "Feature", "id": 1800, "properties": {"seccion": 1800, "id": 1800, "municipio": 138, "nombre": "San Pedro Cholula", "distrito_l": 18, "distrito_f": 1}, "geometry": {"type": "Polygon", "coordinates": [[[-98.314018, 19.061871], [-98.295902, 19.061871], [-98.295902, 19.071565], [-98.314018, 19.071565], [-98.314018, 19.061871]]]}}, {"type": "Feature", "id": 1801, "properties": {"seccion": 1801, "id": 1801, "municipio": 138, "nombre": "San Pedro Cholula", "distrito_l": 18, "distrito_f": 1}, "geometry": {"type": "Polygon", "coordinates": [[[-98.295902, 19.061871], [-98.277786, 19.061871], [-98.277786, 19.071565], [-98.295902, 19.071565], [-98.295902, 19.061871]]]}}, {"type": "Feature", "id": 1802, "properties": {"seccion": 1802, "id": 1802, "municipio": 138, "nombre": "San Pedro Cholula", "distrito_l": 18, "distrito_f": 1}, "geometry": {"type": "Polygon", "coordinates": [[[-98.277786, 19.061871], [-98.25967, 19.061871], [-98.25967, 19.071565], [-98.277786, 19.071565], [-98.277786, 19.061871]]]}}, {"type": "Feature", "id": 1803, "properties": {"seccion": 1803, "id": 1803, "municipio": 138, "nombre": "San Pedro Cholula", "distrito_l": 18, "distrito_f": 1}, "geometry": {"type": "Polygon", "coordinates": [[[-98.25967, 19.061871], [-98.241554, 19.061871], [-98.241554, 19.071565], [-98.25967, 19.071565], [-98.25967, 19.061871]]]}}, {"type": "Feature", "id": 1804, "properties": {"seccion": 1804, "id": 1804, "municipio": 138, "nombre": "San Pedro Cholula", "distrito_l": 18, "distrito_f": 1}, "geometry": {"type": "Polygon", "coordinates": [[[-98.241554, 19.061871], [-98.223438, 19.061871], [-98.223438, 19.071565], [-98.241554, 19.071565], [-98.241554, 19.061871]]]}}, {"type": "Feature", "id": 1805, "properties": {"seccion": 1805, "id": 1805, "municipio": 138, "nombre": "San Pedro Cholula", "distrito_l": 18, "distrito_f": 1}, "geometry": {"type": "Polygon", "coordinates": [[[-98.223438, 19.061871], [-98.205322, 19.061871], [-98.205322, 19.071565], [-98.223438, 19.071565], [-98.223438, 19.061871]]]}}, {"type": "Feature", "id": 1806, "properties": {"seccion": 1806, "id": 1806, "municipio": 138, "nombre": "San Pedro Cholula", "distrito_l": 18, "distrito_f": 1}, "geometry": {"type": "Polygon", "coordinates": [[[-98.205322, 19.061871], [-98.187206, 19.061871], [-98.187206, 19.071565], [-98.205322, 19.071565], [-98.205322, 19.061871]]]}}, {"type": "Feature", "id": 1807, "properties": {"seccion": 1807, "id": 1807, "municipio": 138, "nombre": "San Pedro Cholula", "distrito_l": 18, "distrito_f": 1}, "geometry": {"type": "Polygon", "coordinates": [[[-98.187206, 19.061871], [-98.16909, 19.061871], [-98.16909, 19.071565], [-98.187206, 19.071565], [-98.187206, 19.061871]]]}}, {"type": "Feature", "id": 1808, "properties": {"seccion": 1808, "id": 1808, "municipio": 138, "nombre": "San Pedro Cholula", "distrito_l": 18, "distrito_f": 1}, "geometry": {"type": "Polygon", "coordinates": [[[-98.314018, 19.071565], [-98.295902, 19.071565], [-98.295902, 19.081259], [-98.314018, 19.081259], [-98.314018, 19.071565]]]}}, {"type": "Feature", "id": 1809, "properties": {"seccion": 1809, "id": 1809, "municipio": 138, "nombre": "San Pedro Cholula", "distrito_l": 18, "distrito_f": 1}, "geometry": {"type": "Polygon", "coordinates": [[[-98.295902, 19.071565], [-98.277786, 19.071565], [-98.277786, 19.081259], [-98.295902, 19.081259], [-98.295902, 19.071565]]]}}, {"type": "Feature", "id": 1810, "properties": {"seccion": 1810, "id": 1810, "municipio": 138, "nombre": "San Pedro Cholula", "distrito_l": 18, "distrito_f": 1}, "geometry": {"type": "Polygon", "coordinates": [[[-98.277786, 19.071565], [-98.25967, 19.071565], [-98.25967, 19.081259], [-98.277786, 19.081259], [-98.277786, 19.071565]]]}}, {"type": "Feature", "id": 1811, "properties": {"seccion": 1811, "id": 1811, "municipio": 138, "nombre": "San Pedro Cholula", "distrito_l": 18, "distrito_f": 1}, "geometry": {"type": "Polygon", "coordinates": [[[-98.25967, 19.071565], [-98.241554, 19.071565], [-98.241554, 19.081259], [-98.25967, 19.081259], [-98.25967, 19.071565]]]}}, {"type": "Feature", "id": 1812, "properties": {"seccion": 1812, "id": 1812, "municipio": 138, "nombre": "San Pedro Cholula", "distrito_l": 18, "distrito_f": 1}, "geometry": {"type": "Polygon", "coordinates": [[[-98.241554, 19.071565], [-98.223438, 19.071565], [-98.223438, 19.081259], [-98.241554, 19.081259], [-98.241554, 19.071565]]]}}, {"type": "Feature", "id": 1813, "properties": {"seccion": 1813, "id": 1813, "municipio": 138, "nombre": "San Pedro Cholula", "distrito_l": 18, "distrito_f": 1}, "geometry": {"type": "Polygon", "coordinates": [[[-98.223438, 19.071565], [-98.205322, 19.071565], [-98.205322, 19.081259], [-98.223438, 19.081259], [-98.223438, 19.071565]]]}}, {"type": "Feature", "id": 1814, "properties": {"seccion": 1814, "id": 1814, "municipio": 138, "nombre": "San Pedro Cholula", "distrito_l": 18, "distrito_f": 1}, "geometry": {"type": "Polygon", "coordinates": [[[-98.205322, 19.071565], [-98.187206, 19.071565], [-98.187206, 19.081259], [-98.205322, 19.081259], [-98.205322, 19.071565]]]}}, {"type": "Feature", "id": 1815, "properties": {"seccion": 1815, "id": 1815, "municipio": 138, "nombre": "San Pedro Cholula", "distrito_l": 18, "distrito_f": 1}, "geometry": {"type": "Polygon", "coordinates": [[[-98.187206, 19.071565], [-98.16909, 19.071565], [-98.16909, 19.081259], [-98.187206, 19.081259], [-98.187206, 19.071565]]]}}, {"type": "Feature", "id": 1816, "properties": {"seccion": 1816, "id": 1816, "municipio": 138, "nombre": "San Pedro Cholula", "distrito_l": 18, "distrito_f": 1}, "geometry": {"type": "Polygon", "coordinates": [[[-98.314018, 19.081259], [-98.295902, 19.081259], [-98.295902, 19.090953], [-98.314018, 19.090953], [-98.314018, 19.081259]]]}}, {"type": "Feature", "id": 1817, "properties": {"seccion": 1817, "id": 1817, "municipio": 138, "nombre": "San Pedro Cholula", "distrito_l": 18, "distrito_f": 1}, "geometry": {"type": "Polygon", "coordinates": [[[-98.295902, 19.081259], [-98.277786, 19.081259], [-98.277786, 19.090953], [-98.295902, 19.090953], [-98.295902, 19.081259]]]}}, {"type": "Feature", "id": 1818, "properties": {"seccion": 1818, "id": 1818, "municipio": 138, "nombre": "San Pedro Cholula", "distrito_l": 18, "distrito_f": 1}, "geometry": {"type": "Polygon", "coordinates": [[[-98.277786, 19.081259], [-98.25967, 19.081259], [-98.25967, 19.090953], [-98.277786, 19.090953], [-98.277786, 19.081259]]]}}, {"type": "Feature", "id": 1819, "properties": {"seccion": 1819, "id": 1819, "municipio": 138, "nombre": "San Pedro Cholula", "distrito_l": 18, "distrito_f": 1}, "geometry": {"type": "Polygon", "coordinates": [[[-98.25967, 19.081259], [-98.241554, 19.081259], [-98.241554, 19.090953], [-98.25967, 19.090953], [-98.25967, 19.081259]]]}}, {"type": "Feature", "id": 1820, "properties": {"seccion": 1820, "id": 1820, "municipio": 138, "nombre": "San Pedro Cholula", "distrito_l": 18, "distrito_f": 1}, "geometry": {"type": "Polygon", "coordinates": [[[-98.241554, 19.081259], [-98.223438, 19.081259], [-98.223438, 19.090953], [-98.241554, 19.090953], [-98.241554, 19.081259]]]}}, {"type": "Feature", "id": 1821, "properties": {"seccion": 1821, "id": 1821, "municipio": 138, "nombre": "San Pedro Cholula", "distrito_l": 18, "distrito_f": 1}, "geometry": {"type": "Polygon", "coordinates": [[[-98.223438, 19.081259], [-98.205322, 19.081259], [-98.205322, 19.090953], [-98.223438, 19.090953], [-98.223438, 19.081259]]]}}, {"type": "Feature", "id": 1822, "properties": {"seccion": 1822, "id": 1822, "municipio": 138, "nombre": "San Pedro Cholula", "distrito_l": 18, "distrito_f": 1}, "geometry": {"type": "Polygon", "coordinates": [[[-98.205322, 19.081259], [-98.187206, 19.081259], [-98.187206, 19.090953], [-98.205322, 19.090953], [-98.205322, 19.081259]]]}}, {"type": "Feature", "id": 1823, "properties": {"seccion": 1823, "id": 1823, "municipio": 138, "nombre": "San Pedro Cholula", "distrito_l": 18, "distrito_f": 1}, "geometry": {"type": "Polygon", "coordinates": [[[-98.187206, 19.081259], [-98.16909, 19.081259], [-98.16909, 19.090953], [-98.187206, 19.090953], [-98.187206, 19.081259]]]}}, {"type": "Feature", "id": 1824, "properties": {"seccion": 1824, "id": 1824, "municipio": 138, "nombre": "San Pedro Cholula", "distrito_l": 18, "distrito_f": 1}, "geometry": {"type": "Polygon", "coordinates": [[[-98.314018, 19.090953], [-98.295902, 19.090953], [-98.295902, 19.100647], [-98.314018, 19.100647], [-98.314018, 19.090953]]]}}, {"type": "Feature", "id": 1825, "properties": {"seccion": 1825, "id": 1825, "municipio": 138, "nombre": "San Pedro Cholula", "distrito_l": 18, "distrito_f": 1}, "geometry": {"type": "Polygon", "coordinates": [[[-98.295902, 19.090953], [-98.277786, 19.090953], [-98.277786, 19.100647], [-98.295902, 19.100647], [-98.295902, 19.090953]]]}}, {"type": "Feature", "id": 1826, "properties": {"seccion": 1826, "id": 1826, "municipio": 138, "nombre": "San Pedro Cholula", "distrito_l": 18, "distrito_f": 1}, "geometry": {"type": "Polygon", "coordinates": [[[-98.277786, 19.090953], [-98.25967, 19.090953], [-98.25967, 19.100647], [-98.277786, 19.100647], [-98.277786, 19.090953]]]}}, {"type": "Feature", "id": 1827, "properties": {"seccion": 1827, "id": 1827, "municipio": 138, "nombre": "San Pedro Cholula", "distrito_l": 18, "distrito_f": 1}, "geometry": {"type": "Polygon", "coordinates": [[[-98.25967, 19.090953], [-98.241554, 19.090953], [-98.241554, 19.100647], [-98.25967, 19.100647], [-98.25967, 19.090953]]]}}, {"type": "Feature", "id": 1828, "properties": {"seccion": 1828, "id": 1828, "municipio": 138, "nombre": "San Pedro Cholula", "distrito_l": 18, "distrito_f": 1}, "geometry": {"type": "Polygon", "coordinates": [[[-98.241554, 19.090953], [-98.223438, 19.090953], [-98.223438, 19.100647], [-98.241554, 19.100647], [-98.241554, 19.090953]]]}}, {"type": "Feature", "id": 1829, "properties": {"seccion": 1829, "id": 1829, "municipio": 138, "nombre": "San Pedro Cholula", "distrito_l": 18, "distrito_f": 1}, "geometry": {"type": "Polygon", "coordinates": [[[-98.223438, 19.090953], [-98.205322, 19.090953], [-98.205322, 19.100647], [-98.223438, 19.100647], [-98.223438, 19.090953]]]}}, {"type": "Feature", "id": 1830, "properties": {"seccion": 1830, "id": 1830, "municipio": 138, "nombre": "San Pedro Cholula", "distrito_l": 18, "distrito_f": 1}, "geometry": {"type": "Polygon", "coordinates": [[[-98.205322, 19.090953], [-98.187206, 19.090953], [-98.187206, 19.100647], [-98.205322, 19.100647], [-98.205322, 19.090953]]]}}, {"type": "Feature", "id": 1831, "properties": {"seccion": 1831, "id": 1831, "municipio": 138, "nombre": "San Pedro Cholula", "distrito_l": 18, "distrito_f": 1}, "geometry": {"type": "Polygon", "coordinates": [[[-98.187206, 19.090953], [-98.16909, 19.090953], [-98.16909, 19.100647], [-98.187206, 19.100647], [-98.187206, 19.090953]]]}}, {"type": "Feature", "id": 1832, "properties": {"seccion": 1832, "id": 1832, "municipio": 138, "nombre": "San Pedro Cholula", "distrito_l": 18, "distrito_f": 1}, "geometry": {"type": "Polygon", "coordinates": [[[-98.314018, 19.100648], [-98.295902, 19.100648], [-98.295902, 19.110342], [-98.314018, 19.110342], [-98.314018, 19.100648]]]}}, {"type": "Feature", "id": 1833, "properties": {"seccion": 1833, "id": 1833, "municipio": 138, "nombre": "San Pedro Cholula", "distrito_l": 18, "distrito_f": 1}, "geometry": {"type": "Polygon", "coordinates": [[[-98.295902, 19.100648], [-98.277786, 19.100648], [-98.277786, 19.110342], [-98.295902, 19.110342], [-98.295902, 19.100648]]]}}, {"type": "Feature", "id": 1834, "properties": {"seccion": 1834, "id": 1834, "municipio": 138, "nombre": "San Pedro Cholula", "distrito_l": 18, "distrito_f": 1}, "geometry": {"type": "Polygon", "coordinates": [[[-98.277786, 19.100648], [-98.25967, 19.100648], [-98.25967, 19.110342], [-98.277786, 19.110342], [-98.277786, 19.100648]]]}}, {"type": "Feature", "id": 1835, "properties": {"seccion": 1835, "id": 1835, "municipio": 138, "nombre": "San Pedro Cholula", "distrito_l": 18, "distrito_f": 1}, "geometry": {"type": "Polygon", "coordinates": [[[-98.25967, 19.100648], [-98.241554, 19.100648], [-98.241554, 19.110342], [-98.25967, 19.110342], [-98.25967, 19.100648]]]}}, {"type": "Feature", "id": 1836, "properties": {"seccion": 1836, "id": 1836, "municipio": 138, "nombre": "San Pedro Cholula", "distrito_l": 18, "distrito_f": 1}, "geometry": {"type": "Polygon", "coordinates": [[[-98.241554, 19.100648], [-98.223438, 19.100648], [-98.223438, 19.110342], [-98.241554, 19.110342], [-98.241554, 19.100648]]]}}, {"type": "Feature", "id": 1837, "properties": {"seccion": 1837, "id": 1837, "municipio": 138, "nombre": "San Pedro Cholula", "distrito_l": 18, "distrito_f": 1}, "geometry": {"type": "Polygon", "coordinates": [[[-98.223438, 19.100648], [-98.205322, 19.100648], [-98.205322, 19.110342], [-98.223438, 19.110342], [-98.223438, 19.100648]]]}}, {"type": "Feature", "id": 1838, "properties": {"seccion": 1838, "id": 1838, "municipio": 138, "nombre": "San Pedro Cholula", "distrito_l": 18, "distrito_f": 1}, "geometry": {"type": "Polygon", "coordinates": [[[-98.205322, 19.100648], [-98.187206, 19.100648], [-98.187206, 19.110342], [-98.205322, 19.110342], [-98.205322, 19.100648]]]}}, {"type": "Feature", "id": 1839, "properties": {"seccion": 1839, "id": 1839, "municipio": 138, "nombre": "San Pedro Cholula", "distrito_l": 18, "distrito_f": 1}, "geometry": {"type": "Polygon", "coordinates": [[[-98.187206, 19.100648], [-98.16909, 19.100648], [-98.16909, 19.110342], [-98.187206, 19.110342], [-98.187206, 19.100648]]]}}, {"type": "Feature", "id": 1841, "properties": {"seccion": 1841, "id": 1841, "municipio": 138, "nombre": "San Pedro Cholula", "distrito_l": 18, "distrito_f": 1}, "geometry": {"type": "Polygon", "coordinates": [[[-98.314018, 19.110342], [-98.295902, 19.110342], [-98.295902, 19.120036], [-98.314018, 19.120036], [-98.314018, 19.110342]]]}}, {"type": "Feature", "id": 1842, "properties": {"seccion": 1842, "id": 1842, "municipio": 138, "nombre": "San Pedro Cholula", "distrito_l": 18, "distrito_f": 1}, "geometry": {"type": "Polygon", "coordinates": [[[-98.295902, 19.110342], [-98.277786, 19.110342], [-98.277786, 19.120036], [-98.295902, 19.120036], [-98.295902, 19.110342]]]}}, {"type": "Feature", "id": 1843, "properties": {"seccion": 1843, "id": 1843, "municipio": 138, "nombre": "San Pedro Cholula", "distrito_l": 18, "distrito_f": 1}, "geometry": {"type": "Polygon", "coordinates": [[[-98.277786, 19.110342], [-98.25967, 19.110342], [-98.25967, 19.120036], [-98.277786, 19.120036], [-98.277786, 19.110342]]]}}, {"type": "Feature", "id": 1844, "properties": {"seccion": 1844, "id": 1844, "municipio": 138, "nombre": "San Pedro Cholula", "distrito_l": 18, "distrito_f": 1}, "geometry": {"type": "Polygon", "coordinates": [[[-98.25967, 19.110342], [-98.241554, 19.110342], [-98.241554, 19.120036], [-98.25967, 19.120036], [-98.25967, 19.110342]]]}}, {"type": "Feature", "id": 1845, "properties": {"seccion": 1845, "id": 1845, "municipio": 138, "nombre": "San Pedro Cholula", "distrito_l": 18, "distrito_f": 1}, "geometry": {"type": "Polygon", "coordinates": [[[-98.241554, 19.110342], [-98.223438, 19.110342], [-98.223438, 19.120036], [-98.241554, 19.120036], [-98.241554, 19.110342]]]}}, {"type": "Feature", "id": 2787, "properties": {"seccion": 2787, "id": 2787, "municipio": 138, "nombre": "San Pedro Cholula", "distrito_l": 18, "distrito_f": 1}, "geometry": {"type": "Polygon", "coordinates": [[[-98.223438, 19.110342], [-98.205322, 19.110342], [-98.205322, 19.120036], [-98.223438, 19.120036], [-98.223438, 19.110342]]]}}, {"type": "Feature", "id": 2788, "properties": {"seccion": 2788, "id": 2788, "municipio": 138, "nombre": "San Pedro Cholula", "distrito_l": 18, "distrito_f": 1}, "geometry": {"type": "Polygon", "coordinates": [[[-98.205322, 19.110342], [-98.187206, 19.110342], [-98.187206, 19.120036], [-98.205322, 19.120036], [-98.205322, 19.110342]]]}}, {"type": "Feature", "id": 2789, "properties": {"seccion": 2789, "id": 2789, "municipio": 138, "nombre": "San Pedro Cholula", "distrito_l": 18, "distrito_f": 1}, "geometry": {"type": "Polygon", "coordinates": [[[-98.187206, 19.110342], [-98.16909, 19.110342], [-98.16909, 19.120036], [-98.187206, 19.120036], [-98.187206, 19.110342]]]}}, {"type": "Feature", "id": 2790, "properties": {"seccion": 2790, "id": 2790, "municipio": 138, "nombre": "San Pedro Cholula", "distrito_l": 18, "distrito_f": 1}, "geometry": {"type": "Polygon", "coordinates": [[[-98.314018, 19.120036], [-98.295902, 19.120036], [-98.295902, 19.12973], [-98.314018, 19.12973], [-98.314018, 19.120036]]]}}, {"type": "Feature", "id": 2791, "properties": {"seccion": 2791, "id": 2791, "municipio": 138, "nombre": "San Pedro Cholula", "distrito_l": 18, "distrito_f": 1}, "geometry": {"type": "Polygon", "coordinates": [[[-98.295902, 19.120036], [-98.277786, 19.120036], [-98.277786, 19.12973], [-98.295902, 19.12973], [-98.295902, 19.120036]]]}}, {"type": "Feature", "id": 1846, "properties": {"seccion": 1846, "id": 1846, "municipio": 139, "nombre": "San Pedro Yeloixtlahuaca", "distrito_l": 23, "distrito_f": 1}, "geometry": {"type": "Polygon", "coordinates": [[[-98.061882, 18.024931], [-97.9562, 18.024931], [-97.9562, 18.17049], [-98.061882, 18.17049], [-98.061882, 18.024931]]]}}, {"type": "Feature", "id": 1847, "properties": {"seccion": 1847, "id": 1847, "municipio": 139, "nombre": "San Pedro Yeloixtlahuaca", "distrito_l": 23, "distrito_f": 1}, "geometry": {"type": "Polygon", "coordinates": [[[-97.9562, 18.024931], [-97.850518, 18.024931], [-97.850518, 18.17049], [-97.9562, 18.17049], [-97.9562, 18.024931]]]}}, {"type": "Feature", "id": 1848, "properties": {"seccion": 1848, "id": 1848, "municipio": 140, "nombre": "San Salvador El Seco", "distrito_l": 14, "distrito_f": 1}, "geometry": {"type": "Polygon", "coordinates": [[[-97.580002, 19.071199], [-97.549565, 19.071199], [-97.549565, 19.146866], [-97.580002, 19.146866], [-97.580002, 19.071199]]]}}, {"type": "Feature", "id": 1849, "properties": {"seccion": 1849, "id": 1849, "municipio": 140, "nombre": "San Salvador El Seco", "distrito_l": 14, "distrito_f": 1}, "geometry": {"type": "Polygon", "coordinates": [[[-97.549564, 19.071199], [-97.519127, 19.071199], [-97.519127, 19.146866], [-97.549564, 19.146866], [-97.549564, 19.071199]]]}}, {"type": "Feature", "id": 1850, "properties": {"seccion": 1850, "id": 1850, "municipio": 140, "nombre": "San Salvador El Seco", "distrito_l": 14, "distrito_f": 1}, "geometry": {"type": "Polygon", "coordinates": [[[-97.519127, 19.071199], [-97.48869, 19.071199], [-97.48869, 19.146866], [-97.519127, 19.146866], [-97.519127, 19.071199]]]}}, {"type": "Feature", "id": 1851, "properties": {"seccion": 1851, "id": 1851, "municipio": 140, "nombre": "San Salvador El Seco", "distrito_l": 14, "distrito_f": 1}, "geometry": {"type": "Polygon", "coordinates": [[[-97.488689, 19.071199], [-97.458252, 19.071199], [-97.458252, 19.146866], [-97.488689, 19.146866], [-97.488689, 19.071199]]]}}, {"type": "Feature", "id": 1852, "properties": {"seccion": 1852, "id": 1852, "municipio": 140, "nombre": "San Salvador El Seco", "distrito_l": 14, "distrito_f": 1}, "geometry": {"type": "Polygon", "coordinates": [[[-97.580002, 19.146866], [-97.549565, 19.146866], [-97.549565, 19.222533], [-97.580002, 19.222533], [-97.580002, 19.146866]]]}}, {"type": "Feature", "id": 1853, "properties": {"seccion": 1853, "id": 1853, "municipio": 140, "nombre": "San Salvador El Seco", "distrito_l": 14, "distrito_f": 1}, "geometry": {"type": "Polygon", "coordinates": [[[-97.549564, 19.146866], [-97.519127, 19.146866], [-97.519127, 19.222533], [-97.549564, 19.222533], [-97.549564, 19.146866]]]}}, {"type": "Feature", "id": 1854, "properties": {"seccion": 1854, "id": 1854, "municipio": 140, "nombre": "San Salvador El Seco", "distrito_l": 14, "distrito_f": 1}, "geometry": {"type": "Polygon", "coordinates": [[[-97.519127, 19.146866], [-97.48869, 19.146866], [-97.48869, 19.222533], [-97.519127, 19.222533], [-97.519127, 19.146866]]]}}, {"type": "Feature", "id": 1855, "properties": {"seccion": 1855, "id": 1855, "municipio": 140, "nombre": "San Salvador El Seco", "distrito_l": 14, "distrito_f": 1}, "geometry": {"type": "Polygon", "coordinates": [[[-97.488689, 19.146866], [-97.458252, 19.146866], [-97.458252, 19.222533], [-97.488689, 19.222533], [-97.488689, 19.146866]]]}}, {"type": "Feature", "id": 1856, "properties": {"seccion": 1856, "id": 1856, "municipio": 140, "nombre": "San Salvador El Seco", "distrito_l": 14, "distrito_f": 1}, "geometry": {"type": "Polygon", "coordinates": [[[-97.580002, 19.222534], [-97.549565, 19.222534], [-97.549565, 19.298201], [-97.580002, 19.298201], [-97.580002, 19.222534]]]}}, {"type": "Feature", "id": 1857, "properties": {"seccion": 1857, "id": 1857, "municipio": 140, "nombre": "San Salvador El Seco", "distrito_l": 14, "distrito_f": 1}, "geometry": {"type": "Polygon", "coordinates": [[[-97.549564, 19.222534], [-97.519127, 19.222534], [-97.519127, 19.298201], [-97.549564, 19.298201], [-97.549564, 19.222534]]]}}, {"type": "Feature", "id": 1858, "properties": {"seccion": 1858, "id": 1858, "municipio": 141, "nombre": "San Salvador El Verde", "distrito_l": 7, "distrito_f": 1}, "geometry": {"type": "Polygon", "coordinates": [[[-98.580818, 19.202631], [-98.536371, 19.202631], [-98.536371, 19.243725], [-98.580818, 19.243725], [-98.580818, 19.202631]]]}}, {"type": "Feature", "id": 1859, "properties": {"seccion": 1859, "id": 1859, "municipio": 141, "nombre": "San Salvador El Verde", "distrito_l": 7, "distrito_f": 1}, "geometry": {"type": "Polygon", "coordinates": [[[-98.536371, 19.202631], [-98.491924, 19.202631], [-98.491924, 19.243725], [-98.536371, 19.243725], [-98.536371, 19.202631]]]}}, {"type": "Feature", "id": 1860, "properties": {"seccion": 1860, "id": 1860, "municipio": 141, "nombre": "San Salvador El Verde", "distrito_l": 7, "distrito_f": 1}, "geometry": {"type": "Polygon", "coordinates": [[[-98.491924, 19.202631], [-98.447477, 19.202631], [-98.447477, 19.243725], [-98.491924, 19.243725], [-98.491924, 19.202631]]]}}, {"type": "Feature", "id": 1861, "properties": {"seccion": 1861, "id": 1861, "municipio": 141, "nombre": "San Salvador El Verde", "distrito_l": 7, "distrito_f": 1}, "geometry": {"type": "Polygon", "coordinates": [[[-98.447477, 19.202631], [-98.40303, 19.202631], [-98.40303, 19.243725], [-98.447477, 19.243725], [-98.447477, 19.202631]]]}}, {"type": "Feature", "id": 1862, "properties": {"seccion": 1862, "id": 1862, "municipio": 141, "nombre": "San Salvador El Verde", "distrito_l": 7, "distrito_f": 1}, "geometry": {"type": "Polygon", "coordinates": [[[-98.580818, 19.243725], [-98.536371, 19.243725], [-98.536371, 19.284819], [-98.580818, 19.284819], [-98.580818, 19.243725]]]}}, {"type": "Feature", "id": 1863, "properties": {"seccion": 1863, "id": 1863, "municipio": 141, "nombre": "San Salvador El Verde", "distrito_l": 7, "distrito_f": 1}, "geometry": {"type": "Polygon", "coordinates": [[[-98.536371, 19.243725], [-98.491924, 19.243725], [-98.491924, 19.284819], [-98.536371, 19.284819], [-98.536371, 19.243725]]]}}, {"type": "Feature", "id": 1864, "properties": {"seccion": 1864, "id": 1864, "municipio": 141, "nombre": "San Salvador El Verde", "distrito_l": 7, "distrito_f": 1}, "geometry": {"type": "Polygon", "coordinates": [[[-98.491924, 19.243725], [-98.447477, 19.243725], [-98.447477, 19.284819], [-98.491924, 19.284819], [-98.491924, 19.243725]]]}}, {"type": "Feature", "id": 1865, "properties": {"seccion": 1865, "id": 1865, "municipio": 141, "nombre": "San Salvador El Verde", "distrito_l": 7, "distrito_f": 1}, "geometry": {"type": "Polygon", "coordinates": [[[-98.447477, 19.243725], [-98.40303, 19.243725], [-98.40303, 19.284819], [-98.447477, 19.284819], [-98.447477, 19.243725]]]}}, {"type": "Feature", "id": 1866, "properties": {"seccion": 1866, "id": 1866, "municipio": 141, "nombre": "San Salvador El Verde", "distrito_l": 7, "distrito_f": 1}, "geometry": {"type": "Polygon", "coordinates": [[[-98.580818, 19.284819], [-98.536371, 19.284819], [-98.536371, 19.325913], [-98.580818, 19.325913], [-98.580818, 19.284819]]]}}, {"type": "Feature", "id": 1867, "properties": {"seccion": 1867, "id": 1867, "municipio": 141, "nombre": "San Salvador El Verde", "distrito_l": 7, "distrito_f": 1}, "geometry": {"type": "Polygon", "coordinates": [[[-98.536371, 19.284819], [-98.491924, 19.284819], [-98.491924, 19.325913], [-98.536371, 19.325913], [-98.536371, 19.284819]]]}}, {"type": "Feature", "id": 1868, "properties": {"seccion": 1868, "id": 1868, "municipio": 142, "nombre": "San Salvador Huixcolotla", "distrito_l": 15, "distrito_f": 1}, "geometry": {"type": "Polygon", "coordinates": [[[-97.691208, 18.930031], [-97.67022, 18.930031], [-97.67022, 18.952572], [-97.691208, 18.952572], [-97.691208, 18.930031]]]}}, {"type": "Feature", "id": 1869, "properties": {"seccion": 1869, "id": 1869, "municipio": 142, "nombre": "San Salvador Huixcolotla", "distrito_l": 15, "distrito_f": 1}, "geometry": {"type": "Polygon", "coordinates": [[[-97.670219, 18.930031], [-97.649231, 18.930031], [-97.649231, 18.952572], [-97.670219, 18.952572], [-97.670219, 18.930031]]]}}, {"type": "Feature", "id": 1870, "properties": {"seccion": 1870, "id": 1870, "municipio": 142, "nombre": "San Salvador Huixcolotla", "distrito_l": 15, "distrito_f": 1}, "geometry": {"type": "Polygon", "coordinates": [[[-97.691208, 18.952572], [-97.67022, 18.952572], [-97.67022, 18.975113], [-97.691208, 18.975113], [-97.691208, 18.952572]]]}}, {"type": "Feature", "id": 1871, "properties": {"seccion": 1871, "id": 1871, "municipio": 142, "nombre": "San Salvador Huixcolotla", "distrito_l": 15, "distrito_f": 1}, "geometry": {"type": "Polygon", "coordinates": [[[-97.670219, 18.952572], [-97.649231, 18.952572], [-97.649231, 18.975113], [-97.670219, 18.975113], [-97.670219, 18.952572]]]}}, {"type": "Feature", "id": 2201, "properties": {"seccion": 2201, "id": 2201, "municipio": 143, "nombre": "San Sebastian Tlacotepec", "distrito_l": 26, "distrito_f": 1}, "geometry": {"type": "Polygon", "coordinates": [[[-96.907646, 18.212191], [-96.821266, 18.212191], [-96.821266, 18.314304], [-96.907646, 18.314304], [-96.907646, 18.212191]]]}}, {"type": "Feature", "id": 2202, "properties": {"seccion": 2202, "id": 2202, "municipio": 143, "nombre": "San Sebastian Tlacotepec", "distrito_l": 26, "distrito_f": 1}, "geometry": {"type": "Polygon", "coordinates": [[[-96.821266, 18.212191], [-96.734886, 18.212191], [-96.734886, 18.314304], [-96.821266, 18.314304], [-96.821266, 18.212191]]]}}, {"type": "Feature", "id": 2203, "properties": {"seccion": 2203, "id": 2203, "municipio": 143, "nombre": "San Sebastian Tlacotepec", "distrito_l": 26, "distrito_f": 1}, "geometry": {"type": "Polygon", "coordinates": [[[-96.734886, 18.212191], [-96.648506, 18.212191], [-96.648506, 18.314304], [-96.734886, 18.314304], [-96.734886, 18.212191]]]}}, {"type": "Feature", "id": 2204, "properties": {"seccion": 2204, "id": 2204, "municipio": 143, "nombre": "San Sebastian Tlacotepec", "distrito_l": 26, "distrito_f": 1}, "geometry": {"type": "Polygon", "coordinates": [[[-96.907646, 18.314304], [-96.821266, 18.314304], [-96.821266, 18.416417], [-96.907646, 18.416417], [-96.907646, 18.314304]]]}}, {"type": "Feature", "id": 2205, "properties": {"seccion": 2205, "id": 2205, "municipio": 143, "nombre": "San Sebastian Tlacotepec", "distrito_l": 26, "distrito_f": 1}, "geometry": {"type": "Polygon", "coordinates": [[[-96.821266, 18.314304], [-96.734886, 18.314304], [-96.734886, 18.416417], [-96.821266, 18.416417], [-96.821266, 18.314304]]]}}, {"type": "Feature", "id": 2206, "properties": {"seccion": 2206, "id": 2206, "municipio": 143, "nombre": "San Sebastian Tlacotepec", "distrito_l": 26, "distrito_f": 1}, "geometry": {"type": "Polygon", "coordinates": [[[-96.734886, 18.314304], [-96.648506, 18.314304], [-96.648506, 18.416417], [-96.734886, 18.416417], [-96.734886, 18.314304]]]}}, {"type": "Feature", "id": 2207, "properties": {"seccion": 2207, "id": 2207, "municipio": 143, "nombre": "San Sebastian Tlacotepec", "distrito_l": 26, "distrito_f": 1}, "geometry": {"type": "Polygon", "coordinates": [[[-96.907646, 18.416417], [-96.821266, 18.416417], [-96.821266, 18.51853], [-96.907646, 18.51853], [-96.907646, 18.416417]]]}}, {"type": "Feature", "id": 2208, "properties": {"seccion": 2208, "id": 2208, "municipio": 143, "nombre": "San Sebastian Tlacotepec", "distrito_l": 26, "distrito_f": 1}, "geometry": {"type": "Polygon", "coordinates": [[[-96.821266, 18.416417], [-96.734886, 18.416417], [-96.734886, 18.51853], [-96.821266, 18.51853], [-96.821266, 18.416417]]]}}, {"type": "Feature", "id": 2742, "properties": {"seccion": 2742, "id": 2742, "municipio": 143, "nombre": "San Sebastian Tlacotepec", "distrito_l": 26, "distrito_f": 1}, "geometry": {"type": "Polygon", "coordinates": [[[-96.734886, 18.416417], [-96.648506, 18.416417], [-96.648506, 18.51853], [-96.734886, 18.51853], [-96.734886, 18.416417]]]}}, {"type": "Feature", "id": 1872, "properties": {"seccion": 1872, "id": 1872, "municipio": 144, "nombre": "Santa Catarina Tlaltempan", "distrito_l": 23, "distrito_f": 1}, "geometry": {"type": "Polygon", "coordinates": [[[-97.8971405029296, 18.6834106445313], [-97.8966522216796, 18.6791095733643], [-97.8981399536133, 18.6738815307618], [-97.9005966186522, 18.6713600158693], [-97.9047622680663, 18.6679096221925], [-97.91015625, 18.6635303497314], [-97.9150772094726, 18.659839630127], [-97.9189910888671, 18.6570701599122], [-97.9234008789062, 18.6543006896973], [-97.9280700683594, 18.6517410278321], [-97.9312591552734, 18.6501083374025], [-97.9346771240234, 18.6487102508546], [-97.9383621215819, 18.647071838379], [-97.942527770996, 18.6461124420167], [-97.9469375610351, 18.6453704833984], [-97.9498672485351, 18.6455612182617], [-97.9535522460938, 18.6468696594238], [-97.9581832885742, 18.6515617370605], [-97.9586486816406, 18.6603908538818], [-97.960105895996, 18.6653594970704], [-97.9615631103516, 18.6725807189941], [-97.9610595703124, 18.6768894195556], [-97.9595718383789, 18.6807708740235], [-97.9561233520508, 18.6851196289063], [-97.9480361938477, 18.6897583007814], [-97.9421463012695, 18.6909694671631], [-97.9360427856445, 18.6892395019531], [-97.929443359375, 18.6872901916504], [-97.9164733886719, 18.6858806610108], [-97.9076461791992, 18.6850929260255], [-97.9022674560547, 18.6840190887452], [-97.8971405029296, 18.6834106445313]]]}}, {"type": "Feature", "id": 1873, "properties": {"seccion": 1873, "id": 1873, "municipio": 145, "nombre": "Santa Ines Ahuatempan", "distrito_l": 23, "distrito_f": 1}, "geometry": {"type": "Polygon", "coordinates": [[[-98.016083, 18.370123], [-97.908238, 18.370123], [-97.908238, 18.470962], [-98.016083, 18.470962], [-98.016083, 18.370123]]]}}, {"type": "Feature", "id": 1874, "properties": {"seccion": 1874, "id": 1874, "municipio": 145, "nombre": "Santa Ines Ahuatempan", "distrito_l": 23, "distrito_f": 1}, "geometry": {"type": "Polygon", "coordinates": [[[-97.908237, 18.370123], [-97.800392, 18.370123], [-97.800392, 18.470962], [-97.908237, 18.470962], [-97.908237, 18.370123]]]}}, {"type": "Feature", "id": 1875, "properties": {"seccion": 1875, "id": 1875, "municipio": 145, "nombre": "Santa Ines Ahuatempan", "distrito_l": 23, "distrito_f": 1}, "geometry": {"type": "Polygon", "coordinates": [[[-98.016083, 18.470962], [-97.908238, 18.470962], [-97.908238, 18.571801], [-98.016083, 18.571801], [-98.016083, 18.470962]]]}}, {"type": "Feature", "id": 1876, "properties": {"seccion": 1876, "id": 1876, "municipio": 145, "nombre": "Santa Ines Ahuatempan", "distrito_l": 23, "distrito_f": 1}, "geometry": {"type": "Polygon", "coordinates": [[[-97.908237, 18.470962], [-97.800392, 18.470962], [-97.800392, 18.571801], [-97.908237, 18.571801], [-97.908237, 18.470962]]]}}, {"type": "Feature", "id": 1877, "properties": {"seccion": 1877, "id": 1877, "municipio": 146, "nombre": "Santa Isabel Cholula", "distrito_l": 21, "distrito_f": 1}, "geometry": {"type": "Polygon", "coordinates": [[[-98.336052, 18.94805], [-98.313759, 18.94805], [-98.313759, 18.992031], [-98.336052, 18.992031], [-98.336052, 18.94805]]]}}, {"type": "Feature", "id": 1878, "properties": {"seccion": 1878, "id": 1878, "municipio": 146, "nombre": "Santa Isabel Cholula", "distrito_l": 21, "distrito_f": 1}, "geometry": {"type": "Polygon", "coordinates": [[[-98.313759, 18.94805], [-98.291466, 18.94805], [-98.291466, 18.992031], [-98.313759, 18.992031], [-98.313759, 18.94805]]]}}, {"type": "Feature", "id": 1879, "properties": {"seccion": 1879, "id": 1879, "municipio": 146, "nombre": "Santa Isabel Cholula", "distrito_l": 21, "distrito_f": 1}, "geometry": {"type": "Polygon", "coordinates": [[[-98.291466, 18.94805], [-98.269173, 18.94805], [-98.269173, 18.992031], [-98.291466, 18.992031], [-98.291466, 18.94805]]]}}, {"type": "Feature", "id": 1880, "properties": {"seccion": 1880, "id": 1880, "municipio": 146, "nombre": "Santa Isabel Cholula", "distrito_l": 21, "distrito_f": 1}, "geometry": {"type": "Polygon", "coordinates": [[[-98.336052, 18.99203], [-98.313759, 18.99203], [-98.313759, 19.036011], [-98.336052, 19.036011], [-98.336052, 18.99203]]]}}, {"type": "Feature", "id": 1881, "properties": {"seccion": 1881, "id": 1881, "municipio": 146, "nombre": "Santa Isabel Cholula", "distrito_l": 21, "distrito_f": 1}, "geometry": {"type": "Polygon", "coordinates": [[[-98.313759, 18.99203], [-98.291466, 18.99203], [-98.291466, 19.036011], [-98.313759, 19.036011], [-98.313759, 18.99203]]]}}, {"type": "Feature", "id": 1882, "properties": {"seccion": 1882, "id": 1882, "municipio": 147, "nombre": "Santiago Miahuatlan", "distrito_l": 25, "distrito_f": 1}, "geometry": {"type": "Polygon", "coordinates": [[[-97.377708, 18.5387], [-97.34537, 18.5387], [-97.34537, 18.598015], [-97.377708, 18.598015], [-97.377708, 18.5387]]]}}, {"type": "Feature", "id": 1883, "properties": {"seccion": 1883, "id": 1883, "municipio": 147, "nombre": "Santiago Miahuatlan", "distrito_l": 25, "distrito_f": 1}, "geometry": {"type": "Polygon", "coordinates": [[[-97.34537, 18.5387], [-97.313032, 18.5387], [-97.313032, 18.598015], [-97.34537, 18.598015], [-97.34537, 18.5387]]]}}, {"type": "Feature", "id": 1884, "properties": {"seccion": 1884, "id": 1884, "municipio": 147, "nombre": "Santiago Miahuatlan", "distrito_l": 25, "distrito_f": 1}, "geometry": {"type": "Polygon", "coordinates": [[[-97.313032, 18.5387], [-97.280694, 18.5387], [-97.280694, 18.598015], [-97.313032, 18.598015], [-97.313032, 18.5387]]]}}, {"type": "Feature", "id": 1885, "properties": {"seccion": 1885, "id": 1885, "municipio": 147, "nombre": "Santiago Miahuatlan", "distrito_l": 25, "distrito_f": 1}, "geometry": {"type": "Polygon", "coordinates": [[[-97.377708, 18.598015], [-97.34537, 18.598015], [-97.34537, 18.65733], [-97.377708, 18.65733], [-97.377708, 18.598015]]]}}, {"type": "Feature", "id": 1886, "properties": {"seccion": 1886, "id": 1886, "municipio": 147, "nombre": "Santiago Miahuatlan", "distrito_l": 25, "distrito_f": 1}, "geometry": {"type": "Polygon", "coordinates": [[[-97.34537, 18.598015], [-97.313032, 18.598015], [-97.313032, 18.65733], [-97.34537, 18.65733], [-97.34537, 18.598015]]]}}, {"type": "Feature", "id": 1887, "properties": {"seccion": 1887, "id": 1887, "municipio": 147, "nombre": "Santiago Miahuatlan", "distrito_l": 25, "distrito_f": 1}, "geometry": {"type": "Polygon", "coordinates": [[[-97.313032, 18.598015], [-97.280694, 18.598015], [-97.280694, 18.65733], [-97.313032, 18.65733], [-97.313032, 18.598015]]]}}, {"type": "Feature", "id": 1888, "properties": {"seccion": 1888, "id": 1888, "municipio": 148, "nombre": "Santo Tomas Hueyotlipan", "distrito_l": 13, "distrito_f": 1}, "geometry": {"type": "Polygon", "coordinates": [[[-97.775513, 18.917938], [-97.733361, 18.917938], [-97.733361, 18.937079], [-97.775513, 18.937079], [-97.775513, 18.917938]]]}}, {"type": "Feature", "id": 1889, "properties": {"seccion": 1889, "id": 1889, "municipio": 148, "nombre": "Santo Tomas Hueyotlipan", "distrito_l": 13, "distrito_f": 1}, "geometry": {"type": "Polygon", "coordinates": [[[-97.73336, 18.917938], [-97.691208, 18.917938], [-97.691208, 18.937079], [-97.73336, 18.937079], [-97.73336, 18.917938]]]}}, {"type": "Feature", "id": 1890, "properties": {"seccion": 1890, "id": 1890, "municipio": 148, "nombre": "Santo Tomas Hueyotlipan", "distrito_l": 13, "distrito_f": 1}, "geometry": {"type": "Polygon", "coordinates": [[[-97.775513, 18.937079], [-97.733361, 18.937079], [-97.733361, 18.95622], [-97.775513, 18.95622], [-97.775513, 18.937079]]]}}, {"type": "Feature", "id": 1891, "properties": {"seccion": 1891, "id": 1891, "municipio": 149, "nombre": "Soltepec", "distrito_l": 14, "distrito_f": 1}, "geometry": {"type": "Polygon", "coordinates": [[[-97.702477, 19.079491], [-97.658397, 19.079491], [-97.658397, 19.149061], [-97.702477, 19.149061], [-97.702477, 19.079491]]]}}, {"type": "Feature", "id": 1892, "properties": {"seccion": 1892, "id": 1892, "municipio": 149, "nombre": "Soltepec", "distrito_l": 14, "distrito_f": 1}, "geometry": {"type": "Polygon", "coordinates": [[[-97.658396, 19.079491], [-97.614316, 19.079491], [-97.614316, 19.149061], [-97.658396, 19.149061], [-97.658396, 19.079491]]]}}, {"type": "Feature", "id": 1893, "properties": {"seccion": 1893, "id": 1893, "municipio": 149, "nombre": "Soltepec", "distrito_l": 14, "distrito_f": 1}, "geometry": {"type": "Polygon", "coordinates": [[[-97.614316, 19.079491], [-97.570236, 19.079491], [-97.570236, 19.149061], [-97.614316, 19.149061], [-97.614316, 19.079491]]]}}, {"type": "Feature", "id": 1894, "properties": {"seccion": 1894, "id": 1894, "municipio": 149, "nombre": "Soltepec", "distrito_l": 14, "distrito_f": 1}, "geometry": {"type": "Polygon", "coordinates": [[[-97.702477, 19.14906], [-97.658397, 19.14906], [-97.658397, 19.21863], [-97.702477, 19.21863], [-97.702477, 19.14906]]]}}, {"type": "Feature", "id": 1895, "properties": {"seccion": 1895, "id": 1895, "municipio": 149, "nombre": "Soltepec", "distrito_l": 14, "distrito_f": 1}, "geometry": {"type": "Polygon", "coordinates": [[[-97.658396, 19.14906], [-97.614316, 19.14906], [-97.614316, 19.21863], [-97.658396, 19.21863], [-97.658396, 19.14906]]]}}, {"type": "Feature", "id": 1896, "properties": {"seccion": 1896, "id": 1896, "municipio": 149, "nombre": "Soltepec", "distrito_l": 14, "distrito_f": 1}, "geometry": {"type": "Polygon", "coordinates": [[[-97.614316, 19.14906], [-97.570236, 19.14906], [-97.570236, 19.21863], [-97.614316, 19.21863], [-97.614316, 19.14906]]]}}, {"type": "Feature", "id": 1897, "properties": {"seccion": 1897, "id": 1897, "municipio": 150, "nombre": "Tecali De Herrera", "distrito_l": 12, "distrito_f": 1}, "geometry": {"type": "Polygon", "coordinates": [[[-97.915497, 18.85643], [-97.880501, 18.85643], [-97.880501, 18.912303], [-97.915497, 18.912303], [-97.915497, 18.85643]]]}}, {"type": "Feature", "id": 1898, "properties": {"seccion": 1898, "id": 1898, "municipio": 150, "nombre": "Tecali De Herrera", "distrito_l": 12, "distrito_f": 1}, "geometry": {"type": "Polygon", "coordinates": [[[-97.880501, 18.85643], [-97.845505, 18.85643], [-97.845505, 18.912303], [-97.880501, 18.912303], [-97.880501, 18.85643]]]}}, {"type": "Feature", "id": 1899, "properties": {"seccion": 1899, "id": 1899, "municipio": 150, "nombre": "Tecali De Herrera", "distrito_l": 12, "distrito_f": 1}, "geometry": {"type": "Polygon", "coordinates": [[[-97.845505, 18.85643], [-97.810509, 18.85643], [-97.810509, 18.912303], [-97.845505, 18.912303], [-97.845505, 18.85643]]]}}, {"type": "Feature", "id": 1900, "properties": {"seccion": 1900, "id": 1900, "municipio": 150, "nombre": "Tecali De Herrera", "distrito_l": 12, "distrito_f": 1}, "geometry": {"type": "Polygon", "coordinates": [[[-97.810509, 18.85643], [-97.775513, 18.85643], [-97.775513, 18.912303], [-97.810509, 18.912303], [-97.810509, 18.85643]]]}}, {"type": "Feature", "id": 1901, "properties": {"seccion": 1901, "id": 1901, "municipio": 150, "nombre": "Tecali De Herrera", "distrito_l": 12, "distrito_f": 1}, "geometry": {"type": "Polygon", "coordinates": [[[-97.915497, 18.912303], [-97.880501, 18.912303], [-97.880501, 18.968176], [-97.915497, 18.968176], [-97.915497, 18.912303]]]}}, {"type": "Feature", "id": 1902, "properties": {"seccion": 1902, "id": 1902, "municipio": 150, "nombre": "Tecali De Herrera", "distrito_l": 12, "distrito_f": 1}, "geometry": {"type": "Polygon", "coordinates": [[[-97.880501, 18.912303], [-97.845505, 18.912303], [-97.845505, 18.968176], [-97.880501, 18.968176], [-97.880501, 18.912303]]]}}, {"type": "Feature", "id": 1903, "properties": {"seccion": 1903, "id": 1903, "municipio": 150, "nombre": "Tecali De Herrera", "distrito_l": 12, "distrito_f": 1}, "geometry": {"type": "Polygon", "coordinates": [[[-97.845505, 18.912303], [-97.810509, 18.912303], [-97.810509, 18.968176], [-97.845505, 18.968176], [-97.845505, 18.912303]]]}}, {"type": "Feature", "id": 1904, "properties": {"seccion": 1904, "id": 1904, "municipio": 150, "nombre": "Tecali De Herrera", "distrito_l": 12, "distrito_f": 1}, "geometry": {"type": "Polygon", "coordinates": [[[-97.810509, 18.912303], [-97.775513, 18.912303], [-97.775513, 18.968176], [-97.810509, 18.968176], [-97.810509, 18.912303]]]}}, {"type": "Feature", "id": 1905, "properties": {"seccion": 1905, "id": 1905, "municipio": 150, "nombre": "Tecali De Herrera", "distrito_l": 12, "distrito_f": 1}, "geometry": {"type": "Polygon", "coordinates": [[[-97.915497, 18.968177], [-97.880501, 18.968177], [-97.880501, 19.02405], [-97.915497, 19.02405], [-97.915497, 18.968177]]]}}, {"type": "Feature", "id": 2745, "properties": {"seccion": 2745, "id": 2745, "municipio": 150, "nombre": "Tecali De Herrera", "distrito_l": 12, "distrito_f": 1}, "geometry": {"type": "Polygon", "coordinates": [[[-97.880501, 18.968177], [-97.845505, 18.968177], [-97.845505, 19.02405], [-97.880501, 19.02405], [-97.880501, 18.968177]]]}}, {"type": "Feature", "id": 1906, "properties": {"seccion": 1906, "id": 1906, "municipio": 151, "nombre": "Tecamachalco", "distrito_l": 15, "distrito_f": 1}, "geometry": {"type": "Polygon", "coordinates": [[[-97.71167, 18.793911], [-97.680384, 18.793911], [-97.680384, 18.823805], [-97.71167, 18.823805], [-97.71167, 18.793911]]]}}, {"type": "Feature", "id": 1907, "properties": {"seccion": 1907, "id": 1907, "municipio": 151, "nombre": "Tecamachalco", "distrito_l": 15, "distrito_f": 1}, "geometry": {"type": "Polygon", "coordinates": [[[-97.680384, 18.793911], [-97.649098, 18.793911], [-97.649098, 18.823805], [-97.680384, 18.823805], [-97.680384, 18.793911]]]}}, {"type": "Feature", "id": 1908, "properties": {"seccion": 1908, "id": 1908, "municipio": 151, "nombre": "Tecamachalco", "distrito_l": 15, "distrito_f": 1}, "geometry": {"type": "Polygon", "coordinates": [[[-97.649099, 18.793911], [-97.617813, 18.793911], [-97.617813, 18.823805], [-97.649099, 18.823805], [-97.649099, 18.793911]]]}}, {"type": "Feature", "id": 1909, "properties": {"seccion": 1909, "id": 1909, "municipio": 151, "nombre": "Tecamachalco", "distrito_l": 15, "distrito_f": 1}, "geometry": {"type": "Polygon", "coordinates": [[[-97.617813, 18.793911], [-97.586527, 18.793911], [-97.586527, 18.823805], [-97.617813, 18.823805], [-97.617813, 18.793911]]]}}, {"type": "Feature", "id": 1910, "properties": {"seccion": 1910, "id": 1910, "municipio": 151, "nombre": "Tecamachalco", "distrito_l": 15, "distrito_f": 1}, "geometry": {"type": "Polygon", "coordinates": [[[-97.586528, 18.793911], [-97.555242, 18.793911], [-97.555242, 18.823805], [-97.586528, 18.823805], [-97.586528, 18.793911]]]}}, {"type": "Feature", "id": 1911, "properties": {"seccion": 1911, "id": 1911, "municipio": 151, "nombre": "Tecamachalco", "distrito_l": 15, "distrito_f": 1}, "geometry": {"type": "Polygon", "coordinates": [[[-97.555242, 18.793911], [-97.523956, 18.793911], [-97.523956, 18.823805], [-97.555242, 18.823805], [-97.555242, 18.793911]]]}}, {"type": "Feature", "id": 1912, "properties": {"seccion": 1912, "id": 1912, "municipio": 151, "nombre": "Tecamachalco", "distrito_l": 15, "distrito_f": 1}, "geometry": {"type": "Polygon", "coordinates": [[[-97.71167, 18.823805], [-97.680384, 18.823805], [-97.680384, 18.853699], [-97.71167, 18.853699], [-97.71167, 18.823805]]]}}, {"type": "Feature", "id": 1913, "properties": {"seccion": 1913, "id": 1913, "municipio": 151, "nombre": "Tecamachalco", "distrito_l": 15, "distrito_f": 1}, "geometry": {"type": "Polygon", "coordinates": [[[-97.680384, 18.823805], [-97.649098, 18.823805], [-97.649098, 18.853699], [-97.680384, 18.853699], [-97.680384, 18.823805]]]}}, {"type": "Feature", "id": 1914, "properties": {"seccion": 1914, "id": 1914, "municipio": 151, "nombre": "Tecamachalco", "distrito_l": 15, "distrito_f": 1}, "geometry": {"type": "Polygon", "coordinates": [[[-97.649099, 18.823805], [-97.617813, 18.823805], [-97.617813, 18.853699], [-97.649099, 18.853699], [-97.649099, 18.823805]]]}}, {"type": "Feature", "id": 1915, "properties": {"seccion": 1915, "id": 1915, "municipio": 151, "nombre": "Tecamachalco", "distrito_l": 15, "distrito_f": 1}, "geometry": {"type": "Polygon", "coordinates": [[[-97.617813, 18.823805], [-97.586527, 18.823805], [-97.586527, 18.853699], [-97.617813, 18.853699], [-97.617813, 18.823805]]]}}, {"type": "Feature", "id": 1916, "properties": {"seccion": 1916, "id": 1916, "municipio": 151, "nombre": "Tecamachalco", "distrito_l": 15, "distrito_f": 1}, "geometry": {"type": "Polygon", "coordinates": [[[-97.586528, 18.823805], [-97.555242, 18.823805], [-97.555242, 18.853699], [-97.586528, 18.853699], [-97.586528, 18.823805]]]}}, {"type": "Feature", "id": 1917, "properties": {"seccion": 1917, "id": 1917, "municipio": 151, "nombre": "Tecamachalco", "distrito_l": 15, "distrito_f": 1}, "geometry": {"type": "Polygon", "coordinates": [[[-97.555242, 18.823805], [-97.523956, 18.823805], [-97.523956, 18.853699], [-97.555242, 18.853699], [-97.555242, 18.823805]]]}}, {"type": "Feature", "id": 1918, "properties": {"seccion": 1918, "id": 1918, "municipio": 151, "nombre": "Tecamachalco", "distrito_l": 15, "distrito_f": 1}, "geometry": {"type": "Polygon", "coordinates": [[[-97.71167, 18.853699], [-97.680384, 18.853699], [-97.680384, 18.883593], [-97.71167, 18.883593], [-97.71167, 18.853699]]]}}, {"type": "Feature", "id": 1920, "properties": {"seccion": 1920, "id": 1920, "municipio": 151, "nombre": "Tecamachalco", "distrito_l": 15, "distrito_f": 1}, "geometry": {"type": "Polygon", "coordinates": [[[-97.680384, 18.853699], [-97.649098, 18.853699], [-97.649098, 18.883593], [-97.680384, 18.883593], [-97.680384, 18.853699]]]}}, {"type": "Feature", "id": 1921, "properties": {"seccion": 1921, "id": 1921, "municipio": 151, "nombre": "Tecamachalco", "distrito_l": 15, "distrito_f": 1}, "geometry": {"type": "Polygon", "coordinates": [[[-97.649099, 18.853699], [-97.617813, 18.853699], [-97.617813, 18.883593], [-97.649099, 18.883593], [-97.649099, 18.853699]]]}}, {"type": "Feature", "id": 1922, "properties": {"seccion": 1922, "id": 1922, "municipio": 151, "nombre": "Tecamachalco", "distrito_l": 15, "distrito_f": 1}, "geometry": {"type": "Polygon", "coordinates": [[[-97.617813, 18.853699], [-97.586527, 18.853699], [-97.586527, 18.883593], [-97.617813, 18.883593], [-97.617813, 18.853699]]]}}, {"type": "Feature", "id": 1923, "properties": {"seccion": 1923, "id": 1923, "municipio": 151, "nombre": "Tecamachalco", "distrito_l": 15, "distrito_f": 1}, "geometry": {"type": "Polygon", "coordinates": [[[-97.586528, 18.853699], [-97.555242, 18.853699], [-97.555242, 18.883593], [-97.586528, 18.883593], [-97.586528, 18.853699]]]}}, {"type": "Feature", "id": 1924, "properties": {"seccion": 1924, "id": 1924, "municipio": 151, "nombre": "Tecamachalco", "distrito_l": 15, "distrito_f": 1}, "geometry": {"type": "Polygon", "coordinates": [[[-97.555242, 18.853699], [-97.523956, 18.853699], [-97.523956, 18.883593], [-97.555242, 18.883593], [-97.555242, 18.853699]]]}}, {"type": "Feature", "id": 1927, "properties": {"seccion": 1927, "id": 1927, "municipio": 151, "nombre": "Tecamachalco", "distrito_l": 15, "distrito_f": 1}, "geometry": {"type": "Polygon", "coordinates": [[[-97.71167, 18.883593], [-97.680384, 18.883593], [-97.680384, 18.913487], [-97.71167, 18.913487], [-97.71167, 18.883593]]]}}, {"type": "Feature", "id": 1928, "properties": {"seccion": 1928, "id": 1928, "municipio": 151, "nombre": "Tecamachalco", "distrito_l": 15, "distrito_f": 1}, "geometry": {"type": "Polygon", "coordinates": [[[-97.680384, 18.883593], [-97.649098, 18.883593], [-97.649098, 18.913487], [-97.680384, 18.913487], [-97.680384, 18.883593]]]}}, {"type": "Feature", "id": 2703, "properties": {"seccion": 2703, "id": 2703, "municipio": 151, "nombre": "Tecamachalco", "distrito_l": 15, "distrito_f": 1}, "geometry": {"type": "Polygon", "coordinates": [[[-97.649099, 18.883593], [-97.617813, 18.883593], [-97.617813, 18.913487], [-97.649099, 18.913487], [-97.649099, 18.883593]]]}}, {"type": "Feature", "id": 2704, "properties": {"seccion": 2704, "id": 2704, "municipio": 151, "nombre": "Tecamachalco", "distrito_l": 15, "distrito_f": 1}, "geometry": {"type": "Polygon", "coordinates": [[[-97.617813, 18.883593], [-97.586527, 18.883593], [-97.586527, 18.913487], [-97.617813, 18.913487], [-97.617813, 18.883593]]]}}, {"type": "Feature", "id": 2914, "properties": {"seccion": 2914, "id": 2914, "municipio": 151, "nombre": "Tecamachalco", "distrito_l": 15, "distrito_f": 1}, "geometry": {"type": "Polygon", "coordinates": [[[-97.586528, 18.883593], [-97.555242, 18.883593], [-97.555242, 18.913487], [-97.586528, 18.913487], [-97.586528, 18.883593]]]}}, {"type": "Feature", "id": 2915, "properties": {"seccion": 2915, "id": 2915, "municipio": 151, "nombre": "Tecamachalco", "distrito_l": 15, "distrito_f": 1}, "geometry": {"type": "Polygon", "coordinates": [[[-97.555242, 18.883593], [-97.523956, 18.883593], [-97.523956, 18.913487], [-97.555242, 18.913487], [-97.555242, 18.883593]]]}}, {"type": "Feature", "id": 2916, "properties": {"seccion": 2916, "id": 2916, "municipio": 151, "nombre": "Tecamachalco", "distrito_l": 15, "distrito_f": 1}, "geometry": {"type": "Polygon", "coordinates": [[[-97.71167, 18.913486], [-97.680384, 18.913486], [-97.680384, 18.94338], [-97.71167, 18.94338], [-97.71167, 18.913486]]]}}, {"type": "Feature", "id": 2917, "properties": {"seccion": 2917, "id": 2917, "municipio": 151, "nombre": "Tecamachalco", "distrito_l": 15, "distrito_f": 1}, "geometry": {"type": "Polygon", "coordinates": [[[-97.680384, 18.913486], [-97.649098, 18.913486], [-97.649098, 18.94338], [-97.680384, 18.94338], [-97.680384, 18.913486]]]}}, {"type": "Feature", "id": 2918, "properties": {"seccion": 2918, "id": 2918, "municipio": 151, "nombre": "Tecamachalco", "distrito_l": 15, "distrito_f": 1}, "geometry": {"type": "Polygon", "coordinates": [[[-97.649099, 18.913486], [-97.617813, 18.913486], [-97.617813, 18.94338], [-97.649099, 18.94338], [-97.649099, 18.913486]]]}}, {"type": "Feature", "id": 2919, "properties": {"seccion": 2919, "id": 2919, "municipio": 151, "nombre": "Tecamachalco", "distrito_l": 15, "distrito_f": 1}, "geometry": {"type": "Polygon", "coordinates": [[[-97.617813, 18.913486], [-97.586527, 18.913486], [-97.586527, 18.94338], [-97.617813, 18.94338], [-97.617813, 18.913486]]]}}, {"type": "Feature", "id": 1929, "properties": {"seccion": 1929, "id": 1929, "municipio": 152, "nombre": "Tecomatlan", "distrito_l": 23, "distrito_f": 1}, "geometry": {"type": "Polygon", "coordinates": [[[-98.314636, 17.90996], [-98.242688, 17.90996], [-98.242688, 18.030885], [-98.314636, 18.030885], [-98.314636, 17.90996]]]}}, {"type": "Feature", "id": 1930, "properties": {"seccion": 1930, "id": 1930, "municipio": 152, "nombre": "Tecomatlan", "distrito_l": 23, "distrito_f": 1}, "geometry": {"type": "Polygon", "coordinates": [[[-98.242688, 17.90996], [-98.17074, 17.90996], [-98.17074, 18.030885], [-98.242688, 18.030885], [-98.242688, 17.90996]]]}}, {"type": "Feature", "id": 1931, "properties": {"seccion": 1931, "id": 1931, "municipio": 152, "nombre": "Tecomatlan", "distrito_l": 23, "distrito_f": 1}, "geometry": {"type": "Polygon", "coordinates": [[[-98.170741, 17.90996], [-98.098793, 17.90996], [-98.098793, 18.030885], [-98.170741, 18.030885], [-98.170741, 17.90996]]]}}, {"type": "Feature", "id": 1932, "properties": {"seccion": 1932, "id": 1932, "municipio": 152, "nombre": "Tecomatlan", "distrito_l": 23, "distrito_f": 1}, "geometry": {"type": "Polygon", "coordinates": [[[-98.314636, 18.030885], [-98.242688, 18.030885], [-98.242688, 18.15181], [-98.314636, 18.15181], [-98.314636, 18.030885]]]}}, {"type": "Feature", "id": 1933, "properties": {"seccion": 1933, "id": 1933, "municipio": 152, "nombre": "Tecomatlan", "distrito_l": 23, "distrito_f": 1}, "geometry": {"type": "Polygon", "coordinates": [[[-98.242688, 18.030885], [-98.17074, 18.030885], [-98.17074, 18.15181], [-98.242688, 18.15181], [-98.242688, 18.030885]]]}}, {"type": "Feature", "id": 1935, "properties": {"seccion": 1935, "id": 1935, "municipio": 153, "nombre": "Tehuacan", "distrito_l": 25, "distrito_f": 1}, "geometry": {"type": "Polygon", "coordinates": [[[-97.489197, 18.396261], [-97.461674, 18.396261], [-97.461674, 18.415525], [-97.489197, 18.415525], [-97.489197, 18.396261]]]}}, {"type": "Feature", "id": 1936, "properties": {"seccion": 1936, "id": 1936, "municipio": 153, "nombre": "Tehuacan", "distrito_l": 25, "distrito_f": 1}, "geometry": {"type": "Polygon", "coordinates": [[[-97.461674, 18.396261], [-97.434151, 18.396261], [-97.434151, 18.415525], [-97.461674, 18.415525], [-97.461674, 18.396261]]]}}, {"type": "Feature", "id": 1937, "properties": {"seccion": 1937, "id": 1937, "municipio": 153, "nombre": "Tehuacan", "distrito_l": 24, "distrito_f": 1}, "geometry": {"type": "Polygon", "coordinates": [[[-97.434151, 18.396261], [-97.406628, 18.396261], [-97.406628, 18.415525], [-97.434151, 18.415525], [-97.434151, 18.396261]]]}}, {"type": "Feature", "id": 1938, "properties": {"seccion": 1938, "id": 1938, "municipio": 153, "nombre": "Tehuacan", "distrito_l": 25, "distrito_f": 1}, "geometry": {"type": "Polygon", "coordinates": [[[-97.406629, 18.396261], [-97.379106, 18.396261], [-97.379106, 18.415525], [-97.406629, 18.415525], [-97.406629, 18.396261]]]}}, {"type": "Feature", "id": 1939, "properties": {"seccion": 1939, "id": 1939, "municipio": 153, "nombre": "Tehuacan", "distrito_l": 25, "distrito_f": 1}, "geometry": {"type": "Polygon", "coordinates": [[[-97.379106, 18.396261], [-97.351583, 18.396261], [-97.351583, 18.415525], [-97.379106, 18.415525], [-97.379106, 18.396261]]]}}, {"type": "Feature", "id": 1940, "properties": {"seccion": 1940, "id": 1940, "municipio": 153, "nombre": "Tehuacan", "distrito_l": 25, "distrito_f": 1}, "geometry": {"type": "Polygon", "coordinates": [[[-97.351583, 18.396261], [-97.32406, 18.396261], [-97.32406, 18.415525], [-97.351583, 18.415525], [-97.351583, 18.396261]]]}}, {"type": "Feature", "id": 1941, "properties": {"seccion": 1941, "id": 1941, "municipio": 153, "nombre": "Tehuacan", "distrito_l": 25, "distrito_f": 1}, "geometry": {"type": "Polygon", "coordinates": [[[-97.324061, 18.396261], [-97.296538, 18.396261], [-97.296538, 18.415525], [-97.324061, 18.415525], [-97.324061, 18.396261]]]}}, {"type": "Feature", "id": 1942, "properties": {"seccion": 1942, "id": 1942, "municipio": 153, "nombre": "Tehuacan", "distrito_l": 25, "distrito_f": 1}, "geometry": {"type": "Polygon", "coordinates": [[[-97.296538, 18.396261], [-97.269015, 18.396261], [-97.269015, 18.415525], [-97.296538, 18.415525], [-97.296538, 18.396261]]]}}, {"type": "Feature", "id": 1943, "properties": {"seccion": 1943, "id": 1943, "municipio": 153, "nombre": "Tehuacan", "distrito_l": 25, "distrito_f": 1}, "geometry": {"type": "Polygon", "coordinates": [[[-97.269015, 18.396261], [-97.241492, 18.396261], [-97.241492, 18.415525], [-97.269015, 18.415525], [-97.269015, 18.396261]]]}}, {"type": "Feature", "id": 1944, "properties": {"seccion": 1944, "id": 1944, "municipio": 153, "nombre": "Tehuacan", "distrito_l": 25, "distrito_f": 1}, "geometry": {"type": "Polygon", "coordinates": [[[-97.241493, 18.396261], [-97.21397, 18.396261], [-97.21397, 18.415525], [-97.241493, 18.415525], [-97.241493, 18.396261]]]}}, {"type": "Feature", "id": 1945, "properties": {"seccion": 1945, "id": 1945, "municipio": 153, "nombre": "Tehuacan", "distrito_l": 25, "distrito_f": 1}, "geometry": {"type": "Polygon", "coordinates": [[[-97.21397, 18.396261], [-97.186447, 18.396261], [-97.186447, 18.415525], [-97.21397, 18.415525], [-97.21397, 18.396261]]]}}, {"type": "Feature", "id": 1946, "properties": {"seccion": 1946, "id": 1946, "municipio": 153, "nombre": "Tehuacan", "distrito_l": 25, "distrito_f": 1}, "geometry": {"type": "Polygon", "coordinates": [[[-97.489197, 18.415525], [-97.461674, 18.415525], [-97.461674, 18.434789], [-97.489197, 18.434789], [-97.489197, 18.415525]]]}}, {"type": "Feature", "id": 1947, "properties": {"seccion": 1947, "id": 1947, "municipio": 153, "nombre": "Tehuacan", "distrito_l": 25, "distrito_f": 1}, "geometry": {"type": "Polygon", "coordinates": [[[-97.461674, 18.415525], [-97.434151, 18.415525], [-97.434151, 18.434789], [-97.461674, 18.434789], [-97.461674, 18.415525]]]}}, {"type": "Feature", "id": 1948, "properties": {"seccion": 1948, "id": 1948, "municipio": 153, "nombre": "Tehuacan", "distrito_l": 25, "distrito_f": 1}, "geometry": {"type": "Polygon", "coordinates": [[[-97.434151, 18.415525], [-97.406628, 18.415525], [-97.406628, 18.434789], [-97.434151, 18.434789], [-97.434151, 18.415525]]]}}, {"type": "Feature", "id": 1949, "properties": {"seccion": 1949, "id": 1949, "municipio": 153, "nombre": "Tehuacan", "distrito_l": 25, "distrito_f": 1}, "geometry": {"type": "Polygon", "coordinates": [[[-97.406629, 18.415525], [-97.379106, 18.415525], [-97.379106, 18.434789], [-97.406629, 18.434789], [-97.406629, 18.415525]]]}}, {"type": "Feature", "id": 1950, "properties": {"seccion": 1950, "id": 1950, "municipio": 153, "nombre": "Tehuacan", "distrito_l": 25, "distrito_f": 1}, "geometry": {"type": "Polygon", "coordinates": [[[-97.379106, 18.415525], [-97.351583, 18.415525], [-97.351583, 18.434789], [-97.379106, 18.434789], [-97.379106, 18.415525]]]}}, {"type": "Feature", "id": 1951, "properties": {"seccion": 1951, "id": 1951, "municipio": 153, "nombre": "Tehuacan", "distrito_l": 25, "distrito_f": 1}, "geometry": {"type": "Polygon", "coordinates": [[[-97.351583, 18.415525], [-97.32406, 18.415525], [-97.32406, 18.434789], [-97.351583, 18.434789], [-97.351583, 18.415525]]]}}, {"type": "Feature", "id": 1952, "properties": {"seccion": 1952, "id": 1952, "municipio": 153, "nombre": "Tehuacan", "distrito_l": 25, "distrito_f": 1}, "geometry": {"type": "Polygon", "coordinates": [[[-97.324061, 18.415525], [-97.296538, 18.415525], [-97.296538, 18.434789], [-97.324061, 18.434789], [-97.324061, 18.415525]]]}}, {"type": "Feature", "id": 1953, "properties": {"seccion": 1953, "id": 1953, "municipio": 153, "nombre": "Tehuacan", "distrito_l": 25, "distrito_f": 1}, "geometry": {"type": "Polygon", "coordinates": [[[-97.296538, 18.415525], [-97.269015, 18.415525], [-97.269015, 18.434789], [-97.296538, 18.434789], [-97.296538, 18.415525]]]}}, {"type": "Feature", "id": 1954, "properties": {"seccion": 1954, "id": 1954, "municipio": 153, "nombre": "Tehuacan", "distrito_l": 25, "distrito_f": 1}, "geometry": {"type": "Polygon", "coordinates": [[[-97.269015, 18.415525], [-97.241492, 18.415525], [-97.241492, 18.434789], [-97.269015, 18.434789], [-97.269015, 18.415525]]]}}, {"type": "Feature", "id": 1955, "properties": {"seccion": 1955, "id": 1955, "municipio": 153, "nombre": "Tehuacan", "distrito_l": 25, "distrito_f": 1}, "geometry": {"type": "Polygon", "coordinates": [[[-97.241493, 18.415525], [-97.21397, 18.415525], [-97.21397, 18.434789], [-97.241493, 18.434789], [-97.241493, 18.415525]]]}}, {"type": "Feature", "id": 1956, "properties": {"seccion": 1956, "id": 1956, "municipio": 153, "nombre": "Tehuacan", "distrito_l": 25, "distrito_f": 1}, "geometry": {"type": "Polygon", "coordinates": [[[-97.21397, 18.415525], [-97.186447, 18.415525], [-97.186447, 18.434789], [-97.21397, 18.434789], [-97.21397, 18.415525]]]}}, {"type": "Feature", "id": 1957, "properties": {"seccion": 1957, "id": 1957, "municipio": 153, "nombre": "Tehuacan", "distrito_l": 25, "distrito_f": 1}, "geometry": {"type": "Polygon", "coordinates": [[[-97.489197, 18.434789], [-97.461674, 18.434789], [-97.461674, 18.454053], [-97.489197, 18.454053], [-97.489197, 18.434789]]]}}, {"type": "Feature", "id": 1958, "properties": {"seccion": 1958, "id": 1958, "municipio": 153, "nombre": "Tehuacan", "distrito_l": 25, "distrito_f": 1}, "geometry": {"type": "Polygon", "coordinates": [[[-97.461674, 18.434789], [-97.434151, 18.434789], [-97.434151, 18.454053], [-97.461674, 18.454053], [-97.461674, 18.434789]]]}}, {"type": "Feature", "id": 1959, "properties": {"seccion": 1959, "id": 1959, "municipio": 153, "nombre": "Tehuacan", "distrito_l": 25, "distrito_f": 1}, "geometry": {"type": "Polygon", "coordinates": [[[-97.434151, 18.434789], [-97.406628, 18.434789], [-97.406628, 18.454053], [-97.434151, 18.454053], [-97.434151, 18.434789]]]}}, {"type": "Feature", "id": 1960, "properties": {"seccion": 1960, "id": 1960, "municipio": 153, "nombre": "Tehuacan", "distrito_l": 25, "distrito_f": 1}, "geometry": {"type": "Polygon", "coordinates": [[[-97.406629, 18.434789], [-97.379106, 18.434789], [-97.379106, 18.454053], [-97.406629, 18.454053], [-97.406629, 18.434789]]]}}, {"type": "Feature", "id": 1961, "properties": {"seccion": 1961, "id": 1961, "municipio": 153, "nombre": "Tehuacan", "distrito_l": 25, "distrito_f": 1}, "geometry": {"type": "Polygon", "coordinates": [[[-97.379106, 18.434789], [-97.351583, 18.434789], [-97.351583, 18.454053], [-97.379106, 18.454053], [-97.379106, 18.434789]]]}}, {"type": "Feature", "id": 1962, "properties": {"seccion": 1962, "id": 1962, "municipio": 153, "nombre": "Tehuacan", "distrito_l": 25, "distrito_f": 1}, "geometry": {"type": "Polygon", "coordinates": [[[-97.351583, 18.434789], [-97.32406, 18.434789], [-97.32406, 18.454053], [-97.351583, 18.454053], [-97.351583, 18.434789]]]}}, {"type": "Feature", "id": 1963, "properties": {"seccion": 1963, "id": 1963, "municipio": 153, "nombre": "Tehuacan", "distrito_l": 25, "distrito_f": 1}, "geometry": {"type": "Polygon", "coordinates": [[[-97.324061, 18.434789], [-97.296538, 18.434789], [-97.296538, 18.454053], [-97.324061, 18.454053], [-97.324061, 18.434789]]]}}, {"type": "Feature", "id": 1964, "properties": {"seccion": 1964, "id": 1964, "municipio": 153, "nombre": "Tehuacan", "distrito_l": 25, "distrito_f": 1}, "geometry": {"type": "Polygon", "coordinates": [[[-97.296538, 18.434789], [-97.269015, 18.434789], [-97.269015, 18.454053], [-97.296538, 18.454053], [-97.296538, 18.434789]]]}}, {"type": "Feature", "id": 1965, "properties": {"seccion": 1965, "id": 1965, "municipio": 153, "nombre": "Tehuacan", "distrito_l": 25, "distrito_f": 1}, "geometry": {"type": "Polygon", "coordinates": [[[-97.269015, 18.434789], [-97.241492, 18.434789], [-97.241492, 18.454053], [-97.269015, 18.454053], [-97.269015, 18.434789]]]}}, {"type": "Feature", "id": 1966, "properties": {"seccion": 1966, "id": 1966, "municipio": 153, "nombre": "Tehuacan", "distrito_l": 25, "distrito_f": 1}, "geometry": {"type": "Polygon", "coordinates": [[[-97.241493, 18.434789], [-97.21397, 18.434789], [-97.21397, 18.454053], [-97.241493, 18.454053], [-97.241493, 18.434789]]]}}, {"type": "Feature", "id": 1967, "properties": {"seccion": 1967, "id": 1967, "municipio": 153, "nombre": "Tehuacan", "distrito_l": 24, "distrito_f": 1}, "geometry": {"type": "Polygon", "coordinates": [[[-97.21397, 18.434789], [-97.186447, 18.434789], [-97.186447, 18.454053], [-97.21397, 18.454053], [-97.21397, 18.434789]]]}}, {"type": "Feature", "id": 1968, "properties": {"seccion": 1968, "id": 1968, "municipio": 153, "nombre": "Tehuacan", "distrito_l": 25, "distrito_f": 1}, "geometry": {"type": "Polygon", "coordinates": [[[-97.489197, 18.454053], [-97.461674, 18.454053], [-97.461674, 18.473317], [-97.489197, 18.473317], [-97.489197, 18.454053]]]}}, {"type": "Feature", "id": 1969, "properties": {"seccion": 1969, "id": 1969, "municipio": 153, "nombre": "Tehuacan", "distrito_l": 25, "distrito_f": 1}, "geometry": {"type": "Polygon", "coordinates": [[[-97.461674, 18.454053], [-97.434151, 18.454053], [-97.434151, 18.473317], [-97.461674, 18.473317], [-97.461674, 18.454053]]]}}, {"type": "Feature", "id": 1970, "properties": {"seccion": 1970, "id": 1970, "municipio": 153, "nombre": "Tehuacan", "distrito_l": 25, "distrito_f": 1}, "geometry": {"type": "Polygon", "coordinates": [[[-97.434151, 18.454053], [-97.406628, 18.454053], [-97.406628, 18.473317], [-97.434151, 18.473317], [-97.434151, 18.454053]]]}}, {"type": "Feature", "id": 1971, "properties": {"seccion": 1971, "id": 1971, "municipio": 153, "nombre": "Tehuacan", "distrito_l": 24, "distrito_f": 1}, "geometry": {"type": "Polygon", "coordinates": [[[-97.406629, 18.454053], [-97.379106, 18.454053], [-97.379106, 18.473317], [-97.406629, 18.473317], [-97.406629, 18.454053]]]}}, {"type": "Feature", "id": 1972, "properties": {"seccion": 1972, "id": 1972, "municipio": 153, "nombre": "Tehuacan", "distrito_l": 24, "distrito_f": 1}, "geometry": {"type": "Polygon", "coordinates": [[[-97.379106, 18.454053], [-97.351583, 18.454053], [-97.351583, 18.473317], [-97.379106, 18.473317], [-97.379106, 18.454053]]]}}, {"type": "Feature", "id": 1973, "properties": {"seccion": 1973, "id": 1973, "municipio": 153, "nombre": "Tehuacan", "distrito_l": 24, "distrito_f": 1}, "geometry": {"type": "Polygon", "coordinates": [[[-97.351583, 18.454053], [-97.32406, 18.454053], [-97.32406, 18.473317], [-97.351583, 18.473317], [-97.351583, 18.454053]]]}}, {"type": "Feature", "id": 1974, "properties": {"seccion": 1974, "id": 1974, "municipio": 153, "nombre": "Tehuacan", "distrito_l": 25, "distrito_f": 1}, "geometry": {"type": "Polygon", "coordinates": [[[-97.324061, 18.454053], [-97.296538, 18.454053], [-97.296538, 18.473317], [-97.324061, 18.473317], [-97.324061, 18.454053]]]}}, {"type": "Feature", "id": 1975, "properties": {"seccion": 1975, "id": 1975, "municipio": 153, "nombre": "Tehuacan", "distrito_l": 25, "distrito_f": 1}, "geometry": {"type": "Polygon", "coordinates": [[[-97.296538, 18.454053], [-97.269015, 18.454053], [-97.269015, 18.473317], [-97.296538, 18.473317], [-97.296538, 18.454053]]]}}, {"type": "Feature", "id": 1976, "properties": {"seccion": 1976, "id": 1976, "municipio": 153, "nombre": "Tehuacan", "distrito_l": 24, "distrito_f": 1}, "geometry": {"type": "Polygon", "coordinates": [[[-97.269015, 18.454053], [-97.241492, 18.454053], [-97.241492, 18.473317], [-97.269015, 18.473317], [-97.269015, 18.454053]]]}}, {"type": "Feature", "id": 1977, "properties": {"seccion": 1977, "id": 1977, "municipio": 153, "nombre": "Tehuacan", "distrito_l": 24, "distrito_f": 1}, "geometry": {"type": "Polygon", "coordinates": [[[-97.241493, 18.454053], [-97.21397, 18.454053], [-97.21397, 18.473317], [-97.241493, 18.473317], [-97.241493, 18.454053]]]}}, {"type": "Feature", "id": 1978, "properties": {"seccion": 1978, "id": 1978, "municipio": 153, "nombre": "Tehuacan", "distrito_l": 24, "distrito_f": 1}, "geometry": {"type": "Polygon", "coordinates": [[[-97.21397, 18.454053], [-97.186447, 18.454053], [-97.186447, 18.473317], [-97.21397, 18.473317], [-97.21397, 18.454053]]]}}, {"type": "Feature", "id": 1979, "properties": {"seccion": 1979, "id": 1979, "municipio": 153, "nombre": "Tehuacan", "distrito_l": 24, "distrito_f": 1}, "geometry": {"type": "Polygon", "coordinates": [[[-97.489197, 18.473317], [-97.461674, 18.473317], [-97.461674, 18.492581], [-97.489197, 18.492581], [-97.489197, 18.473317]]]}}, {"type": "Feature", "id": 1980, "properties": {"seccion": 1980, "id": 1980, "municipio": 153, "nombre": "Tehuacan", "distrito_l": 24, "distrito_f": 1}, "geometry": {"type": "Polygon", "coordinates": [[[-97.461674, 18.473317], [-97.434151, 18.473317], [-97.434151, 18.492581], [-97.461674, 18.492581], [-97.461674, 18.473317]]]}}, {"type": "Feature", "id": 1981, "properties": {"seccion": 1981, "id": 1981, "municipio": 153, "nombre": "Tehuacan", "distrito_l": 24, "distrito_f": 1}, "geometry": {"type": "Polygon", "coordinates": [[[-97.434151, 18.473317], [-97.406628, 18.473317], [-97.406628, 18.492581], [-97.434151, 18.492581], [-97.434151, 18.473317]]]}}, {"type": "Feature", "id": 1982, "properties": {"seccion": 1982, "id": 1982, "municipio": 153, "nombre": "Tehuacan", "distrito_l": 24, "distrito_f": 1}, "geometry": {"type": "Polygon", "coordinates": [[[-97.406629, 18.473317], [-97.379106, 18.473317], [-97.379106, 18.492581], [-97.406629, 18.492581], [-97.406629, 18.473317]]]}}, {"type": "Feature", "id": 1983, "properties": {"seccion": 1983, "id": 1983, "municipio": 153, "nombre": "Tehuacan", "distrito_l": 25, "distrito_f": 1}, "geometry": {"type": "Polygon", "coordinates": [[[-97.379106, 18.473317], [-97.351583, 18.473317], [-97.351583, 18.492581], [-97.379106, 18.492581], [-97.379106, 18.473317]]]}}, {"type": "Feature", "id": 1984, "properties": {"seccion": 1984, "id": 1984, "municipio": 153, "nombre": "Tehuacan", "distrito_l": 25, "distrito_f": 1}, "geometry": {"type": "Polygon", "coordinates": [[[-97.351583, 18.473317], [-97.32406, 18.473317], [-97.32406, 18.492581], [-97.351583, 18.492581], [-97.351583, 18.473317]]]}}, {"type": "Feature", "id": 1985, "properties": {"seccion": 1985, "id": 1985, "municipio": 153, "nombre": "Tehuacan", "distrito_l": 25, "distrito_f": 1}, "geometry": {"type": "Polygon", "coordinates": [[[-97.324061, 18.473317], [-97.296538, 18.473317], [-97.296538, 18.492581], [-97.324061, 18.492581], [-97.324061, 18.473317]]]}}, {"type": "Feature", "id": 1987, "properties": {"seccion": 1987, "id": 1987, "municipio": 153, "nombre": "Tehuacan", "distrito_l": 25, "distrito_f": 1}, "geometry": {"type": "Polygon", "coordinates": [[[-97.296538, 18.473317], [-97.269015, 18.473317], [-97.269015, 18.492581], [-97.296538, 18.492581], [-97.296538, 18.473317]]]}}, {"type": "Feature", "id": 1988, "properties": {"seccion": 1988, "id": 1988, "municipio": 153, "nombre": "Tehuacan", "distrito_l": 24, "distrito_f": 1}, "geometry": {"type": "Polygon", "coordinates": [[[-97.269015, 18.473317], [-97.241492, 18.473317], [-97.241492, 18.492581], [-97.269015, 18.492581], [-97.269015, 18.473317]]]}}, {"type": "Feature", "id": 1989, "properties": {"seccion": 1989, "id": 1989, "municipio": 153, "nombre": "Tehuacan", "distrito_l": 24, "distrito_f": 1}, "geometry": {"type": "Polygon", "coordinates": [[[-97.241493, 18.473317], [-97.21397, 18.473317], [-97.21397, 18.492581], [-97.241493, 18.492581], [-97.241493, 18.473317]]]}}, {"type": "Feature", "id": 1990, "properties": {"seccion": 1990, "id": 1990, "municipio": 153, "nombre": "Tehuacan", "distrito_l": 24, "distrito_f": 1}, "geometry": {"type": "Polygon", "coordinates": [[[-97.21397, 18.473317], [-97.186447, 18.473317], [-97.186447, 18.492581], [-97.21397, 18.492581], [-97.21397, 18.473317]]]}}, {"type": "Feature", "id": 1991, "properties": {"seccion": 1991, "id": 1991, "municipio": 153, "nombre": "Tehuacan", "distrito_l": 24, "distrito_f": 1}, "geometry": {"type": "Polygon", "coordinates": [[[-97.489197, 18.492581], [-97.461674, 18.492581], [-97.461674, 18.511845], [-97.489197, 18.511845], [-97.489197, 18.492581]]]}}, {"type": "Feature", "id": 1992, "properties": {"seccion": 1992, "id": 1992, "municipio": 153, "nombre": "Tehuacan", "distrito_l": 24, "distrito_f": 1}, "geometry": {"type": "Polygon", "coordinates": [[[-97.461674, 18.492581], [-97.434151, 18.492581], [-97.434151, 18.511845], [-97.461674, 18.511845], [-97.461674, 18.492581]]]}}, {"type": "Feature", "id": 1993, "properties": {"seccion": 1993, "id": 1993, "municipio": 153, "nombre": "Tehuacan", "distrito_l": 24, "distrito_f": 1}, "geometry": {"type": "Polygon", "coordinates": [[[-97.434151, 18.492581], [-97.406628, 18.492581], [-97.406628, 18.511845], [-97.434151, 18.511845], [-97.434151, 18.492581]]]}}, {"type": "Feature", "id": 1994, "properties": {"seccion": 1994, "id": 1994, "municipio": 153, "nombre": "Tehuacan", "distrito_l": 24, "distrito_f": 1}, "geometry": {"type": "Polygon", "coordinates": [[[-97.406629, 18.492581], [-97.379106, 18.492581], [-97.379106, 18.511845], [-97.406629, 18.511845], [-97.406629, 18.492581]]]}}, {"type": "Feature", "id": 1995, "properties": {"seccion": 1995, "id": 1995, "municipio": 153, "nombre": "Tehuacan", "distrito_l": 24, "distrito_f": 1}, "geometry": {"type": "Polygon", "coordinates": [[[-97.379106, 18.492581], [-97.351583, 18.492581], [-97.351583, 18.511845], [-97.379106, 18.511845], [-97.379106, 18.492581]]]}}, {"type": "Feature", "id": 1996, "properties": {"seccion": 1996, "id": 1996, "municipio": 153, "nombre": "Tehuacan", "distrito_l": 24, "distrito_f": 1}, "geometry": {"type": "Polygon", "coordinates": [[[-97.351583, 18.492581], [-97.32406, 18.492581], [-97.32406, 18.511845], [-97.351583, 18.511845], [-97.351583, 18.492581]]]}}, {"type": "Feature", "id": 1997, "properties": {"seccion": 1997, "id": 1997, "municipio": 153, "nombre": "Tehuacan", "distrito_l": 24, "distrito_f": 1}, "geometry": {"type": "Polygon", "coordinates": [[[-97.324061, 18.492581], [-97.296538, 18.492581], [-97.296538, 18.511845], [-97.324061, 18.511845], [-97.324061, 18.492581]]]}}, {"type": "Feature", "id": 1998, "properties": {"seccion": 1998, "id": 1998, "municipio": 153, "nombre": "Tehuacan", "distrito_l": 24, "distrito_f": 1}, "geometry": {"type": "Polygon", "coordinates": [[[-97.296538, 18.492581], [-97.269015, 18.492581], [-97.269015, 18.511845], [-97.296538, 18.511845], [-97.296538, 18.492581]]]}}, {"type": "Feature", "id": 1999, "properties": {"seccion": 1999, "id": 1999, "municipio": 153, "nombre": "Tehuacan", "distrito_l": 24, "distrito_f": 1}, "geometry": {"type": "Polygon", "coordinates": [[[-97.269015, 18.492581], [-97.241492, 18.492581], [-97.241492, 18.511845], [-97.269015, 18.511845], [-97.269015, 18.492581]]]}}, {"type": "Feature", "id": 2000, "properties": {"seccion": 2000, "id": 2000, "municipio": 153, "nombre": "Tehuacan", "distrito_l": 25, "distrito_f": 1}, "geometry": {"type": "Polygon", "coordinates": [[[-97.241493, 18.492581], [-97.21397, 18.492581], [-97.21397, 18.511845], [-97.241493, 18.511845], [-97.241493, 18.492581]]]}}, {"type": "Feature", "id": 2001, "properties": {"seccion": 2001, "id": 2001, "municipio": 153, "nombre": "Tehuacan", "distrito_l": 24, "distrito_f": 1}, "geometry": {"type": "Polygon", "coordinates": [[[-97.21397, 18.492581], [-97.186447, 18.492581], [-97.186447, 18.511845], [-97.21397, 18.511845], [-97.21397, 18.492581]]]}}, {"type": "Feature", "id": 2002, "properties": {"seccion": 2002, "id": 2002, "municipio": 153, "nombre": "Tehuacan", "distrito_l": 24, "distrito_f": 1}, "geometry": {"type": "Polygon", "coordinates": [[[-97.489197, 18.511845], [-97.461674, 18.511845], [-97.461674, 18.531109], [-97.489197, 18.531109], [-97.489197, 18.511845]]]}}, {"type": "Feature", "id": 2003, "properties": {"seccion": 2003, "id": 2003, "municipio": 153, "nombre": "Tehuacan", "distrito_l": 24, "distrito_f": 1}, "geometry": {"type": "Polygon", "coordinates": [[[-97.461674, 18.511845], [-97.434151, 18.511845], [-97.434151, 18.531109], [-97.461674, 18.531109], [-97.461674, 18.511845]]]}}, {"type": "Feature", "id": 2004, "properties": {"seccion": 2004, "id": 2004, "municipio": 153, "nombre": "Tehuacan", "distrito_l": 24, "distrito_f": 1}, "geometry": {"type": "Polygon", "coordinates": [[[-97.434151, 18.511845], [-97.406628, 18.511845], [-97.406628, 18.531109], [-97.434151, 18.531109], [-97.434151, 18.511845]]]}}, {"type": "Feature", "id": 2007, "properties": {"seccion": 2007, "id": 2007, "municipio": 153, "nombre": "Tehuacan", "distrito_l": 24, "distrito_f": 1}, "geometry": {"type": "Polygon", "coordinates": [[[-97.406629, 18.511845], [-97.379106, 18.511845], [-97.379106, 18.531109], [-97.406629, 18.531109], [-97.406629, 18.511845]]]}}, {"type": "Feature", "id": 2008, "properties": {"seccion": 2008, "id": 2008, "municipio": 153, "nombre": "Tehuacan", "distrito_l": 25, "distrito_f": 1}, "geometry": {"type": "Polygon", "coordinates": [[[-97.379106, 18.511845], [-97.351583, 18.511845], [-97.351583, 18.531109], [-97.379106, 18.531109], [-97.379106, 18.511845]]]}}, {"type": "Feature", "id": 2009, "properties": {"seccion": 2009, "id": 2009, "municipio": 153, "nombre": "Tehuacan", "distrito_l": 25, "distrito_f": 1}, "geometry": {"type": "Polygon", "coordinates": [[[-97.351583, 18.511845], [-97.32406, 18.511845], [-97.32406, 18.531109], [-97.351583, 18.531109], [-97.351583, 18.511845]]]}}, {"type": "Feature", "id": 2010, "properties": {"seccion": 2010, "id": 2010, "municipio": 153, "nombre": "Tehuacan", "distrito_l": 25, "distrito_f": 1}, "geometry": {"type": "Polygon", "coordinates": [[[-97.324061, 18.511845], [-97.296538, 18.511845], [-97.296538, 18.531109], [-97.324061, 18.531109], [-97.324061, 18.511845]]]}}, {"type": "Feature", "id": 2012, "properties": {"seccion": 2012, "id": 2012, "municipio": 153, "nombre": "Tehuacan", "distrito_l": 24, "distrito_f": 1}, "geometry": {"type": "Polygon", "coordinates": [[[-97.296538, 18.511845], [-97.269015, 18.511845], [-97.269015, 18.531109], [-97.296538, 18.531109], [-97.296538, 18.511845]]]}}, {"type": "Feature", "id": 2013, "properties": {"seccion": 2013, "id": 2013, "municipio": 153, "nombre": "Tehuacan", "distrito_l": 24, "distrito_f": 1}, "geometry": {"type": "Polygon", "coordinates": [[[-97.269015, 18.511845], [-97.241492, 18.511845], [-97.241492, 18.531109], [-97.269015, 18.531109], [-97.269015, 18.511845]]]}}, {"type": "Feature", "id": 2014, "properties": {"seccion": 2014, "id": 2014, "municipio": 153, "nombre": "Tehuacan", "distrito_l": 24, "distrito_f": 1}, "geometry": {"type": "Polygon", "coordinates": [[[-97.241493, 18.511845], [-97.21397, 18.511845], [-97.21397, 18.531109], [-97.241493, 18.531109], [-97.241493, 18.511845]]]}}, {"type": "Feature", "id": 2015, "properties": {"seccion": 2015, "id": 2015, "municipio": 153, "nombre": "Tehuacan", "distrito_l": 24, "distrito_f": 1}, "geometry": {"type": "Polygon", "coordinates": [[[-97.21397, 18.511845], [-97.186447, 18.511845], [-97.186447, 18.531109], [-97.21397, 18.531109], [-97.21397, 18.511845]]]}}, {"type": "Feature", "id": 2016, "properties": {"seccion": 2016, "id": 2016, "municipio": 153, "nombre": "Tehuacan", "distrito_l": 24, "distrito_f": 1}, "geometry": {"type": "Polygon", "coordinates": [[[-97.489197, 18.531109], [-97.461674, 18.531109], [-97.461674, 18.550373], [-97.489197, 18.550373], [-97.489197, 18.531109]]]}}, {"type": "Feature", "id": 2761, "properties": {"seccion": 2761, "id": 2761, "municipio": 153, "nombre": "Tehuacan", "distrito_l": 24, "distrito_f": 1}, "geometry": {"type": "Polygon", "coordinates": [[[-97.461674, 18.531109], [-97.434151, 18.531109], [-97.434151, 18.550373], [-97.461674, 18.550373], [-97.461674, 18.531109]]]}}, {"type": "Feature", "id": 2762, "properties": {"seccion": 2762, "id": 2762, "municipio": 153, "nombre": "Tehuacan", "distrito_l": 25, "distrito_f": 1}, "geometry": {"type": "Polygon", "coordinates": [[[-97.434151, 18.531109], [-97.406628, 18.531109], [-97.406628, 18.550373], [-97.434151, 18.550373], [-97.434151, 18.531109]]]}}, {"type": "Feature", "id": 2801, "properties": {"seccion": 2801, "id": 2801, "municipio": 153, "nombre": "Tehuacan", "distrito_l": 24, "distrito_f": 1}, "geometry": {"type": "Polygon", "coordinates": [[[-97.406629, 18.531109], [-97.379106, 18.531109], [-97.379106, 18.550373], [-97.406629, 18.550373], [-97.406629, 18.531109]]]}}, {"type": "Feature", "id": 2802, "properties": {"seccion": 2802, "id": 2802, "municipio": 153, "nombre": "Tehuacan", "distrito_l": 24, "distrito_f": 1}, "geometry": {"type": "Polygon", "coordinates": [[[-97.379106, 18.531109], [-97.351583, 18.531109], [-97.351583, 18.550373], [-97.379106, 18.550373], [-97.379106, 18.531109]]]}}, {"type": "Feature", "id": 2803, "properties": {"seccion": 2803, "id": 2803, "municipio": 153, "nombre": "Tehuacan", "distrito_l": 24, "distrito_f": 1}, "geometry": {"type": "Polygon", "coordinates": [[[-97.351583, 18.531109], [-97.32406, 18.531109], [-97.32406, 18.550373], [-97.351583, 18.550373], [-97.351583, 18.531109]]]}}, {"type": "Feature", "id": 2804, "properties": {"seccion": 2804, "id": 2804, "municipio": 153, "nombre": "Tehuacan", "distrito_l": 24, "distrito_f": 1}, "geometry": {"type": "Polygon", "coordinates": [[[-97.324061, 18.531109], [-97.296538, 18.531109], [-97.296538, 18.550373], [-97.324061, 18.550373], [-97.324061, 18.531109]]]}}, {"type": "Feature", "id": 2805, "properties": {"seccion": 2805, "id": 2805, "municipio": 153, "nombre": "Tehuacan", "distrito_l": 24, "distrito_f": 1}, "geometry": {"type": "Polygon", "coordinates": [[[-97.296538, 18.531109], [-97.269015, 18.531109], [-97.269015, 18.550373], [-97.296538, 18.550373], [-97.296538, 18.531109]]]}}, {"type": "Feature", "id": 2806, "properties": {"seccion": 2806, "id": 2806, "municipio": 153, "nombre": "Tehuacan", "distrito_l": 24, "distrito_f": 1}, "geometry": {"type": "Polygon", "coordinates": [[[-97.269015, 18.531109], [-97.241492, 18.531109], [-97.241492, 18.550373], [-97.269015, 18.550373], [-97.269015, 18.531109]]]}}, {"type": "Feature", "id": 2807, "properties": {"seccion": 2807, "id": 2807, "municipio": 153, "nombre": "Tehuacan", "distrito_l": 24, "distrito_f": 1}, "geometry": {"type": "Polygon", "coordinates": [[[-97.241493, 18.531109], [-97.21397, 18.531109], [-97.21397, 18.550373], [-97.241493, 18.550373], [-97.241493, 18.531109]]]}}, {"type": "Feature", "id": 2877, "properties": {"seccion": 2877, "id": 2877, "municipio": 153, "nombre": "Tehuacan", "distrito_l": 25, "distrito_f": 1}, "geometry": {"type": "Polygon", "coordinates": [[[-97.21397, 18.531109], [-97.186447, 18.531109], [-97.186447, 18.550373], [-97.21397, 18.550373], [-97.21397, 18.531109]]]}}, {"type": "Feature", "id": 2878, "properties": {"seccion": 2878, "id": 2878, "municipio": 153, "nombre": "Tehuacan", "distrito_l": 25, "distrito_f": 1}, "geometry": {"type": "Polygon", "coordinates": [[[-97.489197, 18.550373], [-97.461674, 18.550373], [-97.461674, 18.569637], [-97.489197, 18.569637], [-97.489197, 18.550373]]]}}, {"type": "Feature", "id": 2879, "properties": {"seccion": 2879, "id": 2879, "municipio": 153, "nombre": "Tehuacan", "distrito_l": 25, "distrito_f": 1}, "geometry": {"type": "Polygon", "coordinates": [[[-97.461674, 18.550373], [-97.434151, 18.550373], [-97.434151, 18.569637], [-97.461674, 18.569637], [-97.461674, 18.550373]]]}}, {"type": "Feature", "id": 2880, "properties": {"seccion": 2880, "id": 2880, "municipio": 153, "nombre": "Tehuacan", "distrito_l": 25, "distrito_f": 1}, "geometry": {"type": "Polygon", "coordinates": [[[-97.434151, 18.550373], [-97.406628, 18.550373], [-97.406628, 18.569637], [-97.434151, 18.569637], [-97.434151, 18.550373]]]}}, {"type": "Feature", "id": 2881, "properties": {"seccion": 2881, "id": 2881, "municipio": 153, "nombre": "Tehuacan", "distrito_l": 25, "distrito_f": 1}, "geometry": {"type": "Polygon", "coordinates": [[[-97.406629, 18.550373], [-97.379106, 18.550373], [-97.379106, 18.569637], [-97.406629, 18.569637], [-97.406629, 18.550373]]]}}, {"type": "Feature", "id": 2882, "properties": {"seccion": 2882, "id": 2882, "municipio": 153, "nombre": "Tehuacan", "distrito_l": 25, "distrito_f": 1}, "geometry": {"type": "Polygon", "coordinates": [[[-97.379106, 18.550373], [-97.351583, 18.550373], [-97.351583, 18.569637], [-97.379106, 18.569637], [-97.379106, 18.550373]]]}}, {"type": "Feature", "id": 2883, "properties": {"seccion": 2883, "id": 2883, "municipio": 153, "nombre": "Tehuacan", "distrito_l": 25, "distrito_f": 1}, "geometry": {"type": "Polygon", "coordinates": [[[-97.351583, 18.550373], [-97.32406, 18.550373], [-97.32406, 18.569637], [-97.351583, 18.569637], [-97.351583, 18.550373]]]}}, {"type": "Feature", "id": 2884, "properties": {"seccion": 2884, "id": 2884, "municipio": 153, "nombre": "Tehuacan", "distrito_l": 25, "distrito_f": 1}, "geometry": {"type": "Polygon", "coordinates": [[[-97.324061, 18.550373], [-97.296538, 18.550373], [-97.296538, 18.569637], [-97.324061, 18.569637], [-97.324061, 18.550373]]]}}, {"type": "Feature", "id": 2885, "properties": {"seccion": 2885, "id": 2885, "municipio": 153, "nombre": "Tehuacan", "distrito_l": 25, "distrito_f": 1}, "geometry": {"type": "Polygon", "coordinates": [[[-97.296538, 18.550373], [-97.269015, 18.550373], [-97.269015, 18.569637], [-97.296538, 18.569637], [-97.296538, 18.550373]]]}}, {"type": "Feature", "id": 2886, "properties": {"seccion": 2886, "id": 2886, "municipio": 153, "nombre": "Tehuacan", "distrito_l": 25, "distrito_f": 1}, "geometry": {"type": "Polygon", "coordinates": [[[-97.269015, 18.550373], [-97.241492, 18.550373], [-97.241492, 18.569637], [-97.269015, 18.569637], [-97.269015, 18.550373]]]}}, {"type": "Feature", "id": 2887, "properties": {"seccion": 2887, "id": 2887, "municipio": 153, "nombre": "Tehuacan", "distrito_l": 25, "distrito_f": 1}, "geometry": {"type": "Polygon", "coordinates": [[[-97.241493, 18.550373], [-97.21397, 18.550373], [-97.21397, 18.569637], [-97.241493, 18.569637], [-97.241493, 18.550373]]]}}, {"type": "Feature", "id": 2888, "properties": {"seccion": 2888, "id": 2888, "municipio": 153, "nombre": "Tehuacan", "distrito_l": 25, "distrito_f": 1}, "geometry": {"type": "Polygon", "coordinates": [[[-97.21397, 18.550373], [-97.186447, 18.550373], [-97.186447, 18.569637], [-97.21397, 18.569637], [-97.21397, 18.550373]]]}}, {"type": "Feature", "id": 2889, "properties": {"seccion": 2889, "id": 2889, "municipio": 153, "nombre": "Tehuacan", "distrito_l": 25, "distrito_f": 1}, "geometry": {"type": "Polygon", "coordinates": [[[-97.489197, 18.569637], [-97.461674, 18.569637], [-97.461674, 18.588901], [-97.489197, 18.588901], [-97.489197, 18.569637]]]}}, {"type": "Feature", "id": 2890, "properties": {"seccion": 2890, "id": 2890, "municipio": 153, "nombre": "Tehuacan", "distrito_l": 25, "distrito_f": 1}, "geometry": {"type": "Polygon", "coordinates": [[[-97.461674, 18.569637], [-97.434151, 18.569637], [-97.434151, 18.588901], [-97.461674, 18.588901], [-97.461674, 18.569637]]]}}, {"type": "Feature", "id": 2891, "properties": {"seccion": 2891, "id": 2891, "municipio": 153, "nombre": "Tehuacan", "distrito_l": 25, "distrito_f": 1}, "geometry": {"type": "Polygon", "coordinates": [[[-97.434151, 18.569637], [-97.406628, 18.569637], [-97.406628, 18.588901], [-97.434151, 18.588901], [-97.434151, 18.569637]]]}}, {"type": "Feature", "id": 2892, "properties": {"seccion": 2892, "id": 2892, "municipio": 153, "nombre": "Tehuacan", "distrito_l": 25, "distrito_f": 1}, "geometry": {"type": "Polygon", "coordinates": [[[-97.406629, 18.569637], [-97.379106, 18.569637], [-97.379106, 18.588901], [-97.406629, 18.588901], [-97.406629, 18.569637]]]}}, {"type": "Feature", "id": 2893, "properties": {"seccion": 2893, "id": 2893, "municipio": 153, "nombre": "Tehuacan", "distrito_l": 25, "distrito_f": 1}, "geometry": {"type": "Polygon", "coordinates": [[[-97.379106, 18.569637], [-97.351583, 18.569637], [-97.351583, 18.588901], [-97.379106, 18.588901], [-97.379106, 18.569637]]]}}, {"type": "Feature", "id": 2894, "properties": {"seccion": 2894, "id": 2894, "municipio": 153, "nombre": "Tehuacan", "distrito_l": 25, "distrito_f": 1}, "geometry": {"type": "Polygon", "coordinates": [[[-97.351583, 18.569637], [-97.32406, 18.569637], [-97.32406, 18.588901], [-97.351583, 18.588901], [-97.351583, 18.569637]]]}}, {"type": "Feature", "id": 2017, "properties": {"seccion": 2017, "id": 2017, "municipio": 154, "nombre": "Tehuitzingo", "distrito_l": 23, "distrito_f": 1}, "geometry": {"type": "Polygon", "coordinates": [[[-98.325661, 18.277679], [-98.197647, 18.277679], [-98.197647, 18.379973], [-98.325661, 18.379973], [-98.325661, 18.277679]]]}}, {"type": "Feature", "id": 2018, "properties": {"seccion": 2018, "id": 2018, "municipio": 154, "nombre": "Tehuitzingo", "distrito_l": 23, "distrito_f": 1}, "geometry": {"type": "Polygon", "coordinates": [[[-98.197647, 18.277679], [-98.069633, 18.277679], [-98.069633, 18.379973], [-98.197647, 18.379973], [-98.197647, 18.277679]]]}}, {"type": "Feature", "id": 2019, "properties": {"seccion": 2019, "id": 2019, "municipio": 154, "nombre": "Tehuitzingo", "distrito_l": 23, "distrito_f": 1}, "geometry": {"type": "Polygon", "coordinates": [[[-98.069633, 18.277679], [-97.941619, 18.277679], [-97.941619, 18.379973], [-98.069633, 18.379973], [-98.069633, 18.277679]]]}}, {"type": "Feature", "id": 2020, "properties": {"seccion": 2020, "id": 2020, "municipio": 154, "nombre": "Tehuitzingo", "distrito_l": 23, "distrito_f": 1}, "geometry": {"type": "Polygon", "coordinates": [[[-98.325661, 18.379973], [-98.197647, 18.379973], [-98.197647, 18.482267], [-98.325661, 18.482267], [-98.325661, 18.379973]]]}}, {"type": "Feature", "id": 2021, "properties": {"seccion": 2021, "id": 2021, "municipio": 154, "nombre": "Tehuitzingo", "distrito_l": 23, "distrito_f": 1}, "geometry": {"type": "Polygon", "coordinates": [[[-98.197647, 18.379973], [-98.069633, 18.379973], [-98.069633, 18.482267], [-98.197647, 18.482267], [-98.197647, 18.379973]]]}}, {"type": "Feature", "id": 2022, "properties": {"seccion": 2022, "id": 2022, "municipio": 154, "nombre": "Tehuitzingo", "distrito_l": 23, "distrito_f": 1}, "geometry": {"type": "Polygon", "coordinates": [[[-98.069633, 18.379973], [-97.941619, 18.379973], [-97.941619, 18.482267], [-98.069633, 18.482267], [-98.069633, 18.379973]]]}}, {"type": "Feature", "id": 2023, "properties": {"seccion": 2023, "id": 2023, "municipio": 154, "nombre": "Tehuitzingo", "distrito_l": 23, "distrito_f": 1}, "geometry": {"type": "Polygon", "coordinates": [[[-98.325661, 18.482267], [-98.197647, 18.482267], [-98.197647, 18.584561], [-98.325661, 18.584561], [-98.325661, 18.482267]]]}}, {"type": "Feature", "id": 2024, "properties": {"seccion": 2024, "id": 2024, "municipio": 154, "nombre": "Tehuitzingo", "distrito_l": 23, "distrito_f": 1}, "geometry": {"type": "Polygon", "coordinates": [[[-98.197647, 18.482267], [-98.069633, 18.482267], [-98.069633, 18.584561], [-98.197647, 18.584561], [-98.197647, 18.482267]]]}}, {"type": "Feature", "id": 2759, "properties": {"seccion": 2759, "id": 2759, "municipio": 154, "nombre": "Tehuitzingo", "distrito_l": 23, "distrito_f": 1}, "geometry": {"type": "Polygon", "coordinates": [[[-98.069633, 18.482267], [-97.941619, 18.482267], [-97.941619, 18.584561], [-98.069633, 18.584561], [-98.069633, 18.482267]]]}}, {"type": "Feature", "id": 2025, "properties": {"seccion": 2025, "id": 2025, "municipio": 155, "nombre": "Tenampulco", "distrito_l": 6, "distrito_f": 1}, "geometry": {"type": "Polygon", "coordinates": [[[-97.439079, 20.116261], [-97.38387, 20.116261], [-97.38387, 20.171418], [-97.439079, 20.171418], [-97.439079, 20.116261]]]}}, {"type": "Feature", "id": 2026, "properties": {"seccion": 2026, "id": 2026, "municipio": 155, "nombre": "Tenampulco", "distrito_l": 6, "distrito_f": 1}, "geometry": {"type": "Polygon", "coordinates": [[[-97.38387, 20.116261], [-97.328661, 20.116261], [-97.328661, 20.171418], [-97.38387, 20.171418], [-97.38387, 20.116261]]]}}, {"type": "Feature", "id": 2027, "properties": {"seccion": 2027, "id": 2027, "municipio": 155, "nombre": "Tenampulco", "distrito_l": 6, "distrito_f": 1}, "geometry": {"type": "Polygon", "coordinates": [[[-97.328662, 20.116261], [-97.273453, 20.116261], [-97.273453, 20.171418], [-97.328662, 20.171418], [-97.328662, 20.116261]]]}}, {"type": "Feature", "id": 2028, "properties": {"seccion": 2028, "id": 2028, "municipio": 155, "nombre": "Tenampulco", "distrito_l": 6, "distrito_f": 1}, "geometry": {"type": "Polygon", "coordinates": [[[-97.439079, 20.171417], [-97.38387, 20.171417], [-97.38387, 20.226574], [-97.439079, 20.226574], [-97.439079, 20.171417]]]}}, {"type": "Feature", "id": 2029, "properties": {"seccion": 2029, "id": 2029, "municipio": 155, "nombre": "Tenampulco", "distrito_l": 6, "distrito_f": 1}, "geometry": {"type": "Polygon", "coordinates": [[[-97.38387, 20.171417], [-97.328661, 20.171417], [-97.328661, 20.226574], [-97.38387, 20.226574], [-97.38387, 20.171417]]]}}, {"type": "Feature", "id": 2030, "properties": {"seccion": 2030, "id": 2030, "municipio": 155, "nombre": "Tenampulco", "distrito_l": 6, "distrito_f": 1}, "geometry": {"type": "Polygon", "coordinates": [[[-97.328662, 20.171417], [-97.273453, 20.171417], [-97.273453, 20.226574], [-97.328662, 20.226574], [-97.328662, 20.171417]]]}}, {"type": "Feature", "id": 2031, "properties": {"seccion": 2031, "id": 2031, "municipio": 155, "nombre": "Tenampulco", "distrito_l": 6, "distrito_f": 1}, "geometry": {"type": "Polygon", "coordinates": [[[-97.439079, 20.226574], [-97.38387, 20.226574], [-97.38387, 20.281731], [-97.439079, 20.281731], [-97.439079, 20.226574]]]}}, {"type": "Feature", "id": 2032, "properties": {"seccion": 2032, "id": 2032, "municipio": 155, "nombre": "Tenampulco", "distrito_l": 6, "distrito_f": 1}, "geometry": {"type": "Polygon", "coordinates": [[[-97.38387, 20.226574], [-97.328661, 20.226574], [-97.328661, 20.281731], [-97.38387, 20.281731], [-97.38387, 20.226574]]]}}, {"type": "Feature", "id": 2033, "properties": {"seccion": 2033, "id": 2033, "municipio": 156, "nombre": "Teopantlan", "distrito_l": 23, "distrito_f": 1}, "geometry": {"type": "Polygon", "coordinates": [[[-98.19873, 18.697081], [-98.122718, 18.697081], [-98.122718, 18.796521], [-98.19873, 18.796521], [-98.19873, 18.697081]]]}}, {"type": "Feature", "id": 2034, "properties": {"seccion": 2034, "id": 2034, "municipio": 156, "nombre": "Teopantlan", "distrito_l": 23, "distrito_f": 1}, "geometry": {"type": "Polygon", "coordinates": [[[-98.122719, 18.697081], [-98.046707, 18.697081], [-98.046707, 18.796521], [-98.122719, 18.796521], [-98.122719, 18.697081]]]}}, {"type": "Feature", "id": 2035, "properties": {"seccion": 2035, "id": 2035, "municipio": 156, "nombre": "Teopantlan", "distrito_l": 23, "distrito_f": 1}, "geometry": {"type": "Polygon", "coordinates": [[[-98.19873, 18.79652], [-98.122718, 18.79652], [-98.122718, 18.89596], [-98.19873, 18.89596], [-98.19873, 18.79652]]]}}, {"type": "Feature", "id": 2037, "properties": {"seccion": 2037, "id": 2037, "municipio": 156, "nombre": "Teopantlan", "distrito_l": 23, "distrito_f": 1}, "geometry": {"type": "Polygon", "coordinates": [[[-98.122719, 18.79652], [-98.046707, 18.79652], [-98.046707, 18.89596], [-98.122719, 18.89596], [-98.122719, 18.79652]]]}}, {"type": "Feature", "id": 2038, "properties": {"seccion": 2038, "id": 2038, "municipio": 157, "nombre": "Teotlalco", "distrito_l": 23, "distrito_f": 1}, "geometry": {"type": "Polygon", "coordinates": [[[-98.802521, 18.366081], [-98.739167, 18.366081], [-98.739167, 18.450471], [-98.802521, 18.450471], [-98.802521, 18.366081]]]}}, {"type": "Feature", "id": 2039, "properties": {"seccion": 2039, "id": 2039, "municipio": 157, "nombre": "Teotlalco", "distrito_l": 23, "distrito_f": 1}, "geometry": {"type": "Polygon", "coordinates": [[[-98.739166, 18.366081], [-98.675812, 18.366081], [-98.675812, 18.450471], [-98.739166, 18.450471], [-98.739166, 18.366081]]]}}, {"type": "Feature", "id": 2040, "properties": {"seccion": 2040, "id": 2040, "municipio": 157, "nombre": "Teotlalco", "distrito_l": 23, "distrito_f": 1}, "geometry": {"type": "Polygon", "coordinates": [[[-98.802521, 18.450471], [-98.739167, 18.450471], [-98.739167, 18.534861], [-98.802521, 18.534861], [-98.802521, 18.450471]]]}}, {"type": "Feature", "id": 2041, "properties": {"seccion": 2041, "id": 2041, "municipio": 157, "nombre": "Teotlalco", "distrito_l": 23, "distrito_f": 1}, "geometry": {"type": "Polygon", "coordinates": [[[-98.739166, 18.450471], [-98.675812, 18.450471], [-98.675812, 18.534861], [-98.739166, 18.534861], [-98.739166, 18.450471]]]}}, {"type": "Feature", "id": 2042, "properties": {"seccion": 2042, "id": 2042, "municipio": 158, "nombre": "Tepanco De Lopez", "distrito_l": 24, "distrito_f": 1}, "geometry": {"type": "Polygon", "coordinates": [[[-97.48571, 18.487251], [-97.440066, 18.487251], [-97.440066, 18.55672], [-97.48571, 18.55672], [-97.48571, 18.487251]]]}}, {"type": "Feature", "id": 2043, "properties": {"seccion": 2043, "id": 2043, "municipio": 158, "nombre": "Tepanco De Lopez", "distrito_l": 24, "distrito_f": 1}, "geometry": {"type": "Polygon", "coordinates": [[[-97.440066, 18.487251], [-97.394422, 18.487251], [-97.394422, 18.55672], [-97.440066, 18.55672], [-97.440066, 18.487251]]]}}, {"type": "Feature", "id": 2044, "properties": {"seccion": 2044, "id": 2044, "municipio": 158, "nombre": "Tepanco De Lopez", "distrito_l": 24, "distrito_f": 1}, "geometry": {"type": "Polygon", "coordinates": [[[-97.394422, 18.487251], [-97.348778, 18.487251], [-97.348778, 18.55672], [-97.394422, 18.55672], [-97.394422, 18.487251]]]}}, {"type": "Feature", "id": 2045, "properties": {"seccion": 2045, "id": 2045, "municipio": 158, "nombre": "Tepanco De Lopez", "distrito_l": 24, "distrito_f": 1}, "geometry": {"type": "Polygon", "coordinates": [[[-97.48571, 18.556721], [-97.440066, 18.556721], [-97.440066, 18.62619], [-97.48571, 18.62619], [-97.48571, 18.556721]]]}}, {"type": "Feature", "id": 2046, "properties": {"seccion": 2046, "id": 2046, "municipio": 158, "nombre": "Tepanco De Lopez", "distrito_l": 24, "distrito_f": 1}, "geometry": {"type": "Polygon", "coordinates": [[[-97.440066, 18.556721], [-97.394422, 18.556721], [-97.394422, 18.62619], [-97.440066, 18.62619], [-97.440066, 18.556721]]]}}, {"type": "Feature", "id": 2047, "properties": {"seccion": 2047, "id": 2047, "municipio": 158, "nombre": "Tepanco De Lopez", "distrito_l": 24, "distrito_f": 1}, "geometry": {"type": "Polygon", "coordinates": [[[-97.394422, 18.556721], [-97.348778, 18.556721], [-97.348778, 18.62619], [-97.394422, 18.62619], [-97.394422, 18.556721]]]}}, {"type": "Feature", "id": 2048, "properties": {"seccion": 2048, "id": 2048, "municipio": 158, "nombre": "Tepanco De Lopez", "distrito_l": 24, "distrito_f": 1}, "geometry": {"type": "Polygon", "coordinates": [[[-97.48571, 18.62619], [-97.440066, 18.62619], [-97.440066, 18.695659], [-97.48571, 18.695659], [-97.48571, 18.62619]]]}}, {"type": "Feature", "id": 2049, "properties": {"seccion": 2049, "id": 2049, "municipio": 159, "nombre": "Tepango De Rodriguez", "distrito_l": 3, "distrito_f": 1}, "geometry": {"type": "Polygon", "coordinates": [[[-97.785378, 19.99703], [-97.740918, 19.99703], [-97.740918, 20.048971], [-97.785378, 20.048971], [-97.785378, 19.99703]]]}}, {"type": "Feature", "id": 2050, "properties": {"seccion": 2050, "id": 2050, "municipio": 159, "nombre": "Tepango De Rodriguez", "distrito_l": 3, "distrito_f": 1}, "geometry": {"type": "Polygon", "coordinates": [[[-97.740917, 19.99703], [-97.696457, 19.99703], [-97.696457, 20.048971], [-97.740917, 20.048971], [-97.740917, 19.99703]]]}}, {"type": "Feature", "id": 2051, "properties": {"seccion": 2051, "id": 2051, "municipio": 160, "nombre": "Tepatlaxco De Hidalgo", "distrito_l": 12, "distrito_f": 1}, "geometry": {"type": "Polygon", "coordinates": [[[-97.938896, 19.07725], [-97.908567, 19.07725], [-97.908567, 19.114074], [-97.938896, 19.114074], [-97.938896, 19.07725]]]}}, {"type": "Feature", "id": 2052, "properties": {"seccion": 2052, "id": 2052, "municipio": 160, "nombre": "Tepatlaxco De Hidalgo", "distrito_l": 12, "distrito_f": 1}, "geometry": {"type": "Polygon", "coordinates": [[[-97.908567, 19.07725], [-97.878238, 19.07725], [-97.878238, 19.114074], [-97.908567, 19.114074], [-97.908567, 19.07725]]]}}, {"type": "Feature", "id": 2053, "properties": {"seccion": 2053, "id": 2053, "municipio": 160, "nombre": "Tepatlaxco De Hidalgo", "distrito_l": 12, "distrito_f": 1}, "geometry": {"type": "Polygon", "coordinates": [[[-97.878237, 19.07725], [-97.847908, 19.07725], [-97.847908, 19.114074], [-97.878237, 19.114074], [-97.878237, 19.07725]]]}}, {"type": "Feature", "id": 2054, "properties": {"seccion": 2054, "id": 2054, "municipio": 160, "nombre": "Tepatlaxco De Hidalgo", "distrito_l": 12, "distrito_f": 1}, "geometry": {"type": "Polygon", "coordinates": [[[-97.938896, 19.114073], [-97.908567, 19.114073], [-97.908567, 19.150897], [-97.938896, 19.150897], [-97.938896, 19.114073]]]}}, {"type": "Feature", "id": 2055, "properties": {"seccion": 2055, "id": 2055, "municipio": 160, "nombre": "Tepatlaxco De Hidalgo", "distrito_l": 12, "distrito_f": 1}, "geometry": {"type": "Polygon", "coordinates": [[[-97.908567, 19.114073], [-97.878238, 19.114073], [-97.878238, 19.150897], [-97.908567, 19.150897], [-97.908567, 19.114073]]]}}, {"type": "Feature", "id": 2056, "properties": {"seccion": 2056, "id": 2056, "municipio": 160, "nombre": "Tepatlaxco De Hidalgo", "distrito_l": 12, "distrito_f": 1}, "geometry": {"type": "Polygon", "coordinates": [[[-97.878237, 19.114073], [-97.847908, 19.114073], [-97.847908, 19.150897], [-97.878237, 19.150897], [-97.878237, 19.114073]]]}}, {"type": "Feature", "id": 2057, "properties": {"seccion": 2057, "id": 2057, "municipio": 160, "nombre": "Tepatlaxco De Hidalgo", "distrito_l": 12, "distrito_f": 1}, "geometry": {"type": "Polygon", "coordinates": [[[-97.938896, 19.150897], [-97.908567, 19.150897], [-97.908567, 19.187721], [-97.938896, 19.187721], [-97.938896, 19.150897]]]}}, {"type": "Feature", "id": 2058, "properties": {"seccion": 2058, "id": 2058, "municipio": 161, "nombre": "Tepeaca", "distrito_l": 13, "distrito_f": 1}, "geometry": {"type": "Polygon", "coordinates": [[[-97.823326, 18.972521], [-97.804943, 18.972521], [-97.804943, 19.007075], [-97.823326, 19.007075], [-97.823326, 18.972521]]]}}, {"type": "Feature", "id": 2059, "properties": {"seccion": 2059, "id": 2059, "municipio": 161, "nombre": "Tepeaca", "distrito_l": 13, "distrito_f": 1}, "geometry": {"type": "Polygon", "coordinates": [[[-97.804943, 18.972521], [-97.78656, 18.972521], [-97.78656, 19.007075], [-97.804943, 19.007075], [-97.804943, 18.972521]]]}}, {"type": "Feature", "id": 2060, "properties": {"seccion": 2060, "id": 2060, "municipio": 161, "nombre": "Tepeaca", "distrito_l": 13, "distrito_f": 1}, "geometry": {"type": "Polygon", "coordinates": [[[-97.78656, 18.972521], [-97.768177, 18.972521], [-97.768177, 19.007075], [-97.78656, 19.007075], [-97.78656, 18.972521]]]}}, {"type": "Feature", "id": 2061, "properties": {"seccion": 2061, "id": 2061, "municipio": 161, "nombre": "Tepeaca", "distrito_l": 13, "distrito_f": 1}, "geometry": {"type": "Polygon", "coordinates": [[[-97.768177, 18.972521], [-97.749794, 18.972521], [-97.749794, 19.007075], [-97.768177, 19.007075], [-97.768177, 18.972521]]]}}, {"type": "Feature", "id": 2062, "properties": {"seccion": 2062, "id": 2062, "municipio": 161, "nombre": "Tepeaca", "distrito_l": 13, "distrito_f": 1}, "geometry": {"type": "Polygon", "coordinates": [[[-97.749794, 18.972521], [-97.731411, 18.972521], [-97.731411, 19.007075], [-97.749794, 19.007075], [-97.749794, 18.972521]]]}}, {"type": "Feature", "id": 2063, "properties": {"seccion": 2063, "id": 2063, "municipio": 161, "nombre": "Tepeaca", "distrito_l": 13, "distrito_f": 1}, "geometry": {"type": "Polygon", "coordinates": [[[-97.731411, 18.972521], [-97.713028, 18.972521], [-97.713028, 19.007075], [-97.731411, 19.007075], [-97.731411, 18.972521]]]}}, {"type": "Feature", "id": 2064, "properties": {"seccion": 2064, "id": 2064, "municipio": 161, "nombre": "Tepeaca", "distrito_l": 13, "distrito_f": 1}, "geometry": {"type": "Polygon", "coordinates": [[[-97.823326, 19.007075], [-97.804943, 19.007075], [-97.804943, 19.041629], [-97.823326, 19.041629], [-97.823326, 19.007075]]]}}, {"type": "Feature", "id": 2065, "properties": {"seccion": 2065, "id": 2065, "municipio": 161, "nombre": "Tepeaca", "distrito_l": 13, "distrito_f": 1}, "geometry": {"type": "Polygon", "coordinates": [[[-97.804943, 19.007075], [-97.78656, 19.007075], [-97.78656, 19.041629], [-97.804943, 19.041629], [-97.804943, 19.007075]]]}}, {"type": "Feature", "id": 2066, "properties": {"seccion": 2066, "id": 2066, "municipio": 161, "nombre": "Tepeaca", "distrito_l": 13, "distrito_f": 1}, "geometry": {"type": "Polygon", "coordinates": [[[-97.78656, 19.007075], [-97.768177, 19.007075], [-97.768177, 19.041629], [-97.78656, 19.041629], [-97.78656, 19.007075]]]}}, {"type": "Feature", "id": 2067, "properties": {"seccion": 2067, "id": 2067, "municipio": 161, "nombre": "Tepeaca", "distrito_l": 13, "distrito_f": 1}, "geometry": {"type": "Polygon", "coordinates": [[[-97.768177, 19.007075], [-97.749794, 19.007075], [-97.749794, 19.041629], [-97.768177, 19.041629], [-97.768177, 19.007075]]]}}, {"type": "Feature", "id": 2069, "properties": {"seccion": 2069, "id": 2069, "municipio": 161, "nombre": "Tepeaca", "distrito_l": 13, "distrito_f": 1}, "geometry": {"type": "Polygon", "coordinates": [[[-97.749794, 19.007075], [-97.731411, 19.007075], [-97.731411, 19.041629], [-97.749794, 19.041629], [-97.749794, 19.007075]]]}}, {"type": "Feature", "id": 2070, "properties": {"seccion": 2070, "id": 2070, "municipio": 161, "nombre": "Tepeaca", "distrito_l": 13, "distrito_f": 1}, "geometry": {"type": "Polygon", "coordinates": [[[-97.731411, 19.007075], [-97.713028, 19.007075], [-97.713028, 19.041629], [-97.731411, 19.041629], [-97.731411, 19.007075]]]}}, {"type": "Feature", "id": 2071, "properties": {"seccion": 2071, "id": 2071, "municipio": 161, "nombre": "Tepeaca", "distrito_l": 13, "distrito_f": 1}, "geometry": {"type": "Polygon", "coordinates": [[[-97.823326, 19.041629], [-97.804943, 19.041629], [-97.804943, 19.076183], [-97.823326, 19.076183], [-97.823326, 19.041629]]]}}, {"type": "Feature", "id": 2072, "properties": {"seccion": 2072, "id": 2072, "municipio": 161, "nombre": "Tepeaca", "distrito_l": 13, "distrito_f": 1}, "geometry": {"type": "Polygon", "coordinates": [[[-97.804943, 19.041629], [-97.78656, 19.041629], [-97.78656, 19.076183], [-97.804943, 19.076183], [-97.804943, 19.041629]]]}}, {"type": "Feature", "id": 2073, "properties": {"seccion": 2073, "id": 2073, "municipio": 161, "nombre": "Tepeaca", "distrito_l": 13, "distrito_f": 1}, "geometry": {"type": "Polygon", "coordinates": [[[-97.78656, 19.041629], [-97.768177, 19.041629], [-97.768177, 19.076183], [-97.78656, 19.076183], [-97.78656, 19.041629]]]}}, {"type": "Feature", "id": 2074, "properties": {"seccion": 2074, "id": 2074, "municipio": 161, "nombre": "Tepeaca", "distrito_l": 13, "distrito_f": 1}, "geometry": {"type": "Polygon", "coordinates": [[[-97.768177, 19.041629], [-97.749794, 19.041629], [-97.749794, 19.076183], [-97.768177, 19.076183], [-97.768177, 19.041629]]]}}, {"type": "Feature", "id": 2076, "properties": {"seccion": 2076, "id": 2076, "municipio": 161, "nombre": "Tepeaca", "distrito_l": 13, "distrito_f": 1}, "geometry": {"type": "Polygon", "coordinates": [[[-97.749794, 19.041629], [-97.731411, 19.041629], [-97.731411, 19.076183], [-97.749794, 19.076183], [-97.749794, 19.041629]]]}}, {"type": "Feature", "id": 2077, "properties": {"seccion": 2077, "id": 2077, "municipio": 161, "nombre": "Tepeaca", "distrito_l": 13, "distrito_f": 1}, "geometry": {"type": "Polygon", "coordinates": [[[-97.731411, 19.041629], [-97.713028, 19.041629], [-97.713028, 19.076183], [-97.731411, 19.076183], [-97.731411, 19.041629]]]}}, {"type": "Feature", "id": 2078, "properties": {"seccion": 2078, "id": 2078, "municipio": 161, "nombre": "Tepeaca", "distrito_l": 13, "distrito_f": 1}, "geometry": {"type": "Polygon", "coordinates": [[[-97.823326, 19.076183], [-97.804943, 19.076183], [-97.804943, 19.110737], [-97.823326, 19.110737], [-97.823326, 19.076183]]]}}, {"type": "Feature", "id": 2079, "properties": {"seccion": 2079, "id": 2079, "municipio": 161, "nombre": "Tepeaca", "distrito_l": 13, "distrito_f": 1}, "geometry": {"type": "Polygon", "coordinates": [[[-97.804943, 19.076183], [-97.78656, 19.076183], [-97.78656, 19.110737], [-97.804943, 19.110737], [-97.804943, 19.076183]]]}}, {"type": "Feature", "id": 2080, "properties": {"seccion": 2080, "id": 2080, "municipio": 161, "nombre": "Tepeaca", "distrito_l": 13, "distrito_f": 1}, "geometry": {"type": "Polygon", "coordinates": [[[-97.78656, 19.076183], [-97.768177, 19.076183], [-97.768177, 19.110737], [-97.78656, 19.110737], [-97.78656, 19.076183]]]}}, {"type": "Feature", "id": 2081, "properties": {"seccion": 2081, "id": 2081, "municipio": 161, "nombre": "Tepeaca", "distrito_l": 13, "distrito_f": 1}, "geometry": {"type": "Polygon", "coordinates": [[[-97.768177, 19.076183], [-97.749794, 19.076183], [-97.749794, 19.110737], [-97.768177, 19.110737], [-97.768177, 19.076183]]]}}, {"type": "Feature", "id": 2909, "properties": {"seccion": 2909, "id": 2909, "municipio": 161, "nombre": "Tepeaca", "distrito_l": 13, "distrito_f": 1}, "geometry": {"type": "Polygon", "coordinates": [[[-97.749794, 19.076183], [-97.731411, 19.076183], [-97.731411, 19.110737], [-97.749794, 19.110737], [-97.749794, 19.076183]]]}}, {"type": "Feature", "id": 2910, "properties": {"seccion": 2910, "id": 2910, "municipio": 161, "nombre": "Tepeaca", "distrito_l": 13, "distrito_f": 1}, "geometry": {"type": "Polygon", "coordinates": [[[-97.731411, 19.076183], [-97.713028, 19.076183], [-97.713028, 19.110737], [-97.731411, 19.110737], [-97.731411, 19.076183]]]}}, {"type": "Feature", "id": 2911, "properties": {"seccion": 2911, "id": 2911, "municipio": 161, "nombre": "Tepeaca", "distrito_l": 13, "distrito_f": 1}, "geometry": {"type": "Polygon", "coordinates": [[[-97.823326, 19.110736], [-97.804943, 19.110736], [-97.804943, 19.14529], [-97.823326, 19.14529], [-97.823326, 19.110736]]]}}, {"type": "Feature", "id": 2912, "properties": {"seccion": 2912, "id": 2912, "municipio": 161, "nombre": "Tepeaca", "distrito_l": 13, "distrito_f": 1}, "geometry": {"type": "Polygon", "coordinates": [[[-97.804943, 19.110736], [-97.78656, 19.110736], [-97.78656, 19.14529], [-97.804943, 19.14529], [-97.804943, 19.110736]]]}}, {"type": "Feature", "id": 2913, "properties": {"seccion": 2913, "id": 2913, "municipio": 161, "nombre": "Tepeaca", "distrito_l": 13, "distrito_f": 1}, "geometry": {"type": "Polygon", "coordinates": [[[-97.78656, 19.110736], [-97.768177, 19.110736], [-97.768177, 19.14529], [-97.78656, 19.14529], [-97.78656, 19.110736]]]}}, {"type": "Feature", "id": 2082, "properties": {"seccion": 2082, "id": 2082, "municipio": 162, "nombre": "Tepemaxalco", "distrito_l": 22, "distrito_f": 1}, "geometry": {"type": "Polygon", "coordinates": [[[-98.495750427246, 18.7610702514649], [-98.4984664916992, 18.7578506469728], [-98.4997177124023, 18.7537403106691], [-98.4999771118163, 18.7512397766114], [-98.4999694824218, 18.7489681243897], [-98.4997329711914, 18.7469310760499], [-98.4982681274414, 18.7412910461426], [-98.4953384399414, 18.7336425781251], [-98.4945983886719, 18.7309303283691], [-98.4928817749023, 18.7284698486329], [-98.4901885986328, 18.7223911285401], [-98.4884719848633, 18.7185707092285], [-98.4872665405273, 18.7117881774903], [-98.4870223999023, 18.7061290740968], [-98.4872894287109, 18.6995506286622], [-98.4875411987305, 18.6965980529785], [-98.488052368164, 18.6925106048585], [-98.4888000488281, 18.6888694763184], [-98.4900360107421, 18.6838607788087], [-98.4920272827148, 18.6790618896485], [-98.4930877685546, 18.6733703613282], [-98.4991989135742, 18.671672821045], [-98.509292602539, 18.6692199707031], [-98.5161972045898, 18.6681804656984], [-98.5255584716797, 18.6680126190185], [-98.5314712524414, 18.6697101593018], [-98.534912109375, 18.6719112396241], [-98.5405731201171, 18.6761112213136], [-98.5484390258789, 18.6818599700928], [-98.5462112426757, 18.6848411560059], [-98.5429916381835, 18.6901226043702], [-98.5395431518554, 18.6969909667969], [-98.5375366210937, 18.7013301849366], [-98.535057067871, 18.7072696685791], [-98.533332824707, 18.7134208679199], [-98.5325698852538, 18.7184181213379], [-98.5323181152344, 18.7234210968017], [-98.5323028564453, 18.7286396026611], [-98.5327758789062, 18.7333908081055], [-98.5335083007812, 18.7385902404785], [-98.5366973876952, 18.7439708709717], [-98.5376815795898, 18.7459907531738], [-98.5381622314453, 18.7500705718995], [-98.5374069213867, 18.7539405822755], [-98.5364227294922, 18.7566795349121], [-98.5351715087889, 18.759651184082], [-98.5302429199219, 18.765422821045], [-98.5270309448242, 18.7695617675781], [-98.523567199707, 18.7730312347413], [-98.5188827514648, 18.7776527404785], [-98.5164031982422, 18.7799701690674], [-98.51220703125, 18.7823104858398], [-98.5102386474609, 18.779172897339], [-98.5087661743164, 18.7771606445312], [-98.5070571899414, 18.7749309539795], [-98.5046005249023, 18.7722492218017], [-98.5018920898438, 18.7695808410646], [-98.5001831054688, 18.7680206298828], [-98.4972229003906, 18.7660312652588], [-98.495750427246, 18.7640209197998], [-98.495750427246, 18.7610702514649]]]}}, {"type": "Feature", "id": 2083, "properties": {"seccion": 2083, "id": 2083, "municipio": 163, "nombre": "Tepeojuma", "distrito_l": 22, "distrito_f": 1}, "geometry": {"type": "Polygon", "coordinates": [[[-98.420746, 18.70409], [-98.372106, 18.70409], [-98.372106, 18.7804], [-98.420746, 18.7804], [-98.420746, 18.70409]]]}}, {"type": "Feature", "id": 2084, "properties": {"seccion": 2084, "id": 2084, "municipio": 163, "nombre": "Tepeojuma", "distrito_l": 22, "distrito_f": 1}, "geometry": {"type": "Polygon", "coordinates": [[[-98.372106, 18.70409], [-98.323466, 18.70409], [-98.323466, 18.7804], [-98.372106, 18.7804], [-98.372106, 18.70409]]]}}, {"type": "Feature", "id": 2085, "properties": {"seccion": 2085, "id": 2085, "municipio": 163, "nombre": "Tepeojuma", "distrito_l": 22, "distrito_f": 1}, "geometry": {"type": "Polygon", "coordinates": [[[-98.323466, 18.70409], [-98.274826, 18.70409], [-98.274826, 18.7804], [-98.323466, 18.7804], [-98.323466, 18.70409]]]}}, {"type": "Feature", "id": 2086, "properties": {"seccion": 2086, "id": 2086, "municipio": 163, "nombre": "Tepeojuma", "distrito_l": 22, "distrito_f": 1}, "geometry": {"type": "Polygon", "coordinates": [[[-98.420746, 18.7804], [-98.372106, 18.7804], [-98.372106, 18.85671], [-98.420746, 18.85671], [-98.420746, 18.7804]]]}}, {"type": "Feature", "id": 2087, "properties": {"seccion": 2087, "id": 2087, "municipio": 163, "nombre": "Tepeojuma", "distrito_l": 22, "distrito_f": 1}, "geometry": {"type": "Polygon", "coordinates": [[[-98.372106, 18.7804], [-98.323466, 18.7804], [-98.323466, 18.85671], [-98.372106, 18.85671], [-98.372106, 18.7804]]]}}, {"type": "Feature", "id": 2088, "properties": {"seccion": 2088, "id": 2088, "municipio": 163, "nombre": "Tepeojuma", "distrito_l": 22, "distrito_f": 1}, "geometry": {"type": "Polygon", "coordinates": [[[-98.323466, 18.7804], [-98.274826, 18.7804], [-98.274826, 18.85671], [-98.323466, 18.85671], [-98.323466, 18.7804]]]}}, {"type": "Feature", "id": 2089, "properties": {"seccion": 2089, "id": 2089, "municipio": 164, "nombre": "Tepetzintla", "distrito_l": 3, "distrito_f": 1}, "geometry": {"type": "Polygon", "coordinates": [[[-97.793686, 19.939081], [-97.776324, 19.939081], [-97.776324, 19.958744], [-97.793686, 19.958744], [-97.793686, 19.939081]]]}}, {"type": "Feature", "id": 2090, "properties": {"seccion": 2090, "id": 2090, "municipio": 164, "nombre": "Tepetzintla", "distrito_l": 3, "distrito_f": 1}, "geometry": {"type": "Polygon", "coordinates": [[[-97.776324, 19.939081], [-97.758962, 19.939081], [-97.758962, 19.958744], [-97.776324, 19.958744], [-97.776324, 19.939081]]]}}, {"type": "Feature", "id": 2091, "properties": {"seccion": 2091, "id": 2091, "municipio": 164, "nombre": "Tepetzintla", "distrito_l": 3, "distrito_f": 1}, "geometry": {"type": "Polygon", "coordinates": [[[-97.758962, 19.939081], [-97.7416, 19.939081], [-97.7416, 19.958744], [-97.758962, 19.958744], [-97.758962, 19.939081]]]}}, {"type": "Feature", "id": 2092, "properties": {"seccion": 2092, "id": 2092, "municipio": 164, "nombre": "Tepetzintla", "distrito_l": 3, "distrito_f": 1}, "geometry": {"type": "Polygon", "coordinates": [[[-97.793686, 19.958744], [-97.776324, 19.958744], [-97.776324, 19.978407], [-97.793686, 19.978407], [-97.793686, 19.958744]]]}}, {"type": "Feature", "id": 2093, "properties": {"seccion": 2093, "id": 2093, "municipio": 164, "nombre": "Tepetzintla", "distrito_l": 3, "distrito_f": 1}, "geometry": {"type": "Polygon", "coordinates": [[[-97.776324, 19.958744], [-97.758962, 19.958744], [-97.758962, 19.978407], [-97.776324, 19.978407], [-97.776324, 19.958744]]]}}, {"type": "Feature", "id": 2094, "properties": {"seccion": 2094, "id": 2094, "municipio": 164, "nombre": "Tepetzintla", "distrito_l": 3, "distrito_f": 1}, "geometry": {"type": "Polygon", "coordinates": [[[-97.758962, 19.958744], [-97.7416, 19.958744], [-97.7416, 19.978407], [-97.758962, 19.978407], [-97.758962, 19.958744]]]}}, {"type": "Feature", "id": 2726, "properties": {"seccion": 2726, "id": 2726, "municipio": 164, "nombre": "Tepetzintla", "distrito_l": 3, "distrito_f": 1}, "geometry": {"type": "Polygon", "coordinates": [[[-97.793686, 19.978407], [-97.776324, 19.978407], [-97.776324, 19.99807], [-97.793686, 19.99807], [-97.793686, 19.978407]]]}}, {"type": "Feature", "id": 2095, "properties": {"seccion": 2095, "id": 2095, "municipio": 165, "nombre": "Tepexco", "distrito_l": 22, "distrito_f": 1}, "geometry": {"type": "Polygon", "coordinates": [[[-98.641647, 18.614531], [-98.567367, 18.614531], [-98.567367, 18.667036], [-98.641647, 18.667036], [-98.641647, 18.614531]]]}}, {"type": "Feature", "id": 2096, "properties": {"seccion": 2096, "id": 2096, "municipio": 165, "nombre": "Tepexco", "distrito_l": 22, "distrito_f": 1}, "geometry": {"type": "Polygon", "coordinates": [[[-98.567368, 18.614531], [-98.493088, 18.614531], [-98.493088, 18.667036], [-98.567368, 18.667036], [-98.567368, 18.614531]]]}}, {"type": "Feature", "id": 2097, "properties": {"seccion": 2097, "id": 2097, "municipio": 165, "nombre": "Tepexco", "distrito_l": 22, "distrito_f": 1}, "geometry": {"type": "Polygon", "coordinates": [[[-98.641647, 18.667036], [-98.567367, 18.667036], [-98.567367, 18.719541], [-98.641647, 18.719541], [-98.641647, 18.667036]]]}}, {"type": "Feature", "id": 2098, "properties": {"seccion": 2098, "id": 2098, "municipio": 166, "nombre": "Tepexi De Rodriguez", "distrito_l": 23, "distrito_f": 1}, "geometry": {"type": "Polygon", "coordinates": [[[-97.916077, 18.392632], [-97.850375, 18.392632], [-97.850375, 18.490972], [-97.916077, 18.490972], [-97.916077, 18.392632]]]}}, {"type": "Feature", "id": 2099, "properties": {"seccion": 2099, "id": 2099, "municipio": 166, "nombre": "Tepexi De Rodriguez", "distrito_l": 23, "distrito_f": 1}, "geometry": {"type": "Polygon", "coordinates": [[[-97.850374, 18.392632], [-97.784672, 18.392632], [-97.784672, 18.490972], [-97.850374, 18.490972], [-97.850374, 18.392632]]]}}, {"type": "Feature", "id": 2100, "properties": {"seccion": 2100, "id": 2100, "municipio": 166, "nombre": "Tepexi De Rodriguez", "distrito_l": 23, "distrito_f": 1}, "geometry": {"type": "Polygon", "coordinates": [[[-97.784672, 18.392632], [-97.71897, 18.392632], [-97.71897, 18.490972], [-97.784672, 18.490972], [-97.784672, 18.392632]]]}}, {"type": "Feature", "id": 2101, "properties": {"seccion": 2101, "id": 2101, "municipio": 166, "nombre": "Tepexi De Rodriguez", "distrito_l": 23, "distrito_f": 1}, "geometry": {"type": "Polygon", "coordinates": [[[-97.718969, 18.392632], [-97.653267, 18.392632], [-97.653267, 18.490972], [-97.718969, 18.490972], [-97.718969, 18.392632]]]}}, {"type": "Feature", "id": 2102, "properties": {"seccion": 2102, "id": 2102, "municipio": 166, "nombre": "Tepexi De Rodriguez", "distrito_l": 23, "distrito_f": 1}, "geometry": {"type": "Polygon", "coordinates": [[[-97.916077, 18.490971], [-97.850375, 18.490971], [-97.850375, 18.589311], [-97.916077, 18.589311], [-97.916077, 18.490971]]]}}, {"type": "Feature", "id": 2103, "properties": {"seccion": 2103, "id": 2103, "municipio": 166, "nombre": "Tepexi De Rodriguez", "distrito_l": 23, "distrito_f": 1}, "geometry": {"type": "Polygon", "coordinates": [[[-97.850374, 18.490971], [-97.784672, 18.490971], [-97.784672, 18.589311], [-97.850374, 18.589311], [-97.850374, 18.490971]]]}}, {"type": "Feature", "id": 2104, "properties": {"seccion": 2104, "id": 2104, "municipio": 166, "nombre": "Tepexi De Rodriguez", "distrito_l": 23, "distrito_f": 1}, "geometry": {"type": "Polygon", "coordinates": [[[-97.784672, 18.490971], [-97.71897, 18.490971], [-97.71897, 18.589311], [-97.784672, 18.589311], [-97.784672, 18.490971]]]}}, {"type": "Feature", "id": 2105, "properties": {"seccion": 2105, "id": 2105, "municipio": 166, "nombre": "Tepexi De Rodriguez", "distrito_l": 23, "distrito_f": 1}, "geometry": {"type": "Polygon", "coordinates": [[[-97.718969, 18.490971], [-97.653267, 18.490971], [-97.653267, 18.589311], [-97.718969, 18.589311], [-97.718969, 18.490971]]]}}, {"type": "Feature", "id": 2106, "properties": {"seccion": 2106, "id": 2106, "municipio": 166, "nombre": "Tepexi De Rodriguez", "distrito_l": 23, "distrito_f": 1}, "geometry": {"type": "Polygon", "coordinates": [[[-97.916077, 18.589311], [-97.850375, 18.589311], [-97.850375, 18.687651], [-97.916077, 18.687651], [-97.916077, 18.589311]]]}}, {"type": "Feature", "id": 2107, "properties": {"seccion": 2107, "id": 2107, "municipio": 166, "nombre": "Tepexi De Rodriguez", "distrito_l": 23, "distrito_f": 1}, "geometry": {"type": "Polygon", "coordinates": [[[-97.850374, 18.589311], [-97.784672, 18.589311], [-97.784672, 18.687651], [-97.850374, 18.687651], [-97.850374, 18.589311]]]}}, {"type": "Feature", "id": 2108, "properties": {"seccion": 2108, "id": 2108, "municipio": 166, "nombre": "Tepexi De Rodriguez", "distrito_l": 23, "distrito_f": 1}, "geometry": {"type": "Polygon", "coordinates": [[[-97.784672, 18.589311], [-97.71897, 18.589311], [-97.71897, 18.687651], [-97.784672, 18.687651], [-97.784672, 18.589311]]]}}, {"type": "Feature", "id": 2109, "properties": {"seccion": 2109, "id": 2109, "municipio": 167, "nombre": "Tepeyahualco", "distrito_l": 5, "distrito_f": 1}, "geometry": {"type": "Polygon", "coordinates": [[[-97.495377, 19.37874], [-97.427829, 19.37874], [-97.427829, 19.48272], [-97.495377, 19.48272], [-97.495377, 19.37874]]]}}, {"type": "Feature", "id": 2110, "properties": {"seccion": 2110, "id": 2110, "municipio": 167, "nombre": "Tepeyahualco", "distrito_l": 5, "distrito_f": 1}, "geometry": {"type": "Polygon", "coordinates": [[[-97.427828, 19.37874], [-97.36028, 19.37874], [-97.36028, 19.48272], [-97.427828, 19.48272], [-97.427828, 19.37874]]]}}, {"type": "Feature", "id": 2111, "properties": {"seccion": 2111, "id": 2111, "municipio": 167, "nombre": "Tepeyahualco", "distrito_l": 5, "distrito_f": 1}, "geometry": {"type": "Polygon", "coordinates": [[[-97.36028, 19.37874], [-97.292732, 19.37874], [-97.292732, 19.48272], [-97.36028, 19.48272], [-97.36028, 19.37874]]]}}, {"type": "Feature", "id": 2112, "properties": {"seccion": 2112, "id": 2112, "municipio": 167, "nombre": "Tepeyahualco", "distrito_l": 5, "distrito_f": 1}, "geometry": {"type": "Polygon", "coordinates": [[[-97.495377, 19.48272], [-97.427829, 19.48272], [-97.427829, 19.5867], [-97.495377, 19.5867], [-97.495377, 19.48272]]]}}, {"type": "Feature", "id": 2113, "properties": {"seccion": 2113, "id": 2113, "municipio": 167, "nombre": "Tepeyahualco", "distrito_l": 5, "distrito_f": 1}, "geometry": {"type": "Polygon", "coordinates": [[[-97.427828, 19.48272], [-97.36028, 19.48272], [-97.36028, 19.5867], [-97.427828, 19.5867], [-97.427828, 19.48272]]]}}, {"type": "Feature", "id": 2114, "properties": {"seccion": 2114, "id": 2114, "municipio": 167, "nombre": "Tepeyahualco", "distrito_l": 5, "distrito_f": 1}, "geometry": {"type": "Polygon", "coordinates": [[[-97.36028, 19.48272], [-97.292732, 19.48272], [-97.292732, 19.5867], [-97.36028, 19.5867], [-97.36028, 19.48272]]]}}, {"type": "Feature", "id": 2115, "properties": {"seccion": 2115, "id": 2115, "municipio": 167, "nombre": "Tepeyahualco", "distrito_l": 5, "distrito_f": 1}, "geometry": {"type": "Polygon", "coordinates": [[[-97.495377, 19.5867], [-97.427829, 19.5867], [-97.427829, 19.69068], [-97.495377, 19.69068], [-97.495377, 19.5867]]]}}, {"type": "Feature", "id": 2116, "properties": {"seccion": 2116, "id": 2116, "municipio": 168, "nombre": "Tepeyahualco De Cuauhtemoc", "distrito_l": 13, "distrito_f": 1}, "geometry": {"type": "Polygon", "coordinates": [[[-97.7773361206055, 18.8691082000732], [-97.7761230468749, 18.8707103729249], [-97.7756195068359, 18.8736705780029], [-97.7751159667969, 18.8777503967286], [-97.7736511230468, 18.8795795440674], [-97.7694931030273, 18.8814411163331], [-97.7665557861328, 18.8826103210449], [-97.7628860473632, 18.8833293914796], [-97.7565383911133, 18.8831710815431], [-97.7504272460938, 18.8823204040528], [-97.7465286254883, 18.8816776275635], [-97.7389526367188, 18.8801727294921], [-97.7338333129883, 18.8797702789307], [-97.7247772216797, 18.8778190612793], [-97.7240600585937, 18.8732910156249], [-97.7240676879882, 18.8701210021974], [-97.7267608642578, 18.8669128417969], [-97.7294464111328, 18.8648529052736], [-97.7363128662109, 18.8604698181152], [-97.7409515380858, 18.8565711975099], [-97.74365234375, 18.8533725738525], [-97.7444000244141, 18.8458709716797], [-97.7426986694336, 18.8415908813478], [-97.7382965087891, 18.834831237793], [-97.7507781982422, 18.8310699462891], [-97.7571258544922, 18.8312301635743], [-97.7627563476562, 18.8323097229004], [-97.7681198120117, 18.8352012634278], [-97.7715301513671, 18.8392410278321], [-97.7722625732422, 18.8419609069824], [-97.7742080688476, 18.8476009368897], [-97.7749328613281, 18.8528118133546], [-97.775161743164, 18.8559799194336], [-97.7754058837891, 18.8584709167482], [-97.7753982543945, 18.8618812561036], [-97.7773361206055, 18.8691082000732]]]}}, {"type": "Feature", "id": 2117, "properties": {"seccion": 2117, "id": 2117, "municipio": 169, "nombre": "Tetela De Ocampo", "distrito_l": 3, "distrito_f": 1}, "geometry": {"type": "Polygon", "coordinates": [[[-97.820686, 19.712372], [-97.768568, 19.712372], [-97.768568, 19.764184], [-97.820686, 19.764184], [-97.820686, 19.712372]]]}}, {"type": "Feature", "id": 2118, "properties": {"seccion": 2118, "id": 2118, "municipio": 169, "nombre": "Tetela De Ocampo", "distrito_l": 3, "distrito_f": 1}, "geometry": {"type": "Polygon", "coordinates": [[[-97.768568, 19.712372], [-97.71645, 19.712372], [-97.71645, 19.764184], [-97.768568, 19.764184], [-97.768568, 19.712372]]]}}, {"type": "Feature", "id": 2119, "properties": {"seccion": 2119, "id": 2119, "municipio": 169, "nombre": "Tetela De Ocampo", "distrito_l": 3, "distrito_f": 1}, "geometry": {"type": "Polygon", "coordinates": [[[-97.71645, 19.712372], [-97.664332, 19.712372], [-97.664332, 19.764184], [-97.71645, 19.764184], [-97.71645, 19.712372]]]}}, {"type": "Feature", "id": 2120, "properties": {"seccion": 2120, "id": 2120, "municipio": 169, "nombre": "Tetela De Ocampo", "distrito_l": 3, "distrito_f": 1}, "geometry": {"type": "Polygon", "coordinates": [[[-97.664331, 19.712372], [-97.612213, 19.712372], [-97.612213, 19.764184], [-97.664331, 19.764184], [-97.664331, 19.712372]]]}}, {"type": "Feature", "id": 2121, "properties": {"seccion": 2121, "id": 2121, "municipio": 169, "nombre": "Tetela De Ocampo", "distrito_l": 3, "distrito_f": 1}, "geometry": {"type": "Polygon", "coordinates": [[[-97.820686, 19.764184], [-97.768568, 19.764184], [-97.768568, 19.815996], [-97.820686, 19.815996], [-97.820686, 19.764184]]]}}, {"type": "Feature", "id": 2122, "properties": {"seccion": 2122, "id": 2122, "municipio": 169, "nombre": "Tetela De Ocampo", "distrito_l": 3, "distrito_f": 1}, "geometry": {"type": "Polygon", "coordinates": [[[-97.768568, 19.764184], [-97.71645, 19.764184], [-97.71645, 19.815996], [-97.768568, 19.815996], [-97.768568, 19.764184]]]}}, {"type": "Feature", "id": 2123, "properties": {"seccion": 2123, "id": 2123, "municipio": 169, "nombre": "Tetela De Ocampo", "distrito_l": 3, "distrito_f": 1}, "geometry": {"type": "Polygon", "coordinates": [[[-97.71645, 19.764184], [-97.664332, 19.764184], [-97.664332, 19.815996], [-97.71645, 19.815996], [-97.71645, 19.764184]]]}}, {"type": "Feature", "id": 2124, "properties": {"seccion": 2124, "id": 2124, "municipio": 169, "nombre": "Tetela De Ocampo", "distrito_l": 3, "distrito_f": 1}, "geometry": {"type": "Polygon", "coordinates": [[[-97.664331, 19.764184], [-97.612213, 19.764184], [-97.612213, 19.815996], [-97.664331, 19.815996], [-97.664331, 19.764184]]]}}, {"type": "Feature", "id": 2125, "properties": {"seccion": 2125, "id": 2125, "municipio": 169, "nombre": "Tetela De Ocampo", "distrito_l": 3, "distrito_f": 1}, "geometry": {"type": "Polygon", "coordinates": [[[-97.820686, 19.815996], [-97.768568, 19.815996], [-97.768568, 19.867808], [-97.820686, 19.867808], [-97.820686, 19.815996]]]}}, {"type": "Feature", "id": 2126, "properties": {"seccion": 2126, "id": 2126, "municipio": 169, "nombre": "Tetela De Ocampo", "distrito_l": 3, "distrito_f": 1}, "geometry": {"type": "Polygon", "coordinates": [[[-97.768568, 19.815996], [-97.71645, 19.815996], [-97.71645, 19.867808], [-97.768568, 19.867808], [-97.768568, 19.815996]]]}}, {"type": "Feature", "id": 2127, "properties": {"seccion": 2127, "id": 2127, "municipio": 169, "nombre": "Tetela De Ocampo", "distrito_l": 3, "distrito_f": 1}, "geometry": {"type": "Polygon", "coordinates": [[[-97.71645, 19.815996], [-97.664332, 19.815996], [-97.664332, 19.867808], [-97.71645, 19.867808], [-97.71645, 19.815996]]]}}, {"type": "Feature", "id": 2128, "properties": {"seccion": 2128, "id": 2128, "municipio": 169, "nombre": "Tetela De Ocampo", "distrito_l": 3, "distrito_f": 1}, "geometry": {"type": "Polygon", "coordinates": [[[-97.664331, 19.815996], [-97.612213, 19.815996], [-97.612213, 19.867808], [-97.664331, 19.867808], [-97.664331, 19.815996]]]}}, {"type": "Feature", "id": 2129, "properties": {"seccion": 2129, "id": 2129, "municipio": 169, "nombre": "Tetela De Ocampo", "distrito_l": 3, "distrito_f": 1}, "geometry": {"type": "Polygon", "coordinates": [[[-97.820686, 19.867808], [-97.768568, 19.867808], [-97.768568, 19.91962], [-97.820686, 19.91962], [-97.820686, 19.867808]]]}}, {"type": "Feature", "id": 2130, "properties": {"seccion": 2130, "id": 2130, "municipio": 169, "nombre": "Tetela De Ocampo", "distrito_l": 3, "distrito_f": 1}, "geometry": {"type": "Polygon", "coordinates": [[[-97.768568, 19.867808], [-97.71645, 19.867808], [-97.71645, 19.91962], [-97.768568, 19.91962], [-97.768568, 19.867808]]]}}, {"type": "Feature", "id": 2131, "properties": {"seccion": 2131, "id": 2131, "municipio": 169, "nombre": "Tetela De Ocampo", "distrito_l": 3, "distrito_f": 1}, "geometry": {"type": "Polygon", "coordinates": [[[-97.71645, 19.867808], [-97.664332, 19.867808], [-97.664332, 19.91962], [-97.71645, 19.91962], [-97.71645, 19.867808]]]}}, {"type": "Feature", "id": 2132, "properties": {"seccion": 2132, "id": 2132, "municipio": 170, "nombre": "Teteles De Avila Castillo", "distrito_l": 6, "distrito_f": 1}, "geometry": {"type": "Polygon", "coordinates": [[[-97.414192, 19.86618], [-97.367092, 19.86618], [-97.367092, 19.928381], [-97.414192, 19.928381], [-97.414192, 19.86618]]]}}, {"type": "Feature", "id": 2133, "properties": {"seccion": 2133, "id": 2133, "municipio": 170, "nombre": "Teteles De Avila Castillo", "distrito_l": 6, "distrito_f": 1}, "geometry": {"type": "Polygon", "coordinates": [[[-97.367092, 19.86618], [-97.319992, 19.86618], [-97.319992, 19.928381], [-97.367092, 19.928381], [-97.367092, 19.86618]]]}}, {"type": "Feature", "id": 2134, "properties": {"seccion": 2134, "id": 2134, "municipio": 171, "nombre": "Teziutlan", "distrito_l": 6, "distrito_f": 1}, "geometry": {"type": "Polygon", "coordinates": [[[-97.311943, 19.82461], [-97.300386, 19.82461], [-97.300386, 19.850758], [-97.311943, 19.850758], [-97.311943, 19.82461]]]}}, {"type": "Feature", "id": 2135, "properties": {"seccion": 2135, "id": 2135, "municipio": 171, "nombre": "Teziutlan", "distrito_l": 6, "distrito_f": 1}, "geometry": {"type": "Polygon", "coordinates": [[[-97.300386, 19.82461], [-97.288829, 19.82461], [-97.288829, 19.850758], [-97.300386, 19.850758], [-97.300386, 19.82461]]]}}, {"type": "Feature", "id": 2136, "properties": {"seccion": 2136, "id": 2136, "municipio": 171, "nombre": "Teziutlan", "distrito_l": 6, "distrito_f": 1}, "geometry": {"type": "Polygon", "coordinates": [[[-97.288828, 19.82461], [-97.277271, 19.82461], [-97.277271, 19.850758], [-97.288828, 19.850758], [-97.288828, 19.82461]]]}}, {"type": "Feature", "id": 2137, "properties": {"seccion": 2137, "id": 2137, "municipio": 171, "nombre": "Teziutlan", "distrito_l": 6, "distrito_f": 1}, "geometry": {"type": "Polygon", "coordinates": [[[-97.277271, 19.82461], [-97.265714, 19.82461], [-97.265714, 19.850758], [-97.277271, 19.850758], [-97.277271, 19.82461]]]}}, {"type": "Feature", "id": 2138, "properties": {"seccion": 2138, "id": 2138, "municipio": 171, "nombre": "Teziutlan", "distrito_l": 6, "distrito_f": 1}, "geometry": {"type": "Polygon", "coordinates": [[[-97.265713, 19.82461], [-97.254156, 19.82461], [-97.254156, 19.850758], [-97.265713, 19.850758], [-97.265713, 19.82461]]]}}, {"type": "Feature", "id": 2139, "properties": {"seccion": 2139, "id": 2139, "municipio": 171, "nombre": "Teziutlan", "distrito_l": 6, "distrito_f": 1}, "geometry": {"type": "Polygon", "coordinates": [[[-97.254156, 19.82461], [-97.242599, 19.82461], [-97.242599, 19.850758], [-97.254156, 19.850758], [-97.254156, 19.82461]]]}}, {"type": "Feature", "id": 2140, "properties": {"seccion": 2140, "id": 2140, "municipio": 171, "nombre": "Teziutlan", "distrito_l": 6, "distrito_f": 1}, "geometry": {"type": "Polygon", "coordinates": [[[-97.242598, 19.82461], [-97.231041, 19.82461], [-97.231041, 19.850758], [-97.242598, 19.850758], [-97.242598, 19.82461]]]}}, {"type": "Feature", "id": 2141, "properties": {"seccion": 2141, "id": 2141, "municipio": 171, "nombre": "Teziutlan", "distrito_l": 6, "distrito_f": 1}, "geometry": {"type": "Polygon", "coordinates": [[[-97.311943, 19.850758], [-97.300386, 19.850758], [-97.300386, 19.876906], [-97.311943, 19.876906], [-97.311943, 19.850758]]]}}, {"type": "Feature", "id": 2142, "properties": {"seccion": 2142, "id": 2142, "municipio": 171, "nombre": "Teziutlan", "distrito_l": 6, "distrito_f": 1}, "geometry": {"type": "Polygon", "coordinates": [[[-97.300386, 19.850758], [-97.288829, 19.850758], [-97.288829, 19.876906], [-97.300386, 19.876906], [-97.300386, 19.850758]]]}}, {"type": "Feature", "id": 2143, "properties": {"seccion": 2143, "id": 2143, "municipio": 171, "nombre": "Teziutlan", "distrito_l": 6, "distrito_f": 1}, "geometry": {"type": "Polygon", "coordinates": [[[-97.288828, 19.850758], [-97.277271, 19.850758], [-97.277271, 19.876906], [-97.288828, 19.876906], [-97.288828, 19.850758]]]}}, {"type": "Feature", "id": 2144, "properties": {"seccion": 2144, "id": 2144, "municipio": 171, "nombre": "Teziutlan", "distrito_l": 6, "distrito_f": 1}, "geometry": {"type": "Polygon", "coordinates": [[[-97.277271, 19.850758], [-97.265714, 19.850758], [-97.265714, 19.876906], [-97.277271, 19.876906], [-97.277271, 19.850758]]]}}, {"type": "Feature", "id": 2145, "properties": {"seccion": 2145, "id": 2145, "municipio": 171, "nombre": "Teziutlan", "distrito_l": 6, "distrito_f": 1}, "geometry": {"type": "Polygon", "coordinates": [[[-97.265713, 19.850758], [-97.254156, 19.850758], [-97.254156, 19.876906], [-97.265713, 19.876906], [-97.265713, 19.850758]]]}}, {"type": "Feature", "id": 2146, "properties": {"seccion": 2146, "id": 2146, "municipio": 171, "nombre": "Teziutlan", "distrito_l": 6, "distrito_f": 1}, "geometry": {"type": "Polygon", "coordinates": [[[-97.254156, 19.850758], [-97.242599, 19.850758], [-97.242599, 19.876906], [-97.254156, 19.876906], [-97.254156, 19.850758]]]}}, {"type": "Feature", "id": 2147, "properties": {"seccion": 2147, "id": 2147, "municipio": 171, "nombre": "Teziutlan", "distrito_l": 6, "distrito_f": 1}, "geometry": {"type": "Polygon", "coordinates": [[[-97.242598, 19.850758], [-97.231041, 19.850758], [-97.231041, 19.876906], [-97.242598, 19.876906], [-97.242598, 19.850758]]]}}, {"type": "Feature", "id": 2148, "properties": {"seccion": 2148, "id": 2148, "municipio": 171, "nombre": "Teziutlan", "distrito_l": 6, "distrito_f": 1}, "geometry": {"type": "Polygon", "coordinates": [[[-97.311943, 19.876907], [-97.300386, 19.876907], [-97.300386, 19.903055], [-97.311943, 19.903055], [-97.311943, 19.876907]]]}}, {"type": "Feature", "id": 2149, "properties": {"seccion": 2149, "id": 2149, "municipio": 171, "nombre": "Teziutlan", "distrito_l": 6, "distrito_f": 1}, "geometry": {"type": "Polygon", "coordinates": [[[-97.300386, 19.876907], [-97.288829, 19.876907], [-97.288829, 19.903055], [-97.300386, 19.903055], [-97.300386, 19.876907]]]}}, {"type": "Feature", "id": 2150, "properties": {"seccion": 2150, "id": 2150, "municipio": 171, "nombre": "Teziutlan", "distrito_l": 6, "distrito_f": 1}, "geometry": {"type": "Polygon", "coordinates": [[[-97.288828, 19.876907], [-97.277271, 19.876907], [-97.277271, 19.903055], [-97.288828, 19.903055], [-97.288828, 19.876907]]]}}, {"type": "Feature", "id": 2151, "properties": {"seccion": 2151, "id": 2151, "municipio": 171, "nombre": "Teziutlan", "distrito_l": 6, "distrito_f": 1}, "geometry": {"type": "Polygon", "coordinates": [[[-97.277271, 19.876907], [-97.265714, 19.876907], [-97.265714, 19.903055], [-97.277271, 19.903055], [-97.277271, 19.876907]]]}}, {"type": "Feature", "id": 2152, "properties": {"seccion": 2152, "id": 2152, "municipio": 171, "nombre": "Teziutlan", "distrito_l": 6, "distrito_f": 1}, "geometry": {"type": "Polygon", "coordinates": [[[-97.265713, 19.876907], [-97.254156, 19.876907], [-97.254156, 19.903055], [-97.265713, 19.903055], [-97.265713, 19.876907]]]}}, {"type": "Feature", "id": 2153, "properties": {"seccion": 2153, "id": 2153, "municipio": 171, "nombre": "Teziutlan", "distrito_l": 6, "distrito_f": 1}, "geometry": {"type": "Polygon", "coordinates": [[[-97.254156, 19.876907], [-97.242599, 19.876907], [-97.242599, 19.903055], [-97.254156, 19.903055], [-97.254156, 19.876907]]]}}, {"type": "Feature", "id": 2154, "properties": {"seccion": 2154, "id": 2154, "municipio": 171, "nombre": "Teziutlan", "distrito_l": 6, "distrito_f": 1}, "geometry": {"type": "Polygon", "coordinates": [[[-97.242598, 19.876907], [-97.231041, 19.876907], [-97.231041, 19.903055], [-97.242598, 19.903055], [-97.242598, 19.876907]]]}}, {"type": "Feature", "id": 2155, "properties": {"seccion": 2155, "id": 2155, "municipio": 171, "nombre": "Teziutlan", "distrito_l": 6, "distrito_f": 1}, "geometry": {"type": "Polygon", "coordinates": [[[-97.311943, 19.903055], [-97.300386, 19.903055], [-97.300386, 19.929203], [-97.311943, 19.929203], [-97.311943, 19.903055]]]}}, {"type": "Feature", "id": 2156, "properties": {"seccion": 2156, "id": 2156, "municipio": 171, "nombre": "Teziutlan", "distrito_l": 6, "distrito_f": 1}, "geometry": {"type": "Polygon", "coordinates": [[[-97.300386, 19.903055], [-97.288829, 19.903055], [-97.288829, 19.929203], [-97.300386, 19.929203], [-97.300386, 19.903055]]]}}, {"type": "Feature", "id": 2157, "properties": {"seccion": 2157, "id": 2157, "municipio": 171, "nombre": "Teziutlan", "distrito_l": 6, "distrito_f": 1}, "geometry": {"type": "Polygon", "coordinates": [[[-97.288828, 19.903055], [-97.277271, 19.903055], [-97.277271, 19.929203], [-97.288828, 19.929203], [-97.288828, 19.903055]]]}}, {"type": "Feature", "id": 2158, "properties": {"seccion": 2158, "id": 2158, "municipio": 171, "nombre": "Teziutlan", "distrito_l": 6, "distrito_f": 1}, "geometry": {"type": "Polygon", "coordinates": [[[-97.277271, 19.903055], [-97.265714, 19.903055], [-97.265714, 19.929203], [-97.277271, 19.929203], [-97.277271, 19.903055]]]}}, {"type": "Feature", "id": 2159, "properties": {"seccion": 2159, "id": 2159, "municipio": 171, "nombre": "Teziutlan", "distrito_l": 6, "distrito_f": 1}, "geometry": {"type": "Polygon", "coordinates": [[[-97.265713, 19.903055], [-97.254156, 19.903055], [-97.254156, 19.929203], [-97.265713, 19.929203], [-97.265713, 19.903055]]]}}, {"type": "Feature", "id": 2160, "properties": {"seccion": 2160, "id": 2160, "municipio": 171, "nombre": "Teziutlan", "distrito_l": 6, "distrito_f": 1}, "geometry": {"type": "Polygon", "coordinates": [[[-97.254156, 19.903055], [-97.242599, 19.903055], [-97.242599, 19.929203], [-97.254156, 19.929203], [-97.254156, 19.903055]]]}}, {"type": "Feature", "id": 2161, "properties": {"seccion": 2161, "id": 2161, "municipio": 171, "nombre": "Teziutlan", "distrito_l": 6, "distrito_f": 1}, "geometry": {"type": "Polygon", "coordinates": [[[-97.242598, 19.903055], [-97.231041, 19.903055], [-97.231041, 19.929203], [-97.242598, 19.929203], [-97.242598, 19.903055]]]}}, {"type": "Feature", "id": 2162, "properties": {"seccion": 2162, "id": 2162, "municipio": 171, "nombre": "Teziutlan", "distrito_l": 6, "distrito_f": 1}, "geometry": {"type": "Polygon", "coordinates": [[[-97.311943, 19.929204], [-97.300386, 19.929204], [-97.300386, 19.955352], [-97.311943, 19.955352], [-97.311943, 19.929204]]]}}, {"type": "Feature", "id": 2163, "properties": {"seccion": 2163, "id": 2163, "municipio": 171, "nombre": "Teziutlan", "distrito_l": 6, "distrito_f": 1}, "geometry": {"type": "Polygon", "coordinates": [[[-97.300386, 19.929204], [-97.288829, 19.929204], [-97.288829, 19.955352], [-97.300386, 19.955352], [-97.300386, 19.929204]]]}}, {"type": "Feature", "id": 2164, "properties": {"seccion": 2164, "id": 2164, "municipio": 171, "nombre": "Teziutlan", "distrito_l": 6, "distrito_f": 1}, "geometry": {"type": "Polygon", "coordinates": [[[-97.288828, 19.929204], [-97.277271, 19.929204], [-97.277271, 19.955352], [-97.288828, 19.955352], [-97.288828, 19.929204]]]}}, {"type": "Feature", "id": 2165, "properties": {"seccion": 2165, "id": 2165, "municipio": 171, "nombre": "Teziutlan", "distrito_l": 6, "distrito_f": 1}, "geometry": {"type": "Polygon", "coordinates": [[[-97.277271, 19.929204], [-97.265714, 19.929204], [-97.265714, 19.955352], [-97.277271, 19.955352], [-97.277271, 19.929204]]]}}, {"type": "Feature", "id": 2166, "properties": {"seccion": 2166, "id": 2166, "municipio": 171, "nombre": "Teziutlan", "distrito_l": 6, "distrito_f": 1}, "geometry": {"type": "Polygon", "coordinates": [[[-97.265713, 19.929204], [-97.254156, 19.929204], [-97.254156, 19.955352], [-97.265713, 19.955352], [-97.265713, 19.929204]]]}}, {"type": "Feature", "id": 2167, "properties": {"seccion": 2167, "id": 2167, "municipio": 171, "nombre": "Teziutlan", "distrito_l": 6, "distrito_f": 1}, "geometry": {"type": "Polygon", "coordinates": [[[-97.254156, 19.929204], [-97.242599, 19.929204], [-97.242599, 19.955352], [-97.254156, 19.955352], [-97.254156, 19.929204]]]}}, {"type": "Feature", "id": 2168, "properties": {"seccion": 2168, "id": 2168, "municipio": 171, "nombre": "Teziutlan", "distrito_l": 6, "distrito_f": 1}, "geometry": {"type": "Polygon", "coordinates": [[[-97.242598, 19.929204], [-97.231041, 19.929204], [-97.231041, 19.955352], [-97.242598, 19.955352], [-97.242598, 19.929204]]]}}, {"type": "Feature", "id": 2169, "properties": {"seccion": 2169, "id": 2169, "municipio": 171, "nombre": "Teziutlan", "distrito_l": 6, "distrito_f": 1}, "geometry": {"type": "Polygon", "coordinates": [[[-97.311943, 19.955352], [-97.300386, 19.955352], [-97.300386, 19.9815], [-97.311943, 19.9815], [-97.311943, 19.955352]]]}}, {"type": "Feature", "id": 2170, "properties": {"seccion": 2170, "id": 2170, "municipio": 171, "nombre": "Teziutlan", "distrito_l": 6, "distrito_f": 1}, "geometry": {"type": "Polygon", "coordinates": [[[-97.300386, 19.955352], [-97.288829, 19.955352], [-97.288829, 19.9815], [-97.300386, 19.9815], [-97.300386, 19.955352]]]}}, {"type": "Feature", "id": 2171, "properties": {"seccion": 2171, "id": 2171, "municipio": 171, "nombre": "Teziutlan", "distrito_l": 6, "distrito_f": 1}, "geometry": {"type": "Polygon", "coordinates": [[[-97.288828, 19.955352], [-97.277271, 19.955352], [-97.277271, 19.9815], [-97.288828, 19.9815], [-97.288828, 19.955352]]]}}, {"type": "Feature", "id": 2172, "properties": {"seccion": 2172, "id": 2172, "municipio": 171, "nombre": "Teziutlan", "distrito_l": 6, "distrito_f": 1}, "geometry": {"type": "Polygon", "coordinates": [[[-97.277271, 19.955352], [-97.265714, 19.955352], [-97.265714, 19.9815], [-97.277271, 19.9815], [-97.277271, 19.955352]]]}}, {"type": "Feature", "id": 2173, "properties": {"seccion": 2173, "id": 2173, "municipio": 171, "nombre": "Teziutlan", "distrito_l": 6, "distrito_f": 1}, "geometry": {"type": "Polygon", "coordinates": [[[-97.265713, 19.955352], [-97.254156, 19.955352], [-97.254156, 19.9815], [-97.265713, 19.9815], [-97.265713, 19.955352]]]}}, {"type": "Feature", "id": 2174, "properties": {"seccion": 2174, "id": 2174, "municipio": 171, "nombre": "Teziutlan", "distrito_l": 6, "distrito_f": 1}, "geometry": {"type": "Polygon", "coordinates": [[[-97.254156, 19.955352], [-97.242599, 19.955352], [-97.242599, 19.9815], [-97.254156, 19.9815], [-97.254156, 19.955352]]]}}, {"type": "Feature", "id": 2175, "properties": {"seccion": 2175, "id": 2175, "municipio": 172, "nombre": "Tianguismanalco", "distrito_l": 21, "distrito_f": 1}, "geometry": {"type": "Polygon", "coordinates": [[[-98.469223, 18.948181], [-98.421041, 18.948181], [-98.421041, 19.006515], [-98.469223, 19.006515], [-98.469223, 18.948181]]]}}, {"type": "Feature", "id": 2176, "properties": {"seccion": 2176, "id": 2176, "municipio": 172, "nombre": "Tianguismanalco", "distrito_l": 21, "distrito_f": 1}, "geometry": {"type": "Polygon", "coordinates": [[[-98.421041, 18.948181], [-98.372859, 18.948181], [-98.372859, 19.006515], [-98.421041, 19.006515], [-98.421041, 18.948181]]]}}, {"type": "Feature", "id": 2177, "properties": {"seccion": 2177, "id": 2177, "municipio": 172, "nombre": "Tianguismanalco", "distrito_l": 21, "distrito_f": 1}, "geometry": {"type": "Polygon", "coordinates": [[[-98.372859, 18.948181], [-98.324677, 18.948181], [-98.324677, 19.006515], [-98.372859, 19.006515], [-98.372859, 18.948181]]]}}, {"type": "Feature", "id": 2178, "properties": {"seccion": 2178, "id": 2178, "municipio": 172, "nombre": "Tianguismanalco", "distrito_l": 21, "distrito_f": 1}, "geometry": {"type": "Polygon", "coordinates": [[[-98.469223, 19.006516], [-98.421041, 19.006516], [-98.421041, 19.06485], [-98.469223, 19.06485], [-98.469223, 19.006516]]]}}, {"type": "Feature", "id": 2179, "properties": {"seccion": 2179, "id": 2179, "municipio": 172, "nombre": "Tianguismanalco", "distrito_l": 21, "distrito_f": 1}, "geometry": {"type": "Polygon", "coordinates": [[[-98.421041, 19.006516], [-98.372859, 19.006516], [-98.372859, 19.06485], [-98.421041, 19.06485], [-98.421041, 19.006516]]]}}, {"type": "Feature", "id": 2180, "properties": {"seccion": 2180, "id": 2180, "municipio": 172, "nombre": "Tianguismanalco", "distrito_l": 21, "distrito_f": 1}, "geometry": {"type": "Polygon", "coordinates": [[[-98.372859, 19.006516], [-98.324677, 19.006516], [-98.324677, 19.06485], [-98.372859, 19.06485], [-98.372859, 19.006516]]]}}, {"type": "Feature", "id": 2181, "properties": {"seccion": 2181, "id": 2181, "municipio": 173, "nombre": "Tilapa", "distrito_l": 22, "distrito_f": 1}, "geometry": {"type": "Polygon", "coordinates": [[[-98.523239, 18.582891], [-98.461193, 18.582891], [-98.461193, 18.645195], [-98.523239, 18.645195], [-98.523239, 18.582891]]]}}, {"type": "Feature", "id": 2182, "properties": {"seccion": 2182, "id": 2182, "municipio": 173, "nombre": "Tilapa", "distrito_l": 22, "distrito_f": 1}, "geometry": {"type": "Polygon", "coordinates": [[[-98.461193, 18.582891], [-98.399147, 18.582891], [-98.399147, 18.645195], [-98.461193, 18.645195], [-98.461193, 18.582891]]]}}, {"type": "Feature", "id": 2183, "properties": {"seccion": 2183, "id": 2183, "municipio": 173, "nombre": "Tilapa", "distrito_l": 22, "distrito_f": 1}, "geometry": {"type": "Polygon", "coordinates": [[[-98.523239, 18.645196], [-98.461193, 18.645196], [-98.461193, 18.7075], [-98.523239, 18.7075], [-98.523239, 18.645196]]]}}, {"type": "Feature", "id": 2219, "properties": {"seccion": 2219, "id": 2219, "municipio": 174, "nombre": "Tlachichuca", "distrito_l": 5, "distrito_f": 1}, "geometry": {"type": "Polygon", "coordinates": [[[-97.39888, 19.0777], [-97.341328, 19.0777], [-97.341328, 19.132307], [-97.39888, 19.132307], [-97.39888, 19.0777]]]}}, {"type": "Feature", "id": 2220, "properties": {"seccion": 2220, "id": 2220, "municipio": 174, "nombre": "Tlachichuca", "distrito_l": 5, "distrito_f": 1}, "geometry": {"type": "Polygon", "coordinates": [[[-97.341328, 19.0777], [-97.283776, 19.0777], [-97.283776, 19.132307], [-97.341328, 19.132307], [-97.341328, 19.0777]]]}}, {"type": "Feature", "id": 2221, "properties": {"seccion": 2221, "id": 2221, "municipio": 174, "nombre": "Tlachichuca", "distrito_l": 5, "distrito_f": 1}, "geometry": {"type": "Polygon", "coordinates": [[[-97.283775, 19.0777], [-97.226223, 19.0777], [-97.226223, 19.132307], [-97.283775, 19.132307], [-97.283775, 19.0777]]]}}, {"type": "Feature", "id": 2222, "properties": {"seccion": 2222, "id": 2222, "municipio": 174, "nombre": "Tlachichuca", "distrito_l": 5, "distrito_f": 1}, "geometry": {"type": "Polygon", "coordinates": [[[-97.226223, 19.0777], [-97.168671, 19.0777], [-97.168671, 19.132307], [-97.226223, 19.132307], [-97.226223, 19.0777]]]}}, {"type": "Feature", "id": 2223, "properties": {"seccion": 2223, "id": 2223, "municipio": 174, "nombre": "Tlachichuca", "distrito_l": 5, "distrito_f": 1}, "geometry": {"type": "Polygon", "coordinates": [[[-97.39888, 19.132307], [-97.341328, 19.132307], [-97.341328, 19.186914], [-97.39888, 19.186914], [-97.39888, 19.132307]]]}}, {"type": "Feature", "id": 2224, "properties": {"seccion": 2224, "id": 2224, "municipio": 174, "nombre": "Tlachichuca", "distrito_l": 5, "distrito_f": 1}, "geometry": {"type": "Polygon", "coordinates": [[[-97.341328, 19.132307], [-97.283776, 19.132307], [-97.283776, 19.186914], [-97.341328, 19.186914], [-97.341328, 19.132307]]]}}, {"type": "Feature", "id": 2225, "properties": {"seccion": 2225, "id": 2225, "municipio": 174, "nombre": "Tlachichuca", "distrito_l": 5, "distrito_f": 1}, "geometry": {"type": "Polygon", "coordinates": [[[-97.283775, 19.132307], [-97.226223, 19.132307], [-97.226223, 19.186914], [-97.283775, 19.186914], [-97.283775, 19.132307]]]}}, {"type": "Feature", "id": 2226, "properties": {"seccion": 2226, "id": 2226, "municipio": 174, "nombre": "Tlachichuca", "distrito_l": 5, "distrito_f": 1}, "geometry": {"type": "Polygon", "coordinates": [[[-97.226223, 19.132307], [-97.168671, 19.132307], [-97.168671, 19.186914], [-97.226223, 19.186914], [-97.226223, 19.132307]]]}}, {"type": "Feature", "id": 2227, "properties": {"seccion": 2227, "id": 2227, "municipio": 174, "nombre": "Tlachichuca", "distrito_l": 5, "distrito_f": 1}, "geometry": {"type": "Polygon", "coordinates": [[[-97.39888, 19.186914], [-97.341328, 19.186914], [-97.341328, 19.241521], [-97.39888, 19.241521], [-97.39888, 19.186914]]]}}, {"type": "Feature", "id": 2228, "properties": {"seccion": 2228, "id": 2228, "municipio": 174, "nombre": "Tlachichuca", "distrito_l": 5, "distrito_f": 1}, "geometry": {"type": "Polygon", "coordinates": [[[-97.341328, 19.186914], [-97.283776, 19.186914], [-97.283776, 19.241521], [-97.341328, 19.241521], [-97.341328, 19.186914]]]}}, {"type": "Feature", "id": 2229, "properties": {"seccion": 2229, "id": 2229, "municipio": 174, "nombre": "Tlachichuca", "distrito_l": 5, "distrito_f": 1}, "geometry": {"type": "Polygon", "coordinates": [[[-97.283775, 19.186914], [-97.226223, 19.186914], [-97.226223, 19.241521], [-97.283775, 19.241521], [-97.283775, 19.186914]]]}}, {"type": "Feature", "id": 2230, "properties": {"seccion": 2230, "id": 2230, "municipio": 174, "nombre": "Tlachichuca", "distrito_l": 5, "distrito_f": 1}, "geometry": {"type": "Polygon", "coordinates": [[[-97.226223, 19.186914], [-97.168671, 19.186914], [-97.168671, 19.241521], [-97.226223, 19.241521], [-97.226223, 19.186914]]]}}, {"type": "Feature", "id": 2231, "properties": {"seccion": 2231, "id": 2231, "municipio": 174, "nombre": "Tlachichuca", "distrito_l": 5, "distrito_f": 1}, "geometry": {"type": "Polygon", "coordinates": [[[-97.39888, 19.241522], [-97.341328, 19.241522], [-97.341328, 19.296129], [-97.39888, 19.296129], [-97.39888, 19.241522]]]}}, {"type": "Feature", "id": 2232, "properties": {"seccion": 2232, "id": 2232, "municipio": 174, "nombre": "Tlachichuca", "distrito_l": 5, "distrito_f": 1}, "geometry": {"type": "Polygon", "coordinates": [[[-97.341328, 19.241522], [-97.283776, 19.241522], [-97.283776, 19.296129], [-97.341328, 19.296129], [-97.341328, 19.241522]]]}}, {"type": "Feature", "id": 2184, "properties": {"seccion": 2184, "id": 2184, "municipio": 175, "nombre": "Tlacotepec De Benito Juarez", "distrito_l": 24, "distrito_f": 1}, "geometry": {"type": "Polygon", "coordinates": [[[-97.644569, 18.655163], [-97.587161, 18.655163], [-97.587161, 18.688154], [-97.644569, 18.688154], [-97.644569, 18.655163]]]}}, {"type": "Feature", "id": 2185, "properties": {"seccion": 2185, "id": 2185, "municipio": 175, "nombre": "Tlacotepec De Benito Juarez", "distrito_l": 24, "distrito_f": 1}, "geometry": {"type": "Polygon", "coordinates": [[[-97.587161, 18.655163], [-97.529753, 18.655163], [-97.529753, 18.688154], [-97.587161, 18.688154], [-97.587161, 18.655163]]]}}, {"type": "Feature", "id": 2186, "properties": {"seccion": 2186, "id": 2186, "municipio": 175, "nombre": "Tlacotepec De Benito Juarez", "distrito_l": 24, "distrito_f": 1}, "geometry": {"type": "Polygon", "coordinates": [[[-97.529753, 18.655163], [-97.472345, 18.655163], [-97.472345, 18.688154], [-97.529753, 18.688154], [-97.529753, 18.655163]]]}}, {"type": "Feature", "id": 2187, "properties": {"seccion": 2187, "id": 2187, "municipio": 175, "nombre": "Tlacotepec De Benito Juarez", "distrito_l": 24, "distrito_f": 1}, "geometry": {"type": "Polygon", "coordinates": [[[-97.472345, 18.655163], [-97.414937, 18.655163], [-97.414937, 18.688154], [-97.472345, 18.688154], [-97.472345, 18.655163]]]}}, {"type": "Feature", "id": 2190, "properties": {"seccion": 2190, "id": 2190, "municipio": 175, "nombre": "Tlacotepec De Benito Juarez", "distrito_l": 24, "distrito_f": 1}, "geometry": {"type": "Polygon", "coordinates": [[[-97.414937, 18.655163], [-97.357529, 18.655163], [-97.357529, 18.688154], [-97.414937, 18.688154], [-97.414937, 18.655163]]]}}, {"type": "Feature", "id": 2191, "properties": {"seccion": 2191, "id": 2191, "municipio": 175, "nombre": "Tlacotepec De Benito Juarez", "distrito_l": 24, "distrito_f": 1}, "geometry": {"type": "Polygon", "coordinates": [[[-97.644569, 18.688154], [-97.587161, 18.688154], [-97.587161, 18.721145], [-97.644569, 18.721145], [-97.644569, 18.688154]]]}}, {"type": "Feature", "id": 2192, "properties": {"seccion": 2192, "id": 2192, "municipio": 175, "nombre": "Tlacotepec De Benito Juarez", "distrito_l": 24, "distrito_f": 1}, "geometry": {"type": "Polygon", "coordinates": [[[-97.587161, 18.688154], [-97.529753, 18.688154], [-97.529753, 18.721145], [-97.587161, 18.721145], [-97.587161, 18.688154]]]}}, {"type": "Feature", "id": 2193, "properties": {"seccion": 2193, "id": 2193, "municipio": 175, "nombre": "Tlacotepec De Benito Juarez", "distrito_l": 24, "distrito_f": 1}, "geometry": {"type": "Polygon", "coordinates": [[[-97.529753, 18.688154], [-97.472345, 18.688154], [-97.472345, 18.721145], [-97.529753, 18.721145], [-97.529753, 18.688154]]]}}, {"type": "Feature", "id": 2194, "properties": {"seccion": 2194, "id": 2194, "municipio": 175, "nombre": "Tlacotepec De Benito Juarez", "distrito_l": 24, "distrito_f": 1}, "geometry": {"type": "Polygon", "coordinates": [[[-97.472345, 18.688154], [-97.414937, 18.688154], [-97.414937, 18.721145], [-97.472345, 18.721145], [-97.472345, 18.688154]]]}}, {"type": "Feature", "id": 2195, "properties": {"seccion": 2195, "id": 2195, "municipio": 175, "nombre": "Tlacotepec De Benito Juarez", "distrito_l": 24, "distrito_f": 1}, "geometry": {"type": "Polygon", "coordinates": [[[-97.414937, 18.688154], [-97.357529, 18.688154], [-97.357529, 18.721145], [-97.414937, 18.721145], [-97.414937, 18.688154]]]}}, {"type": "Feature", "id": 2196, "properties": {"seccion": 2196, "id": 2196, "municipio": 175, "nombre": "Tlacotepec De Benito Juarez", "distrito_l": 24, "distrito_f": 1}, "geometry": {"type": "Polygon", "coordinates": [[[-97.644569, 18.721146], [-97.587161, 18.721146], [-97.587161, 18.754137], [-97.644569, 18.754137], [-97.644569, 18.721146]]]}}, {"type": "Feature", "id": 2197, "properties": {"seccion": 2197, "id": 2197, "municipio": 175, "nombre": "Tlacotepec De Benito Juarez", "distrito_l": 24, "distrito_f": 1}, "geometry": {"type": "Polygon", "coordinates": [[[-97.587161, 18.721146], [-97.529753, 18.721146], [-97.529753, 18.754137], [-97.587161, 18.754137], [-97.587161, 18.721146]]]}}, {"type": "Feature", "id": 2198, "properties": {"seccion": 2198, "id": 2198, "municipio": 175, "nombre": "Tlacotepec De Benito Juarez", "distrito_l": 24, "distrito_f": 1}, "geometry": {"type": "Polygon", "coordinates": [[[-97.529753, 18.721146], [-97.472345, 18.721146], [-97.472345, 18.754137], [-97.529753, 18.754137], [-97.529753, 18.721146]]]}}, {"type": "Feature", "id": 2199, "properties": {"seccion": 2199, "id": 2199, "municipio": 175, "nombre": "Tlacotepec De Benito Juarez", "distrito_l": 24, "distrito_f": 1}, "geometry": {"type": "Polygon", "coordinates": [[[-97.472345, 18.721146], [-97.414937, 18.721146], [-97.414937, 18.754137], [-97.472345, 18.754137], [-97.472345, 18.721146]]]}}, {"type": "Feature", "id": 2200, "properties": {"seccion": 2200, "id": 2200, "municipio": 175, "nombre": "Tlacotepec De Benito Juarez", "distrito_l": 24, "distrito_f": 1}, "geometry": {"type": "Polygon", "coordinates": [[[-97.414937, 18.721146], [-97.357529, 18.721146], [-97.357529, 18.754137], [-97.414937, 18.754137], [-97.414937, 18.721146]]]}}, {"type": "Feature", "id": 2705, "properties": {"seccion": 2705, "id": 2705, "municipio": 175, "nombre": "Tlacotepec De Benito Juarez", "distrito_l": 24, "distrito_f": 1}, "geometry": {"type": "Polygon", "coordinates": [[[-97.644569, 18.754137], [-97.587161, 18.754137], [-97.587161, 18.787128], [-97.644569, 18.787128], [-97.644569, 18.754137]]]}}, {"type": "Feature", "id": 2706, "properties": {"seccion": 2706, "id": 2706, "municipio": 175, "nombre": "Tlacotepec De Benito Juarez", "distrito_l": 24, "distrito_f": 1}, "geometry": {"type": "Polygon", "coordinates": [[[-97.587161, 18.754137], [-97.529753, 18.754137], [-97.529753, 18.787128], [-97.587161, 18.787128], [-97.587161, 18.754137]]]}}, {"type": "Feature", "id": 2707, "properties": {"seccion": 2707, "id": 2707, "municipio": 175, "nombre": "Tlacotepec De Benito Juarez", "distrito_l": 24, "distrito_f": 1}, "geometry": {"type": "Polygon", "coordinates": [[[-97.529753, 18.754137], [-97.472345, 18.754137], [-97.472345, 18.787128], [-97.529753, 18.787128], [-97.529753, 18.754137]]]}}, {"type": "Feature", "id": 2708, "properties": {"seccion": 2708, "id": 2708, "municipio": 175, "nombre": "Tlacotepec De Benito Juarez", "distrito_l": 24, "distrito_f": 1}, "geometry": {"type": "Polygon", "coordinates": [[[-97.472345, 18.754137], [-97.414937, 18.754137], [-97.414937, 18.787128], [-97.472345, 18.787128], [-97.472345, 18.754137]]]}}, {"type": "Feature", "id": 2709, "properties": {"seccion": 2709, "id": 2709, "municipio": 175, "nombre": "Tlacotepec De Benito Juarez", "distrito_l": 24, "distrito_f": 1}, "geometry": {"type": "Polygon", "coordinates": [[[-97.414937, 18.754137], [-97.357529, 18.754137], [-97.357529, 18.787128], [-97.414937, 18.787128], [-97.414937, 18.754137]]]}}, {"type": "Feature", "id": 2710, "properties": {"seccion": 2710, "id": 2710, "municipio": 175, "nombre": "Tlacotepec De Benito Juarez", "distrito_l": 24, "distrito_f": 1}, "geometry": {"type": "Polygon", "coordinates": [[[-97.644569, 18.787128], [-97.587161, 18.787128], [-97.587161, 18.820119], [-97.644569, 18.820119], [-97.644569, 18.787128]]]}}, {"type": "Feature", "id": 2209, "properties": {"seccion": 2209, "id": 2209, "municipio": 176, "nombre": "Tlacuilotepec", "distrito_l": 1, "distrito_f": 1}, "geometry": {"type": "Polygon", "coordinates": [[[-98.021477, 20.335732], [-97.98202, 20.335732], [-97.98202, 20.398055], [-98.021477, 20.398055], [-98.021477, 20.335732]]]}}, {"type": "Feature", "id": 2210, "properties": {"seccion": 2210, "id": 2210, "municipio": 176, "nombre": "Tlacuilotepec", "distrito_l": 1, "distrito_f": 1}, "geometry": {"type": "Polygon", "coordinates": [[[-97.982019, 20.335732], [-97.942562, 20.335732], [-97.942562, 20.398055], [-97.982019, 20.398055], [-97.982019, 20.335732]]]}}, {"type": "Feature", "id": 2211, "properties": {"seccion": 2211, "id": 2211, "municipio": 176, "nombre": "Tlacuilotepec", "distrito_l": 1, "distrito_f": 1}, "geometry": {"type": "Polygon", "coordinates": [[[-97.942562, 20.335732], [-97.903105, 20.335732], [-97.903105, 20.398055], [-97.942562, 20.398055], [-97.942562, 20.335732]]]}}, {"type": "Feature", "id": 2212, "properties": {"seccion": 2212, "id": 2212, "municipio": 176, "nombre": "Tlacuilotepec", "distrito_l": 1, "distrito_f": 1}, "geometry": {"type": "Polygon", "coordinates": [[[-97.903105, 20.335732], [-97.863648, 20.335732], [-97.863648, 20.398055], [-97.903105, 20.398055], [-97.903105, 20.335732]]]}}, {"type": "Feature", "id": 2213, "properties": {"seccion": 2213, "id": 2213, "municipio": 176, "nombre": "Tlacuilotepec", "distrito_l": 1, "distrito_f": 1}, "geometry": {"type": "Polygon", "coordinates": [[[-98.021477, 20.398055], [-97.98202, 20.398055], [-97.98202, 20.460378], [-98.021477, 20.460378], [-98.021477, 20.398055]]]}}, {"type": "Feature", "id": 2214, "properties": {"seccion": 2214, "id": 2214, "municipio": 176, "nombre": "Tlacuilotepec", "distrito_l": 1, "distrito_f": 1}, "geometry": {"type": "Polygon", "coordinates": [[[-97.982019, 20.398055], [-97.942562, 20.398055], [-97.942562, 20.460378], [-97.982019, 20.460378], [-97.982019, 20.398055]]]}}, {"type": "Feature", "id": 2215, "properties": {"seccion": 2215, "id": 2215, "municipio": 176, "nombre": "Tlacuilotepec", "distrito_l": 1, "distrito_f": 1}, "geometry": {"type": "Polygon", "coordinates": [[[-97.942562, 20.398055], [-97.903105, 20.398055], [-97.903105, 20.460378], [-97.942562, 20.460378], [-97.942562, 20.398055]]]}}, {"type": "Feature", "id": 2216, "properties": {"seccion": 2216, "id": 2216, "municipio": 176, "nombre": "Tlacuilotepec", "distrito_l": 1, "distrito_f": 1}, "geometry": {"type": "Polygon", "coordinates": [[[-97.903105, 20.398055], [-97.863648, 20.398055], [-97.863648, 20.460378], [-97.903105, 20.460378], [-97.903105, 20.398055]]]}}, {"type": "Feature", "id": 2217, "properties": {"seccion": 2217, "id": 2217, "municipio": 176, "nombre": "Tlacuilotepec", "distrito_l": 1, "distrito_f": 1}, "geometry": {"type": "Polygon", "coordinates": [[[-98.021477, 20.460378], [-97.98202, 20.460378], [-97.98202, 20.522701], [-98.021477, 20.522701], [-98.021477, 20.460378]]]}}, {"type": "Feature", "id": 2218, "properties": {"seccion": 2218, "id": 2218, "municipio": 176, "nombre": "Tlacuilotepec", "distrito_l": 1, "distrito_f": 1}, "geometry": {"type": "Polygon", "coordinates": [[[-97.982019, 20.460378], [-97.942562, 20.460378], [-97.942562, 20.522701], [-97.982019, 20.522701], [-97.982019, 20.460378]]]}}, {"type": "Feature", "id": 2717, "properties": {"seccion": 2717, "id": 2717, "municipio": 176, "nombre": "Tlacuilotepec", "distrito_l": 1, "distrito_f": 1}, "geometry": {"type": "Polygon", "coordinates": [[[-97.942562, 20.460378], [-97.903105, 20.460378], [-97.903105, 20.522701], [-97.942562, 20.522701], [-97.942562, 20.460378]]]}}, {"type": "Feature", "id": 2233, "properties": {"seccion": 2233, "id": 2233, "municipio": 177, "nombre": "Tlahuapan", "distrito_l": 7, "distrito_f": 1}, "geometry": {"type": "Polygon", "coordinates": [[[-98.594276, 19.282711], [-98.54627, 19.282711], [-98.54627, 19.331638], [-98.594276, 19.331638], [-98.594276, 19.282711]]]}}, {"type": "Feature", "id": 2234, "properties": {"seccion": 2234, "id": 2234, "municipio": 177, "nombre": "Tlahuapan", "distrito_l": 7, "distrito_f": 1}, "geometry": {"type": "Polygon", "coordinates": [[[-98.54627, 19.282711], [-98.498264, 19.282711], [-98.498264, 19.331638], [-98.54627, 19.331638], [-98.54627, 19.282711]]]}}, {"type": "Feature", "id": 2235, "properties": {"seccion": 2235, "id": 2235, "municipio": 177, "nombre": "Tlahuapan", "distrito_l": 7, "distrito_f": 1}, "geometry": {"type": "Polygon", "coordinates": [[[-98.498264, 19.282711], [-98.450258, 19.282711], [-98.450258, 19.331638], [-98.498264, 19.331638], [-98.498264, 19.282711]]]}}, {"type": "Feature", "id": 2236, "properties": {"seccion": 2236, "id": 2236, "municipio": 177, "nombre": "Tlahuapan", "distrito_l": 7, "distrito_f": 1}, "geometry": {"type": "Polygon", "coordinates": [[[-98.450258, 19.282711], [-98.402252, 19.282711], [-98.402252, 19.331638], [-98.450258, 19.331638], [-98.450258, 19.282711]]]}}, {"type": "Feature", "id": 2237, "properties": {"seccion": 2237, "id": 2237, "municipio": 177, "nombre": "Tlahuapan", "distrito_l": 7, "distrito_f": 1}, "geometry": {"type": "Polygon", "coordinates": [[[-98.594276, 19.331638], [-98.54627, 19.331638], [-98.54627, 19.380565], [-98.594276, 19.380565], [-98.594276, 19.331638]]]}}, {"type": "Feature", "id": 2238, "properties": {"seccion": 2238, "id": 2238, "municipio": 177, "nombre": "Tlahuapan", "distrito_l": 7, "distrito_f": 1}, "geometry": {"type": "Polygon", "coordinates": [[[-98.54627, 19.331638], [-98.498264, 19.331638], [-98.498264, 19.380565], [-98.54627, 19.380565], [-98.54627, 19.331638]]]}}, {"type": "Feature", "id": 2239, "properties": {"seccion": 2239, "id": 2239, "municipio": 177, "nombre": "Tlahuapan", "distrito_l": 7, "distrito_f": 1}, "geometry": {"type": "Polygon", "coordinates": [[[-98.498264, 19.331638], [-98.450258, 19.331638], [-98.450258, 19.380565], [-98.498264, 19.380565], [-98.498264, 19.331638]]]}}, {"type": "Feature", "id": 2240, "properties": {"seccion": 2240, "id": 2240, "municipio": 177, "nombre": "Tlahuapan", "distrito_l": 7, "distrito_f": 1}, "geometry": {"type": "Polygon", "coordinates": [[[-98.450258, 19.331638], [-98.402252, 19.331638], [-98.402252, 19.380565], [-98.450258, 19.380565], [-98.450258, 19.331638]]]}}, {"type": "Feature", "id": 2241, "properties": {"seccion": 2241, "id": 2241, "municipio": 177, "nombre": "Tlahuapan", "distrito_l": 7, "distrito_f": 1}, "geometry": {"type": "Polygon", "coordinates": [[[-98.594276, 19.380566], [-98.54627, 19.380566], [-98.54627, 19.429493], [-98.594276, 19.429493], [-98.594276, 19.380566]]]}}, {"type": "Feature", "id": 2242, "properties": {"seccion": 2242, "id": 2242, "municipio": 177, "nombre": "Tlahuapan", "distrito_l": 7, "distrito_f": 1}, "geometry": {"type": "Polygon", "coordinates": [[[-98.54627, 19.380566], [-98.498264, 19.380566], [-98.498264, 19.429493], [-98.54627, 19.429493], [-98.54627, 19.380566]]]}}, {"type": "Feature", "id": 2243, "properties": {"seccion": 2243, "id": 2243, "municipio": 177, "nombre": "Tlahuapan", "distrito_l": 7, "distrito_f": 1}, "geometry": {"type": "Polygon", "coordinates": [[[-98.498264, 19.380566], [-98.450258, 19.380566], [-98.450258, 19.429493], [-98.498264, 19.429493], [-98.498264, 19.380566]]]}}, {"type": "Feature", "id": 2244, "properties": {"seccion": 2244, "id": 2244, "municipio": 177, "nombre": "Tlahuapan", "distrito_l": 7, "distrito_f": 1}, "geometry": {"type": "Polygon", "coordinates": [[[-98.450258, 19.380566], [-98.402252, 19.380566], [-98.402252, 19.429493], [-98.450258, 19.429493], [-98.450258, 19.380566]]]}}, {"type": "Feature", "id": 2245, "properties": {"seccion": 2245, "id": 2245, "municipio": 177, "nombre": "Tlahuapan", "distrito_l": 7, "distrito_f": 1}, "geometry": {"type": "Polygon", "coordinates": [[[-98.594276, 19.429493], [-98.54627, 19.429493], [-98.54627, 19.47842], [-98.594276, 19.47842], [-98.594276, 19.429493]]]}}, {"type": "Feature", "id": 2246, "properties": {"seccion": 2246, "id": 2246, "municipio": 177, "nombre": "Tlahuapan", "distrito_l": 7, "distrito_f": 1}, "geometry": {"type": "Polygon", "coordinates": [[[-98.54627, 19.429493], [-98.498264, 19.429493], [-98.498264, 19.47842], [-98.54627, 19.47842], [-98.54627, 19.429493]]]}}, {"type": "Feature", "id": 2247, "properties": {"seccion": 2247, "id": 2247, "municipio": 177, "nombre": "Tlahuapan", "distrito_l": 7, "distrito_f": 1}, "geometry": {"type": "Polygon", "coordinates": [[[-98.498264, 19.429493], [-98.450258, 19.429493], [-98.450258, 19.47842], [-98.498264, 19.47842], [-98.498264, 19.429493]]]}}, {"type": "Feature", "id": 2248, "properties": {"seccion": 2248, "id": 2248, "municipio": 178, "nombre": "Tlaltenango", "distrito_l": 8, "distrito_f": 1}, "geometry": {"type": "Polygon", "coordinates": [[[-98.290123, 19.17], [-98.263947, 19.17], [-98.263947, 19.20225], [-98.290123, 19.20225], [-98.290123, 19.17]]]}}, {"type": "Feature", "id": 2249, "properties": {"seccion": 2249, "id": 2249, "municipio": 178, "nombre": "Tlaltenango", "distrito_l": 8, "distrito_f": 1}, "geometry": {"type": "Polygon", "coordinates": [[[-98.263947, 19.17], [-98.237771, 19.17], [-98.237771, 19.20225], [-98.263947, 19.20225], [-98.263947, 19.17]]]}}, {"type": "Feature", "id": 2250, "properties": {"seccion": 2250, "id": 2250, "municipio": 178, "nombre": "Tlaltenango", "distrito_l": 8, "distrito_f": 1}, "geometry": {"type": "Polygon", "coordinates": [[[-98.290123, 19.20225], [-98.263947, 19.20225], [-98.263947, 19.2345], [-98.290123, 19.2345], [-98.290123, 19.20225]]]}}, {"type": "Feature", "id": 2251, "properties": {"seccion": 2251, "id": 2251, "municipio": 179, "nombre": "Tlanepantla", "distrito_l": 13, "distrito_f": 1}, "geometry": {"type": "Polygon", "coordinates": [[[-97.735229, 18.888], [-97.710445, 18.888], [-97.710445, 18.93086], [-97.735229, 18.93086], [-97.735229, 18.888]]]}}, {"type": "Feature", "id": 2252, "properties": {"seccion": 2252, "id": 2252, "municipio": 179, "nombre": "Tlanepantla", "distrito_l": 13, "distrito_f": 1}, "geometry": {"type": "Polygon", "coordinates": [[[-97.710445, 18.888], [-97.685661, 18.888], [-97.685661, 18.93086], [-97.710445, 18.93086], [-97.710445, 18.888]]]}}, {"type": "Feature", "id": 2253, "properties": {"seccion": 2253, "id": 2253, "municipio": 180, "nombre": "Tlaola", "distrito_l": 2, "distrito_f": 1}, "geometry": {"type": "Polygon", "coordinates": [[[-97.970032, 20.13245], [-97.920698, 20.13245], [-97.920698, 20.165657], [-97.970032, 20.165657], [-97.970032, 20.13245]]]}}, {"type": "Feature", "id": 2254, "properties": {"seccion": 2254, "id": 2254, "municipio": 180, "nombre": "Tlaola", "distrito_l": 2, "distrito_f": 1}, "geometry": {"type": "Polygon", "coordinates": [[[-97.920698, 20.13245], [-97.871364, 20.13245], [-97.871364, 20.165657], [-97.920698, 20.165657], [-97.920698, 20.13245]]]}}, {"type": "Feature", "id": 2255, "properties": {"seccion": 2255, "id": 2255, "municipio": 180, "nombre": "Tlaola", "distrito_l": 2, "distrito_f": 1}, "geometry": {"type": "Polygon", "coordinates": [[[-97.871363, 20.13245], [-97.822029, 20.13245], [-97.822029, 20.165657], [-97.871363, 20.165657], [-97.871363, 20.13245]]]}}, {"type": "Feature", "id": 2256, "properties": {"seccion": 2256, "id": 2256, "municipio": 180, "nombre": "Tlaola", "distrito_l": 2, "distrito_f": 1}, "geometry": {"type": "Polygon", "coordinates": [[[-97.970032, 20.165657], [-97.920698, 20.165657], [-97.920698, 20.198864], [-97.970032, 20.198864], [-97.970032, 20.165657]]]}}, {"type": "Feature", "id": 2257, "properties": {"seccion": 2257, "id": 2257, "municipio": 180, "nombre": "Tlaola", "distrito_l": 2, "distrito_f": 1}, "geometry": {"type": "Polygon", "coordinates": [[[-97.920698, 20.165657], [-97.871364, 20.165657], [-97.871364, 20.198864], [-97.920698, 20.198864], [-97.920698, 20.165657]]]}}, {"type": "Feature", "id": 2258, "properties": {"seccion": 2258, "id": 2258, "municipio": 180, "nombre": "Tlaola", "distrito_l": 2, "distrito_f": 1}, "geometry": {"type": "Polygon", "coordinates": [[[-97.871363, 20.165657], [-97.822029, 20.165657], [-97.822029, 20.198864], [-97.871363, 20.198864], [-97.871363, 20.165657]]]}}, {"type": "Feature", "id": 2259, "properties": {"seccion": 2259, "id": 2259, "municipio": 180, "nombre": "Tlaola", "distrito_l": 2, "distrito_f": 1}, "geometry": {"type": "Polygon", "coordinates": [[[-97.970032, 20.198864], [-97.920698, 20.198864], [-97.920698, 20.232071], [-97.970032, 20.232071], [-97.970032, 20.198864]]]}}, {"type": "Feature", "id": 2260, "properties": {"seccion": 2260, "id": 2260, "municipio": 180, "nombre": "Tlaola", "distrito_l": 2, "distrito_f": 1}, "geometry": {"type": "Polygon", "coordinates": [[[-97.920698, 20.198864], [-97.871364, 20.198864], [-97.871364, 20.232071], [-97.920698, 20.232071], [-97.920698, 20.198864]]]}}, {"type": "Feature", "id": 2261, "properties": {"seccion": 2261, "id": 2261, "municipio": 180, "nombre": "Tlaola", "distrito_l": 2, "distrito_f": 1}, "geometry": {"type": "Polygon", "coordinates": [[[-97.871363, 20.198864], [-97.822029, 20.198864], [-97.822029, 20.232071], [-97.871363, 20.232071], [-97.871363, 20.198864]]]}}, {"type": "Feature", "id": 2262, "properties": {"seccion": 2262, "id": 2262, "municipio": 181, "nombre": "Tlapacoya", "distrito_l": 1, "distrito_f": 1}, "geometry": {"type": "Polygon", "coordinates": [[[-97.885277, 20.089281], [-97.840134, 20.089281], [-97.840134, 20.147931], [-97.885277, 20.147931], [-97.885277, 20.089281]]]}}, {"type": "Feature", "id": 2263, "properties": {"seccion": 2263, "id": 2263, "municipio": 181, "nombre": "Tlapacoya", "distrito_l": 1, "distrito_f": 1}, "geometry": {"type": "Polygon", "coordinates": [[[-97.840134, 20.089281], [-97.794991, 20.089281], [-97.794991, 20.147931], [-97.840134, 20.147931], [-97.840134, 20.089281]]]}}, {"type": "Feature", "id": 2264, "properties": {"seccion": 2264, "id": 2264, "municipio": 181, "nombre": "Tlapacoya", "distrito_l": 1, "distrito_f": 1}, "geometry": {"type": "Polygon", "coordinates": [[[-97.794991, 20.089281], [-97.749848, 20.089281], [-97.749848, 20.147931], [-97.794991, 20.147931], [-97.794991, 20.089281]]]}}, {"type": "Feature", "id": 2265, "properties": {"seccion": 2265, "id": 2265, "municipio": 181, "nombre": "Tlapacoya", "distrito_l": 1, "distrito_f": 1}, "geometry": {"type": "Polygon", "coordinates": [[[-97.885277, 20.147931], [-97.840134, 20.147931], [-97.840134, 20.206581], [-97.885277, 20.206581], [-97.885277, 20.147931]]]}}, {"type": "Feature", "id": 2266, "properties": {"seccion": 2266, "id": 2266, "municipio": 181, "nombre": "Tlapacoya", "distrito_l": 1, "distrito_f": 1}, "geometry": {"type": "Polygon", "coordinates": [[[-97.840134, 20.147931], [-97.794991, 20.147931], [-97.794991, 20.206581], [-97.840134, 20.206581], [-97.840134, 20.147931]]]}}, {"type": "Feature", "id": 2267, "properties": {"seccion": 2267, "id": 2267, "municipio": 182, "nombre": "Tlapanala", "distrito_l": 22, "distrito_f": 1}, "geometry": {"type": "Polygon", "coordinates": [[[-98.499977, 18.67337], [-98.466367, 18.67337], [-98.466367, 18.717296], [-98.499977, 18.717296], [-98.499977, 18.67337]]]}}, {"type": "Feature", "id": 2268, "properties": {"seccion": 2268, "id": 2268, "municipio": 182, "nombre": "Tlapanala", "distrito_l": 22, "distrito_f": 1}, "geometry": {"type": "Polygon", "coordinates": [[[-98.466367, 18.67337], [-98.432757, 18.67337], [-98.432757, 18.717296], [-98.466367, 18.717296], [-98.466367, 18.67337]]]}}, {"type": "Feature", "id": 2269, "properties": {"seccion": 2269, "id": 2269, "municipio": 182, "nombre": "Tlapanala", "distrito_l": 22, "distrito_f": 1}, "geometry": {"type": "Polygon", "coordinates": [[[-98.432757, 18.67337], [-98.399147, 18.67337], [-98.399147, 18.717296], [-98.432757, 18.717296], [-98.432757, 18.67337]]]}}, {"type": "Feature", "id": 2270, "properties": {"seccion": 2270, "id": 2270, "municipio": 182, "nombre": "Tlapanala", "distrito_l": 22, "distrito_f": 1}, "geometry": {"type": "Polygon", "coordinates": [[[-98.499977, 18.717297], [-98.466367, 18.717297], [-98.466367, 18.761223], [-98.499977, 18.761223], [-98.499977, 18.717297]]]}}, {"type": "Feature", "id": 2271, "properties": {"seccion": 2271, "id": 2271, "municipio": 182, "nombre": "Tlapanala", "distrito_l": 22, "distrito_f": 1}, "geometry": {"type": "Polygon", "coordinates": [[[-98.466367, 18.717297], [-98.432757, 18.717297], [-98.432757, 18.761223], [-98.466367, 18.761223], [-98.466367, 18.717297]]]}}, {"type": "Feature", "id": 2272, "properties": {"seccion": 2272, "id": 2272, "municipio": 183, "nombre": "Tlatlauquitepec", "distrito_l": 4, "distrito_f": 1}, "geometry": {"type": "Polygon", "coordinates": [[[-97.510017, 19.69129], [-97.483973, 19.69129], [-97.483973, 19.759838], [-97.510017, 19.759838], [-97.510017, 19.69129]]]}}, {"type": "Feature", "id": 2273, "properties": {"seccion": 2273, "id": 2273, "municipio": 183, "nombre": "Tlatlauquitepec", "distrito_l": 4, "distrito_f": 1}, "geometry": {"type": "Polygon", "coordinates": [[[-97.483973, 19.69129], [-97.457929, 19.69129], [-97.457929, 19.759838], [-97.483973, 19.759838], [-97.483973, 19.69129]]]}}, {"type": "Feature", "id": 2274, "properties": {"seccion": 2274, "id": 2274, "municipio": 183, "nombre": "Tlatlauquitepec", "distrito_l": 4, "distrito_f": 1}, "geometry": {"type": "Polygon", "coordinates": [[[-97.457929, 19.69129], [-97.431885, 19.69129], [-97.431885, 19.759838], [-97.457929, 19.759838], [-97.457929, 19.69129]]]}}, {"type": "Feature", "id": 2275, "properties": {"seccion": 2275, "id": 2275, "municipio": 183, "nombre": "Tlatlauquitepec", "distrito_l": 4, "distrito_f": 1}, "geometry": {"type": "Polygon", "coordinates": [[[-97.431885, 19.69129], [-97.405841, 19.69129], [-97.405841, 19.759838], [-97.431885, 19.759838], [-97.431885, 19.69129]]]}}, {"type": "Feature", "id": 2276, "properties": {"seccion": 2276, "id": 2276, "municipio": 183, "nombre": "Tlatlauquitepec", "distrito_l": 4, "distrito_f": 1}, "geometry": {"type": "Polygon", "coordinates": [[[-97.405841, 19.69129], [-97.379797, 19.69129], [-97.379797, 19.759838], [-97.405841, 19.759838], [-97.405841, 19.69129]]]}}, {"type": "Feature", "id": 2277, "properties": {"seccion": 2277, "id": 2277, "municipio": 183, "nombre": "Tlatlauquitepec", "distrito_l": 4, "distrito_f": 1}, "geometry": {"type": "Polygon", "coordinates": [[[-97.379796, 19.69129], [-97.353752, 19.69129], [-97.353752, 19.759838], [-97.379796, 19.759838], [-97.379796, 19.69129]]]}}, {"type": "Feature", "id": 2278, "properties": {"seccion": 2278, "id": 2278, "municipio": 183, "nombre": "Tlatlauquitepec", "distrito_l": 4, "distrito_f": 1}, "geometry": {"type": "Polygon", "coordinates": [[[-97.510017, 19.759838], [-97.483973, 19.759838], [-97.483973, 19.828386], [-97.510017, 19.828386], [-97.510017, 19.759838]]]}}, {"type": "Feature", "id": 2279, "properties": {"seccion": 2279, "id": 2279, "municipio": 183, "nombre": "Tlatlauquitepec", "distrito_l": 4, "distrito_f": 1}, "geometry": {"type": "Polygon", "coordinates": [[[-97.483973, 19.759838], [-97.457929, 19.759838], [-97.457929, 19.828386], [-97.483973, 19.828386], [-97.483973, 19.759838]]]}}, {"type": "Feature", "id": 2280, "properties": {"seccion": 2280, "id": 2280, "municipio": 183, "nombre": "Tlatlauquitepec", "distrito_l": 4, "distrito_f": 1}, "geometry": {"type": "Polygon", "coordinates": [[[-97.457929, 19.759838], [-97.431885, 19.759838], [-97.431885, 19.828386], [-97.457929, 19.828386], [-97.457929, 19.759838]]]}}, {"type": "Feature", "id": 2281, "properties": {"seccion": 2281, "id": 2281, "municipio": 183, "nombre": "Tlatlauquitepec", "distrito_l": 4, "distrito_f": 1}, "geometry": {"type": "Polygon", "coordinates": [[[-97.431885, 19.759838], [-97.405841, 19.759838], [-97.405841, 19.828386], [-97.431885, 19.828386], [-97.431885, 19.759838]]]}}, {"type": "Feature", "id": 2282, "properties": {"seccion": 2282, "id": 2282, "municipio": 183, "nombre": "Tlatlauquitepec", "distrito_l": 4, "distrito_f": 1}, "geometry": {"type": "Polygon", "coordinates": [[[-97.405841, 19.759838], [-97.379797, 19.759838], [-97.379797, 19.828386], [-97.405841, 19.828386], [-97.405841, 19.759838]]]}}, {"type": "Feature", "id": 2283, "properties": {"seccion": 2283, "id": 2283, "municipio": 183, "nombre": "Tlatlauquitepec", "distrito_l": 4, "distrito_f": 1}, "geometry": {"type": "Polygon", "coordinates": [[[-97.379796, 19.759838], [-97.353752, 19.759838], [-97.353752, 19.828386], [-97.379796, 19.828386], [-97.379796, 19.759838]]]}}, {"type": "Feature", "id": 2284, "properties": {"seccion": 2284, "id": 2284, "municipio": 183, "nombre": "Tlatlauquitepec", "distrito_l": 4, "distrito_f": 1}, "geometry": {"type": "Polygon", "coordinates": [[[-97.510017, 19.828386], [-97.483973, 19.828386], [-97.483973, 19.896934], [-97.510017, 19.896934], [-97.510017, 19.828386]]]}}, {"type": "Feature", "id": 2285, "properties": {"seccion": 2285, "id": 2285, "municipio": 183, "nombre": "Tlatlauquitepec", "distrito_l": 4, "distrito_f": 1}, "geometry": {"type": "Polygon", "coordinates": [[[-97.483973, 19.828386], [-97.457929, 19.828386], [-97.457929, 19.896934], [-97.483973, 19.896934], [-97.483973, 19.828386]]]}}, {"type": "Feature", "id": 2287, "properties": {"seccion": 2287, "id": 2287, "municipio": 183, "nombre": "Tlatlauquitepec", "distrito_l": 4, "distrito_f": 1}, "geometry": {"type": "Polygon", "coordinates": [[[-97.457929, 19.828386], [-97.431885, 19.828386], [-97.431885, 19.896934], [-97.457929, 19.896934], [-97.457929, 19.828386]]]}}, {"type": "Feature", "id": 2288, "properties": {"seccion": 2288, "id": 2288, "municipio": 183, "nombre": "Tlatlauquitepec", "distrito_l": 4, "distrito_f": 1}, "geometry": {"type": "Polygon", "coordinates": [[[-97.431885, 19.828386], [-97.405841, 19.828386], [-97.405841, 19.896934], [-97.431885, 19.896934], [-97.431885, 19.828386]]]}}, {"type": "Feature", "id": 2289, "properties": {"seccion": 2289, "id": 2289, "municipio": 183, "nombre": "Tlatlauquitepec", "distrito_l": 4, "distrito_f": 1}, "geometry": {"type": "Polygon", "coordinates": [[[-97.405841, 19.828386], [-97.379797, 19.828386], [-97.379797, 19.896934], [-97.405841, 19.896934], [-97.405841, 19.828386]]]}}, {"type": "Feature", "id": 2290, "properties": {"seccion": 2290, "id": 2290, "municipio": 183, "nombre": "Tlatlauquitepec", "distrito_l": 4, "distrito_f": 1}, "geometry": {"type": "Polygon", "coordinates": [[[-97.379796, 19.828386], [-97.353752, 19.828386], [-97.353752, 19.896934], [-97.379796, 19.896934], [-97.379796, 19.828386]]]}}, {"type": "Feature", "id": 2291, "properties": {"seccion": 2291, "id": 2291, "municipio": 183, "nombre": "Tlatlauquitepec", "distrito_l": 4, "distrito_f": 1}, "geometry": {"type": "Polygon", "coordinates": [[[-97.510017, 19.896935], [-97.483973, 19.896935], [-97.483973, 19.965483], [-97.510017, 19.965483], [-97.510017, 19.896935]]]}}, {"type": "Feature", "id": 2292, "properties": {"seccion": 2292, "id": 2292, "municipio": 183, "nombre": "Tlatlauquitepec", "distrito_l": 4, "distrito_f": 1}, "geometry": {"type": "Polygon", "coordinates": [[[-97.483973, 19.896935], [-97.457929, 19.896935], [-97.457929, 19.965483], [-97.483973, 19.965483], [-97.483973, 19.896935]]]}}, {"type": "Feature", "id": 2293, "properties": {"seccion": 2293, "id": 2293, "municipio": 183, "nombre": "Tlatlauquitepec", "distrito_l": 4, "distrito_f": 1}, "geometry": {"type": "Polygon", "coordinates": [[[-97.457929, 19.896935], [-97.431885, 19.896935], [-97.431885, 19.965483], [-97.457929, 19.965483], [-97.457929, 19.896935]]]}}, {"type": "Feature", "id": 2294, "properties": {"seccion": 2294, "id": 2294, "municipio": 183, "nombre": "Tlatlauquitepec", "distrito_l": 4, "distrito_f": 1}, "geometry": {"type": "Polygon", "coordinates": [[[-97.431885, 19.896935], [-97.405841, 19.896935], [-97.405841, 19.965483], [-97.431885, 19.965483], [-97.431885, 19.896935]]]}}, {"type": "Feature", "id": 2681, "properties": {"seccion": 2681, "id": 2681, "municipio": 183, "nombre": "Tlatlauquitepec", "distrito_l": 4, "distrito_f": 1}, "geometry": {"type": "Polygon", "coordinates": [[[-97.405841, 19.896935], [-97.379797, 19.896935], [-97.379797, 19.965483], [-97.405841, 19.965483], [-97.405841, 19.896935]]]}}, {"type": "Feature", "id": 2682, "properties": {"seccion": 2682, "id": 2682, "municipio": 183, "nombre": "Tlatlauquitepec", "distrito_l": 4, "distrito_f": 1}, "geometry": {"type": "Polygon", "coordinates": [[[-97.379796, 19.896935], [-97.353752, 19.896935], [-97.353752, 19.965483], [-97.379796, 19.965483], [-97.379796, 19.896935]]]}}, {"type": "Feature", "id": 2683, "properties": {"seccion": 2683, "id": 2683, "municipio": 183, "nombre": "Tlatlauquitepec", "distrito_l": 4, "distrito_f": 1}, "geometry": {"type": "Polygon", "coordinates": [[[-97.510017, 19.965483], [-97.483973, 19.965483], [-97.483973, 20.034031], [-97.510017, 20.034031], [-97.510017, 19.965483]]]}}, {"type": "Feature", "id": 2731, "properties": {"seccion": 2731, "id": 2731, "municipio": 183, "nombre": "Tlatlauquitepec", "distrito_l": 4, "distrito_f": 1}, "geometry": {"type": "Polygon", "coordinates": [[[-97.483973, 19.965483], [-97.457929, 19.965483], [-97.457929, 20.034031], [-97.483973, 20.034031], [-97.483973, 19.965483]]]}}, {"type": "Feature", "id": 2732, "properties": {"seccion": 2732, "id": 2732, "municipio": 183, "nombre": "Tlatlauquitepec", "distrito_l": 4, "distrito_f": 1}, "geometry": {"type": "Polygon", "coordinates": [[[-97.457929, 19.965483], [-97.431885, 19.965483], [-97.431885, 20.034031], [-97.457929, 20.034031], [-97.457929, 19.965483]]]}}, {"type": "Feature", "id": 2295, "properties": {"seccion": 2295, "id": 2295, "municipio": 184, "nombre": "Tlaxco", "distrito_l": 1, "distrito_f": 1}, "geometry": {"type": "Polygon", "coordinates": [[[-97.983902, 20.435461], [-97.956215, 20.435461], [-97.956215, 20.457236], [-97.983902, 20.457236], [-97.983902, 20.435461]]]}}, {"type": "Feature", "id": 2296, "properties": {"seccion": 2296, "id": 2296, "municipio": 184, "nombre": "Tlaxco", "distrito_l": 1, "distrito_f": 1}, "geometry": {"type": "Polygon", "coordinates": [[[-97.956215, 20.435461], [-97.928528, 20.435461], [-97.928528, 20.457236], [-97.956215, 20.457236], [-97.956215, 20.435461]]]}}, {"type": "Feature", "id": 2297, "properties": {"seccion": 2297, "id": 2297, "municipio": 184, "nombre": "Tlaxco", "distrito_l": 1, "distrito_f": 1}, "geometry": {"type": "Polygon", "coordinates": [[[-97.983902, 20.457236], [-97.956215, 20.457236], [-97.956215, 20.479011], [-97.983902, 20.479011], [-97.983902, 20.457236]]]}}, {"type": "Feature", "id": 2298, "properties": {"seccion": 2298, "id": 2298, "municipio": 184, "nombre": "Tlaxco", "distrito_l": 1, "distrito_f": 1}, "geometry": {"type": "Polygon", "coordinates": [[[-97.956215, 20.457236], [-97.928528, 20.457236], [-97.928528, 20.479011], [-97.956215, 20.479011], [-97.956215, 20.457236]]]}}, {"type": "Feature", "id": 2299, "properties": {"seccion": 2299, "id": 2299, "municipio": 185, "nombre": "Tochimilco", "distrito_l": 22, "distrito_f": 1}, "geometry": {"type": "Polygon", "coordinates": [[[-98.614517, 18.827499], [-98.574968, 18.827499], [-98.574968, 18.902713], [-98.614517, 18.902713], [-98.614517, 18.827499]]]}}, {"type": "Feature", "id": 2300, "properties": {"seccion": 2300, "id": 2300, "municipio": 185, "nombre": "Tochimilco", "distrito_l": 22, "distrito_f": 1}, "geometry": {"type": "Polygon", "coordinates": [[[-98.574968, 18.827499], [-98.535419, 18.827499], [-98.535419, 18.902713], [-98.574968, 18.902713], [-98.574968, 18.827499]]]}}, {"type": "Feature", "id": 2301, "properties": {"seccion": 2301, "id": 2301, "municipio": 185, "nombre": "Tochimilco", "distrito_l": 22, "distrito_f": 1}, "geometry": {"type": "Polygon", "coordinates": [[[-98.535419, 18.827499], [-98.49587, 18.827499], [-98.49587, 18.902713], [-98.535419, 18.902713], [-98.535419, 18.827499]]]}}, {"type": "Feature", "id": 2302, "properties": {"seccion": 2302, "id": 2302, "municipio": 185, "nombre": "Tochimilco", "distrito_l": 22, "distrito_f": 1}, "geometry": {"type": "Polygon", "coordinates": [[[-98.495871, 18.827499], [-98.456322, 18.827499], [-98.456322, 18.902713], [-98.495871, 18.902713], [-98.495871, 18.827499]]]}}, {"type": "Feature", "id": 2303, "properties": {"seccion": 2303, "id": 2303, "municipio": 185, "nombre": "Tochimilco", "distrito_l": 22, "distrito_f": 1}, "geometry": {"type": "Polygon", "coordinates": [[[-98.614517, 18.902713], [-98.574968, 18.902713], [-98.574968, 18.977927], [-98.614517, 18.977927], [-98.614517, 18.902713]]]}}, {"type": "Feature", "id": 2304, "properties": {"seccion": 2304, "id": 2304, "municipio": 185, "nombre": "Tochimilco", "distrito_l": 22, "distrito_f": 1}, "geometry": {"type": "Polygon", "coordinates": [[[-98.574968, 18.902713], [-98.535419, 18.902713], [-98.535419, 18.977927], [-98.574968, 18.977927], [-98.574968, 18.902713]]]}}, {"type": "Feature", "id": 2305, "properties": {"seccion": 2305, "id": 2305, "municipio": 185, "nombre": "Tochimilco", "distrito_l": 22, "distrito_f": 1}, "geometry": {"type": "Polygon", "coordinates": [[[-98.535419, 18.902713], [-98.49587, 18.902713], [-98.49587, 18.977927], [-98.535419, 18.977927], [-98.535419, 18.902713]]]}}, {"type": "Feature", "id": 2306, "properties": {"seccion": 2306, "id": 2306, "municipio": 185, "nombre": "Tochimilco", "distrito_l": 22, "distrito_f": 1}, "geometry": {"type": "Polygon", "coordinates": [[[-98.495871, 18.902713], [-98.456322, 18.902713], [-98.456322, 18.977927], [-98.495871, 18.977927], [-98.495871, 18.902713]]]}}, {"type": "Feature", "id": 2307, "properties": {"seccion": 2307, "id": 2307, "municipio": 185, "nombre": "Tochimilco", "distrito_l": 22, "distrito_f": 1}, "geometry": {"type": "Polygon", "coordinates": [[[-98.614517, 18.977927], [-98.574968, 18.977927], [-98.574968, 19.053141], [-98.614517, 19.053141], [-98.614517, 18.977927]]]}}, {"type": "Feature", "id": 2308, "properties": {"seccion": 2308, "id": 2308, "municipio": 185, "nombre": "Tochimilco", "distrito_l": 22, "distrito_f": 1}, "geometry": {"type": "Polygon", "coordinates": [[[-98.574968, 18.977927], [-98.535419, 18.977927], [-98.535419, 19.053141], [-98.574968, 19.053141], [-98.574968, 18.977927]]]}}, {"type": "Feature", "id": 2309, "properties": {"seccion": 2309, "id": 2309, "municipio": 185, "nombre": "Tochimilco", "distrito_l": 22, "distrito_f": 1}, "geometry": {"type": "Polygon", "coordinates": [[[-98.535419, 18.977927], [-98.49587, 18.977927], [-98.49587, 19.053141], [-98.535419, 19.053141], [-98.535419, 18.977927]]]}}, {"type": "Feature", "id": 2310, "properties": {"seccion": 2310, "id": 2310, "municipio": 186, "nombre": "Tochtepec", "distrito_l": 13, "distrito_f": 1}, "geometry": {"type": "Polygon", "coordinates": [[[-97.7444, 18.784719], [-97.714478, 18.784719], [-97.714478, 18.837783], [-97.7444, 18.837783], [-97.7444, 18.784719]]]}}, {"type": "Feature", "id": 2311, "properties": {"seccion": 2311, "id": 2311, "municipio": 186, "nombre": "Tochtepec", "distrito_l": 13, "distrito_f": 1}, "geometry": {"type": "Polygon", "coordinates": [[[-97.714478, 18.784719], [-97.684556, 18.784719], [-97.684556, 18.837783], [-97.714478, 18.837783], [-97.714478, 18.784719]]]}}, {"type": "Feature", "id": 2312, "properties": {"seccion": 2312, "id": 2312, "municipio": 186, "nombre": "Tochtepec", "distrito_l": 13, "distrito_f": 1}, "geometry": {"type": "Polygon", "coordinates": [[[-97.684555, 18.784719], [-97.654633, 18.784719], [-97.654633, 18.837783], [-97.684555, 18.837783], [-97.684555, 18.784719]]]}}, {"type": "Feature", "id": 2313, "properties": {"seccion": 2313, "id": 2313, "municipio": 186, "nombre": "Tochtepec", "distrito_l": 13, "distrito_f": 1}, "geometry": {"type": "Polygon", "coordinates": [[[-97.7444, 18.837783], [-97.714478, 18.837783], [-97.714478, 18.890847], [-97.7444, 18.890847], [-97.7444, 18.837783]]]}}, {"type": "Feature", "id": 2314, "properties": {"seccion": 2314, "id": 2314, "municipio": 186, "nombre": "Tochtepec", "distrito_l": 13, "distrito_f": 1}, "geometry": {"type": "Polygon", "coordinates": [[[-97.714478, 18.837783], [-97.684556, 18.837783], [-97.684556, 18.890847], [-97.714478, 18.890847], [-97.714478, 18.837783]]]}}, {"type": "Feature", "id": 2315, "properties": {"seccion": 2315, "id": 2315, "municipio": 186, "nombre": "Tochtepec", "distrito_l": 13, "distrito_f": 1}, "geometry": {"type": "Polygon", "coordinates": [[[-97.684555, 18.837783], [-97.654633, 18.837783], [-97.654633, 18.890847], [-97.684555, 18.890847], [-97.684555, 18.837783]]]}}, {"type": "Feature", "id": 2316, "properties": {"seccion": 2316, "id": 2316, "municipio": 186, "nombre": "Tochtepec", "distrito_l": 13, "distrito_f": 1}, "geometry": {"type": "Polygon", "coordinates": [[[-97.7444, 18.890847], [-97.714478, 18.890847], [-97.714478, 18.943911], [-97.7444, 18.943911], [-97.7444, 18.890847]]]}}, {"type": "Feature", "id": 2317, "properties": {"seccion": 2317, "id": 2317, "municipio": 187, "nombre": "Totoltepec De Guerrero", "distrito_l": 23, "distrito_f": 1}, "geometry": {"type": "Polygon", "coordinates": [[[-97.81456, 18.23662], [-97.708382, 18.23662], [-97.708382, 18.441328], [-97.81456, 18.441328], [-97.81456, 18.23662]]]}}, {"type": "Feature", "id": 2318, "properties": {"seccion": 2318, "id": 2318, "municipio": 187, "nombre": "Totoltepec De Guerrero", "distrito_l": 23, "distrito_f": 1}, "geometry": {"type": "Polygon", "coordinates": [[[-97.708382, 18.23662], [-97.602204, 18.23662], [-97.602204, 18.441328], [-97.708382, 18.441328], [-97.708382, 18.23662]]]}}, {"type": "Feature", "id": 2319, "properties": {"seccion": 2319, "id": 2319, "municipio": 188, "nombre": "Tulcingo", "distrito_l": 23, "distrito_f": 1}, "geometry": {"type": "Polygon", "coordinates": [[[-98.399666, 17.93745], [-98.358144, 17.93745], [-98.358144, 17.9969], [-98.399666, 17.9969], [-98.399666, 17.93745]]]}}, {"type": "Feature", "id": 2320, "properties": {"seccion": 2320, "id": 2320, "municipio": 188, "nombre": "Tulcingo", "distrito_l": 23, "distrito_f": 1}, "geometry": {"type": "Polygon", "coordinates": [[[-98.358144, 17.93745], [-98.316622, 17.93745], [-98.316622, 17.9969], [-98.358144, 17.9969], [-98.358144, 17.93745]]]}}, {"type": "Feature", "id": 2321, "properties": {"seccion": 2321, "id": 2321, "municipio": 188, "nombre": "Tulcingo", "distrito_l": 23, "distrito_f": 1}, "geometry": {"type": "Polygon", "coordinates": [[[-98.316622, 17.93745], [-98.2751, 17.93745], [-98.2751, 17.9969], [-98.316622, 17.9969], [-98.316622, 17.93745]]]}}, {"type": "Feature", "id": 2322, "properties": {"seccion": 2322, "id": 2322, "municipio": 188, "nombre": "Tulcingo", "distrito_l": 23, "distrito_f": 1}, "geometry": {"type": "Polygon", "coordinates": [[[-98.399666, 17.996901], [-98.358144, 17.996901], [-98.358144, 18.056351], [-98.399666, 18.056351], [-98.399666, 17.996901]]]}}, {"type": "Feature", "id": 2323, "properties": {"seccion": 2323, "id": 2323, "municipio": 188, "nombre": "Tulcingo", "distrito_l": 23, "distrito_f": 1}, "geometry": {"type": "Polygon", "coordinates": [[[-98.358144, 17.996901], [-98.316622, 17.996901], [-98.316622, 18.056351], [-98.358144, 18.056351], [-98.358144, 17.996901]]]}}, {"type": "Feature", "id": 2324, "properties": {"seccion": 2324, "id": 2324, "municipio": 188, "nombre": "Tulcingo", "distrito_l": 23, "distrito_f": 1}, "geometry": {"type": "Polygon", "coordinates": [[[-98.316622, 17.996901], [-98.2751, 17.996901], [-98.2751, 18.056351], [-98.316622, 18.056351], [-98.316622, 17.996901]]]}}, {"type": "Feature", "id": 2325, "properties": {"seccion": 2325, "id": 2325, "municipio": 188, "nombre": "Tulcingo", "distrito_l": 23, "distrito_f": 1}, "geometry": {"type": "Polygon", "coordinates": [[[-98.399666, 18.056351], [-98.358144, 18.056351], [-98.358144, 18.115801], [-98.399666, 18.115801], [-98.399666, 18.056351]]]}}, {"type": "Feature", "id": 2760, "properties": {"seccion": 2760, "id": 2760, "municipio": 188, "nombre": "Tulcingo", "distrito_l": 23, "distrito_f": 1}, "geometry": {"type": "Polygon", "coordinates": [[[-98.358144, 18.056351], [-98.316622, 18.056351], [-98.316622, 18.115801], [-98.358144, 18.115801], [-98.358144, 18.056351]]]}}, {"type": "Feature", "id": 2329, "properties": {"seccion": 2329, "id": 2329, "municipio": 189, "nombre": "Tzicatlacoyan", "distrito_l": 23, "distrito_f": 1}, "geometry": {"type": "Polygon", "coordinates": [[[-98.048248, 18.782801], [-97.928474, 18.782801], [-97.928474, 18.86029], [-98.048248, 18.86029], [-98.048248, 18.782801]]]}}, {"type": "Feature", "id": 2330, "properties": {"seccion": 2330, "id": 2330, "municipio": 189, "nombre": "Tzicatlacoyan", "distrito_l": 23, "distrito_f": 1}, "geometry": {"type": "Polygon", "coordinates": [[[-97.928474, 18.782801], [-97.8087, 18.782801], [-97.8087, 18.86029], [-97.928474, 18.86029], [-97.928474, 18.782801]]]}}, {"type": "Feature", "id": 2331, "properties": {"seccion": 2331, "id": 2331, "municipio": 189, "nombre": "Tzicatlacoyan", "distrito_l": 23, "distrito_f": 1}, "geometry": {"type": "Polygon", "coordinates": [[[-98.048248, 18.86029], [-97.928474, 18.86029], [-97.928474, 18.937779], [-98.048248, 18.937779], [-98.048248, 18.86029]]]}}, {"type": "Feature", "id": 2332, "properties": {"seccion": 2332, "id": 2332, "municipio": 189, "nombre": "Tzicatlacoyan", "distrito_l": 23, "distrito_f": 1}, "geometry": {"type": "Polygon", "coordinates": [[[-97.928474, 18.86029], [-97.8087, 18.86029], [-97.8087, 18.937779], [-97.928474, 18.937779], [-97.928474, 18.86029]]]}}, {"type": "Feature", "id": 2333, "properties": {"seccion": 2333, "id": 2333, "municipio": 190, "nombre": "Venustiano Carranza", "distrito_l": 1, "distrito_f": 1}, "geometry": {"type": "Polygon", "coordinates": [[[-97.721947, 20.451382], [-97.684911, 20.451382], [-97.684911, 20.504614], [-97.721947, 20.504614], [-97.721947, 20.451382]]]}}, {"type": "Feature", "id": 2334, "properties": {"seccion": 2334, "id": 2334, "municipio": 190, "nombre": "Venustiano Carranza", "distrito_l": 1, "distrito_f": 1}, "geometry": {"type": "Polygon", "coordinates": [[[-97.684911, 20.451382], [-97.647875, 20.451382], [-97.647875, 20.504614], [-97.684911, 20.504614], [-97.684911, 20.451382]]]}}, {"type": "Feature", "id": 2335, "properties": {"seccion": 2335, "id": 2335, "municipio": 190, "nombre": "Venustiano Carranza", "distrito_l": 1, "distrito_f": 1}, "geometry": {"type": "Polygon", "coordinates": [[[-97.647874, 20.451382], [-97.610838, 20.451382], [-97.610838, 20.504614], [-97.647874, 20.504614], [-97.647874, 20.451382]]]}}, {"type": "Feature", "id": 2336, "properties": {"seccion": 2336, "id": 2336, "municipio": 190, "nombre": "Venustiano Carranza", "distrito_l": 1, "distrito_f": 1}, "geometry": {"type": "Polygon", "coordinates": [[[-97.610838, 20.451382], [-97.573802, 20.451382], [-97.573802, 20.504614], [-97.610838, 20.504614], [-97.610838, 20.451382]]]}}, {"type": "Feature", "id": 2337, "properties": {"seccion": 2337, "id": 2337, "municipio": 190, "nombre": "Venustiano Carranza", "distrito_l": 1, "distrito_f": 1}, "geometry": {"type": "Polygon", "coordinates": [[[-97.573802, 20.451382], [-97.536766, 20.451382], [-97.536766, 20.504614], [-97.573802, 20.504614], [-97.573802, 20.451382]]]}}, {"type": "Feature", "id": 2338, "properties": {"seccion": 2338, "id": 2338, "municipio": 190, "nombre": "Venustiano Carranza", "distrito_l": 1, "distrito_f": 1}, "geometry": {"type": "Polygon", "coordinates": [[[-97.721947, 20.504614], [-97.684911, 20.504614], [-97.684911, 20.557846], [-97.721947, 20.557846], [-97.721947, 20.504614]]]}}, {"type": "Feature", "id": 2339, "properties": {"seccion": 2339, "id": 2339, "municipio": 190, "nombre": "Venustiano Carranza", "distrito_l": 1, "distrito_f": 1}, "geometry": {"type": "Polygon", "coordinates": [[[-97.684911, 20.504614], [-97.647875, 20.504614], [-97.647875, 20.557846], [-97.684911, 20.557846], [-97.684911, 20.504614]]]}}, {"type": "Feature", "id": 2340, "properties": {"seccion": 2340, "id": 2340, "municipio": 190, "nombre": "Venustiano Carranza", "distrito_l": 1, "distrito_f": 1}, "geometry": {"type": "Polygon", "coordinates": [[[-97.647874, 20.504614], [-97.610838, 20.504614], [-97.610838, 20.557846], [-97.647874, 20.557846], [-97.647874, 20.504614]]]}}, {"type": "Feature", "id": 2341, "properties": {"seccion": 2341, "id": 2341, "municipio": 190, "nombre": "Venustiano Carranza", "distrito_l": 1, "distrito_f": 1}, "geometry": {"type": "Polygon", "coordinates": [[[-97.610838, 20.504614], [-97.573802, 20.504614], [-97.573802, 20.557846], [-97.610838, 20.557846], [-97.610838, 20.504614]]]}}, {"type": "Feature", "id": 2342, "properties": {"seccion": 2342, "id": 2342, "municipio": 190, "nombre": "Venustiano Carranza", "distrito_l": 1, "distrito_f": 1}, "geometry": {"type": "Polygon", "coordinates": [[[-97.573802, 20.504614], [-97.536766, 20.504614], [-97.536766, 20.557846], [-97.573802, 20.557846], [-97.573802, 20.504614]]]}}, {"type": "Feature", "id": 2343, "properties": {"seccion": 2343, "id": 2343, "municipio": 190, "nombre": "Venustiano Carranza", "distrito_l": 1, "distrito_f": 1}, "geometry": {"type": "Polygon", "coordinates": [[[-97.721947, 20.557846], [-97.684911, 20.557846], [-97.684911, 20.611078], [-97.721947, 20.611078], [-97.721947, 20.557846]]]}}, {"type": "Feature", "id": 2344, "properties": {"seccion": 2344, "id": 2344, "municipio": 190, "nombre": "Venustiano Carranza", "distrito_l": 1, "distrito_f": 1}, "geometry": {"type": "Polygon", "coordinates": [[[-97.684911, 20.557846], [-97.647875, 20.557846], [-97.647875, 20.611078], [-97.684911, 20.611078], [-97.684911, 20.557846]]]}}, {"type": "Feature", "id": 2345, "properties": {"seccion": 2345, "id": 2345, "municipio": 190, "nombre": "Venustiano Carranza", "distrito_l": 1, "distrito_f": 1}, "geometry": {"type": "Polygon", "coordinates": [[[-97.647874, 20.557846], [-97.610838, 20.557846], [-97.610838, 20.611078], [-97.647874, 20.611078], [-97.647874, 20.557846]]]}}, {"type": "Feature", "id": 2346, "properties": {"seccion": 2346, "id": 2346, "municipio": 190, "nombre": "Venustiano Carranza", "distrito_l": 1, "distrito_f": 1}, "geometry": {"type": "Polygon", "coordinates": [[[-97.610838, 20.557846], [-97.573802, 20.557846], [-97.573802, 20.611078], [-97.610838, 20.611078], [-97.610838, 20.557846]]]}}, {"type": "Feature", "id": 2347, "properties": {"seccion": 2347, "id": 2347, "municipio": 190, "nombre": "Venustiano Carranza", "distrito_l": 1, "distrito_f": 1}, "geometry": {"type": "Polygon", "coordinates": [[[-97.573802, 20.557846], [-97.536766, 20.557846], [-97.536766, 20.611078], [-97.573802, 20.611078], [-97.573802, 20.557846]]]}}, {"type": "Feature", "id": 2348, "properties": {"seccion": 2348, "id": 2348, "municipio": 190, "nombre": "Venustiano Carranza", "distrito_l": 1, "distrito_f": 1}, "geometry": {"type": "Polygon", "coordinates": [[[-97.721947, 20.611078], [-97.684911, 20.611078], [-97.684911, 20.66431], [-97.721947, 20.66431], [-97.721947, 20.611078]]]}}, {"type": "Feature", "id": 2718, "properties": {"seccion": 2718, "id": 2718, "municipio": 190, "nombre": "Venustiano Carranza", "distrito_l": 1, "distrito_f": 1}, "geometry": {"type": "Polygon", "coordinates": [[[-97.684911, 20.611078], [-97.647875, 20.611078], [-97.647875, 20.66431], [-97.684911, 20.66431], [-97.684911, 20.611078]]]}}, {"type": "Feature", "id": 2763, "properties": {"seccion": 2763, "id": 2763, "municipio": 190, "nombre": "Venustiano Carranza", "distrito_l": 1, "distrito_f": 1}, "geometry": {"type": "Polygon", "coordinates": [[[-97.647874, 20.611078], [-97.610838, 20.611078], [-97.610838, 20.66431], [-97.647874, 20.66431], [-97.647874, 20.611078]]]}}, {"type": "Feature", "id": 2764, "properties": {"seccion": 2764, "id": 2764, "municipio": 190, "nombre": "Venustiano Carranza", "distrito_l": 1, "distrito_f": 1}, "geometry": {"type": "Polygon", "coordinates": [[[-97.610838, 20.611078], [-97.573802, 20.611078], [-97.573802, 20.66431], [-97.610838, 20.66431], [-97.610838, 20.611078]]]}}, {"type": "Feature", "id": 2349, "properties": {"seccion": 2349, "id": 2349, "municipio": 191, "nombre": "Vicente Guerrero", "distrito_l": 26, "distrito_f": 1}, "geometry": {"type": "Polygon", "coordinates": [[[-97.166748, 18.440081], [-97.119081, 18.440081], [-97.119081, 18.513108], [-97.166748, 18.513108], [-97.166748, 18.440081]]]}}, {"type": "Feature", "id": 2350, "properties": {"seccion": 2350, "id": 2350, "municipio": 191, "nombre": "Vicente Guerrero", "distrito_l": 26, "distrito_f": 1}, "geometry": {"type": "Polygon", "coordinates": [[[-97.119081, 18.440081], [-97.071414, 18.440081], [-97.071414, 18.513108], [-97.119081, 18.513108], [-97.119081, 18.440081]]]}}, {"type": "Feature", "id": 2351, "properties": {"seccion": 2351, "id": 2351, "municipio": 191, "nombre": "Vicente Guerrero", "distrito_l": 26, "distrito_f": 1}, "geometry": {"type": "Polygon", "coordinates": [[[-97.071415, 18.440081], [-97.023748, 18.440081], [-97.023748, 18.513108], [-97.071415, 18.513108], [-97.071415, 18.440081]]]}}, {"type": "Feature", "id": 2352, "properties": {"seccion": 2352, "id": 2352, "municipio": 191, "nombre": "Vicente Guerrero", "distrito_l": 26, "distrito_f": 1}, "geometry": {"type": "Polygon", "coordinates": [[[-97.023748, 18.440081], [-96.976081, 18.440081], [-96.976081, 18.513108], [-97.023748, 18.513108], [-97.023748, 18.440081]]]}}, {"type": "Feature", "id": 2353, "properties": {"seccion": 2353, "id": 2353, "municipio": 191, "nombre": "Vicente Guerrero", "distrito_l": 26, "distrito_f": 1}, "geometry": {"type": "Polygon", "coordinates": [[[-97.166748, 18.513107], [-97.119081, 18.513107], [-97.119081, 18.586134], [-97.166748, 18.586134], [-97.166748, 18.513107]]]}}, {"type": "Feature", "id": 2354, "properties": {"seccion": 2354, "id": 2354, "municipio": 191, "nombre": "Vicente Guerrero", "distrito_l": 26, "distrito_f": 1}, "geometry": {"type": "Polygon", "coordinates": [[[-97.119081, 18.513107], [-97.071414, 18.513107], [-97.071414, 18.586134], [-97.119081, 18.586134], [-97.119081, 18.513107]]]}}, {"type": "Feature", "id": 2355, "properties": {"seccion": 2355, "id": 2355, "municipio": 191, "nombre": "Vicente Guerrero", "distrito_l": 26, "distrito_f": 1}, "geometry": {"type": "Polygon", "coordinates": [[[-97.071415, 18.513107], [-97.023748, 18.513107], [-97.023748, 18.586134], [-97.071415, 18.586134], [-97.071415, 18.513107]]]}}, {"type": "Feature", "id": 2356, "properties": {"seccion": 2356, "id": 2356, "municipio": 191, "nombre": "Vicente Guerrero", "distrito_l": 26, "distrito_f": 1}, "geometry": {"type": "Polygon", "coordinates": [[[-97.023748, 18.513107], [-96.976081, 18.513107], [-96.976081, 18.586134], [-97.023748, 18.586134], [-97.023748, 18.513107]]]}}, {"type": "Feature", "id": 2357, "properties": {"seccion": 2357, "id": 2357, "municipio": 191, "nombre": "Vicente Guerrero", "distrito_l": 26, "distrito_f": 1}, "geometry": {"type": "Polygon", "coordinates": [[[-97.166748, 18.586134], [-97.119081, 18.586134], [-97.119081, 18.659161], [-97.166748, 18.659161], [-97.166748, 18.586134]]]}}, {"type": "Feature", "id": 2358, "properties": {"seccion": 2358, "id": 2358, "municipio": 191, "nombre": "Vicente Guerrero", "distrito_l": 26, "distrito_f": 1}, "geometry": {"type": "Polygon", "coordinates": [[[-97.119081, 18.586134], [-97.071414, 18.586134], [-97.071414, 18.659161], [-97.119081, 18.659161], [-97.119081, 18.586134]]]}}, {"type": "Feature", "id": 2359, "properties": {"seccion": 2359, "id": 2359, "municipio": 191, "nombre": "Vicente Guerrero", "distrito_l": 26, "distrito_f": 1}, "geometry": {"type": "Polygon", "coordinates": [[[-97.071415, 18.586134], [-97.023748, 18.586134], [-97.023748, 18.659161], [-97.071415, 18.659161], [-97.071415, 18.586134]]]}}, {"type": "Feature", "id": 764, "properties": {"seccion": 764, "id": 764, "municipio": 192, "nombre": "Jalpan", "distrito_l": 1, "distrito_f": 1}, "geometry": {"type": "Polygon", "coordinates": [[[-97.899193, 20.416241], [-97.825264, 20.416241], [-97.825264, 20.50658], [-97.899193, 20.50658], [-97.899193, 20.416241]]]}}, {"type": "Feature", "id": 765, "properties": {"seccion": 765, "id": 765, "municipio": 192, "nombre": "Jalpan", "distrito_l": 1, "distrito_f": 1}, "geometry": {"type": "Polygon", "coordinates": [[[-97.825264, 20.416241], [-97.751335, 20.416241], [-97.751335, 20.50658], [-97.825264, 20.50658], [-97.825264, 20.416241]]]}}, {"type": "Feature", "id": 766, "properties": {"seccion": 766, "id": 766, "municipio": 192, "nombre": "Jalpan", "distrito_l": 1, "distrito_f": 1}, "geometry": {"type": "Polygon", "coordinates": [[[-97.751335, 20.416241], [-97.677406, 20.416241], [-97.677406, 20.50658], [-97.751335, 20.50658], [-97.751335, 20.416241]]]}}, {"type": "Feature", "id": 767, "properties": {"seccion": 767, "id": 767, "municipio": 192, "nombre": "Jalpan", "distrito_l": 1, "distrito_f": 1}, "geometry": {"type": "Polygon", "coordinates": [[[-97.899193, 20.506579], [-97.825264, 20.506579], [-97.825264, 20.596918], [-97.899193, 20.596918], [-97.899193, 20.506579]]]}}, {"type": "Feature", "id": 768, "properties": {"seccion": 768, "id": 768, "municipio": 192, "nombre": "Jalpan", "distrito_l": 1, "distrito_f": 1}, "geometry": {"type": "Polygon", "coordinates": [[[-97.825264, 20.506579], [-97.751335, 20.506579], [-97.751335, 20.596918], [-97.825264, 20.596918], [-97.825264, 20.506579]]]}}, {"type": "Feature", "id": 769, "properties": {"seccion": 769, "id": 769, "municipio": 192, "nombre": "Jalpan", "distrito_l": 1, "distrito_f": 1}, "geometry": {"type": "Polygon", "coordinates": [[[-97.751335, 20.506579], [-97.677406, 20.506579], [-97.677406, 20.596918], [-97.751335, 20.596918], [-97.751335, 20.506579]]]}}, {"type": "Feature", "id": 2360, "properties": {"seccion": 2360, "id": 2360, "municipio": 193, "nombre": "Xayacatlan De Bravo", "distrito_l": 23, "distrito_f": 1}, "geometry": {"type": "Polygon", "coordinates": [[[-97.84478, 18.183811], [-97.773651, 18.183811], [-97.773651, 18.298109], [-97.84478, 18.298109], [-97.84478, 18.183811]]]}}, {"type": "Feature", "id": 2361, "properties": {"seccion": 2361, "id": 2361, "municipio": 193, "nombre": "Xayacatlan De Bravo", "distrito_l": 23, "distrito_f": 1}, "geometry": {"type": "Polygon", "coordinates": [[[-97.773651, 18.183811], [-97.702522, 18.183811], [-97.702522, 18.298109], [-97.773651, 18.298109], [-97.773651, 18.183811]]]}}, {"type": "Feature", "id": 2362, "properties": {"seccion": 2362, "id": 2362, "municipio": 194, "nombre": "Xicotepec", "distrito_l": 1, "distrito_f": 1}, "geometry": {"type": "Polygon", "coordinates": [[[-97.977013, 20.26259], [-97.932286, 20.26259], [-97.932286, 20.296195], [-97.977013, 20.296195], [-97.977013, 20.26259]]]}}, {"type": "Feature", "id": 2363, "properties": {"seccion": 2363, "id": 2363, "municipio": 194, "nombre": "Xicotepec", "distrito_l": 1, "distrito_f": 1}, "geometry": {"type": "Polygon", "coordinates": [[[-97.932285, 20.26259], [-97.887558, 20.26259], [-97.887558, 20.296195], [-97.932285, 20.296195], [-97.932285, 20.26259]]]}}, {"type": "Feature", "id": 2364, "properties": {"seccion": 2364, "id": 2364, "municipio": 194, "nombre": "Xicotepec", "distrito_l": 1, "distrito_f": 1}, "geometry": {"type": "Polygon", "coordinates": [[[-97.887558, 20.26259], [-97.842831, 20.26259], [-97.842831, 20.296195], [-97.887558, 20.296195], [-97.887558, 20.26259]]]}}, {"type": "Feature", "id": 2365, "properties": {"seccion": 2365, "id": 2365, "municipio": 194, "nombre": "Xicotepec", "distrito_l": 1, "distrito_f": 1}, "geometry": {"type": "Polygon", "coordinates": [[[-97.842831, 20.26259], [-97.798104, 20.26259], [-97.798104, 20.296195], [-97.842831, 20.296195], [-97.842831, 20.26259]]]}}, {"type": "Feature", "id": 2366, "properties": {"seccion": 2366, "id": 2366, "municipio": 194, "nombre": "Xicotepec", "distrito_l": 1, "distrito_f": 1}, "geometry": {"type": "Polygon", "coordinates": [[[-97.798103, 20.26259], [-97.753376, 20.26259], [-97.753376, 20.296195], [-97.798103, 20.296195], [-97.798103, 20.26259]]]}}, {"type": "Feature", "id": 2367, "properties": {"seccion": 2367, "id": 2367, "municipio": 194, "nombre": "Xicotepec", "distrito_l": 1, "distrito_f": 1}, "geometry": {"type": "Polygon", "coordinates": [[[-97.753376, 20.26259], [-97.708649, 20.26259], [-97.708649, 20.296195], [-97.753376, 20.296195], [-97.753376, 20.26259]]]}}, {"type": "Feature", "id": 2368, "properties": {"seccion": 2368, "id": 2368, "municipio": 194, "nombre": "Xicotepec", "distrito_l": 1, "distrito_f": 1}, "geometry": {"type": "Polygon", "coordinates": [[[-97.977013, 20.296195], [-97.932286, 20.296195], [-97.932286, 20.3298], [-97.977013, 20.3298], [-97.977013, 20.296195]]]}}, {"type": "Feature", "id": 2369, "properties": {"seccion": 2369, "id": 2369, "municipio": 194, "nombre": "Xicotepec", "distrito_l": 1, "distrito_f": 1}, "geometry": {"type": "Polygon", "coordinates": [[[-97.932285, 20.296195], [-97.887558, 20.296195], [-97.887558, 20.3298], [-97.932285, 20.3298], [-97.932285, 20.296195]]]}}, {"type": "Feature", "id": 2370, "properties": {"seccion": 2370, "id": 2370, "municipio": 194, "nombre": "Xicotepec", "distrito_l": 1, "distrito_f": 1}, "geometry": {"type": "Polygon", "coordinates": [[[-97.887558, 20.296195], [-97.842831, 20.296195], [-97.842831, 20.3298], [-97.887558, 20.3298], [-97.887558, 20.296195]]]}}, {"type": "Feature", "id": 2371, "properties": {"seccion": 2371, "id": 2371, "municipio": 194, "nombre": "Xicotepec", "distrito_l": 1, "distrito_f": 1}, "geometry": {"type": "Polygon", "coordinates": [[[-97.842831, 20.296195], [-97.798104, 20.296195], [-97.798104, 20.3298], [-97.842831, 20.3298], [-97.842831, 20.296195]]]}}, {"type": "Feature", "id": 2372, "properties": {"seccion": 2372, "id": 2372, "municipio": 194, "nombre": "Xicotepec", "distrito_l": 1, "distrito_f": 1}, "geometry": {"type": "Polygon", "coordinates": [[[-97.798103, 20.296195], [-97.753376, 20.296195], [-97.753376, 20.3298], [-97.798103, 20.3298], [-97.798103, 20.296195]]]}}, {"type": "Feature", "id": 2373, "properties": {"seccion": 2373, "id": 2373, "municipio": 194, "nombre": "Xicotepec", "distrito_l": 1, "distrito_f": 1}, "geometry": {"type": "Polygon", "coordinates": [[[-97.753376, 20.296195], [-97.708649, 20.296195], [-97.708649, 20.3298], [-97.753376, 20.3298], [-97.753376, 20.296195]]]}}, {"type": "Feature", "id": 2374, "properties": {"seccion": 2374, "id": 2374, "municipio": 194, "nombre": "Xicotepec", "distrito_l": 1, "distrito_f": 1}, "geometry": {"type": "Polygon", "coordinates": [[[-97.977013, 20.3298], [-97.932286, 20.3298], [-97.932286, 20.363405], [-97.977013, 20.363405], [-97.977013, 20.3298]]]}}, {"type": "Feature", "id": 2375, "properties": {"seccion": 2375, "id": 2375, "municipio": 194, "nombre": "Xicotepec", "distrito_l": 1, "distrito_f": 1}, "geometry": {"type": "Polygon", "coordinates": [[[-97.932285, 20.3298], [-97.887558, 20.3298], [-97.887558, 20.363405], [-97.932285, 20.363405], [-97.932285, 20.3298]]]}}, {"type": "Feature", "id": 2376, "properties": {"seccion": 2376, "id": 2376, "municipio": 194, "nombre": "Xicotepec", "distrito_l": 1, "distrito_f": 1}, "geometry": {"type": "Polygon", "coordinates": [[[-97.887558, 20.3298], [-97.842831, 20.3298], [-97.842831, 20.363405], [-97.887558, 20.363405], [-97.887558, 20.3298]]]}}, {"type": "Feature", "id": 2377, "properties": {"seccion": 2377, "id": 2377, "municipio": 194, "nombre": "Xicotepec", "distrito_l": 1, "distrito_f": 1}, "geometry": {"type": "Polygon", "coordinates": [[[-97.842831, 20.3298], [-97.798104, 20.3298], [-97.798104, 20.363405], [-97.842831, 20.363405], [-97.842831, 20.3298]]]}}, {"type": "Feature", "id": 2378, "properties": {"seccion": 2378, "id": 2378, "municipio": 194, "nombre": "Xicotepec", "distrito_l": 1, "distrito_f": 1}, "geometry": {"type": "Polygon", "coordinates": [[[-97.798103, 20.3298], [-97.753376, 20.3298], [-97.753376, 20.363405], [-97.798103, 20.363405], [-97.798103, 20.3298]]]}}, {"type": "Feature", "id": 2379, "properties": {"seccion": 2379, "id": 2379, "municipio": 194, "nombre": "Xicotepec", "distrito_l": 1, "distrito_f": 1}, "geometry": {"type": "Polygon", "coordinates": [[[-97.753376, 20.3298], [-97.708649, 20.3298], [-97.708649, 20.363405], [-97.753376, 20.363405], [-97.753376, 20.3298]]]}}, {"type": "Feature", "id": 2380, "properties": {"seccion": 2380, "id": 2380, "municipio": 194, "nombre": "Xicotepec", "distrito_l": 1, "distrito_f": 1}, "geometry": {"type": "Polygon", "coordinates": [[[-97.977013, 20.363404], [-97.932286, 20.363404], [-97.932286, 20.397009], [-97.977013, 20.397009], [-97.977013, 20.363404]]]}}, {"type": "Feature", "id": 2381, "properties": {"seccion": 2381, "id": 2381, "municipio": 194, "nombre": "Xicotepec", "distrito_l": 1, "distrito_f": 1}, "geometry": {"type": "Polygon", "coordinates": [[[-97.932285, 20.363404], [-97.887558, 20.363404], [-97.887558, 20.397009], [-97.932285, 20.397009], [-97.932285, 20.363404]]]}}, {"type": "Feature", "id": 2382, "properties": {"seccion": 2382, "id": 2382, "municipio": 194, "nombre": "Xicotepec", "distrito_l": 1, "distrito_f": 1}, "geometry": {"type": "Polygon", "coordinates": [[[-97.887558, 20.363404], [-97.842831, 20.363404], [-97.842831, 20.397009], [-97.887558, 20.397009], [-97.887558, 20.363404]]]}}, {"type": "Feature", "id": 2383, "properties": {"seccion": 2383, "id": 2383, "municipio": 194, "nombre": "Xicotepec", "distrito_l": 1, "distrito_f": 1}, "geometry": {"type": "Polygon", "coordinates": [[[-97.842831, 20.363404], [-97.798104, 20.363404], [-97.798104, 20.397009], [-97.842831, 20.397009], [-97.842831, 20.363404]]]}}, {"type": "Feature", "id": 2384, "properties": {"seccion": 2384, "id": 2384, "municipio": 194, "nombre": "Xicotepec", "distrito_l": 1, "distrito_f": 1}, "geometry": {"type": "Polygon", "coordinates": [[[-97.798103, 20.363404], [-97.753376, 20.363404], [-97.753376, 20.397009], [-97.798103, 20.397009], [-97.798103, 20.363404]]]}}, {"type": "Feature", "id": 2385, "properties": {"seccion": 2385, "id": 2385, "municipio": 194, "nombre": "Xicotepec", "distrito_l": 1, "distrito_f": 1}, "geometry": {"type": "Polygon", "coordinates": [[[-97.753376, 20.363404], [-97.708649, 20.363404], [-97.708649, 20.397009], [-97.753376, 20.397009], [-97.753376, 20.363404]]]}}, {"type": "Feature", "id": 2386, "properties": {"seccion": 2386, "id": 2386, "municipio": 194, "nombre": "Xicotepec", "distrito_l": 1, "distrito_f": 1}, "geometry": {"type": "Polygon", "coordinates": [[[-97.977013, 20.397009], [-97.932286, 20.397009], [-97.932286, 20.430614], [-97.977013, 20.430614], [-97.977013, 20.397009]]]}}, {"type": "Feature", "id": 2387, "properties": {"seccion": 2387, "id": 2387, "municipio": 194, "nombre": "Xicotepec", "distrito_l": 1, "distrito_f": 1}, "geometry": {"type": "Polygon", "coordinates": [[[-97.932285, 20.397009], [-97.887558, 20.397009], [-97.887558, 20.430614], [-97.932285, 20.430614], [-97.932285, 20.397009]]]}}, {"type": "Feature", "id": 2388, "properties": {"seccion": 2388, "id": 2388, "municipio": 194, "nombre": "Xicotepec", "distrito_l": 1, "distrito_f": 1}, "geometry": {"type": "Polygon", "coordinates": [[[-97.887558, 20.397009], [-97.842831, 20.397009], [-97.842831, 20.430614], [-97.887558, 20.430614], [-97.887558, 20.397009]]]}}, {"type": "Feature", "id": 2389, "properties": {"seccion": 2389, "id": 2389, "municipio": 194, "nombre": "Xicotepec", "distrito_l": 1, "distrito_f": 1}, "geometry": {"type": "Polygon", "coordinates": [[[-97.842831, 20.397009], [-97.798104, 20.397009], [-97.798104, 20.430614], [-97.842831, 20.430614], [-97.842831, 20.397009]]]}}, {"type": "Feature", "id": 2390, "properties": {"seccion": 2390, "id": 2390, "municipio": 194, "nombre": "Xicotepec", "distrito_l": 1, "distrito_f": 1}, "geometry": {"type": "Polygon", "coordinates": [[[-97.798103, 20.397009], [-97.753376, 20.397009], [-97.753376, 20.430614], [-97.798103, 20.430614], [-97.798103, 20.397009]]]}}, {"type": "Feature", "id": 2719, "properties": {"seccion": 2719, "id": 2719, "municipio": 194, "nombre": "Xicotepec", "distrito_l": 1, "distrito_f": 1}, "geometry": {"type": "Polygon", "coordinates": [[[-97.753376, 20.397009], [-97.708649, 20.397009], [-97.708649, 20.430614], [-97.753376, 20.430614], [-97.753376, 20.397009]]]}}, {"type": "Feature", "id": 2720, "properties": {"seccion": 2720, "id": 2720, "municipio": 194, "nombre": "Xicotepec", "distrito_l": 1, "distrito_f": 1}, "geometry": {"type": "Polygon", "coordinates": [[[-97.977013, 20.430614], [-97.932286, 20.430614], [-97.932286, 20.464219], [-97.977013, 20.464219], [-97.977013, 20.430614]]]}}, {"type": "Feature", "id": 2391, "properties": {"seccion": 2391, "id": 2391, "municipio": 195, "nombre": "Xicotlan", "distrito_l": 23, "distrito_f": 1}, "geometry": {"type": "Polygon", "coordinates": [[[-97.526436, 20.090509], [-97.46687, 20.090509], [-97.46687, 20.203861], [-97.526436, 20.203861], [-97.526436, 20.090509]]]}}, {"type": "Feature", "id": 2392, "properties": {"seccion": 2392, "id": 2392, "municipio": 195, "nombre": "Xicotlan", "distrito_l": 23, "distrito_f": 1}, "geometry": {"type": "Polygon", "coordinates": [[[-97.466869, 20.090509], [-97.407303, 20.090509], [-97.407303, 20.203861], [-97.466869, 20.203861], [-97.466869, 20.090509]]]}}, {"type": "Feature", "id": 2394, "properties": {"seccion": 2394, "id": 2394, "municipio": 196, "nombre": "Xiutetelco", "distrito_l": 5, "distrito_f": 1}, "geometry": {"type": "Polygon", "coordinates": [[[-97.362213, 19.64612], [-97.331104, 19.64612], [-97.331104, 19.70435], [-97.362213, 19.70435], [-97.362213, 19.64612]]]}}, {"type": "Feature", "id": 2395, "properties": {"seccion": 2395, "id": 2395, "municipio": 196, "nombre": "Xiutetelco", "distrito_l": 5, "distrito_f": 1}, "geometry": {"type": "Polygon", "coordinates": [[[-97.331104, 19.64612], [-97.299995, 19.64612], [-97.299995, 19.70435], [-97.331104, 19.70435], [-97.331104, 19.64612]]]}}, {"type": "Feature", "id": 2396, "properties": {"seccion": 2396, "id": 2396, "municipio": 196, "nombre": "Xiutetelco", "distrito_l": 5, "distrito_f": 1}, "geometry": {"type": "Polygon", "coordinates": [[[-97.299995, 19.64612], [-97.268886, 19.64612], [-97.268886, 19.70435], [-97.299995, 19.70435], [-97.299995, 19.64612]]]}}, {"type": "Feature", "id": 2397, "properties": {"seccion": 2397, "id": 2397, "municipio": 196, "nombre": "Xiutetelco", "distrito_l": 5, "distrito_f": 1}, "geometry": {"type": "Polygon", "coordinates": [[[-97.268887, 19.64612], [-97.237778, 19.64612], [-97.237778, 19.70435], [-97.268887, 19.70435], [-97.268887, 19.64612]]]}}, {"type": "Feature", "id": 2398, "properties": {"seccion": 2398, "id": 2398, "municipio": 196, "nombre": "Xiutetelco", "distrito_l": 5, "distrito_f": 1}, "geometry": {"type": "Polygon", "coordinates": [[[-97.362213, 19.70435], [-97.331104, 19.70435], [-97.331104, 19.76258], [-97.362213, 19.76258], [-97.362213, 19.70435]]]}}, {"type": "Feature", "id": 2399, "properties": {"seccion": 2399, "id": 2399, "municipio": 196, "nombre": "Xiutetelco", "distrito_l": 5, "distrito_f": 1}, "geometry": {"type": "Polygon", "coordinates": [[[-97.331104, 19.70435], [-97.299995, 19.70435], [-97.299995, 19.76258], [-97.331104, 19.76258], [-97.331104, 19.70435]]]}}, {"type": "Feature", "id": 2400, "properties": {"seccion": 2400, "id": 2400, "municipio": 196, "nombre": "Xiutetelco", "distrito_l": 5, "distrito_f": 1}, "geometry": {"type": "Polygon", "coordinates": [[[-97.299995, 19.70435], [-97.268886, 19.70435], [-97.268886, 19.76258], [-97.299995, 19.76258], [-97.299995, 19.70435]]]}}, {"type": "Feature", "id": 2401, "properties": {"seccion": 2401, "id": 2401, "municipio": 196, "nombre": "Xiutetelco", "distrito_l": 5, "distrito_f": 1}, "geometry": {"type": "Polygon", "coordinates": [[[-97.268887, 19.70435], [-97.237778, 19.70435], [-97.237778, 19.76258], [-97.268887, 19.76258], [-97.268887, 19.70435]]]}}, {"type": "Feature", "id": 2402, "properties": {"seccion": 2402, "id": 2402, "municipio": 196, "nombre": "Xiutetelco", "distrito_l": 5, "distrito_f": 1}, "geometry": {"type": "Polygon", "coordinates": [[[-97.362213, 19.76258], [-97.331104, 19.76258], [-97.331104, 19.82081], [-97.362213, 19.82081], [-97.362213, 19.76258]]]}}, {"type": "Feature", "id": 2403, "properties": {"seccion": 2403, "id": 2403, "municipio": 196, "nombre": "Xiutetelco", "distrito_l": 5, "distrito_f": 1}, "geometry": {"type": "Polygon", "coordinates": [[[-97.331104, 19.76258], [-97.299995, 19.76258], [-97.299995, 19.82081], [-97.331104, 19.82081], [-97.331104, 19.76258]]]}}, {"type": "Feature", "id": 2404, "properties": {"seccion": 2404, "id": 2404, "municipio": 196, "nombre": "Xiutetelco", "distrito_l": 5, "distrito_f": 1}, "geometry": {"type": "Polygon", "coordinates": [[[-97.299995, 19.76258], [-97.268886, 19.76258], [-97.268886, 19.82081], [-97.299995, 19.82081], [-97.299995, 19.76258]]]}}, {"type": "Feature", "id": 2749, "properties": {"seccion": 2749, "id": 2749, "municipio": 196, "nombre": "Xiutetelco", "distrito_l": 5, "distrito_f": 1}, "geometry": {"type": "Polygon", "coordinates": [[[-97.268887, 19.76258], [-97.237778, 19.76258], [-97.237778, 19.82081], [-97.268887, 19.82081], [-97.268887, 19.76258]]]}}, {"type": "Feature", "id": 2750, "properties": {"seccion": 2750, "id": 2750, "municipio": 196, "nombre": "Xiutetelco", "distrito_l": 5, "distrito_f": 1}, "geometry": {"type": "Polygon", "coordinates": [[[-97.362213, 19.82081], [-97.331104, 19.82081], [-97.331104, 19.87904], [-97.362213, 19.87904], [-97.362213, 19.82081]]]}}, {"type": "Feature", "id": 2751, "properties": {"seccion": 2751, "id": 2751, "municipio": 196, "nombre": "Xiutetelco", "distrito_l": 5, "distrito_f": 1}, "geometry": {"type": "Polygon", "coordinates": [[[-97.331104, 19.82081], [-97.299995, 19.82081], [-97.299995, 19.87904], [-97.331104, 19.87904], [-97.331104, 19.82081]]]}}, {"type": "Feature", "id": 2774, "properties": {"seccion": 2774, "id": 2774, "municipio": 196, "nombre": "Xiutetelco", "distrito_l": 5, "distrito_f": 1}, "geometry": {"type": "Polygon", "coordinates": [[[-97.299995, 19.82081], [-97.268886, 19.82081], [-97.268886, 19.87904], [-97.299995, 19.87904], [-97.299995, 19.82081]]]}}, {"type": "Feature", "id": 2775, "properties": {"seccion": 2775, "id": 2775, "municipio": 196, "nombre": "Xiutetelco", "distrito_l": 5, "distrito_f": 1}, "geometry": {"type": "Polygon", "coordinates": [[[-97.268887, 19.82081], [-97.237778, 19.82081], [-97.237778, 19.87904], [-97.268887, 19.87904], [-97.268887, 19.82081]]]}}, {"type": "Feature", "id": 2405, "properties": {"seccion": 2405, "id": 2405, "municipio": 197, "nombre": "Xochiapulco", "distrito_l": 3, "distrito_f": 1}, "geometry": {"type": "Polygon", "coordinates": [[[-97.665283, 19.777788], [-97.601887, 19.777788], [-97.601887, 19.966881], [-97.665283, 19.966881], [-97.665283, 19.777788]]]}}, {"type": "Feature", "id": 2406, "properties": {"seccion": 2406, "id": 2406, "municipio": 197, "nombre": "Xochiapulco", "distrito_l": 3, "distrito_f": 1}, "geometry": {"type": "Polygon", "coordinates": [[[-97.601887, 19.777788], [-97.538491, 19.777788], [-97.538491, 19.966881], [-97.601887, 19.966881], [-97.601887, 19.777788]]]}}, {"type": "Feature", "id": 2407, "properties": {"seccion": 2407, "id": 2407, "municipio": 198, "nombre": "Xochiltepec", "distrito_l": 23, "distrito_f": 1}, "geometry": {"type": "Polygon", "coordinates": [[[-98.299438, 18.66217], [-98.262809, 18.66217], [-98.262809, 18.741899], [-98.299438, 18.741899], [-98.299438, 18.66217]]]}}, {"type": "Feature", "id": 2408, "properties": {"seccion": 2408, "id": 2408, "municipio": 198, "nombre": "Xochiltepec", "distrito_l": 23, "distrito_f": 1}, "geometry": {"type": "Polygon", "coordinates": [[[-98.26281, 18.66217], [-98.226181, 18.66217], [-98.226181, 18.741899], [-98.26281, 18.741899], [-98.26281, 18.66217]]]}}, {"type": "Feature", "id": 2409, "properties": {"seccion": 2409, "id": 2409, "municipio": 199, "nombre": "Xochitlan De Vicente Suarez", "distrito_l": 3, "distrito_f": 1}, "geometry": {"type": "Polygon", "coordinates": [[[-97.706047, 19.88475], [-97.618282, 19.88475], [-97.618282, 19.953461], [-97.706047, 19.953461], [-97.706047, 19.88475]]]}}, {"type": "Feature", "id": 2410, "properties": {"seccion": 2410, "id": 2410, "municipio": 199, "nombre": "Xochitlan De Vicente Suarez", "distrito_l": 3, "distrito_f": 1}, "geometry": {"type": "Polygon", "coordinates": [[[-97.618282, 19.88475], [-97.530517, 19.88475], [-97.530517, 19.953461], [-97.618282, 19.953461], [-97.618282, 19.88475]]]}}, {"type": "Feature", "id": 2411, "properties": {"seccion": 2411, "id": 2411, "municipio": 199, "nombre": "Xochitlan De Vicente Suarez", "distrito_l": 3, "distrito_f": 1}, "geometry": {"type": "Polygon", "coordinates": [[[-97.706047, 19.953462], [-97.618282, 19.953462], [-97.618282, 20.022173], [-97.706047, 20.022173], [-97.706047, 19.953462]]]}}, {"type": "Feature", "id": 2412, "properties": {"seccion": 2412, "id": 2412, "municipio": 199, "nombre": "Xochitlan De Vicente Suarez", "distrito_l": 3, "distrito_f": 1}, "geometry": {"type": "Polygon", "coordinates": [[[-97.618282, 19.953462], [-97.530517, 19.953462], [-97.530517, 20.022173], [-97.618282, 20.022173], [-97.618282, 19.953462]]]}}, {"type": "Feature", "id": 2413, "properties": {"seccion": 2413, "id": 2413, "municipio": 200, "nombre": "Xochitlan Todos Santos", "distrito_l": 24, "distrito_f": 1}, "geometry": {"type": "Polygon", "coordinates": [[[-97.741867, 18.663841], [-97.687302, 18.663841], [-97.687302, 18.727666], [-97.741867, 18.727666], [-97.741867, 18.663841]]]}}, {"type": "Feature", "id": 2414, "properties": {"seccion": 2414, "id": 2414, "municipio": 200, "nombre": "Xochitlan Todos Santos", "distrito_l": 24, "distrito_f": 1}, "geometry": {"type": "Polygon", "coordinates": [[[-97.687302, 18.663841], [-97.632737, 18.663841], [-97.632737, 18.727666], [-97.687302, 18.727666], [-97.687302, 18.663841]]]}}, {"type": "Feature", "id": 2415, "properties": {"seccion": 2415, "id": 2415, "municipio": 200, "nombre": "Xochitlan Todos Santos", "distrito_l": 24, "distrito_f": 1}, "geometry": {"type": "Polygon", "coordinates": [[[-97.741867, 18.727666], [-97.687302, 18.727666], [-97.687302, 18.791491], [-97.741867, 18.791491], [-97.741867, 18.727666]]]}}, {"type": "Feature", "id": 2416, "properties": {"seccion": 2416, "id": 2416, "municipio": 201, "nombre": "Yaonahuac", "distrito_l": 4, "distrito_f": 1}, "geometry": {"type": "Polygon", "coordinates": [[[-97.365883, 19.91301], [-97.345561, 19.91301], [-97.345561, 19.985046], [-97.365883, 19.985046], [-97.365883, 19.91301]]]}}, {"type": "Feature", "id": 2417, "properties": {"seccion": 2417, "id": 2417, "municipio": 201, "nombre": "Yaonahuac", "distrito_l": 4, "distrito_f": 1}, "geometry": {"type": "Polygon", "coordinates": [[[-97.345561, 19.91301], [-97.325239, 19.91301], [-97.325239, 19.985046], [-97.345561, 19.985046], [-97.345561, 19.91301]]]}}, {"type": "Feature", "id": 2418, "properties": {"seccion": 2418, "id": 2418, "municipio": 201, "nombre": "Yaonahuac", "distrito_l": 4, "distrito_f": 1}, "geometry": {"type": "Polygon", "coordinates": [[[-97.325239, 19.91301], [-97.304917, 19.91301], [-97.304917, 19.985046], [-97.325239, 19.985046], [-97.325239, 19.91301]]]}}, {"type": "Feature", "id": 2419, "properties": {"seccion": 2419, "id": 2419, "municipio": 201, "nombre": "Yaonahuac", "distrito_l": 4, "distrito_f": 1}, "geometry": {"type": "Polygon", "coordinates": [[[-97.365883, 19.985045], [-97.345561, 19.985045], [-97.345561, 20.057081], [-97.365883, 20.057081], [-97.365883, 19.985045]]]}}, {"type": "Feature", "id": 2734, "properties": {"seccion": 2734, "id": 2734, "municipio": 201, "nombre": "Yaonahuac", "distrito_l": 4, "distrito_f": 1}, "geometry": {"type": "Polygon", "coordinates": [[[-97.345561, 19.985045], [-97.325239, 19.985045], [-97.325239, 20.057081], [-97.345561, 20.057081], [-97.345561, 19.985045]]]}}, {"type": "Feature", "id": 2735, "properties": {"seccion": 2735, "id": 2735, "municipio": 201, "nombre": "Yaonahuac", "distrito_l": 4, "distrito_f": 1}, "geometry": {"type": "Polygon", "coordinates": [[[-97.325239, 19.985045], [-97.304917, 19.985045], [-97.304917, 20.057081], [-97.325239, 20.057081], [-97.325239, 19.985045]]]}}, {"type": "Feature", "id": 2420, "properties": {"seccion": 2420, "id": 2420, "municipio": 202, "nombre": "Yehualtepec", "distrito_l": 15, "distrito_f": 1}, "geometry": {"type": "Polygon", "coordinates": [[[-97.666862, 18.751699], [-97.581214, 18.751699], [-97.581214, 18.799316], [-97.666862, 18.799316], [-97.666862, 18.751699]]]}}, {"type": "Feature", "id": 2421, "properties": {"seccion": 2421, "id": 2421, "municipio": 202, "nombre": "Yehualtepec", "distrito_l": 15, "distrito_f": 1}, "geometry": {"type": "Polygon", "coordinates": [[[-97.581215, 18.751699], [-97.495567, 18.751699], [-97.495567, 18.799316], [-97.581215, 18.799316], [-97.581215, 18.751699]]]}}, {"type": "Feature", "id": 2422, "properties": {"seccion": 2422, "id": 2422, "municipio": 202, "nombre": "Yehualtepec", "distrito_l": 15, "distrito_f": 1}, "geometry": {"type": "Polygon", "coordinates": [[[-97.495567, 18.751699], [-97.409919, 18.751699], [-97.409919, 18.799316], [-97.495567, 18.799316], [-97.495567, 18.751699]]]}}, {"type": "Feature", "id": 2423, "properties": {"seccion": 2423, "id": 2423, "municipio": 202, "nombre": "Yehualtepec", "distrito_l": 15, "distrito_f": 1}, "geometry": {"type": "Polygon", "coordinates": [[[-97.666862, 18.799316], [-97.581214, 18.799316], [-97.581214, 18.846933], [-97.666862, 18.846933], [-97.666862, 18.799316]]]}}, {"type": "Feature", "id": 2424, "properties": {"seccion": 2424, "id": 2424, "municipio": 202, "nombre": "Yehualtepec", "distrito_l": 15, "distrito_f": 1}, "geometry": {"type": "Polygon", "coordinates": [[[-97.581215, 18.799316], [-97.495567, 18.799316], [-97.495567, 18.846933], [-97.581215, 18.846933], [-97.581215, 18.799316]]]}}, {"type": "Feature", "id": 2425, "properties": {"seccion": 2425, "id": 2425, "municipio": 202, "nombre": "Yehualtepec", "distrito_l": 15, "distrito_f": 1}, "geometry": {"type": "Polygon", "coordinates": [[[-97.495567, 18.799316], [-97.409919, 18.799316], [-97.409919, 18.846933], [-97.495567, 18.846933], [-97.495567, 18.799316]]]}}, {"type": "Feature", "id": 2426, "properties": {"seccion": 2426, "id": 2426, "municipio": 202, "nombre": "Yehualtepec", "distrito_l": 15, "distrito_f": 1}, "geometry": {"type": "Polygon", "coordinates": [[[-97.666862, 18.846933], [-97.581214, 18.846933], [-97.581214, 18.89455], [-97.666862, 18.89455], [-97.666862, 18.846933]]]}}, {"type": "Feature", "id": 2427, "properties": {"seccion": 2427, "id": 2427, "municipio": 202, "nombre": "Yehualtepec", "distrito_l": 15, "distrito_f": 1}, "geometry": {"type": "Polygon", "coordinates": [[[-97.581215, 18.846933], [-97.495567, 18.846933], [-97.495567, 18.89455], [-97.581215, 18.89455], [-97.581215, 18.846933]]]}}, {"type": "Feature", "id": 2428, "properties": {"seccion": 2428, "id": 2428, "municipio": 202, "nombre": "Yehualtepec", "distrito_l": 15, "distrito_f": 1}, "geometry": {"type": "Polygon", "coordinates": [[[-97.495567, 18.846933], [-97.409919, 18.846933], [-97.409919, 18.89455], [-97.495567, 18.89455], [-97.495567, 18.846933]]]}}, {"type": "Feature", "id": 2429, "properties": {"seccion": 2429, "id": 2429, "municipio": 203, "nombre": "Zacapala", "distrito_l": 23, "distrito_f": 1}, "geometry": {"type": "Polygon", "coordinates": [[[-98.005341, 18.55372], [-97.893757, 18.55372], [-97.893757, 18.66729], [-98.005341, 18.66729], [-98.005341, 18.55372]]]}}, {"type": "Feature", "id": 2430, "properties": {"seccion": 2430, "id": 2430, "municipio": 203, "nombre": "Zacapala", "distrito_l": 23, "distrito_f": 1}, "geometry": {"type": "Polygon", "coordinates": [[[-97.893757, 18.55372], [-97.782173, 18.55372], [-97.782173, 18.66729], [-97.893757, 18.66729], [-97.893757, 18.55372]]]}}, {"type": "Feature", "id": 2431, "properties": {"seccion": 2431, "id": 2431, "municipio": 203, "nombre": "Zacapala", "distrito_l": 23, "distrito_f": 1}, "geometry": {"type": "Polygon", "coordinates": [[[-98.005341, 18.667291], [-97.893757, 18.667291], [-97.893757, 18.780861], [-98.005341, 18.780861], [-98.005341, 18.667291]]]}}, {"type": "Feature", "id": 2432, "properties": {"seccion": 2432, "id": 2432, "municipio": 203, "nombre": "Zacapala", "distrito_l": 23, "distrito_f": 1}, "geometry": {"type": "Polygon", "coordinates": [[[-97.893757, 18.667291], [-97.782173, 18.667291], [-97.782173, 18.780861], [-97.893757, 18.780861], [-97.893757, 18.667291]]]}}, {"type": "Feature", "id": 2433, "properties": {"seccion": 2433, "id": 2433, "municipio": 204, "nombre": "Zacapoaxtla", "distrito_l": 4, "distrito_f": 1}, "geometry": {"type": "Polygon", "coordinates": [[[-97.566856, 19.77776], [-97.551048, 19.77776], [-97.551048, 19.812739], [-97.566856, 19.812739], [-97.566856, 19.77776]]]}}, {"type": "Feature", "id": 2434, "properties": {"seccion": 2434, "id": 2434, "municipio": 204, "nombre": "Zacapoaxtla", "distrito_l": 4, "distrito_f": 1}, "geometry": {"type": "Polygon", "coordinates": [[[-97.551048, 19.77776], [-97.53524, 19.77776], [-97.53524, 19.812739], [-97.551048, 19.812739], [-97.551048, 19.77776]]]}}, {"type": "Feature", "id": 2435, "properties": {"seccion": 2435, "id": 2435, "municipio": 204, "nombre": "Zacapoaxtla", "distrito_l": 4, "distrito_f": 1}, "geometry": {"type": "Polygon", "coordinates": [[[-97.53524, 19.77776], [-97.519432, 19.77776], [-97.519432, 19.812739], [-97.53524, 19.812739], [-97.53524, 19.77776]]]}}, {"type": "Feature", "id": 2436, "properties": {"seccion": 2436, "id": 2436, "municipio": 204, "nombre": "Zacapoaxtla", "distrito_l": 4, "distrito_f": 1}, "geometry": {"type": "Polygon", "coordinates": [[[-97.519432, 19.77776], [-97.503624, 19.77776], [-97.503624, 19.812739], [-97.519432, 19.812739], [-97.519432, 19.77776]]]}}, {"type": "Feature", "id": 2437, "properties": {"seccion": 2437, "id": 2437, "municipio": 204, "nombre": "Zacapoaxtla", "distrito_l": 4, "distrito_f": 1}, "geometry": {"type": "Polygon", "coordinates": [[[-97.503624, 19.77776], [-97.487816, 19.77776], [-97.487816, 19.812739], [-97.503624, 19.812739], [-97.503624, 19.77776]]]}}, {"type": "Feature", "id": 2438, "properties": {"seccion": 2438, "id": 2438, "municipio": 204, "nombre": "Zacapoaxtla", "distrito_l": 4, "distrito_f": 1}, "geometry": {"type": "Polygon", "coordinates": [[[-97.487816, 19.77776], [-97.472008, 19.77776], [-97.472008, 19.812739], [-97.487816, 19.812739], [-97.487816, 19.77776]]]}}, {"type": "Feature", "id": 2439, "properties": {"seccion": 2439, "id": 2439, "municipio": 204, "nombre": "Zacapoaxtla", "distrito_l": 4, "distrito_f": 1}, "geometry": {"type": "Polygon", "coordinates": [[[-97.566856, 19.812738], [-97.551048, 19.812738], [-97.551048, 19.847717], [-97.566856, 19.847717], [-97.566856, 19.812738]]]}}, {"type": "Feature", "id": 2440, "properties": {"seccion": 2440, "id": 2440, "municipio": 204, "nombre": "Zacapoaxtla", "distrito_l": 4, "distrito_f": 1}, "geometry": {"type": "Polygon", "coordinates": [[[-97.551048, 19.812738], [-97.53524, 19.812738], [-97.53524, 19.847717], [-97.551048, 19.847717], [-97.551048, 19.812738]]]}}, {"type": "Feature", "id": 2441, "properties": {"seccion": 2441, "id": 2441, "municipio": 204, "nombre": "Zacapoaxtla", "distrito_l": 4, "distrito_f": 1}, "geometry": {"type": "Polygon", "coordinates": [[[-97.53524, 19.812738], [-97.519432, 19.812738], [-97.519432, 19.847717], [-97.53524, 19.847717], [-97.53524, 19.812738]]]}}, {"type": "Feature", "id": 2442, "properties": {"seccion": 2442, "id": 2442, "municipio": 204, "nombre": "Zacapoaxtla", "distrito_l": 4, "distrito_f": 1}, "geometry": {"type": "Polygon", "coordinates": [[[-97.519432, 19.812738], [-97.503624, 19.812738], [-97.503624, 19.847717], [-97.519432, 19.847717], [-97.519432, 19.812738]]]}}, {"type": "Feature", "id": 2443, "properties": {"seccion": 2443, "id": 2443, "municipio": 204, "nombre": "Zacapoaxtla", "distrito_l": 4, "distrito_f": 1}, "geometry": {"type": "Polygon", "coordinates": [[[-97.503624, 19.812738], [-97.487816, 19.812738], [-97.487816, 19.847717], [-97.503624, 19.847717], [-97.503624, 19.812738]]]}}, {"type": "Feature", "id": 2444, "properties": {"seccion": 2444, "id": 2444, "municipio": 204, "nombre": "Zacapoaxtla", "distrito_l": 4, "distrito_f": 1}, "geometry": {"type": "Polygon", "coordinates": [[[-97.487816, 19.812738], [-97.472008, 19.812738], [-97.472008, 19.847717], [-97.487816, 19.847717], [-97.487816, 19.812738]]]}}, {"type": "Feature", "id": 2445, "properties": {"seccion": 2445, "id": 2445, "municipio": 204, "nombre": "Zacapoaxtla", "distrito_l": 4, "distrito_f": 1}, "geometry": {"type": "Polygon", "coordinates": [[[-97.566856, 19.847717], [-97.551048, 19.847717], [-97.551048, 19.882696], [-97.566856, 19.882696], [-97.566856, 19.847717]]]}}, {"type": "Feature", "id": 2446, "properties": {"seccion": 2446, "id": 2446, "municipio": 204, "nombre": "Zacapoaxtla", "distrito_l": 4, "distrito_f": 1}, "geometry": {"type": "Polygon", "coordinates": [[[-97.551048, 19.847717], [-97.53524, 19.847717], [-97.53524, 19.882696], [-97.551048, 19.882696], [-97.551048, 19.847717]]]}}, {"type": "Feature", "id": 2447, "properties": {"seccion": 2447, "id": 2447, "municipio": 204, "nombre": "Zacapoaxtla", "distrito_l": 4, "distrito_f": 1}, "geometry": {"type": "Polygon", "coordinates": [[[-97.53524, 19.847717], [-97.519432, 19.847717], [-97.519432, 19.882696], [-97.53524, 19.882696], [-97.53524, 19.847717]]]}}, {"type": "Feature", "id": 2448, "properties": {"seccion": 2448, "id": 2448, "municipio": 204, "nombre": "Zacapoaxtla", "distrito_l": 4, "distrito_f": 1}, "geometry": {"type": "Polygon", "coordinates": [[[-97.519432, 19.847717], [-97.503624, 19.847717], [-97.503624, 19.882696], [-97.519432, 19.882696], [-97.519432, 19.847717]]]}}, {"type": "Feature", "id": 2449, "properties": {"seccion": 2449, "id": 2449, "municipio": 204, "nombre": "Zacapoaxtla", "distrito_l": 4, "distrito_f": 1}, "geometry": {"type": "Polygon", "coordinates": [[[-97.503624, 19.847717], [-97.487816, 19.847717], [-97.487816, 19.882696], [-97.503624, 19.882696], [-97.503624, 19.847717]]]}}, {"type": "Feature", "id": 2450, "properties": {"seccion": 2450, "id": 2450, "municipio": 204, "nombre": "Zacapoaxtla", "distrito_l": 4, "distrito_f": 1}, "geometry": {"type": "Polygon", "coordinates": [[[-97.487816, 19.847717], [-97.472008, 19.847717], [-97.472008, 19.882696], [-97.487816, 19.882696], [-97.487816, 19.847717]]]}}, {"type": "Feature", "id": 2451, "properties": {"seccion": 2451, "id": 2451, "municipio": 204, "nombre": "Zacapoaxtla", "distrito_l": 4, "distrito_f": 1}, "geometry": {"type": "Polygon", "coordinates": [[[-97.566856, 19.882695], [-97.551048, 19.882695], [-97.551048, 19.917674], [-97.566856, 19.917674], [-97.566856, 19.882695]]]}}, {"type": "Feature", "id": 2452, "properties": {"seccion": 2452, "id": 2452, "municipio": 204, "nombre": "Zacapoaxtla", "distrito_l": 4, "distrito_f": 1}, "geometry": {"type": "Polygon", "coordinates": [[[-97.551048, 19.882695], [-97.53524, 19.882695], [-97.53524, 19.917674], [-97.551048, 19.917674], [-97.551048, 19.882695]]]}}, {"type": "Feature", "id": 2453, "properties": {"seccion": 2453, "id": 2453, "municipio": 204, "nombre": "Zacapoaxtla", "distrito_l": 4, "distrito_f": 1}, "geometry": {"type": "Polygon", "coordinates": [[[-97.53524, 19.882695], [-97.519432, 19.882695], [-97.519432, 19.917674], [-97.53524, 19.917674], [-97.53524, 19.882695]]]}}, {"type": "Feature", "id": 2454, "properties": {"seccion": 2454, "id": 2454, "municipio": 204, "nombre": "Zacapoaxtla", "distrito_l": 4, "distrito_f": 1}, "geometry": {"type": "Polygon", "coordinates": [[[-97.519432, 19.882695], [-97.503624, 19.882695], [-97.503624, 19.917674], [-97.519432, 19.917674], [-97.519432, 19.882695]]]}}, {"type": "Feature", "id": 2455, "properties": {"seccion": 2455, "id": 2455, "municipio": 204, "nombre": "Zacapoaxtla", "distrito_l": 4, "distrito_f": 1}, "geometry": {"type": "Polygon", "coordinates": [[[-97.503624, 19.882695], [-97.487816, 19.882695], [-97.487816, 19.917674], [-97.503624, 19.917674], [-97.503624, 19.882695]]]}}, {"type": "Feature", "id": 2456, "properties": {"seccion": 2456, "id": 2456, "municipio": 204, "nombre": "Zacapoaxtla", "distrito_l": 4, "distrito_f": 1}, "geometry": {"type": "Polygon", "coordinates": [[[-97.487816, 19.882695], [-97.472008, 19.882695], [-97.472008, 19.917674], [-97.487816, 19.917674], [-97.487816, 19.882695]]]}}, {"type": "Feature", "id": 2457, "properties": {"seccion": 2457, "id": 2457, "municipio": 204, "nombre": "Zacapoaxtla", "distrito_l": 4, "distrito_f": 1}, "geometry": {"type": "Polygon", "coordinates": [[[-97.566856, 19.917674], [-97.551048, 19.917674], [-97.551048, 19.952653], [-97.566856, 19.952653], [-97.566856, 19.917674]]]}}, {"type": "Feature", "id": 2458, "properties": {"seccion": 2458, "id": 2458, "municipio": 204, "nombre": "Zacapoaxtla", "distrito_l": 4, "distrito_f": 1}, "geometry": {"type": "Polygon", "coordinates": [[[-97.551048, 19.917674], [-97.53524, 19.917674], [-97.53524, 19.952653], [-97.551048, 19.952653], [-97.551048, 19.917674]]]}}, {"type": "Feature", "id": 2459, "properties": {"seccion": 2459, "id": 2459, "municipio": 204, "nombre": "Zacapoaxtla", "distrito_l": 4, "distrito_f": 1}, "geometry": {"type": "Polygon", "coordinates": [[[-97.53524, 19.917674], [-97.519432, 19.917674], [-97.519432, 19.952653], [-97.53524, 19.952653], [-97.53524, 19.917674]]]}}, {"type": "Feature", "id": 2736, "properties": {"seccion": 2736, "id": 2736, "municipio": 204, "nombre": "Zacapoaxtla", "distrito_l": 4, "distrito_f": 1}, "geometry": {"type": "Polygon", "coordinates": [[[-97.519432, 19.917674], [-97.503624, 19.917674], [-97.503624, 19.952653], [-97.519432, 19.952653], [-97.519432, 19.917674]]]}}, {"type": "Feature", "id": 2737, "properties": {"seccion": 2737, "id": 2737, "municipio": 204, "nombre": "Zacapoaxtla", "distrito_l": 4, "distrito_f": 1}, "geometry": {"type": "Polygon", "coordinates": [[[-97.503624, 19.917674], [-97.487816, 19.917674], [-97.487816, 19.952653], [-97.503624, 19.952653], [-97.503624, 19.917674]]]}}, {"type": "Feature", "id": 2738, "properties": {"seccion": 2738, "id": 2738, "municipio": 204, "nombre": "Zacapoaxtla", "distrito_l": 4, "distrito_f": 1}, "geometry": {"type": "Polygon", "coordinates": [[[-97.487816, 19.917674], [-97.472008, 19.917674], [-97.472008, 19.952653], [-97.487816, 19.952653], [-97.487816, 19.917674]]]}}, {"type": "Feature", "id": 2739, "properties": {"seccion": 2739, "id": 2739, "municipio": 204, "nombre": "Zacapoaxtla", "distrito_l": 4, "distrito_f": 1}, "geometry": {"type": "Polygon", "coordinates": [[[-97.566856, 19.952652], [-97.551048, 19.952652], [-97.551048, 19.987631], [-97.566856, 19.987631], [-97.566856, 19.952652]]]}}, {"type": "Feature", "id": 2460, "properties": {"seccion": 2460, "id": 2460, "municipio": 205, "nombre": "Zacatlan", "distrito_l": 2, "distrito_f": 1}, "geometry": {"type": "Polygon", "coordinates": [[[-98.08374, 19.82756], [-98.030983, 19.82756], [-98.030983, 19.874603], [-98.08374, 19.874603], [-98.08374, 19.82756]]]}}, {"type": "Feature", "id": 2461, "properties": {"seccion": 2461, "id": 2461, "municipio": 205, "nombre": "Zacatlan", "distrito_l": 2, "distrito_f": 1}, "geometry": {"type": "Polygon", "coordinates": [[[-98.030983, 19.82756], [-97.978226, 19.82756], [-97.978226, 19.874603], [-98.030983, 19.874603], [-98.030983, 19.82756]]]}}, {"type": "Feature", "id": 2462, "properties": {"seccion": 2462, "id": 2462, "municipio": 205, "nombre": "Zacatlan", "distrito_l": 2, "distrito_f": 1}, "geometry": {"type": "Polygon", "coordinates": [[[-97.978226, 19.82756], [-97.925469, 19.82756], [-97.925469, 19.874603], [-97.978226, 19.874603], [-97.978226, 19.82756]]]}}, {"type": "Feature", "id": 2463, "properties": {"seccion": 2463, "id": 2463, "municipio": 205, "nombre": "Zacatlan", "distrito_l": 2, "distrito_f": 1}, "geometry": {"type": "Polygon", "coordinates": [[[-97.925468, 19.82756], [-97.872711, 19.82756], [-97.872711, 19.874603], [-97.925468, 19.874603], [-97.925468, 19.82756]]]}}, {"type": "Feature", "id": 2464, "properties": {"seccion": 2464, "id": 2464, "municipio": 205, "nombre": "Zacatlan", "distrito_l": 2, "distrito_f": 1}, "geometry": {"type": "Polygon", "coordinates": [[[-97.872711, 19.82756], [-97.819954, 19.82756], [-97.819954, 19.874603], [-97.872711, 19.874603], [-97.872711, 19.82756]]]}}, {"type": "Feature", "id": 2465, "properties": {"seccion": 2465, "id": 2465, "municipio": 205, "nombre": "Zacatlan", "distrito_l": 2, "distrito_f": 1}, "geometry": {"type": "Polygon", "coordinates": [[[-97.819954, 19.82756], [-97.767197, 19.82756], [-97.767197, 19.874603], [-97.819954, 19.874603], [-97.819954, 19.82756]]]}}, {"type": "Feature", "id": 2466, "properties": {"seccion": 2466, "id": 2466, "municipio": 205, "nombre": "Zacatlan", "distrito_l": 2, "distrito_f": 1}, "geometry": {"type": "Polygon", "coordinates": [[[-98.08374, 19.874604], [-98.030983, 19.874604], [-98.030983, 19.921647], [-98.08374, 19.921647], [-98.08374, 19.874604]]]}}, {"type": "Feature", "id": 2467, "properties": {"seccion": 2467, "id": 2467, "municipio": 205, "nombre": "Zacatlan", "distrito_l": 2, "distrito_f": 1}, "geometry": {"type": "Polygon", "coordinates": [[[-98.030983, 19.874604], [-97.978226, 19.874604], [-97.978226, 19.921647], [-98.030983, 19.921647], [-98.030983, 19.874604]]]}}, {"type": "Feature", "id": 2469, "properties": {"seccion": 2469, "id": 2469, "municipio": 205, "nombre": "Zacatlan", "distrito_l": 2, "distrito_f": 1}, "geometry": {"type": "Polygon", "coordinates": [[[-97.978226, 19.874604], [-97.925469, 19.874604], [-97.925469, 19.921647], [-97.978226, 19.921647], [-97.978226, 19.874604]]]}}, {"type": "Feature", "id": 2470, "properties": {"seccion": 2470, "id": 2470, "municipio": 205, "nombre": "Zacatlan", "distrito_l": 2, "distrito_f": 1}, "geometry": {"type": "Polygon", "coordinates": [[[-97.925468, 19.874604], [-97.872711, 19.874604], [-97.872711, 19.921647], [-97.925468, 19.921647], [-97.925468, 19.874604]]]}}, {"type": "Feature", "id": 2471, "properties": {"seccion": 2471, "id": 2471, "municipio": 205, "nombre": "Zacatlan", "distrito_l": 2, "distrito_f": 1}, "geometry": {"type": "Polygon", "coordinates": [[[-97.872711, 19.874604], [-97.819954, 19.874604], [-97.819954, 19.921647], [-97.872711, 19.921647], [-97.872711, 19.874604]]]}}, {"type": "Feature", "id": 2472, "properties": {"seccion": 2472, "id": 2472, "municipio": 205, "nombre": "Zacatlan", "distrito_l": 2, "distrito_f": 1}, "geometry": {"type": "Polygon", "coordinates": [[[-97.819954, 19.874604], [-97.767197, 19.874604], [-97.767197, 19.921647], [-97.819954, 19.921647], [-97.819954, 19.874604]]]}}, {"type": "Feature", "id": 2473, "properties": {"seccion": 2473, "id": 2473, "municipio": 205, "nombre": "Zacatlan", "distrito_l": 2, "distrito_f": 1}, "geometry": {"type": "Polygon", "coordinates": [[[-98.08374, 19.921647], [-98.030983, 19.921647], [-98.030983, 19.96869], [-98.08374, 19.96869], [-98.08374, 19.921647]]]}}, {"type": "Feature", "id": 2474, "properties": {"seccion": 2474, "id": 2474, "municipio": 205, "nombre": "Zacatlan", "distrito_l": 2, "distrito_f": 1}, "geometry": {"type": "Polygon", "coordinates": [[[-98.030983, 19.921647], [-97.978226, 19.921647], [-97.978226, 19.96869], [-98.030983, 19.96869], [-98.030983, 19.921647]]]}}, {"type": "Feature", "id": 2475, "properties": {"seccion": 2475, "id": 2475, "municipio": 205, "nombre": "Zacatlan", "distrito_l": 2, "distrito_f": 1}, "geometry": {"type": "Polygon", "coordinates": [[[-97.978226, 19.921647], [-97.925469, 19.921647], [-97.925469, 19.96869], [-97.978226, 19.96869], [-97.978226, 19.921647]]]}}, {"type": "Feature", "id": 2476, "properties": {"seccion": 2476, "id": 2476, "municipio": 205, "nombre": "Zacatlan", "distrito_l": 2, "distrito_f": 1}, "geometry": {"type": "Polygon", "coordinates": [[[-97.925468, 19.921647], [-97.872711, 19.921647], [-97.872711, 19.96869], [-97.925468, 19.96869], [-97.925468, 19.921647]]]}}, {"type": "Feature", "id": 2477, "properties": {"seccion": 2477, "id": 2477, "municipio": 205, "nombre": "Zacatlan", "distrito_l": 2, "distrito_f": 1}, "geometry": {"type": "Polygon", "coordinates": [[[-97.872711, 19.921647], [-97.819954, 19.921647], [-97.819954, 19.96869], [-97.872711, 19.96869], [-97.872711, 19.921647]]]}}, {"type": "Feature", "id": 2478, "properties": {"seccion": 2478, "id": 2478, "municipio": 205, "nombre": "Zacatlan", "distrito_l": 2, "distrito_f": 1}, "geometry": {"type": "Polygon", "coordinates": [[[-97.819954, 19.921647], [-97.767197, 19.921647], [-97.767197, 19.96869], [-97.819954, 19.96869], [-97.819954, 19.921647]]]}}, {"type": "Feature", "id": 2480, "properties": {"seccion": 2480, "id": 2480, "municipio": 205, "nombre": "Zacatlan", "distrito_l": 2, "distrito_f": 1}, "geometry": {"type": "Polygon", "coordinates": [[[-98.08374, 19.96869], [-98.030983, 19.96869], [-98.030983, 20.015733], [-98.08374, 20.015733], [-98.08374, 19.96869]]]}}, {"type": "Feature", "id": 2481, "properties": {"seccion": 2481, "id": 2481, "municipio": 205, "nombre": "Zacatlan", "distrito_l": 2, "distrito_f": 1}, "geometry": {"type": "Polygon", "coordinates": [[[-98.030983, 19.96869], [-97.978226, 19.96869], [-97.978226, 20.015733], [-98.030983, 20.015733], [-98.030983, 19.96869]]]}}, {"type": "Feature", "id": 2482, "properties": {"seccion": 2482, "id": 2482, "municipio": 205, "nombre": "Zacatlan", "distrito_l": 2, "distrito_f": 1}, "geometry": {"type": "Polygon", "coordinates": [[[-97.978226, 19.96869], [-97.925469, 19.96869], [-97.925469, 20.015733], [-97.978226, 20.015733], [-97.978226, 19.96869]]]}}, {"type": "Feature", "id": 2483, "properties": {"seccion": 2483, "id": 2483, "municipio": 205, "nombre": "Zacatlan", "distrito_l": 2, "distrito_f": 1}, "geometry": {"type": "Polygon", "coordinates": [[[-97.925468, 19.96869], [-97.872711, 19.96869], [-97.872711, 20.015733], [-97.925468, 20.015733], [-97.925468, 19.96869]]]}}, {"type": "Feature", "id": 2484, "properties": {"seccion": 2484, "id": 2484, "municipio": 205, "nombre": "Zacatlan", "distrito_l": 2, "distrito_f": 1}, "geometry": {"type": "Polygon", "coordinates": [[[-97.872711, 19.96869], [-97.819954, 19.96869], [-97.819954, 20.015733], [-97.872711, 20.015733], [-97.872711, 19.96869]]]}}, {"type": "Feature", "id": 2485, "properties": {"seccion": 2485, "id": 2485, "municipio": 205, "nombre": "Zacatlan", "distrito_l": 2, "distrito_f": 1}, "geometry": {"type": "Polygon", "coordinates": [[[-97.819954, 19.96869], [-97.767197, 19.96869], [-97.767197, 20.015733], [-97.819954, 20.015733], [-97.819954, 19.96869]]]}}, {"type": "Feature", "id": 2486, "properties": {"seccion": 2486, "id": 2486, "municipio": 205, "nombre": "Zacatlan", "distrito_l": 2, "distrito_f": 1}, "geometry": {"type": "Polygon", "coordinates": [[[-98.08374, 20.015733], [-98.030983, 20.015733], [-98.030983, 20.062776], [-98.08374, 20.062776], [-98.08374, 20.015733]]]}}, {"type": "Feature", "id": 2487, "properties": {"seccion": 2487, "id": 2487, "municipio": 205, "nombre": "Zacatlan", "distrito_l": 2, "distrito_f": 1}, "geometry": {"type": "Polygon", "coordinates": [[[-98.030983, 20.015733], [-97.978226, 20.015733], [-97.978226, 20.062776], [-98.030983, 20.062776], [-98.030983, 20.015733]]]}}, {"type": "Feature", "id": 2488, "properties": {"seccion": 2488, "id": 2488, "municipio": 205, "nombre": "Zacatlan", "distrito_l": 2, "distrito_f": 1}, "geometry": {"type": "Polygon", "coordinates": [[[-97.978226, 20.015733], [-97.925469, 20.015733], [-97.925469, 20.062776], [-97.978226, 20.062776], [-97.978226, 20.015733]]]}}, {"type": "Feature", "id": 2489, "properties": {"seccion": 2489, "id": 2489, "municipio": 205, "nombre": "Zacatlan", "distrito_l": 2, "distrito_f": 1}, "geometry": {"type": "Polygon", "coordinates": [[[-97.925468, 20.015733], [-97.872711, 20.015733], [-97.872711, 20.062776], [-97.925468, 20.062776], [-97.925468, 20.015733]]]}}, {"type": "Feature", "id": 2727, "properties": {"seccion": 2727, "id": 2727, "municipio": 205, "nombre": "Zacatlan", "distrito_l": 2, "distrito_f": 1}, "geometry": {"type": "Polygon", "coordinates": [[[-97.872711, 20.015733], [-97.819954, 20.015733], [-97.819954, 20.062776], [-97.872711, 20.062776], [-97.872711, 20.015733]]]}}, {"type": "Feature", "id": 2808, "properties": {"seccion": 2808, "id": 2808, "municipio": 205, "nombre": "Zacatlan", "distrito_l": 2, "distrito_f": 1}, "geometry": {"type": "Polygon", "coordinates": [[[-97.819954, 20.015733], [-97.767197, 20.015733], [-97.767197, 20.062776], [-97.819954, 20.062776], [-97.819954, 20.015733]]]}}, {"type": "Feature", "id": 2809, "properties": {"seccion": 2809, "id": 2809, "municipio": 205, "nombre": "Zacatlan", "distrito_l": 2, "distrito_f": 1}, "geometry": {"type": "Polygon", "coordinates": [[[-98.08374, 20.062776], [-98.030983, 20.062776], [-98.030983, 20.109819], [-98.08374, 20.109819], [-98.08374, 20.062776]]]}}, {"type": "Feature", "id": 2895, "properties": {"seccion": 2895, "id": 2895, "municipio": 205, "nombre": "Zacatlan", "distrito_l": 2, "distrito_f": 1}, "geometry": {"type": "Polygon", "coordinates": [[[-98.030983, 20.062776], [-97.978226, 20.062776], [-97.978226, 20.109819], [-98.030983, 20.109819], [-98.030983, 20.062776]]]}}, {"type": "Feature", "id": 2896, "properties": {"seccion": 2896, "id": 2896, "municipio": 205, "nombre": "Zacatlan", "distrito_l": 2, "distrito_f": 1}, "geometry": {"type": "Polygon", "coordinates": [[[-97.978226, 20.062776], [-97.925469, 20.062776], [-97.925469, 20.109819], [-97.978226, 20.109819], [-97.978226, 20.062776]]]}}, {"type": "Feature", "id": 2490, "properties": {"seccion": 2490, "id": 2490, "municipio": 206, "nombre": "Zapotitlan", "distrito_l": 24, "distrito_f": 1}, "geometry": {"type": "Polygon", "coordinates": [[[-97.563828, 18.139502], [-97.474183, 18.139502], [-97.474183, 18.249752], [-97.563828, 18.249752], [-97.563828, 18.139502]]]}}, {"type": "Feature", "id": 2491, "properties": {"seccion": 2491, "id": 2491, "municipio": 206, "nombre": "Zapotitlan", "distrito_l": 24, "distrito_f": 1}, "geometry": {"type": "Polygon", "coordinates": [[[-97.474182, 18.139502], [-97.384537, 18.139502], [-97.384537, 18.249752], [-97.474182, 18.249752], [-97.474182, 18.139502]]]}}, {"type": "Feature", "id": 2492, "properties": {"seccion": 2492, "id": 2492, "municipio": 206, "nombre": "Zapotitlan", "distrito_l": 24, "distrito_f": 1}, "geometry": {"type": "Polygon", "coordinates": [[[-97.384537, 18.139502], [-97.294892, 18.139502], [-97.294892, 18.249752], [-97.384537, 18.249752], [-97.384537, 18.139502]]]}}, {"type": "Feature", "id": 2493, "properties": {"seccion": 2493, "id": 2493, "municipio": 206, "nombre": "Zapotitlan", "distrito_l": 24, "distrito_f": 1}, "geometry": {"type": "Polygon", "coordinates": [[[-97.563828, 18.249751], [-97.474183, 18.249751], [-97.474183, 18.360001], [-97.563828, 18.360001], [-97.563828, 18.249751]]]}}, {"type": "Feature", "id": 2494, "properties": {"seccion": 2494, "id": 2494, "municipio": 206, "nombre": "Zapotitlan", "distrito_l": 24, "distrito_f": 1}, "geometry": {"type": "Polygon", "coordinates": [[[-97.474182, 18.249751], [-97.384537, 18.249751], [-97.384537, 18.360001], [-97.474182, 18.360001], [-97.474182, 18.249751]]]}}, {"type": "Feature", "id": 2495, "properties": {"seccion": 2495, "id": 2495, "municipio": 206, "nombre": "Zapotitlan", "distrito_l": 24, "distrito_f": 1}, "geometry": {"type": "Polygon", "coordinates": [[[-97.384537, 18.249751], [-97.294892, 18.249751], [-97.294892, 18.360001], [-97.384537, 18.360001], [-97.384537, 18.249751]]]}}, {"type": "Feature", "id": 2496, "properties": {"seccion": 2496, "id": 2496, "municipio": 206, "nombre": "Zapotitlan", "distrito_l": 24, "distrito_f": 1}, "geometry": {"type": "Polygon", "coordinates": [[[-97.563828, 18.360001], [-97.474183, 18.360001], [-97.474183, 18.470251], [-97.563828, 18.470251], [-97.563828, 18.360001]]]}}, {"type": "Feature", "id": 2497, "properties": {"seccion": 2497, "id": 2497, "municipio": 206, "nombre": "Zapotitlan", "distrito_l": 24, "distrito_f": 1}, "geometry": {"type": "Polygon", "coordinates": [[[-97.474182, 18.360001], [-97.384537, 18.360001], [-97.384537, 18.470251], [-97.474182, 18.470251], [-97.474182, 18.360001]]]}}, {"type": "Feature", "id": 2498, "properties": {"seccion": 2498, "id": 2498, "municipio": 206, "nombre": "Zapotitlan", "distrito_l": 24, "distrito_f": 1}, "geometry": {"type": "Polygon", "coordinates": [[[-97.384537, 18.360001], [-97.294892, 18.360001], [-97.294892, 18.470251], [-97.384537, 18.470251], [-97.384537, 18.360001]]]}}, {"type": "Feature", "id": 2499, "properties": {"seccion": 2499, "id": 2499, "municipio": 207, "nombre": "Zapotitlan De Mendez", "distrito_l": 3, "distrito_f": 1}, "geometry": {"type": "Polygon", "coordinates": [[[-97.706413, 19.991598], [-97.635273, 19.991598], [-97.635273, 20.017069], [-97.706413, 20.017069], [-97.706413, 19.991598]]]}}, {"type": "Feature", "id": 2500, "properties": {"seccion": 2500, "id": 2500, "municipio": 207, "nombre": "Zapotitlan De Mendez", "distrito_l": 3, "distrito_f": 1}, "geometry": {"type": "Polygon", "coordinates": [[[-97.635273, 19.991598], [-97.564133, 19.991598], [-97.564133, 20.017069], [-97.635273, 20.017069], [-97.635273, 19.991598]]]}}, {"type": "Feature", "id": 2501, "properties": {"seccion": 2501, "id": 2501, "municipio": 207, "nombre": "Zapotitlan De Mendez", "distrito_l": 3, "distrito_f": 1}, "geometry": {"type": "Polygon", "coordinates": [[[-97.706413, 20.017069], [-97.635273, 20.017069], [-97.635273, 20.04254], [-97.706413, 20.04254], [-97.706413, 20.017069]]]}}, {"type": "Feature", "id": 2502, "properties": {"seccion": 2502, "id": 2502, "municipio": 208, "nombre": "Zaragoza", "distrito_l": 4, "distrito_f": 1}, "geometry": {"type": "Polygon", "coordinates": [[[-97.522751, 19.76145], [-97.499448, 19.76145], [-97.499448, 19.803143], [-97.522751, 19.803143], [-97.522751, 19.76145]]]}}, {"type": "Feature", "id": 2503, "properties": {"seccion": 2503, "id": 2503, "municipio": 208, "nombre": "Zaragoza", "distrito_l": 4, "distrito_f": 1}, "geometry": {"type": "Polygon", "coordinates": [[[-97.499448, 19.76145], [-97.476145, 19.76145], [-97.476145, 19.803143], [-97.499448, 19.803143], [-97.499448, 19.76145]]]}}, {"type": "Feature", "id": 2505, "properties": {"seccion": 2505, "id": 2505, "municipio": 208, "nombre": "Zaragoza", "distrito_l": 4, "distrito_f": 1}, "geometry": {"type": "Polygon", "coordinates": [[[-97.476145, 19.76145], [-97.452842, 19.76145], [-97.452842, 19.803143], [-97.476145, 19.803143], [-97.476145, 19.76145]]]}}, {"type": "Feature", "id": 2506, "properties": {"seccion": 2506, "id": 2506, "municipio": 208, "nombre": "Zaragoza", "distrito_l": 4, "distrito_f": 1}, "geometry": {"type": "Polygon", "coordinates": [[[-97.522751, 19.803143], [-97.499448, 19.803143], [-97.499448, 19.844836], [-97.522751, 19.844836], [-97.522751, 19.803143]]]}}, {"type": "Feature", "id": 2507, "properties": {"seccion": 2507, "id": 2507, "municipio": 208, "nombre": "Zaragoza", "distrito_l": 4, "distrito_f": 1}, "geometry": {"type": "Polygon", "coordinates": [[[-97.499448, 19.803143], [-97.476145, 19.803143], [-97.476145, 19.844836], [-97.499448, 19.844836], [-97.499448, 19.803143]]]}}, {"type": "Feature", "id": 2899, "properties": {"seccion": 2899, "id": 2899, "municipio": 208, "nombre": "Zaragoza", "distrito_l": 4, "distrito_f": 1}, "geometry": {"type": "Polygon", "coordinates": [[[-97.476145, 19.803143], [-97.452842, 19.803143], [-97.452842, 19.844836], [-97.476145, 19.844836], [-97.476145, 19.803143]]]}}, {"type": "Feature", "id": 2900, "properties": {"seccion": 2900, "id": 2900, "municipio": 208, "nombre": "Zaragoza", "distrito_l": 4, "distrito_f": 1}, "geometry": {"type": "Polygon", "coordinates": [[[-97.522751, 19.844837], [-97.499448, 19.844837], [-97.499448, 19.88653], [-97.522751, 19.88653], [-97.522751, 19.844837]]]}}, {"type": "Feature", "id": 2508, "properties": {"seccion": 2508, "id": 2508, "municipio": 209, "nombre": "Zautla", "distrito_l": 3, "distrito_f": 1}, "geometry": {"type": "Polygon", "coordinates": [[[-97.636467, 19.64559], [-97.599251, 19.64559], [-97.599251, 19.691287], [-97.636467, 19.691287], [-97.636467, 19.64559]]]}}, {"type": "Feature", "id": 2509, "properties": {"seccion": 2509, "id": 2509, "municipio": 209, "nombre": "Zautla", "distrito_l": 3, "distrito_f": 1}, "geometry": {"type": "Polygon", "coordinates": [[[-97.599251, 19.64559], [-97.562035, 19.64559], [-97.562035, 19.691287], [-97.599251, 19.691287], [-97.599251, 19.64559]]]}}, {"type": "Feature", "id": 2510, "properties": {"seccion": 2510, "id": 2510, "municipio": 209, "nombre": "Zautla", "distrito_l": 3, "distrito_f": 1}, "geometry": {"type": "Polygon", "coordinates": [[[-97.562035, 19.64559], [-97.524819, 19.64559], [-97.524819, 19.691287], [-97.562035, 19.691287], [-97.562035, 19.64559]]]}}, {"type": "Feature", "id": 2511, "properties": {"seccion": 2511, "id": 2511, "municipio": 209, "nombre": "Zautla", "distrito_l": 3, "distrito_f": 1}, "geometry": {"type": "Polygon", "coordinates": [[[-97.524818, 19.64559], [-97.487602, 19.64559], [-97.487602, 19.691287], [-97.524818, 19.691287], [-97.524818, 19.64559]]]}}, {"type": "Feature", "id": 2512, "properties": {"seccion": 2512, "id": 2512, "municipio": 209, "nombre": "Zautla", "distrito_l": 3, "distrito_f": 1}, "geometry": {"type": "Polygon", "coordinates": [[[-97.636467, 19.691287], [-97.599251, 19.691287], [-97.599251, 19.736984], [-97.636467, 19.736984], [-97.636467, 19.691287]]]}}, {"type": "Feature", "id": 2513, "properties": {"seccion": 2513, "id": 2513, "municipio": 209, "nombre": "Zautla", "distrito_l": 3, "distrito_f": 1}, "geometry": {"type": "Polygon", "coordinates": [[[-97.599251, 19.691287], [-97.562035, 19.691287], [-97.562035, 19.736984], [-97.599251, 19.736984], [-97.599251, 19.691287]]]}}, {"type": "Feature", "id": 2514, "properties": {"seccion": 2514, "id": 2514, "municipio": 209, "nombre": "Zautla", "distrito_l": 4, "distrito_f": 1}, "geometry": {"type": "Polygon", "coordinates": [[[-97.562035, 19.691287], [-97.524819, 19.691287], [-97.524819, 19.736984], [-97.562035, 19.736984], [-97.562035, 19.691287]]]}}, {"type": "Feature", "id": 2515, "properties": {"seccion": 2515, "id": 2515, "municipio": 209, "nombre": "Zautla", "distrito_l": 3, "distrito_f": 1}, "geometry": {"type": "Polygon", "coordinates": [[[-97.524818, 19.691287], [-97.487602, 19.691287], [-97.487602, 19.736984], [-97.524818, 19.736984], [-97.524818, 19.691287]]]}}, {"type": "Feature", "id": 2516, "properties": {"seccion": 2516, "id": 2516, "municipio": 209, "nombre": "Zautla", "distrito_l": 3, "distrito_f": 1}, "geometry": {"type": "Polygon", "coordinates": [[[-97.636467, 19.736984], [-97.599251, 19.736984], [-97.599251, 19.782681], [-97.636467, 19.782681], [-97.636467, 19.736984]]]}}, {"type": "Feature", "id": 2517, "properties": {"seccion": 2517, "id": 2517, "municipio": 209, "nombre": "Zautla", "distrito_l": 3, "distrito_f": 1}, "geometry": {"type": "Polygon", "coordinates": [[[-97.599251, 19.736984], [-97.562035, 19.736984], [-97.562035, 19.782681], [-97.599251, 19.782681], [-97.599251, 19.736984]]]}}, {"type": "Feature", "id": 2518, "properties": {"seccion": 2518, "id": 2518, "municipio": 209, "nombre": "Zautla", "distrito_l": 3, "distrito_f": 1}, "geometry": {"type": "Polygon", "coordinates": [[[-97.562035, 19.736984], [-97.524819, 19.736984], [-97.524819, 19.782681], [-97.562035, 19.782681], [-97.562035, 19.736984]]]}}, {"type": "Feature", "id": 2519, "properties": {"seccion": 2519, "id": 2519, "municipio": 209, "nombre": "Zautla", "distrito_l": 3, "distrito_f": 1}, "geometry": {"type": "Polygon", "coordinates": [[[-97.524818, 19.736984], [-97.487602, 19.736984], [-97.487602, 19.782681], [-97.524818, 19.782681], [-97.524818, 19.736984]]]}}, {"type": "Feature", "id": 2520, "properties": {"seccion": 2520, "id": 2520, "municipio": 210, "nombre": "Zihuateutla", "distrito_l": 1, "distrito_f": 1}, "geometry": {"type": "Polygon", "coordinates": [[[-97.891022, 20.269291], [-97.830277, 20.269291], [-97.830277, 20.316734], [-97.891022, 20.316734], [-97.891022, 20.269291]]]}}, {"type": "Feature", "id": 2521, "properties": {"seccion": 2521, "id": 2521, "municipio": 210, "nombre": "Zihuateutla", "distrito_l": 1, "distrito_f": 1}, "geometry": {"type": "Polygon", "coordinates": [[[-97.830276, 20.269291], [-97.769531, 20.269291], [-97.769531, 20.316734], [-97.830276, 20.316734], [-97.830276, 20.269291]]]}}, {"type": "Feature", "id": 2522, "properties": {"seccion": 2522, "id": 2522, "municipio": 210, "nombre": "Zihuateutla", "distrito_l": 1, "distrito_f": 1}, "geometry": {"type": "Polygon", "coordinates": [[[-97.769531, 20.269291], [-97.708786, 20.269291], [-97.708786, 20.316734], [-97.769531, 20.316734], [-97.769531, 20.269291]]]}}, {"type": "Feature", "id": 2523, "properties": {"seccion": 2523, "id": 2523, "municipio": 210, "nombre": "Zihuateutla", "distrito_l": 1, "distrito_f": 1}, "geometry": {"type": "Polygon", "coordinates": [[[-97.891022, 20.316734], [-97.830277, 20.316734], [-97.830277, 20.364177], [-97.891022, 20.364177], [-97.891022, 20.316734]]]}}, {"type": "Feature", "id": 2524, "properties": {"seccion": 2524, "id": 2524, "municipio": 210, "nombre": "Zihuateutla", "distrito_l": 1, "distrito_f": 1}, "geometry": {"type": "Polygon", "coordinates": [[[-97.830276, 20.316734], [-97.769531, 20.316734], [-97.769531, 20.364177], [-97.830276, 20.364177], [-97.830276, 20.316734]]]}}, {"type": "Feature", "id": 2525, "properties": {"seccion": 2525, "id": 2525, "municipio": 210, "nombre": "Zihuateutla", "distrito_l": 1, "distrito_f": 1}, "geometry": {"type": "Polygon", "coordinates": [[[-97.769531, 20.316734], [-97.708786, 20.316734], [-97.708786, 20.364177], [-97.769531, 20.364177], [-97.769531, 20.316734]]]}}, {"type": "Feature", "id": 2526, "properties": {"seccion": 2526, "id": 2526, "municipio": 210, "nombre": "Zihuateutla", "distrito_l": 1, "distrito_f": 1}, "geometry": {"type": "Polygon", "coordinates": [[[-97.891022, 20.364178], [-97.830277, 20.364178], [-97.830277, 20.411621], [-97.891022, 20.411621], [-97.891022, 20.364178]]]}}, {"type": "Feature", "id": 2721, "properties": {"seccion": 2721, "id": 2721, "municipio": 210, "nombre": "Zihuateutla", "distrito_l": 1, "distrito_f": 1}, "geometry": {"type": "Polygon", "coordinates": [[[-97.830276, 20.364178], [-97.769531, 20.364178], [-97.769531, 20.411621], [-97.830276, 20.411621], [-97.830276, 20.364178]]]}}, {"type": "Feature", "id": 2527, "properties": {"seccion": 2527, "id": 2527, "municipio": 211, "nombre": "Zinacatepec", "distrito_l": 26, "distrito_f": 1}, "geometry": {"type": "Polygon", "coordinates": [[[-97.209457, 18.31304], [-97.176974, 18.31304], [-97.176974, 18.345105], [-97.209457, 18.345105], [-97.209457, 18.31304]]]}}, {"type": "Feature", "id": 2528, "properties": {"seccion": 2528, "id": 2528, "municipio": 211, "nombre": "Zinacatepec", "distrito_l": 26, "distrito_f": 1}, "geometry": {"type": "Polygon", "coordinates": [[[-97.176974, 18.31304], [-97.144491, 18.31304], [-97.144491, 18.345105], [-97.176974, 18.345105], [-97.176974, 18.31304]]]}}, {"type": "Feature", "id": 2529, "properties": {"seccion": 2529, "id": 2529, "municipio": 211, "nombre": "Zinacatepec", "distrito_l": 26, "distrito_f": 1}, "geometry": {"type": "Polygon", "coordinates": [[[-97.144491, 18.31304], [-97.112008, 18.31304], [-97.112008, 18.345105], [-97.144491, 18.345105], [-97.144491, 18.31304]]]}}, {"type": "Feature", "id": 2530, "properties": {"seccion": 2530, "id": 2530, "municipio": 211, "nombre": "Zinacatepec", "distrito_l": 26, "distrito_f": 1}, "geometry": {"type": "Polygon", "coordinates": [[[-97.209457, 18.345105], [-97.176974, 18.345105], [-97.176974, 18.37717], [-97.209457, 18.37717], [-97.209457, 18.345105]]]}}, {"type": "Feature", "id": 2531, "properties": {"seccion": 2531, "id": 2531, "municipio": 211, "nombre": "Zinacatepec", "distrito_l": 26, "distrito_f": 1}, "geometry": {"type": "Polygon", "coordinates": [[[-97.176974, 18.345105], [-97.144491, 18.345105], [-97.144491, 18.37717], [-97.176974, 18.37717], [-97.176974, 18.345105]]]}}, {"type": "Feature", "id": 2532, "properties": {"seccion": 2532, "id": 2532, "municipio": 211, "nombre": "Zinacatepec", "distrito_l": 26, "distrito_f": 1}, "geometry": {"type": "Polygon", "coordinates": [[[-97.144491, 18.345105], [-97.112008, 18.345105], [-97.112008, 18.37717], [-97.144491, 18.37717], [-97.144491, 18.345105]]]}}, {"type": "Feature", "id": 2535, "properties": {"seccion": 2535, "id": 2535, "municipio": 212, "nombre": "Zoquiapan", "distrito_l": 4, "distrito_f": 1}, "geometry": {"type": "Polygon", "coordinates": [[[-97.545288, 20.01329], [-97.511352, 20.01329], [-97.511352, 20.064642], [-97.545288, 20.064642], [-97.545288, 20.01329]]]}}, {"type": "Feature", "id": 2536, "properties": {"seccion": 2536, "id": 2536, "municipio": 212, "nombre": "Zoquiapan", "distrito_l": 4, "distrito_f": 1}, "geometry": {"type": "Polygon", "coordinates": [[[-97.511353, 20.01329], [-97.477417, 20.01329], [-97.477417, 20.064642], [-97.511353, 20.064642], [-97.511353, 20.01329]]]}}, {"type": "Feature", "id": 2537, "properties": {"seccion": 2537, "id": 2537, "municipio": 213, "nombre": "Zoquitlan", "distrito_l": 26, "distrito_f": 1}, "geometry": {"type": "Polygon", "coordinates": [[[-96.950867, 18.3127], [-96.904326, 18.3127], [-96.904326, 18.37699], [-96.950867, 18.37699], [-96.950867, 18.3127]]]}}, {"type": "Feature", "id": 2538, "properties": {"seccion": 2538, "id": 2538, "municipio": 213, "nombre": "Zoquitlan", "distrito_l": 26, "distrito_f": 1}, "geometry": {"type": "Polygon", "coordinates": [[[-96.904325, 18.3127], [-96.857784, 18.3127], [-96.857784, 18.37699], [-96.904325, 18.37699], [-96.904325, 18.3127]]]}}, {"type": "Feature", "id": 2539, "properties": {"seccion": 2539, "id": 2539, "municipio": 213, "nombre": "Zoquitlan", "distrito_l": 26, "distrito_f": 1}, "geometry": {"type": "Polygon", "coordinates": [[[-96.857784, 18.3127], [-96.811243, 18.3127], [-96.811243, 18.37699], [-96.857784, 18.37699], [-96.857784, 18.3127]]]}}, {"type": "Feature", "id": 2541, "properties": {"seccion": 2541, "id": 2541, "municipio": 213, "nombre": "Zoquitlan", "distrito_l": 26, "distrito_f": 1}, "geometry": {"type": "Polygon", "coordinates": [[[-96.811243, 18.3127], [-96.764702, 18.3127], [-96.764702, 18.37699], [-96.811243, 18.37699], [-96.811243, 18.3127]]]}}, {"type": "Feature", "id": 2542, "properties": {"seccion": 2542, "id": 2542, "municipio": 213, "nombre": "Zoquitlan", "distrito_l": 26, "distrito_f": 1}, "geometry": {"type": "Polygon", "coordinates": [[[-96.950867, 18.37699], [-96.904326, 18.37699], [-96.904326, 18.44128], [-96.950867, 18.44128], [-96.950867, 18.37699]]]}}, {"type": "Feature", "id": 2543, "properties": {"seccion": 2543, "id": 2543, "municipio": 213, "nombre": "Zoquitlan", "distrito_l": 26, "distrito_f": 1}, "geometry": {"type": "Polygon", "coordinates": [[[-96.904325, 18.37699], [-96.857784, 18.37699], [-96.857784, 18.44128], [-96.904325, 18.44128], [-96.904325, 18.37699]]]}}, {"type": "Feature", "id": 2544, "properties": {"seccion": 2544, "id": 2544, "municipio": 213, "nombre": "Zoquitlan", "distrito_l": 26, "distrito_f": 1}, "geometry": {"type": "Polygon", "coordinates": [[[-96.857784, 18.37699], [-96.811243, 18.37699], [-96.811243, 18.44128], [-96.857784, 18.44128], [-96.857784, 18.37699]]]}}, {"type": "Feature", "id": 2545, "properties": {"seccion": 2545, "id": 2545, "municipio": 213, "nombre": "Zoquitlan", "distrito_l": 26, "distrito_f": 1}, "geometry": {"type": "Polygon", "coordinates": [[[-96.811243, 18.37699], [-96.764702, 18.37699], [-96.764702, 18.44128], [-96.811243, 18.44128], [-96.811243, 18.37699]]]}}, {"type": "Feature", "id": 2546, "properties": {"seccion": 2546, "id": 2546, "municipio": 213, "nombre": "Zoquitlan", "distrito_l": 26, "distrito_f": 1}, "geometry": {"type": "Polygon", "coordinates": [[[-96.950867, 18.44128], [-96.904326, 18.44128], [-96.904326, 18.50557], [-96.950867, 18.50557], [-96.950867, 18.44128]]]}}, {"type": "Feature", "id": 2547, "properties": {"seccion": 2547, "id": 2547, "municipio": 213, "nombre": "Zoquitlan", "distrito_l": 26, "distrito_f": 1}, "geometry": {"type": "Polygon", "coordinates": [[[-96.904325, 18.44128], [-96.857784, 18.44128], [-96.857784, 18.50557], [-96.904325, 18.50557], [-96.904325, 18.44128]]]}}, {"type": "Feature", "id": 2548, "properties": {"seccion": 2548, "id": 2548, "municipio": 213, "nombre": "Zoquitlan", "distrito_l": 26, "distrito_f": 1}, "geometry": {"type": "Polygon", "coordinates": [[[-96.857784, 18.44128], [-96.811243, 18.44128], [-96.811243, 18.50557], [-96.857784, 18.50557], [-96.857784, 18.44128]]]}}]}