{"type": "FeatureCollection", "name": "qro_municipios_ine", "crs": {"type": "name", "properties": {"name": "urn:ogc:def:crs:OGC:1.3:CRS84"}}, "features": [{"type": "Feature", "id": 1, "properties": {"id": 1, "municipio": 1, "nombre": "Amealco de Bonfil", "cve_mun": "001", "clave_entidad": 22}, "geometry": {"type": "Polygon", "coordinates": [[[-100.14870485433951, 20.321918716021496], [-100.14862187699956, 20.321862029729033], [-100.14721527699948, 20.32257469072954], [-100.1462555379995, 20.32230993672935], [-100.14472366199942, 20.322392244729407], [-100.14348284599937, 20.32297861372979], [-100.14329315399935, 20.32323282972994], [-100.13772347699904, 20.3178985987261], [-100.13719299999907, 20.318131690726258], [-100.13607846199893, 20.318961121726883], [-100.13583135399894, 20.319224736727108], [-100.13551926199891, 20.319768860727496], [-100.13537863099897, 20.320185383727768], [-100.13304447699879, 20.319278906727106], [-100.13300670799882, 20.319333413727122], [-100.13062706199877, 20.318734429726682], [-100.13064536899876, 20.31861686072662], [-100.12546395399846, 20.31731309072567], [-100.11269516899797, 20.314395152723534], [-100.11193857487365, 20.314324732797758], [-100.09311876277886, 20.314600063233932], [-100.09489997658655, 20.309619417334734], [-100.09361979810518, 20.307905942643167], [-100.09442302297637, 20.305520702130032], [-100.09517644300712, 20.305330559045924], [-100.09604785237704, 20.302914520544114], [-100.0966699608511, 20.303058966851687], [-100.09728540792496, 20.301141477529914], [-100.09702357199069, 20.300881904198516], [-100.09202237940443, 20.299343479888396], [-100.0912566470548, 20.29897615054074], [-100.09037535321863, 20.298899519723463], [-100.09037775677793, 20.299272218512368], [-100.08891275399631, 20.299738048311934], [-100.08809470398164, 20.300364981070107], [-100.08728144024492, 20.301737308407365], [-100.08647720990471, 20.304517606665357], [-100.08677772843212, 20.305592235446028], [-100.08773430103435, 20.308235951355545], [-100.08780208385102, 20.309643512296464], [-100.08728504708445, 20.311427890215853], [-100.08653337464017, 20.31325532411007], [-100.08595306565017, 20.314336123788717], [-100.08607689988764, 20.31532916406222], [-100.08637504402625, 20.316031092848167], [-100.08655600912509, 20.316775255168555], [-100.08215169728258, 20.316806071157842], [-100.08226278162196, 20.315811386697437], [-100.08255136133477, 20.315022526529095], [-100.08295977267166, 20.314605544300065], [-100.08395700725447, 20.3144329211208], [-100.0838908481472, 20.313273823950155], [-100.08346943636349, 20.31166166882419], [-100.08333500851761, 20.309012184534787], [-100.08221347379194, 20.308108935723006], [-100.08091631949489, 20.3072897299479], [-100.07997202953189, 20.30655088098456], [-100.07926025106238, 20.305437690805512], [-100.07895714305852, 20.303948935641774], [-100.07812003083454, 20.30159422342643], [-100.07776297212915, 20.300851273756525], [-100.07546217060677, 20.299169328062522], [-100.07727240270408, 20.29758305911482], [-100.07802833933893, 20.2964182388347], [-100.08208031143883, 20.296472833904524], [-100.08268857199882, 20.290587947983475], [-100.08016306260332, 20.290481320862163], [-100.0783365885236, 20.289500122762124], [-100.07596777176886, 20.28632777849421], [-100.07765700652573, 20.284203979382877], [-100.08289077177646, 20.27629905092298], [-100.08644093503293, 20.271428918377946], [-100.09045945538548, 20.2663897809615], [-100.09273238716128, 20.263806207117035], [-100.0947690940639, 20.261017204852187], [-100.08782619000559, 20.258581178893863], [-100.08741102441458, 20.257921476374154], [-100.08652677965526, 20.25734788044732], [-100.08552566845253, 20.25685792273934], [-100.08452615245054, 20.256616426545904], [-100.08364854075515, 20.257078096893675], [-100.0757858195593, 20.24839459880868], [-100.07372691676318, 20.247704831709424], [-100.05679651502658, 20.243762641474277], [-100.06651345834283, 20.230071085088955], [-100.06802540320075, 20.227824362289045], [-100.06872188848361, 20.22657716581297], [-100.06748600863858, 20.226047296609117], [-100.06006780374757, 20.222370949130934], [-100.05671044488238, 20.220447428200742], [-100.0556594424544, 20.221324272981107], [-100.0547227292169, 20.221703371379178], [-100.05367170696523, 20.22258020500853], [-100.05279495021668, 20.223165953786175], [-100.0513866560747, 20.223216929510375], [-100.05021516117858, 20.223597597648553], [-100.04893137920327, 20.224807290863918], [-100.05359045073934, 20.228420069533595], [-100.0518376339851, 20.229715799789094], [-100.04764706811517, 20.225934151614634], [-100.04618819057102, 20.227310664941886], [-100.0452526868226, 20.22789677474176], [-100.04402625441024, 20.22889897880243], [-100.03554544492602, 20.224151986237494], [-100.03583110083981, 20.222866247180878], [-100.0376938050939, 20.22032752455049], [-100.03996877930946, 20.21803449628971], [-100.02693076311029, 20.206815632501915], [-100.02587097227106, 20.20624287430873], [-100.02558302076295, 20.20715589136514], [-100.02482211425642, 20.207492249837266], [-100.02388415900882, 20.207664122528254], [-100.02241358381525, 20.207094064470215], [-100.02077042835502, 20.20710492964809], [-100.02007066563755, 20.20785500358046], [-100.01943056861197, 20.20877033698894], [-100.01802632451025, 20.209483637779098], [-100.01809265336914, 20.210767033835555], [-100.01259410083634, 20.21382642507574], [-100.01224590130066, 20.214491334133893], [-100.01049801007406, 20.216656322557476], [-100.00980133399884, 20.217944720201785], [-100.0086943129053, 20.21931862822059], [-100.00687544254683, 20.219413345518166], [-100.00582488334443, 20.220414141274468], [-100.00430552151737, 20.2215422292229], [-100.00395897142684, 20.222497010824437], [-100.00197368801138, 20.22424932581236], [-100.00068975290674, 20.225500094958356], [-99.99951761764113, 20.225797605692236], [-99.99845947848767, 20.22551457218989], [-99.99641226765624, 20.226728845440654], [-99.99348944402865, 20.22877703449174], [-99.9934386819113, 20.230144028407516], [-99.98963031724202, 20.231328175287302], [-99.98904601029841, 20.23178749057638], [-99.98852254562523, 20.232619140245554], [-99.98852565353914, 20.233157504286183], [-99.98829493881712, 20.23386302826715], [-99.98794611524245, 20.234445068629817], [-99.98742096465992, 20.234986827033236], [-99.98695211899265, 20.235114080810533], [-99.98647945558969, 20.234578731216136], [-99.98612394676042, 20.234001214344413], [-99.98494862042556, 20.233760266794494], [-99.98295299672859, 20.23377304691275], [-99.98207376094793, 20.233985741457484], [-99.98130977805374, 20.233824967388433], [-99.98084140419358, 20.234035030332226], [-99.97979081401182, 20.235077092421726], [-99.97897168086772, 20.235537873685335], [-99.97856672376113, 20.236575811105556], [-99.97810235606518, 20.237489883516265], [-99.97822660470173, 20.23869010441418], [-99.97736599534663, 20.238370675048703], [-99.97637377459358, 20.238424086918616], [-99.9754792632696, 20.23862567447044], [-99.9749343558532, 20.238595452175655], [-99.97441114487985, 20.238175677311197], [-99.9736651629741, 20.23695586791089], [-99.97317762443025, 20.236421320753074], [-99.97286902069933, 20.235473037964017], [-99.9728700364523, 20.23369782473548], [-99.97302367817115, 20.233112555854394], [-99.97360880183635, 20.231825273918805], [-99.97321271124966, 20.230431031318837], [-99.97239384023611, 20.22916598852852], [-99.9721829824047, 20.228354411220533], [-99.97140941163292, 20.226596495143294], [-99.9707682948809, 20.224723091168947], [-99.96999497243941, 20.222999500599613], [-99.96971307326184, 20.22242901807816], [-99.9688965440927, 20.22153042377576], [-99.96861441394074, 20.220936990171445], [-99.96839287517507, 20.220343131515314], [-99.96835246220841, 20.219690536705844], [-99.96866108176457, 20.218703238053738], [-99.96824716416938, 20.21832846754613], [-99.96657380853296, 20.217837206559857], [-99.96572436792795, 20.217477204920414], [-99.96396187650473, 20.216265100460802], [-99.9638382578376, 20.21585366737708], [-99.96386726870521, 20.214673736077092], [-99.96481811830625, 20.211860536960735], [-99.96499175138194, 20.210587828952967], [-99.96574396870821, 20.20698582764153], [-99.96544819569401, 20.206129075105903], [-99.96419132171842, 20.204455000775077], [-99.96394631663178, 20.20397583371491], [-99.96383420457357, 20.203472715982546], [-99.96422329495236, 20.201797556327232], [-99.96425540778749, 20.20112161018256], [-99.96416772227752, 20.200652693598855], [-99.96400862034697, 20.200367500330437], [-99.9636941083014, 20.2003813328615], [-99.96288583003516, 20.200799863237847], [-99.96247423791206, 20.200780367242384], [-99.96210783913035, 20.20024446077243], [-99.96203775257621, 20.19867591257837], [-99.9621085645801, 20.19837762675124], [-99.96259983749539, 20.19758360145123], [-99.96317685911355, 20.19696078090689], [-99.96373257669798, 20.196796178866272], [-99.96530425826909, 20.196543775000805], [-99.96607699801366, 20.19628589180156], [-99.96637802120567, 20.196020227357472], [-99.96612139807061, 20.195632737682544], [-99.96512743141362, 20.19535394831344], [-99.96435250353476, 20.19529112509334], [-99.9636487830587, 20.194998649729534], [-99.96339279381245, 20.19469139764962], [-99.96313382300754, 20.19391449229094], [-99.96304405976784, 20.193090578106617], [-99.96320986812259, 20.19252809915282], [-99.96403706843672, 20.19125046199426], [-99.96412007152486, 20.190974963906754], [-99.96394843807663, 20.19063263394137], [-99.9634387638705, 20.190384609416398], [-99.96320612418037, 20.18995109199471], [-99.96325180286007, 20.18950412270758], [-99.96316401257477, 20.18900077969895], [-99.96317198857251, 20.188336440126765], [-99.96370104528559, 20.187794117183337], [-99.9648776211976, 20.18627339227675], [-99.96482468758612, 20.185540806824502], [-99.9650038707522, 20.185172888739892], [-99.96563236473852, 20.1850536026852], [-99.96707201373322, 20.18499680926484], [-99.96774814956494, 20.184751207457545], [-99.96832647369602, 20.184334465801275], [-99.96861263804792, 20.183656577189932], [-99.96853300156143, 20.1825233221605], [-99.96861606306226, 20.182259206631308], [-99.97017345265746, 20.181686170479203], [-99.97049816507466, 20.181362983734644], [-99.9702906873823, 20.181089708554907], [-99.9691293519729, 20.18114436127453], [-99.96753647882029, 20.18164354376943], [-99.96688916783039, 20.18087506082105], [-99.9664185756194, 20.181084742647247], [-99.96630055906276, 20.181578191669047], [-99.96577047316316, 20.18194867063377], [-99.96554216842165, 20.182202378287723], [-99.96574964881891, 20.182498600127996], [-99.96643997637538, 20.182584983234708], [-99.9671772266355, 20.182464904747572], [-99.96745726189322, 20.18272612809158], [-99.96748429961671, 20.18318408313677], [-99.96728119601154, 20.183597945484834], [-99.96694377871333, 20.183818100520554], [-99.96480207724093, 20.18385733103228], [-99.96430705141506, 20.18403289673535], [-99.96394569923736, 20.1842989878336], [-99.9638146290755, 20.18463212532097], [-99.96349773453585, 20.18621508883073], [-99.96305243376091, 20.186619340484448], [-99.96238885762692, 20.186933616779644], [-99.96206390605772, 20.187222455434867], [-99.96170845432391, 20.188473560421688], [-99.96174011486207, 20.18968731724927], [-99.96164715831173, 20.19030649200567], [-99.96161840792804, 20.191532236107022], [-99.96152431721805, 20.19194523389955], [-99.96089575996773, 20.192087441808187], [-99.95961155599352, 20.191833794624728], [-99.95861686081834, 20.191451865486396], [-99.95741343365509, 20.190567604240343], [-99.95627878583844, 20.1890642930205], [-99.95600819598789, 20.18836767438846], [-99.95578298480214, 20.18715532775562], [-99.95577923548302, 20.18457839549603], [-99.95589125629249, 20.18311148946213], [-99.95604292936625, 20.1822055593711], [-99.95591300830154, 20.180751895567578], [-99.95572945413197, 20.18042119602684], [-99.95546988386783, 20.18147679906451], [-99.95475490050318, 20.1832803932418], [-99.95433745035275, 20.186249950761585], [-99.9541942043378, 20.186583147857228], [-99.95356680893657, 20.186885719921186], [-99.95317989696203, 20.186934441330678], [-99.95251133739924, 20.186469830103572], [-99.95173248150326, 20.185754090066922], [-99.9512201377458, 20.18508226366855], [-99.95074381477048, 20.18435277436503], [-99.94971412765217, 20.18219584468778], [-99.94933699486437, 20.181866544717764], [-99.94802666293434, 20.18129217042696], [-99.94670501784532, 20.1808554594097], [-99.94657080180511, 20.18067321041761], [-99.94648355522851, 20.180250089943083], [-99.94556964626346, 20.17920316820888], [-99.94551867069599, 20.178779761730766], [-99.9461327509587, 20.17827127806814], [-99.94644493445233, 20.177856589205724], [-99.94601877716501, 20.17742453897332], [-99.94340414606819, 20.177260849448704], [-99.94294324614964, 20.1770809815033], [-99.94256600233385, 20.17672880634582], [-99.94218357279543, 20.175529025116496], [-99.94233593391051, 20.174703255512004], [-99.94309992819652, 20.172979499554625], [-99.9434720670008, 20.172484249062432], [-99.94368658933033, 20.17195577889864], [-99.94353854263352, 20.171498728192343], [-99.94242815059852, 20.17194228390987], [-99.94082383641565, 20.172767420426833], [-99.93956748980644, 20.17312037970862], [-99.9390950982675, 20.17303227418193], [-99.93848747989016, 20.172590149247974], [-99.9372976664359, 20.17192324531738], [-99.93685960269438, 20.171525570075474], [-99.9365546709429, 20.17111552910753], [-99.93641815082663, 20.170543847132404], [-99.93695000170217, 20.168443931461933], [-99.93693374635605, 20.167756856540873], [-99.93631621865323, 20.165665497297066], [-99.9364038669478, 20.164141528693126], [-99.93680789635708, 20.162912968789804], [-99.93761154400988, 20.161738752768617], [-99.93758316371172, 20.16104035712383], [-99.93696955416134, 20.15960180375588], [-99.93678272072255, 20.15873265417574], [-99.93657422975608, 20.15622591612772], [-99.93671746524595, 20.155904215306983], [-99.93733091454828, 20.155315529834716], [-99.93760634291559, 20.154843847346942], [-99.937760217976, 20.154270076342243], [-99.93763597140236, 20.153732664062876], [-99.93773897089518, 20.1527469567985], [-99.93734677640046, 20.151913697328165], [-99.93681002069776, 20.151161804018567], [-99.93618485448758, 20.150511026689113], [-99.93605403393803, 20.15012129123122], [-99.9356705232463, 20.149490289858747], [-99.93522501162093, 20.149099604305693], [-99.93281341275735, 20.14761509102458], [-99.93218911735906, 20.146777263864884], [-99.93051653388555, 20.145180475665367], [-99.93011082782267, 20.144194465701617], [-99.93010283743929, 20.14350734415507], [-99.9304105209071, 20.14264949721509], [-99.93218863079545, 20.1407771181964], [-99.93312395935169, 20.140184576522284], [-99.93379296205917, 20.13961404257523], [-99.93439045484547, 20.138860189330504], [-99.93745307890934, 20.136671020515642], [-99.9400873754786, 20.133776800899025], [-99.94002264480197, 20.132658991415212], [-99.94107195425597, 20.131451517382178], [-99.9406453760954, 20.128513665658467], [-99.94051344142795, 20.125822495291985], [-99.94097188066604, 20.12383175859995], [-99.9413808857697, 20.123539343040573], [-99.94114356759798, 20.123043818438287], [-99.94125749948103, 20.122421892913177], [-99.94148851278365, 20.121757833592138], [-99.94207121939857, 20.12105019941157], [-99.94223929332, 20.119599638906546], [-99.93652534631902, 20.115078973411787], [-99.93692225107081, 20.112550223119666], [-99.93772319466471, 20.108817961446352], [-99.93677586324236, 20.10716714294167], [-99.93747449342365, 20.106210324625327], [-99.93840479209942, 20.104713689191417], [-99.9385200696283, 20.104340247226933], [-99.93578281549405, 20.102164746963503], [-99.93066593781077, 20.093950338045328], [-99.93031932878974, 20.093239335509722], [-99.92901210743143, 20.091334437026514], [-99.92580373874793, 20.087614001695364], [-99.92459914595618, 20.08684334033763], [-99.92396245864175, 20.08610854183745], [-99.92333834580191, 20.08462706861442], [-99.92306924899701, 20.08376969764472], [-99.92292709074954, 20.082469633175972], [-99.92292491868115, 20.081627981393293], [-99.92321695219574, 20.079350164315112], [-99.92345390183839, 20.078194430650147], [-99.92652126195063, 20.06700518151697], [-99.93045768728939, 20.06188841512497], [-99.9312739140259, 20.06158484584855], [-99.93176653907861, 20.061516911351728], [-99.96310904167896, 20.06053736232617], [-99.96448411502494, 20.061347935040587], [-99.96666315354157, 20.06321139810886], [-99.9694376516127, 20.065313896766497], [-99.97138867978443, 20.06772836160265], [-99.97676154823806, 20.070396977089196], [-99.98237421238215, 20.072353795591717], [-99.98422190385381, 20.073243011364294], [-99.98718662863014, 20.074381406204242], [-99.9888766739882, 20.075271090690233], [-99.99541291844692, 20.077534398861488], [-99.9943348592291, 20.08342084723078], [-99.99674017737642, 20.08693469386717], [-100.00735298917563, 20.08663948214507], [-100.00643247849882, 20.08453443865853], [-100.00672164148419, 20.083602226728065], [-100.00719094240306, 20.082600164980526], [-100.0071858487406, 20.081593858495225], [-100.00775168029043, 20.080628881960433], [-100.00885372625015, 20.080201260592563], [-100.00926270900301, 20.079431621430732], [-100.00538264155608, 20.063502013008932], [-100.00585528896366, 20.063408878797272], [-100.00652363500188, 20.063682105815378], [-100.00722386449729, 20.062957526436204], [-100.01103004529374, 20.05967755476348], [-100.01187733392315, 20.059285063508813], [-100.0145714242228, 20.059586600110237], [-100.01568892597008, 20.059938801624032], [-100.01635496924683, 20.05971884568017], [-100.01724016602361, 20.059647342213292], [-100.0192810673217, 20.060363670590945], [-100.01999725519389, 20.060476191739742], [-100.02068759113541, 20.060244690715653], [-100.02159665141397, 20.060092791590193], [-100.02248303519171, 20.060308044440642], [-100.02453106081263, 20.060473545397738], [-100.02493506466465, 20.059394101134437], [-100.02563935123571, 20.05951369743543], [-100.02615789075351, 20.05797793409301], [-100.02732576924299, 20.057183341166308], [-100.02843698471175, 20.056720432387763], [-100.02943019594498, 20.056134054545264], [-100.03210945725974, 20.053175860521087], [-100.03245476610014, 20.05209679030626], [-100.03384961925272, 20.050058213385583], [-100.0343134026927, 20.049185425353116], [-100.034716816237, 20.048023135788988], [-100.0359424551596, 20.047103861708894], [-100.03687321650042, 20.04589664228951], [-100.03745272283143, 20.044774588602888], [-100.04245849227827, 20.038818884429865], [-100.04290866492639, 20.035709782347805], [-100.04320000948117, 20.035417930492557], [-100.04408131210094, 20.035743344584546], [-100.04524667506577, 20.03457592717141], [-100.04612948507607, 20.0351498079902], [-100.04636848995433, 20.03589366477464], [-100.04742817852787, 20.036632009101897], [-100.05271739916037, 20.038791357911133], [-100.05477166311653, 20.03919162554422], [-100.05624175930998, 20.039927139217582], [-100.0580613054365, 20.040287542054926], [-100.05957857193978, 20.039159061748755], [-100.06086822894166, 20.039150302910663], [-100.06151203520018, 20.038980269611077], [-100.06209236209227, 20.03802379367665], [-100.06267038019278, 20.036694602799912], [-100.06595180456084, 20.036465171347544], [-100.06481752609437, 20.033159762308085], [-100.06539371024304, 20.031540675657737], [-100.06592050119887, 20.031412839751706], [-100.06656247303653, 20.030952901688213], [-100.06732501564368, 20.031030523966695], [-100.06779575579243, 20.031317208383282], [-100.0690241540971, 20.03089466823268], [-100.06967126462645, 20.03126296975948], [-100.07066570245357, 20.03092484778957], [-100.0713110109687, 20.03100325566628], [-100.07189899298152, 20.03128912546345], [-100.07206168094483, 20.02917588284365], [-100.07739762483838, 20.029429118208455], [-100.07992178997294, 20.02999151658276], [-100.08143801395107, 20.028738622072723], [-100.08137262333992, 20.027662305354088], [-100.08254390168965, 20.02748855325201], [-100.08318084784388, 20.026241722885743], [-100.08428461476393, 20.02466034548423], [-100.08398501097602, 20.023627065600103], [-100.08403605183848, 20.02242570139891], [-100.08484959254604, 20.021301885677044], [-100.08530386065738, 20.01897954522895], [-100.08624402045328, 20.019345756415223], [-100.08657475822669, 20.01603032954597], [-100.08704338982662, 20.01598566487909], [-100.0866562382539, 20.01319909834627], [-100.08832891342985, 20.01535552958739], [-100.08740160829142, 20.017018533464707], [-100.08899147922888, 20.018167088998855], [-100.08841007513445, 20.018916582806696], [-100.08841479562331, 20.019662004537025], [-100.08882849733045, 20.020197514155583], [-100.08995396817515, 20.022053325342274], [-100.09031248395944, 20.02312759809119], [-100.09102032568157, 20.0238267113148], [-100.09202019422237, 20.024358130569915], [-100.09307762989957, 20.024723486158926], [-100.0937250296343, 20.025133110772877], [-100.09514050286997, 20.026489891991684], [-100.09661144199255, 20.027349304563874], [-100.09760843792392, 20.027425156417316], [-100.09789939749767, 20.02709180741386], [-100.09783654461907, 20.026429623342313], [-100.09754002633885, 20.025893316854656], [-100.09624018215139, 20.024287262752598], [-100.09605931635265, 20.023501660430718], [-100.09641020869678, 20.023374965134007], [-100.09693773654178, 20.023371275752876], [-100.09776177712527, 20.023903891798092], [-100.09976660403863, 20.025753476508708], [-100.10064928150416, 20.02628566692189], [-100.10252709581997, 20.02660379218018], [-100.10375721737636, 20.02647090125339], [-100.10475420905186, 20.026546712955803], [-100.1054035122389, 20.027246177331264], [-100.10564224430208, 20.027907118294987], [-100.10758672358955, 20.029467135789016], [-100.10858480569907, 20.029708572875947], [-100.10958396241632, 20.030115652085023], [-100.11034973039999, 20.0306900317293], [-100.1105895617374, 20.03151661236131], [-100.11065998288065, 20.033338323454455], [-100.11107352703058, 20.03383236308583], [-100.11177908921583, 20.034158678518338], [-100.11265916404712, 20.03427668525469], [-100.11342012084427, 20.03410563560986], [-100.11488475835311, 20.033971002297548], [-100.1158215638338, 20.033798693984505], [-100.1169320603057, 20.03329383557888], [-100.11769489776343, 20.033412650912847], [-100.11834131206037, 20.033656533016458], [-100.11881268658499, 20.034025900566522], [-100.11934998717, 20.03551296815144], [-100.11929623963393, 20.036258798417684], [-100.118717897611, 20.03746391659358], [-100.11860336405964, 20.037878869648548], [-100.11901559189896, 20.03816582968527], [-100.1195439770829, 20.038286305991175], [-100.12154326982808, 20.039224561368123], [-100.1221883565285, 20.039261369052138], [-100.12249183362047, 20.039133788007355], [-100.12327409798763, 20.0391337282856], [-100.12417951798349, 20.03895724130642], [-100.12499774060171, 20.03857866354407], [-100.12593156314931, 20.037950772194556], [-100.12645777173272, 20.03773993401068], [-100.12704559689199, 20.03798420273346], [-100.12740058398111, 20.038478621152137], [-100.1281042870235, 20.03851498696141], [-100.12863349812088, 20.038759670725344], [-100.12887097984492, 20.039213515715385], [-100.12963603923066, 20.039663570876804], [-100.13192439341347, 20.039978424804897], [-100.13263029648586, 20.04034606506562], [-100.13316390909532, 20.041253320083012], [-100.13335129318084, 20.04299133954252], [-100.13423307567436, 20.04335770508958], [-100.13564190073393, 20.043637434952533], [-100.13693431423582, 20.04404223520963], [-100.13799445427675, 20.044780013841546], [-100.13776575631779, 20.04565135130999], [-100.13771264635797, 20.046480005306833], [-100.13807182167749, 20.047595571697475], [-100.1392495126373, 20.048373904360027], [-100.14159967219979, 20.049143727054588], [-100.14277822215915, 20.050046268912553], [-100.1435594499953, 20.052898119711074], [-100.14557156066876, 20.055699596913268], [-100.1461644836789, 20.056689200938575], [-100.14687355348018, 20.05751230292525], [-100.15015157610816, 20.056742948403727], [-100.15144189525361, 20.056816344600506], [-100.15508592360587, 20.058156299269207], [-100.15626321258004, 20.058851687339796], [-100.157321854192, 20.05934087259217], [-100.15785623699757, 20.06033086337129], [-100.15838809550664, 20.060948151882926], [-100.15926946888375, 20.061231561808643], [-100.1605020438734, 20.0614295547517], [-100.1616204705803, 20.062083925169976], [-100.16221069464888, 20.062659357799074], [-100.16233472514602, 20.063652358686564], [-100.16134200135234, 20.064239461911747], [-100.16011334805124, 20.064621231352152], [-100.15917642263807, 20.06479378031382], [-100.15847625910173, 20.06529588887173], [-100.15900841923924, 20.06595458533317], [-100.15977425459857, 20.066487320358917], [-100.16036110730548, 20.06656582544081], [-100.16159146784878, 20.06643252002164], [-100.16188828144112, 20.066968702464344], [-100.16165884503772, 20.067715830634576], [-100.15744933737581, 20.069486169612787], [-100.15722071990248, 20.070357526356066], [-100.15711020484541, 20.07135225457305], [-100.15782164973854, 20.072506593968278], [-100.15777455132664, 20.074204879575863], [-100.15853929838028, 20.074571973413317], [-100.15965415034168, 20.074688007427486], [-100.16053729605011, 20.075219872923], [-100.16153517138639, 20.075378169792664], [-100.1625905502828, 20.075370384194947], [-100.16329696370657, 20.075779300249838], [-100.16382974684198, 20.076520800639504], [-100.16371898862882, 20.077474119481817], [-100.16436649832147, 20.077842052699346], [-100.16530349326395, 20.077669472896225], [-100.16606203552927, 20.07712549148787], [-100.16663729977068, 20.07550612481459], [-100.16698426889674, 20.074799534105708], [-100.16774563094727, 20.074669655634256], [-100.1692139838139, 20.075031487613366], [-100.1699221184589, 20.07568884180099], [-100.17040313083139, 20.077424617240183], [-100.1707591988232, 20.078043167993844], [-100.17169675609588, 20.077953376285535], [-100.17239635818572, 20.07736839362007], [-100.17268353106077, 20.076496585505463], [-100.17232403780844, 20.07538110837749], [-100.17237012355868, 20.07355859426989], [-100.17295016022533, 20.072643195062685], [-100.17382648341318, 20.072181132030586], [-100.1749959539461, 20.071716881340993], [-100.17581878318177, 20.07200064063519], [-100.1763993662519, 20.071168052881287], [-100.17686583218585, 20.070791857202266], [-100.17757053957118, 20.070952250706753], [-100.17833703166012, 20.071567722213423], [-100.17922021710243, 20.072099492200955], [-100.1816887387223, 20.072950697591004], [-100.18262769542275, 20.073067903254145], [-100.18298322336707, 20.073603606318038], [-100.18281279976914, 20.074391728143034], [-100.18135707830244, 20.07585208268465], [-100.18095441523842, 20.076973244568656], [-100.18078484090809, 20.07788559701733], [-100.18038130737014, 20.078882525626284], [-100.17950812714903, 20.079800139863345], [-100.17892925363816, 20.080881202258055], [-100.17917182614421, 20.082038949725526], [-100.17976391306219, 20.082862779814576], [-100.18058364713777, 20.082690995420354], [-100.18134244380505, 20.082188360800767], [-100.18234124162747, 20.082470768774666], [-100.18363004443931, 20.082295454713407], [-100.18438796357046, 20.081668575598627], [-100.18543067407963, 20.07983858302307], [-100.18730636132801, 20.079741659927954], [-100.18823986283331, 20.079072031819944], [-100.18887556019727, 20.077742037133792], [-100.1892206939179, 20.076786944036698], [-100.19003429803938, 20.075745495204927], [-100.1914365256817, 20.075030906003782], [-100.19284048324268, 20.074564769636726], [-100.19448186533555, 20.07451095498738], [-100.19542433142584, 20.075125017930645], [-100.1961142565853, 20.076114813572428], [-100.1958234496713, 20.07598868381067], [-100.19517546201504, 20.07656247499522], [-100.1934110657289, 20.077830566050295], [-100.1930506768021, 20.078861077427998], [-100.1929802970514, 20.08010037122575], [-100.19343274541154, 20.081632824606544], [-100.19400799414063, 20.082546277385696], [-100.19539451807258, 20.084126957128323], [-100.19508575721359, 20.085860414113544], [-100.19405738578901, 20.089530924976707], [-100.19551353899962, 20.089954955684167], [-100.1973697844494, 20.091291119679738], [-100.19835393893274, 20.092207568575557], [-100.1987576153548, 20.092747793595326], [-100.19904050582929, 20.093700398123264], [-100.20007673719198, 20.095278450850476], [-100.20234511297882, 20.096286971727352], [-100.20444106411696, 20.097004909237246], [-100.20600740154758, 20.098132212042604], [-100.20647229676219, 20.098383576828873], [-100.20857263669477, 20.098646899350527], [-100.20903437866512, 20.09922884858588], [-100.20862038251337, 20.099763072637536], [-100.20948112639536, 20.10138110562609], [-100.20965596080174, 20.101423708914115], [-100.2089459640262, 20.10236904073864], [-100.20917013070537, 20.103362521245916], [-100.20980909426464, 20.10373912731261], [-100.2105400389735, 20.106719988369868], [-100.21064503367664, 20.107960556910303], [-100.2104591507272, 20.10907502368423], [-100.20969347575581, 20.109730666043987], [-100.2085788953487, 20.110218450461847], [-100.2075756033977, 20.111285616704684], [-100.20768255496158, 20.1123195679534], [-100.20691329596987, 20.113347114527127], [-100.20643412337837, 20.1145834141081], [-100.20520148165235, 20.11519429643311], [-100.20466664542722, 20.116140896923415], [-100.20389061786204, 20.117870938416353], [-100.20346942963785, 20.119148983144107], [-100.20287139987742, 20.1205910378391], [-100.20251931332557, 20.120753763303966], [-100.20170068250941, 20.120830411347196], [-100.20140304576908, 20.121406802613475], [-100.2010962850071, 20.122933643696562], [-100.20062140475001, 20.123715366836127], [-100.19985720619913, 20.12420567543526], [-100.19897338582103, 20.124984389489626], [-100.19812530239926, 20.125503672747588], [-100.19803581536718, 20.12943853637794], [-100.235965999756, 20.142853717951397], [-100.23433665239155, 20.144647157853257], [-100.23310849560491, 20.145153684222493], [-100.23223347978116, 20.14582309814627], [-100.23135543767579, 20.146078411671322], [-100.22977139692446, 20.146049331310568], [-100.22855435544426, 20.14808798517402], [-100.22785768545063, 20.14908728827558], [-100.22709843765342, 20.1495487185995], [-100.22645259408817, 20.14947090911585], [-100.2260404828517, 20.149267047467692], [-100.22522136867053, 20.149563286339372], [-100.22434119198284, 20.149528698352466], [-100.22369474946191, 20.149368059193574], [-100.2228762290979, 20.149747106913413], [-100.22211636332322, 20.15012569712024], [-100.22136188145817, 20.151249660112303], [-100.21961346372008, 20.152836833763235], [-100.2191456793046, 20.153047507118117], [-100.21838250378649, 20.152970574505236], [-100.21663403605366, 20.154557720808093], [-100.21447073881286, 20.155568274151346], [-100.21365364910415, 20.156154330868223], [-100.21342792428192, 20.15739843149096], [-100.21214657564322, 20.1586920583629], [-100.2121510310619, 20.159313206480086], [-100.21098193776388, 20.159901956294338], [-100.21057485906205, 20.16040202722917], [-100.20922976221917, 20.16099211677561], [-100.20930205624038, 20.16289652253269], [-100.2070144641108, 20.162955463032738], [-100.20433421946116, 20.165543520006572], [-100.20369450928128, 20.16633523931468], [-100.20317949389457, 20.168161310008394], [-100.2032086846556, 20.172260895831126], [-100.2010435822125, 20.17306424916429], [-100.2010471143118, 20.17356116887278], [-100.19913751128777, 20.17336850308224], [-100.18818223242357, 20.177596512031716], [-100.18845246639702, 20.17987148200491], [-100.18919781163281, 20.181364752675044], [-100.18936275804646, 20.182440466177837], [-100.1895181337726, 20.18450794993515], [-100.18896982063978, 20.186818196797176], [-100.18721456887327, 20.187011856852482], [-100.18708809735216, 20.18800276322812], [-100.18719419683602, 20.189119369862446], [-100.1879543509876, 20.189083663291125], [-100.18854476394974, 20.188468125484892], [-100.18871250940748, 20.189254572265135], [-100.18863571060852, 20.19115503346393], [-100.18878670326819, 20.193677077078977], [-100.18933924332734, 20.19698729040878], [-100.1908317397766, 20.199808510600615], [-100.19098915640791, 20.20166936880963], [-100.192144173629, 20.203124307626354], [-100.191787913854, 20.20370025674247], [-100.19154775188836, 20.204359713567612], [-100.19101773465228, 20.20476907511593], [-100.19043085954195, 20.205012709663944], [-100.18990083708104, 20.20542206807076], [-100.18894178841555, 20.207007677698545], [-100.1878287927404, 20.20813440586241], [-100.18803710289676, 20.208628956855122], [-100.18618181315115, 20.20919665698175], [-100.19971281796336, 20.218470649905523], [-100.20063502100739, 20.219841162773402], [-100.202838894269, 20.221675613428157], [-100.20783450212782, 20.225018083203803], [-100.22042659308846, 20.22874580190001], [-100.2216444430724, 20.22978770637665], [-100.22321967525897, 20.230129624125244], [-100.22572518031262, 20.23101542854677], [-100.22764496722847, 20.23202098668398], [-100.22969216187825, 20.231911632999406], [-100.23115283668959, 20.23200470436664], [-100.23226508644649, 20.231847327004846], [-100.23518025699563, 20.232694583284992], [-100.2366970830966, 20.23303596146791], [-100.23850928965828, 20.23304881381884], [-100.23990882314313, 20.233430658041534], [-100.24048840458464, 20.23397199393915], [-100.24124951977096, 20.233853400343715], [-100.24236561169533, 20.233282729282788], [-100.24318671624548, 20.232999248726646], [-100.2446504723671, 20.232761623329093], [-100.24582423405336, 20.2322739893479], [-100.24681840051807, 20.232239665357586], [-100.25231190513034, 20.23244355502337], [-100.2524598016715, 20.235420028274877], [-100.2536137282291, 20.237081128741213], [-100.25348270100494, 20.238609254215625], [-100.25423620358339, 20.239317059506742], [-100.2548082364889, 20.24068479956709], [-100.25542579676171, 20.243457919417867], [-100.25674950047323, 20.245740059090096], [-100.25726045729627, 20.24739663885897], [-100.25776116552473, 20.250168929265897], [-100.25717196011169, 20.250660725455035], [-100.25581966530589, 20.251477797162217], [-100.2566225819349, 20.25317774032224], [-100.25924290030082, 20.254353108621483], [-100.26150980601939, 20.255815257239618], [-100.26442215806928, 20.25703389654006], [-100.26640398685105, 20.257708822206954], [-100.27037597656465, 20.258149508125914], [-100.28006683505416, 20.27276243659281], [-100.28252678071698, 20.272324658659855], [-100.2834541323618, 20.27324012772387], [-100.28530626178961, 20.27536030488721], [-100.28653010855962, 20.275823199706338], [-100.2884623329144, 20.275547048196376], [-100.28990894914286, 20.277251171501657], [-100.29164278121081, 20.279535769543383], [-100.29489296294449, 20.282285153797922], [-100.29606026091784, 20.282540972220215], [-100.30044483932369, 20.28269444034683], [-100.30143745563299, 20.282866400252], [-100.30389454192833, 20.282758893199414], [-100.30553419748865, 20.283217001566307], [-100.30769322543213, 20.284151885010512], [-100.29748172579532, 20.284691494915588], [-100.2960737113359, 20.284827275435404], [-100.28376260011491, 20.287205361845043], [-100.27566173270012, 20.2873952551767], [-100.25876345947556, 20.288856170033306], [-100.25853485138491, 20.28968621615594], [-100.255543156256, 20.29786805524239], [-100.25039662129, 20.308468820342068], [-100.24863144174014, 20.315853999634736], [-100.24892597175173, 20.31597589506131], [-100.2500484737403, 20.31687802349498], [-100.25017397123764, 20.31795371247061], [-100.25117222913696, 20.317945778034314], [-100.25152765761608, 20.318357061428447], [-100.25170661370132, 20.31872833684696], [-100.25176843806926, 20.31914195481107], [-100.24812894091248, 20.319336512803627], [-100.24790982877106, 20.32145021285805], [-100.21740708170694, 20.318169578829202], [-100.21038611037163, 20.321785349072556], [-100.2086340473854, 20.323123974110974], [-100.20881440456947, 20.323702343969845], [-100.20881859007224, 20.324282072033608], [-100.20858787732166, 20.324863611160435], [-100.20876823672216, 20.325441980860965], [-100.20830531191339, 20.32639801305276], [-100.20771865736687, 20.32648535707751], [-100.20748315910781, 20.32640434850853], [-100.20747632670589, 20.32553283184504], [-100.20735645185421, 20.32512156926284], [-100.20688695244347, 20.325166596423923], [-100.1995074889577, 20.327997834974045], [-100.19897895501478, 20.328001881892806], [-100.19856609516086, 20.327756572687424], [-100.19528541832635, 20.32889976155887], [-100.19070547333284, 20.33729981365821], [-100.19012170695616, 20.337801194705133], [-100.18923752458497, 20.337352390999857], [-100.183398641733, 20.358847906414045], [-100.18116688917269, 20.358906208226063], [-100.17721571528905, 20.356699811912534], [-100.17436496948832, 20.35224881517818], [-100.17377239066366, 20.351507859984224], [-100.1720042453197, 20.35065149629382], [-100.17011228917414, 20.348884982922687], [-100.17233637874482, 20.347750180185816], [-100.17298274286523, 20.347786737712063], [-100.17385070140917, 20.34591668709565], [-100.17598344661606, 20.340144412158566], [-100.17557203861308, 20.340106096605165], [-100.17486088141581, 20.33920038756768], [-100.17415263244102, 20.338708771116178], [-100.17280211834529, 20.3387603283937], [-100.17250528021292, 20.3383070271867], [-100.17179704238801, 20.337815400570847], [-100.1712667344983, 20.337570907498666], [-100.17062041305427, 20.337534341476893], [-100.1697380157745, 20.337333894230856], [-100.16831609069301, 20.33556382982396], [-100.16778204861421, 20.334780999275186], [-100.16630460711771, 20.333466862032203], [-100.16506641563481, 20.332772104428336], [-100.16406314807985, 20.332075585945592], [-100.16335094673852, 20.33100418500438], [-100.16275879175096, 20.330304593960943], [-100.15934200772678, 20.328797767978656], [-100.15833850503185, 20.32805980395035], [-100.15704194901025, 20.327406831046083], [-100.15527132045598, 20.326136178555593], [-100.1516178055553, 20.32434106216146], [-100.15073210125242, 20.323643593736318], [-100.14972952097415, 20.323029806355258], [-100.1483155907772, 20.322377630400847], [-100.14870485433951, 20.321918716021496]]]}}, {"type": "Feature", "id": 2, "properties": {"id": 2, "municipio": 2, "nombre": "Arroyo Seco", "cve_mun": "002", "clave_entidad": 22}, "geometry": {"type": "Polygon", "coordinates": [[[-99.75313159459819, 21.544986140830627], [-99.74744758194468, 21.578365005781126], [-99.71363429774203, 21.57256980531734], [-99.70906832094964, 21.57203853957377], [-99.70655716507395, 21.570948549098894], [-99.704921312969, 21.56890870380103], [-99.69862798512871, 21.5721985354833], [-99.68285852305348, 21.571433505201806], [-99.67294994656535, 21.56948188813213], [-99.66679356070051, 21.576987026657754], [-99.66592317929478, 21.575284540614383], [-99.66012793185733, 21.569485974125335], [-99.65927131410287, 21.566337177960236], [-99.65471773477967, 21.560508731954002], [-99.64982458490798, 21.55314787876805], [-99.64657574524487, 21.546876921297223], [-99.64381388813365, 21.545321668556273], [-99.6398228794522, 21.53639864584471], [-99.63749457389831, 21.532781100692596], [-99.63184240921171, 21.523481727290836], [-99.60643140825987, 21.49317330784941], [-99.60343042357484, 21.49213348403676], [-99.602281345425, 21.491280484091234], [-99.6013487235065, 21.490031586221782], [-99.60022757712416, 21.48993798704738], [-99.59918095233084, 21.488274696040907], [-99.59745307157179, 21.483835845750576], [-99.5770605451651, 21.473923248410728], [-99.57355141601465, 21.466343559247584], [-99.5654027446922, 21.456968101450272], [-99.55790939622138, 21.45151939232908], [-99.55337707331269, 21.45112224758549], [-99.5455210980009, 21.446098706797404], [-99.5295157248093, 21.437702631127507], [-99.52396371586596, 21.434200283129066], [-99.52628964774469, 21.428234203154364], [-99.52310765792303, 21.42823734286041], [-99.52063130285248, 21.427082022640498], [-99.51727090645264, 21.425762111107886], [-99.51520772078989, 21.42510248602414], [-99.51149217183848, 21.42237697863685], [-99.50877957346623, 21.42060148326484], [-99.50742346960747, 21.41985843394333], [-99.50276687797275, 21.418373974173026], [-99.49952672838562, 21.41887287997323], [-99.49239883455688, 21.420449882943362], [-99.48933589408605, 21.421444621299607], [-99.48804083970592, 21.42264469446646], [-99.48557381623561, 21.43017179565902], [-99.4844564133633, 21.43232269758743], [-99.48304298932405, 21.433150695013772], [-99.48174657204464, 21.433151647545344], [-99.48050962011934, 21.433690063114344], [-99.47738601544333, 21.43327882000044], [-99.47544162580462, 21.43352826371057], [-99.47408734325805, 21.434645577460326], [-99.4726738759377, 21.43551483603603], [-99.4710830227772, 21.435763990116715], [-99.45905344643215, 21.426385703213086], [-99.4365176444834, 21.388771149673875], [-99.4186683983935, 21.38997742458576], [-99.41790114426412, 21.387496816366422], [-99.41836794662541, 21.379640547426], [-99.41205686429758, 21.364385197190828], [-99.41052188866466, 21.357480532578847], [-99.40939853779516, 21.349004497814867], [-99.41034017965993, 21.347681081663495], [-99.41163540400946, 21.34681238316723], [-99.4258365981916, 21.339803649045553], [-99.42723795724184, 21.339860452682174], [-99.43053553814785, 21.339362940518576], [-99.43236091038608, 21.338990041000343], [-99.43444155854722, 21.338156738893293], [-99.43654222091351, 21.33915359097138], [-99.43766113222357, 21.33907039868589], [-99.44095749966931, 21.33696010927621], [-99.44213481712379, 21.336297975464028], [-99.4463153228194, 21.335427594314243], [-99.4474340919521, 21.335261630055395], [-99.44884736745155, 21.335178200657893], [-99.45061410482187, 21.335259963257254], [-99.4523806932103, 21.335217664513117], [-99.45397088355614, 21.335382182547654], [-99.45526666199164, 21.335753567655527], [-99.46144704116567, 21.3321527354244], [-99.45837825393836, 21.32421572213156], [-99.45619684809829, 21.320950473489162], [-99.47910586457174, 21.32445054131575], [-99.49577322549963, 21.327332696500083], [-99.49771523519902, 21.326131712726887], [-99.49736088058141, 21.32518100016698], [-99.49824374085406, 21.324808151844547], [-99.4938204512228, 21.31840284115268], [-99.49158504451884, 21.320389171243026], [-99.47478685561549, 21.302787160655683], [-99.47596229519891, 21.300594917707112], [-99.47455010835469, 21.301464181833456], [-99.47384410528664, 21.302002179646017], [-99.47360922002284, 21.302663905442625], [-99.47384569037001, 21.303697449277305], [-99.47284502257556, 21.30394620313743], [-99.47078441353172, 21.304030241103515], [-99.47037183379383, 21.303534341620527], [-99.47090172063126, 21.30353399777396], [-99.47096010481484, 21.302996434771735], [-99.4713126403347, 21.302210591475212], [-99.47237125713028, 21.30096945474597], [-99.47248828061534, 21.300183764010885], [-99.47189926310989, 21.29997741875214], [-99.47066298488984, 21.30010225421651], [-99.47013316876752, 21.300061256441836], [-99.46848426182044, 21.299607483545323], [-99.46789521832073, 21.299277072039374], [-99.4673644259719, 21.29824370376783], [-99.46765828053151, 21.297664645041486], [-99.46695094845778, 21.29671408259119], [-99.46636170077622, 21.29613557665637], [-99.46624326065069, 21.295350035729143], [-99.46647820472135, 21.294729667363786], [-99.46559471274901, 21.294275385959878], [-99.4647110458891, 21.29361435912666], [-99.46482814127154, 21.292870020527882], [-99.46470985640869, 21.292249870586073], [-99.46441456224608, 21.291174998802312], [-99.46353045087055, 21.290017881546532], [-99.4635299555328, 21.289397564818554], [-99.46364712542324, 21.28873592294972], [-99.46323453361386, 21.28815729766796], [-99.46458839061297, 21.288073784653996], [-99.46717957337613, 21.28898183562554], [-99.46853389255013, 21.289311766815047], [-99.46982900967082, 21.289269591672454], [-99.47059421496198, 21.289145053930646], [-99.47171046346973, 21.286663472966506], [-99.47412501922656, 21.287612851782008], [-99.47571423405276, 21.287322346244284], [-99.477480130563, 21.287114400673534], [-99.48024648251958, 21.286574950455726], [-99.48195333004692, 21.28620160736439], [-99.48371878988218, 21.285580116064242], [-99.48501407589983, 21.28574456511846], [-99.4859557720652, 21.285537132594165], [-99.48707360756785, 21.284874734899272], [-99.4884272478751, 21.28454293735983], [-99.49013568752875, 21.285740737516722], [-99.49107867709151, 21.286773717269902], [-99.49313954820806, 21.28718560177933], [-99.49549424374595, 21.287101051247262], [-99.49796563295398, 21.286065368952908], [-99.49908227676175, 21.284369192880852], [-99.50149468016158, 21.28329215985607], [-99.50202328554535, 21.28221667196284], [-99.50261191474374, 21.282174832768234], [-99.50302347409504, 21.28171965993641], [-99.50361191356633, 21.281512425382665], [-99.50396544590387, 21.281801563420387], [-99.50431945012042, 21.282504180367187], [-99.50543848013285, 21.28304071921363], [-99.50673364483879, 21.283039643690827], [-99.50743986751442, 21.28287364236066], [-99.50820620797391, 21.283782633402577], [-99.50879503439934, 21.28390616425656], [-99.50950135569617, 21.283822850124935], [-99.50979613380426, 21.284194722996546], [-99.50985553683378, 21.2846494984208], [-99.5095615826693, 21.284980540448323], [-99.50862007089913, 21.28531214806089], [-99.50767908294681, 21.28609857772945], [-99.50750362695841, 21.28709108101615], [-99.50827182176401, 21.289571291598772], [-99.50786078657767, 21.29048130394857], [-99.50768518312701, 21.29134976327569], [-99.5078035986694, 21.29192853173171], [-99.50856902339642, 21.292010561274335], [-99.50951135464797, 21.292340519606892], [-99.50986535269436, 21.29300175653383], [-99.5132793807286, 21.292543906910584], [-99.51250822164053, 21.287665544512024], [-99.51621574906342, 21.28662848498585], [-99.52422148399542, 21.286248818152004], [-99.52981419900182, 21.286367371662905], [-99.53087314383701, 21.286035609981464], [-99.53587820590516, 21.28673333933625], [-99.5377036551281, 21.28710357156458], [-99.53876307416834, 21.286937069720477], [-99.54165186109404, 21.289952394913477], [-99.54323936048623, 21.290753807180547], [-99.54253051741036, 21.29083530246661], [-99.54217637562179, 21.290959033502848], [-99.54170432552819, 21.291165499330994], [-99.54123269341275, 21.29149644062987], [-99.54082085153995, 21.29203496675381], [-99.54064566335747, 21.29265697606401], [-99.54218769505935, 21.29425198753215], [-99.54224916551115, 21.296112569763846], [-99.5426039062717, 21.297187229533062], [-99.54354593538575, 21.29722756127684], [-99.54407573588722, 21.29718563985135], [-99.54472299011717, 21.29693685041003], [-99.54436817636557, 21.295820847732443], [-99.54483828035491, 21.295200120727152], [-99.54625004013397, 21.294371623487205], [-99.54707312601714, 21.293585111967012], [-99.54836842254454, 21.293666375305005], [-99.54913464998602, 21.294285739025376], [-99.55025351733568, 21.294491227258153], [-99.55078264428063, 21.293994461073584], [-99.55036838134136, 21.292506408907222], [-99.55048546357612, 21.292051452843708], [-99.55254552668897, 21.291759695371624], [-99.55748857657963, 21.290348196553133], [-99.55713485961397, 21.290017826202295], [-99.56043121348952, 21.289765880832018], [-99.56890706488929, 21.288846013709005], [-99.5742023310953, 21.2869787717126], [-99.5752034357124, 21.287184243309678], [-99.58404292464988, 21.29263067583133], [-99.58982108865453, 21.297750027128274], [-99.58182151853744, 21.302060825145716], [-99.57947191652286, 21.305330336148153], [-99.58123854270256, 21.305534774765206], [-99.6008304216688, 21.330564489002633], [-99.58777648660111, 21.3415396320826], [-99.587483024936, 21.342118889590886], [-99.58589508570319, 21.34336144159213], [-99.5843078185112, 21.345017450574396], [-99.58230597964042, 21.345309532835362], [-99.5890902441958, 21.352081391104623], [-99.59940844984702, 21.358558537237315], [-99.60028937463032, 21.357151480969183], [-99.60152530463554, 21.35665354724436], [-99.6033476267609, 21.35474895728122], [-99.60434733974338, 21.35392056788861], [-99.60475831954244, 21.353217070657898], [-99.60564037685924, 21.352471538933514], [-99.60705247424961, 21.351725226054995], [-99.60763912299709, 21.350483952275233], [-99.60881600098959, 21.349944706030012], [-99.6100525350698, 21.349818833820745], [-99.61140607846816, 21.349279307377977], [-99.61211279815988, 21.349278251182703], [-99.61287965812713, 21.34993865452173], [-99.64124146800258, 21.337944429242686], [-99.63799878135954, 21.33608919475624], [-99.63740651571611, 21.334436291696647], [-99.63280281287884, 21.329234078012725], [-99.63366987700896, 21.321211349403505], [-99.63525574099984, 21.319265460729483], [-99.63442998242155, 21.318563904374592], [-99.63295812847835, 21.318648983287467], [-99.63236823895129, 21.318112423457976], [-99.63313160367301, 21.31707751408131], [-99.63407427262652, 21.31736541694871], [-99.63448635126447, 21.31732340085256], [-99.63519300694074, 21.31740493645665], [-99.63601698687145, 21.31719686579122], [-99.63689926218903, 21.3167406043871], [-99.63795749406265, 21.315953272653392], [-99.6397233747598, 21.31570227593689], [-99.63971886080128, 21.313510889946077], [-99.64001265783006, 21.313220974021398], [-99.64001078266959, 21.312311341950366], [-99.64083499281467, 21.312268627315916], [-99.64118646555312, 21.311399754845688], [-99.64029962944205, 21.30962330420914], [-99.64135214538533, 21.306107054901272], [-99.64258664684857, 21.30519536083731], [-99.64552365345463, 21.301965356651095], [-99.64646172641665, 21.300103152567292], [-99.64869926264286, 21.300264737306776], [-99.64993624098902, 21.300593380692984], [-99.65075965386801, 21.300178514487865], [-99.65181442193645, 21.297861263923213], [-99.65293006942193, 21.296494883677056], [-99.65381216818707, 21.29603853693453], [-99.6547545602539, 21.2962436332731], [-99.65587401776216, 21.29665514988918], [-99.65711032652328, 21.29665298356831], [-99.66075656177316, 21.294909967662086], [-99.66216581728425, 21.293253577230047], [-99.66234242856862, 21.293253261815583], [-99.66328325644524, 21.29275541451409], [-99.66681463529464, 21.29237692664699], [-99.66752033358588, 21.29204487007327], [-99.66816650841898, 21.29142349022051], [-99.66881109520793, 21.290099212399497], [-99.66880932653667, 21.289313623146644], [-99.66892576050834, 21.28873455305406], [-99.66951342000903, 21.288278662951644], [-99.670749281091, 21.288111011117127], [-99.67252229454981, 21.291167421461285], [-99.67306117328255, 21.295135730477085], [-99.67808627983976, 21.30422266607255], [-99.68109149429614, 21.305333347980337], [-99.69341899422231, 21.314653830716964], [-99.70431709873348, 21.31686467325014], [-99.70525212873896, 21.314051194935804], [-99.7056966771338, 21.313403431071368], [-99.7075653080002, 21.314545831055668], [-99.71073476900017, 21.315048815055718], [-99.71349678500026, 21.314770477055564], [-99.71421112300021, 21.31401004605562], [-99.71516867700022, 21.313757985055627], [-99.71891104600023, 21.313917292055592], [-99.73725312300024, 21.31288496905561], [-99.73658303100024, 21.31174469205562], [-99.7360084000002, 21.310955215055575], [-99.73553946200022, 21.310497815055633], [-99.73487676900027, 21.30948435405559], [-99.7347129230002, 21.309521754055513], [-99.73476136900022, 21.30926253805555], [-99.73425053800023, 21.30828053805564], [-99.73380392300022, 21.303981692055462], [-99.7341611540003, 21.301443923055388], [-99.75242473800019, 21.29178340005533], [-99.75549289200022, 21.292147969055232], [-99.75688606200029, 21.292077815055258], [-99.75789356900027, 21.292140369055247], [-99.76299770800026, 21.29817338505542], [-99.76533920000027, 21.301434892055436], [-99.76572347700018, 21.3033504150555], [-99.76690684600031, 21.30345840005554], [-99.76794507700025, 21.30480080005549], [-99.77026360000023, 21.306760400055452], [-99.77119369200028, 21.307451154055503], [-99.77235510800027, 21.308023554055552], [-99.77244536900027, 21.308596985055587], [-99.77218627700024, 21.309261369055573], [-99.7752978620002, 21.31089330805563], [-99.77904156900027, 21.31267598505568], [-99.77942652300032, 21.312723231055656], [-99.77993480000028, 21.313028169055684], [-99.78073878500028, 21.314523062055628], [-99.78108612300022, 21.315513954055653], [-99.78400309200028, 21.32014956905571], [-99.78779083100022, 21.32962172305593], [-99.78487840000031, 21.32786850805587], [-99.78490772300025, 21.330148154055916], [-99.78478629200023, 21.3313011230559], [-99.78430809200027, 21.332517708056017], [-99.77788787700028, 21.342263615056126], [-99.77756527700026, 21.34323543105612], [-99.77782375773607, 21.343247351209758], [-99.77763234361933, 21.34398608182527], [-99.77728064035963, 21.344482756135424], [-99.7771651113385, 21.345309902476757], [-99.7772853332892, 21.346302124076303], [-99.77722938161361, 21.34741863467873], [-99.7772907739407, 21.348410936311662], [-99.77711523693209, 21.34878332101436], [-99.7760011427795, 21.350232069793513], [-99.77547313250754, 21.350811679213802], [-99.77394685292207, 21.352136925992856], [-99.77353797545996, 21.353295260613926], [-99.77324507145121, 21.353791847768036], [-99.77277523956312, 21.354123274406543], [-99.77183441191417, 21.354331281854087], [-99.77148192933254, 21.35453849980733], [-99.77130805202053, 21.355572467279583], [-99.77154507533403, 21.356233741533906], [-99.77154886142783, 21.357722315146958], [-99.77131530416013, 21.358425566845348], [-99.77084692324897, 21.35933587816701], [-99.77014318837958, 21.360246500954496], [-99.7697336321629, 21.361156731214088], [-99.76914713939392, 21.36190179698189], [-99.76862052289877, 21.36306027584489], [-99.76874018386523, 21.363845756492893], [-99.76986754675553, 21.36756570832879], [-99.76986828042048, 21.367855152936478], [-99.77004637374627, 21.36847515684729], [-99.77028225988953, 21.368681589999525], [-99.77075308852267, 21.36872231229295], [-99.77210578619619, 21.36847240729362], [-99.77269429519025, 21.36851296626643], [-99.77351890678126, 21.368842650009146], [-99.77593296339292, 21.369459613986773], [-99.776346234626, 21.369996590658104], [-99.77564578648789, 21.37218905976813], [-99.77547138979891, 21.373016283383198], [-99.77577007462561, 21.374752546466787], [-99.77577177931991, 21.37541413270114], [-99.77589159715279, 21.376240954780275], [-99.77624881873427, 21.377853088264338], [-99.77595545153805, 21.378184283423113], [-99.77566549282288, 21.37983864995314], [-99.77566709132604, 21.380458886689365], [-99.77490614696234, 21.38203119547626], [-99.77467246502148, 21.38269310139631], [-99.77455657987946, 21.383396196236767], [-99.7747940921721, 21.38422285834986], [-99.7751489817265, 21.384925312341874], [-99.77644767296655, 21.386494808353447], [-99.7766262466637, 21.38728019868377], [-99.77709863476555, 21.387899788155625], [-99.77686452642321, 21.388396300399002], [-99.77680685490931, 21.388851220918895], [-99.77710345249783, 21.389760495854823], [-99.77728524833317, 21.391786356362225], [-99.77722886277616, 21.392737465335525], [-99.77687897424822, 21.393978422218165], [-99.77623332891096, 21.39464089555098], [-99.77505812506526, 21.395345438919847], [-99.77494180778292, 21.395883137042162], [-99.77488593900277, 21.397040990476235], [-99.77465180960141, 21.397537499761537], [-99.77424314304994, 21.39881988065028], [-99.7734587165756, 21.40004965192596], [-99.77351486753017, 21.400463173460047], [-99.77339108909288, 21.401412731552423], [-99.77320742088531, 21.402527196174812], [-99.77278445994173, 21.404259970482943], [-99.77206951721615, 21.40566041918138], [-99.77212566696522, 21.40607394095974], [-99.77265266229638, 21.406449016448384], [-99.77300265917033, 21.40690564719726], [-99.7736481051944, 21.407157487583927], [-99.77453097610028, 21.40708022745232], [-99.77506117761597, 21.40695949987828], [-99.77559217692017, 21.40671482186622], [-99.77606248943883, 21.406758998568794], [-99.77977596913074, 21.414755863671495], [-99.77976457444507, 21.416532459838397], [-99.77993575440281, 21.417359851555105], [-99.77945480465229, 21.41896833404482], [-99.77903824121564, 21.419709531800017], [-99.77826950298848, 21.42032464123569], [-99.77755878958055, 21.42106405261715], [-99.77642988942101, 21.422792549878338], [-99.77530389112061, 21.42406656201174], [-99.77494692122356, 21.42468415918748], [-99.77464771274386, 21.425467378115428], [-99.77464318472575, 21.4261697531127], [-99.77499243799184, 21.426750325541352], [-99.77551978242307, 21.427084072470304], [-99.77686942924888, 21.42762939756153], [-99.7781589281667, 21.42838093567333], [-99.77938404401591, 21.429999745999396], [-99.77895843764557, 21.43214569162439], [-99.77913122455655, 21.432725185553647], [-99.7800092138643, 21.43343289816597], [-99.78047828986513, 21.433683640181805], [-99.78065320152396, 21.43393260344341], [-99.78035691815553, 21.434261354315357], [-99.77981814942744, 21.435704216182966], [-99.77939677458221, 21.437189104383272], [-99.77897936722253, 21.438054250237066], [-99.77968088321046, 21.43876089491253], [-99.77956135888714, 21.439049395801142], [-99.77719122091672, 21.44163805883452], [-99.77624983994224, 21.44163234976533], [-99.77624797950571, 21.441921562381513], [-99.77706319221868, 21.44324867257651], [-99.77804352705887, 21.44635343765549], [-99.77804113995496, 21.446725282128394], [-99.77786197212211, 21.44713737368276], [-99.77691126203001, 21.448577731348575], [-99.77541209516623, 21.452948309577792], [-99.77511416677245, 21.45352494818806], [-99.77475819306368, 21.45397728083701], [-99.77487401316257, 21.45426720777379], [-99.77475313720193, 21.45476228554791], [-99.77468817509049, 21.455712196962594], [-99.77480266618674, 21.45620870399449], [-99.77479947336182, 21.456704496318387], [-99.77509022746348, 21.457243390897908], [-99.77573271159281, 21.457991007117602], [-99.77637732718574, 21.458408092559015], [-99.77702088470794, 21.45899043938409], [-99.77713591736656, 21.459404312318], [-99.77701663797211, 21.45965149534856], [-99.7767205617694, 21.45993892460608], [-99.77595293705552, 21.460347447146138], [-99.77518451020224, 21.460879914282593], [-99.77435563651622, 21.4616599166593], [-99.77364391069679, 21.462523262467105], [-99.77346471256622, 21.462935349496696], [-99.77310258255908, 21.464337947037613], [-99.77286506831693, 21.464667043628285], [-99.77251039486319, 21.464912791910336], [-99.77203376017712, 21.465818879190454], [-99.77226381029585, 21.466646631654623], [-99.77255537605882, 21.467061581721328], [-99.77384281146172, 21.468184983566267], [-99.77413225553181, 21.46893045835374], [-99.77395145434218, 21.4695904416072], [-99.77400790621702, 21.469962642759707], [-99.77424382928703, 21.469881440370045], [-99.77453992991526, 21.469594015083608], [-99.77560157751034, 21.469228598491526], [-99.77642570655226, 21.46919227675429], [-99.77671914714435, 21.46931800727627], [-99.77689303565873, 21.46973223611624], [-99.77641641385102, 21.470638335025985], [-99.7755259877988, 21.47183114669445], [-99.77457377248332, 21.47347807212988], [-99.77403641223536, 21.47467301908648], [-99.77338374017901, 21.475495405807067], [-99.77366121751697, 21.478100097431096], [-99.77254651376805, 21.477556194927814], [-99.77371208251444, 21.479339932670396], [-99.77365003650456, 21.479835366317346], [-99.77388437864919, 21.480002059562686], [-99.77440766058399, 21.480996856777924], [-99.77427718765195, 21.482979305963255], [-99.77438824424446, 21.48401291774121], [-99.77420982206756, 21.484301057558703], [-99.77379678324353, 21.484463820372618], [-99.77326656881556, 21.48454323540833], [-99.77302902374066, 21.484872332416828], [-99.7729664409914, 21.48545039742375], [-99.77272756171502, 21.485986073528387], [-99.77266417814366, 21.48668808608282], [-99.7728370121238, 21.487267581578735], [-99.77312968771652, 21.48751726479859], [-99.77436164868365, 21.488144506385574], [-99.77477310211458, 21.488229637196312], [-99.77500639621584, 21.488561591740165], [-99.77470175273169, 21.49017112609403], [-99.77428284739474, 21.491242839505254], [-99.77504293001721, 21.49203248092925], [-99.77533057201904, 21.493067160853684], [-99.7756794654529, 21.49373035403457], [-99.77661746773116, 21.494314477826137], [-99.77744041222194, 21.49448472605973], [-99.77780503613465, 21.494732896872314], [-99.77745849956823, 21.49709044123704], [-99.7770489835345, 21.498125097311405], [-99.77517342666187, 21.501726817834133], [-99.77446761899968, 21.502266065239965], [-99.77276358532426, 21.504130835671653], [-99.77217864674543, 21.50566205774877], [-99.77170949571233, 21.506490123385746], [-99.77041472359281, 21.507237537634794], [-99.76811757684976, 21.50794606080574], [-99.76717589132883, 21.508485857469832], [-99.76611739070214, 21.509398041169593], [-99.765530036406, 21.51014368873886], [-99.76394200311238, 21.511429257146627], [-99.76341334289663, 21.512092064530176], [-99.76247282879409, 21.513045284800267], [-99.76129501650416, 21.513502930798175], [-99.76011591722492, 21.513547277298304], [-99.75875974323873, 21.513467880812723], [-99.75775864750733, 21.51388354141302], [-99.75687752252533, 21.515001970010843], [-99.7565845309268, 21.515622848264105], [-99.75652809122914, 21.516491232908056], [-99.75623797229781, 21.5181043891914], [-99.75553728160898, 21.520462737241782], [-99.75500902933638, 21.52129089912129], [-99.75406732790333, 21.521871969883808], [-99.75312526175527, 21.522329000670435], [-99.75235912304049, 21.522454848719377], [-99.7517113800366, 21.522745794933297], [-99.74923736163917, 21.523578519025058], [-99.75090582066623, 21.529693691790563], [-99.75327058328587, 21.53183805360192], [-99.75339375909608, 21.533656949321216], [-99.75298242838053, 21.534154066383127], [-99.7525116527716, 21.53448594246369], [-99.75192199195214, 21.53448733679572], [-99.75276136715566, 21.5393227192943], [-99.75211238415797, 21.539200235714425], [-99.75146391576648, 21.53924311315638], [-99.75128784259348, 21.53953294488741], [-99.75134835404099, 21.540070289112286], [-99.75164378979152, 21.540276317254953], [-99.7523086015498, 21.54029930815509], [-99.75288157211136, 21.540108019049526], [-99.75371926722028, 21.544281878848842], [-99.75313159459819, 21.544986140830627]]]}}, {"type": "Feature", "id": 3, "properties": {"id": 3, "municipio": 3, "nombre": "Cadereyta de Montes", "cve_mun": "003", "clave_entidad": 22}, "geometry": {"type": "Polygon", "coordinates": [[[-99.84600213914622, 20.6540797925548], [-99.85361526857325, 20.655505668249965], [-99.85304930618572, 20.666429610249295], [-99.85310148914995, 20.66825062535334], [-99.85303777448762, 20.669698901782258], [-99.85102698969865, 20.6748255499041], [-99.85793252521837, 20.677780660167777], [-99.8575789874825, 20.67831779172585], [-99.85529189861779, 20.67868468679601], [-99.85669085093981, 20.680881413771843], [-99.85833224899339, 20.680802636963456], [-99.8583303716565, 20.681340620253632], [-99.85938378279882, 20.681798385157702], [-99.86055499773568, 20.682090892172127], [-99.86096053453697, 20.68345752748665], [-99.85797205934654, 20.68324340240966], [-99.85766440175011, 20.687422407773695], [-99.85690199504266, 20.687544711304362], [-99.8564846047617, 20.68957149792464], [-99.85706944377442, 20.68994536936709], [-99.8561206029431, 20.69308822448536], [-99.8652627552507, 20.693648170188617], [-99.86572812285073, 20.694683863496895], [-99.86150146252618, 20.696494661793118], [-99.86078456622775, 20.700382997983464], [-99.86142864955893, 20.70059146014415], [-99.8611207839513, 20.704853227643348], [-99.86410612093744, 20.70610186158919], [-99.86492324671349, 20.707138390818038], [-99.86597557863261, 20.707968555300365], [-99.86697128571244, 20.708219210681214], [-99.86796331631976, 20.70954582114205], [-99.86192914918968, 20.70841414584918], [-99.8548869021723, 20.710590493147844], [-99.85453241110854, 20.71137591879327], [-99.85054432401279, 20.711862771816694], [-99.84292899635173, 20.710271317360753], [-99.84438700905031, 20.71238552506026], [-99.84485008301007, 20.714042024882957], [-99.84940366906109, 20.719433148786226], [-99.8498728352247, 20.719392936089154], [-99.86720079733354, 20.72680090570272], [-99.86573867592999, 20.74285419344419], [-99.8593373226893, 20.74577718366759], [-99.85757767548824, 20.745938490486367], [-99.85093725124837, 20.750060721573735], [-99.84512668905784, 20.75157760697935], [-99.84480992034173, 20.758198175758054], [-99.84451435839699, 20.758859578166025], [-99.84398644246119, 20.75889965161086], [-99.84386340504888, 20.76051330058937], [-99.84532767817683, 20.76101353176284], [-99.84567526375598, 20.76221451081083], [-99.8493701597327, 20.762099456048013], [-99.85059872974126, 20.762930130098912], [-99.85188726394493, 20.763388490710494], [-99.85681856750867, 20.76186924991604], [-99.85975510383915, 20.760593413066548], [-99.86257658740362, 20.758655122298542], [-99.86403691931847, 20.760313914031183], [-99.86502871554674, 20.76180605393961], [-99.86719464963468, 20.762928497894265], [-99.870534308862, 20.76380534976682], [-99.87391930231423, 20.76324674052397], [-99.86635028123077, 20.771675661860943], [-99.86217489602043, 20.782272159899104], [-99.8616350709144, 20.784128644014665], [-99.86098193222045, 20.78528200439248], [-99.86009280023904, 20.786599324425254], [-99.85879512856532, 20.78745978833961], [-99.83312089130965, 20.7874370839002], [-99.82314748225171, 20.79456927672406], [-99.82237984215828, 20.79518463411105], [-99.81694148179429, 20.80044209381311], [-99.81635522864185, 20.80023203127111], [-99.81570866827613, 20.800269550027647], [-99.81517883939316, 20.800431722987124], [-99.81347001827018, 20.80120678993118], [-99.8121703870973, 20.80231484226096], [-99.81164028684134, 20.80251832616301], [-99.81064013962465, 20.802719028940135], [-99.80735086550301, 20.802534249841255], [-99.80652776332464, 20.80261200992665], [-99.80629195583832, 20.80273457879808], [-99.80599320574457, 20.803517943639083], [-99.80557851053321, 20.804052680048645], [-99.80516643111069, 20.804174199648585], [-99.8052204741024, 20.80491833756055], [-99.80509929460825, 20.805496140988982], [-99.8043871369545, 20.806607629713586], [-99.80409125352581, 20.80693645405825], [-99.80356086329775, 20.807181235354122], [-99.80308870408588, 20.807509008293156], [-99.80173386257401, 20.80803813261368], [-99.80178815359022, 20.80874095018842], [-99.79960883622935, 20.80955440082106], [-99.79925048999749, 20.810461368455567], [-99.79841758436517, 20.812067990473782], [-99.79817859102847, 20.812686407955454], [-99.79764447699077, 20.8135096741719], [-99.79857699312704, 20.814713627092996], [-99.79933745530758, 20.815255375468404], [-99.8002164970948, 20.815632535877235], [-99.80385840972845, 20.825117232739288], [-99.80367818493679, 20.825736006445357], [-99.80557609522079, 20.832276324632666], [-99.80716620371912, 20.831748558319923], [-99.80787375558378, 20.831380844024014], [-99.8088667972168, 20.832337151764563], [-99.80968823586724, 20.832548625408883], [-99.81056558231184, 20.833214977737946], [-99.81285388168364, 20.83380700102137], [-99.81343663101694, 20.834595569967952], [-99.81554192846798, 20.836260872983637], [-99.8177086228753, 20.83751327957139], [-99.81835198717508, 20.83801292548497], [-99.82028030325577, 20.839801096861997], [-99.82063292306621, 20.839803158933037], [-99.82238831594648, 20.841053097030123], [-99.81674802654616, 20.850152429674893], [-99.816331956567, 20.850893798603582], [-99.8160927234224, 20.851553559189302], [-99.81479114091572, 20.85290956631296], [-99.81425776223732, 20.853608918314098], [-99.8131267697319, 20.855875018684284], [-99.8126529279468, 20.85645074815358], [-99.81218115869062, 20.856695906094266], [-99.81004855474403, 20.859327989186426], [-99.80685446841501, 20.862490962390027], [-99.80596077127625, 20.864386519157133], [-99.8242995834783, 20.874039718544307], [-99.83871813149396, 20.871395721767012], [-99.84382992753157, 20.871796849553345], [-99.86149165200224, 20.887103221098023], [-99.88143621086415, 20.90477545426899], [-99.87467217027415, 20.905192834085295], [-99.86967460967021, 20.90516520642081], [-99.8739186651592, 20.923411620939184], [-99.83222386529906, 20.923837810633405], [-99.79010582005995, 20.91681321073386], [-99.79605998418475, 20.92366710747122], [-99.79579711364633, 20.92800441684158], [-99.80179771264933, 20.936924482054017], [-99.80624988853386, 20.949016993234288], [-99.79894216011708, 20.95132908257018], [-99.7969936861251, 20.952515840389257], [-99.78915947731558, 20.9543285141863], [-99.74969623687115, 20.94863140424998], [-99.74106135656416, 20.947069536913897], [-99.74111156126492, 20.948309122015182], [-99.74075294514935, 20.9491340049641], [-99.74027870783908, 20.94966924212222], [-99.74003512722797, 20.950866393927285], [-99.73955398772996, 20.952393131732777], [-99.73908059832604, 20.952804427977075], [-99.7389012801659, 20.953216867515255], [-99.73919219312243, 20.95367245015534], [-99.73900885078642, 20.954663266141473], [-99.73906220598695, 20.95544843420155], [-99.73992979710563, 20.957558805185307], [-99.74004053998684, 20.958550763787823], [-99.74021211097306, 20.95925376255111], [-99.74014841411835, 20.95995584779606], [-99.74025370769887, 20.961732744435373], [-99.7399510049679, 20.96297097928714], [-99.73959349883913, 20.963630609424413], [-99.73893269936957, 20.965611097020126], [-99.73693715053652, 20.964983620969775], [-99.73559006972059, 20.964152087991433], [-99.73529655102595, 20.964068313215463], [-99.73518266185063, 20.96353078972778], [-99.73536084834876, 20.963283604241436], [-99.73571462547524, 20.963161045932562], [-99.7363059811492, 20.962708905044295], [-99.73648531695486, 20.962296468144633], [-99.7353170240406, 20.961135119945116], [-99.73484821177993, 20.960885403713373], [-99.73414268676618, 20.960841327631886], [-99.7321993855205, 20.96116421383726], [-99.73067649095017, 20.96024932127638], [-99.73027259120022, 20.95913225853433], [-99.7302230469936, 20.957810022486633], [-99.73076369286366, 20.956200915021505], [-99.73082627409185, 20.955664082301862], [-99.73047627657277, 20.95524956577687], [-99.72930286413374, 20.954831800324644], [-99.7291304791571, 20.954252726552518], [-99.72919741711442, 20.953096204203113], [-99.72943470662196, 20.952807944219447], [-99.72961434059941, 20.952354201197863], [-99.7292113421204, 20.951113196036797], [-99.72887151737396, 20.94925273165314], [-99.72581293315484, 20.949281933988484], [-99.72504369922582, 20.949939901163148], [-99.72439558357884, 20.950102580336065], [-99.72392507401437, 20.950100708501623], [-99.72357306681651, 20.949975365627285], [-99.72339808443135, 20.949768099399215], [-99.7218077805898, 20.950092269180807], [-99.7206315061939, 20.950087569309325], [-99.71969224292653, 20.949835927129076], [-99.71187474114454, 20.965627683263282], [-99.70446076062393, 20.96596934364014], [-99.69898631401223, 20.966525259385186], [-99.69416924731864, 20.981874149967044], [-99.69228652699258, 20.990005185740028], [-99.68723863123867, 20.98841419600469], [-99.68682200399356, 20.989073475481238], [-99.68102972784897, 20.984711135325398], [-99.6672291435873, 21.003879670902645], [-99.64420004995905, 20.978035962931372], [-99.6512015805191, 20.979694596207956], [-99.67380455889938, 20.972568226844004], [-99.67322101533692, 20.96937937909082], [-99.67322171161454, 20.968590013041418], [-99.67334043053592, 20.967426665493736], [-99.67422479896132, 20.96551503243588], [-99.67428426303744, 20.9648087214848], [-99.67393159275686, 20.964351934851955], [-99.67375651921039, 20.96269021787083], [-99.67340517532661, 20.960737787662026], [-99.6730525175839, 20.96028099866328], [-99.67252392266096, 20.959159584495957], [-99.67264230973255, 20.958370146952685], [-99.67228995599515, 20.95758099089607], [-99.67193730926127, 20.957124199130995], [-99.671643841465, 20.956293460796523], [-99.67158589245076, 20.955296399897108], [-99.67164536637637, 20.954590088799375], [-99.67129373608913, 20.953011562208722], [-99.67076465682682, 20.95247178012406], [-99.67029506079953, 20.951225685223115], [-99.67017802059856, 20.950519477161627], [-99.67047319581133, 20.949439117297814], [-99.67112143764038, 20.94831700385479], [-99.67218131616374, 20.947443917914512], [-99.67371152058328, 20.9469859991848], [-99.67535913785674, 20.946818814591353], [-99.67577133054009, 20.94644465060223], [-99.67606609768384, 20.945779738591526], [-99.67659585338286, 20.945530137074353], [-99.67777339028328, 20.94461539885911], [-99.67959769826437, 20.944198789482098], [-99.680185865986, 20.944239947317666], [-99.68146199629449, 20.943114932159023], [-99.68142424468488, 20.9410816936071], [-99.67059238664966, 20.94092590916678], [-99.66795433070476, 20.93726767517397], [-99.66248901620753, 20.930706453812512], [-99.6510975025468, 20.90960681972369], [-99.64862939928422, 20.907239824332958], [-99.63968431271864, 20.910650377805656], [-99.60803991405108, 20.90833345261541], [-99.60110308178008, 20.90513571328221], [-99.59457605223727, 20.90351639450653], [-99.59266310356907, 20.9049371374595], [-99.59287136537067, 20.902436385885295], [-99.59310813383975, 20.901397695764423], [-99.59310888237164, 20.900940689489033], [-99.5928744569195, 20.90006822413373], [-99.5938159451069, 20.89981882800248], [-99.59405164122133, 20.899527972685863], [-99.59411116985872, 20.899029407662606], [-99.59411158287536, 20.89873858247819], [-99.59364172981074, 20.898240085035326], [-99.59305412134975, 20.897824693605656], [-99.59264327267573, 20.89720154657366], [-99.59276168421152, 20.896661428245935], [-99.59270363697445, 20.896121331157357], [-99.59282264137084, 20.89516574794619], [-99.59276441642807, 20.894750290226533], [-99.59153001891977, 20.89466737446783], [-99.59105970863827, 20.894501241171763], [-99.59005991166094, 20.894418255793877], [-99.58970675886108, 20.8945844783922], [-99.58899966524037, 20.895457026005108], [-99.58870538844478, 20.895581694281145], [-99.58788210319095, 20.89545713260773], [-99.58764664453192, 20.895581793653243], [-99.58741051594865, 20.89616346600012], [-99.58711574885476, 20.89662050367434], [-99.58635060582, 20.896952941220015], [-99.58599781036199, 20.89686987725725], [-99.58491262171825, 20.896078240880364], [-99.58541471207127, 20.89342156234481], [-99.58542386864482, 20.887231126380115], [-99.58513274418362, 20.8852369131731], [-99.58272368941016, 20.883658305069087], [-99.58184078435748, 20.884115368455756], [-99.58007646909876, 20.88403236320005], [-99.57978371974623, 20.883159897130692], [-99.57831367824399, 20.8829522206563], [-99.5779025504511, 20.88257831455361], [-99.5774318462356, 20.88270296875275], [-99.57590351078736, 20.882162899888147], [-99.57543274180642, 20.88232909524914], [-99.57519780716413, 20.882121365893283], [-99.57413915539382, 20.882121379411476], [-99.57378555963517, 20.88257839571298], [-99.5718441697107, 20.882910772951217], [-99.57131386006778, 20.883533970261027], [-99.5706672931503, 20.883284684711597], [-99.56913732483783, 20.88378322207266], [-99.56831325717968, 20.88419867102276], [-99.56760589965826, 20.88511256522092], [-99.56631408588994, 20.883866237624982], [-99.56466828105233, 20.883242970101417], [-99.56219861415626, 20.88291046598987], [-99.56119924635836, 20.882619575930097], [-99.56049484201797, 20.881788593184233], [-99.55837753825764, 20.881788431538066], [-99.55772768102304, 20.883533340519552], [-99.55690212579104, 20.884821216909998], [-99.55631300084976, 20.88540281703108], [-99.55542972333824, 20.88602593303138], [-99.553663988855, 20.88677359064134], [-99.55260410248158, 20.88747976651933], [-99.55219069389999, 20.88847684069986], [-99.55165724058612, 20.890886489267377], [-99.55136201945456, 20.89155120154658], [-99.55030073805024, 20.893046751939114], [-99.54947464070248, 20.89458387407606], [-99.54864952832948, 20.895539337945944], [-99.54823736231486, 20.895788561348372], [-99.54723685461191, 20.896120792661076], [-99.54676564868183, 20.896494644261168], [-99.54605843806988, 20.89728392641179], [-99.54511717069143, 20.89736687400878], [-99.54435265366031, 20.897283658133674], [-99.54388048997328, 20.898197609819334], [-99.54423283119775, 20.898530041678708], [-99.5441724828422, 20.899402513865244], [-99.54358405423066, 20.899527057225534], [-99.54346604745712, 20.89973477136438], [-99.54381708040479, 20.90081504538617], [-99.54375702044041, 20.90152133030389], [-99.54352100407313, 20.9019367587026], [-99.54228544939325, 20.902102735617213], [-99.54165639605483, 20.903274156920745], [-99.54028660624212, 20.901479175226125], [-99.53787707046668, 20.9002738544473], [-99.53646707910758, 20.899317990504898], [-99.53605600680136, 20.898943983163196], [-99.53588059463323, 20.89836229073322], [-99.53594069063354, 20.89765600754834], [-99.53605885632034, 20.897365204757314], [-99.53670647767882, 20.897032965500312], [-99.5357082626207, 20.89607717892601], [-99.53464581310845, 20.898112743956347], [-99.53393875720782, 20.898777336930593], [-99.53364435046848, 20.898943458339385], [-99.53311496238405, 20.898943338579297], [-99.53252622168061, 20.899234031294743], [-99.53034846576661, 20.899981357153226], [-99.52940694042813, 20.900188859238675], [-99.52864172286593, 20.90047949471341], [-99.5277591679996, 20.900603909070522], [-99.5251099344055, 20.90180806185421], [-99.52287406616959, 20.902139809158143], [-99.52234372123698, 20.90263821852462], [-99.5214023253312, 20.902762583315912], [-99.52368700010032, 20.907748866386374], [-99.52498066915537, 20.90799850690394], [-99.5249796554791, 20.908538615454802], [-99.52603748333875, 20.909037424032707], [-99.52639067249969, 20.908954464478335], [-99.52721375634533, 20.909203962074052], [-99.52733071035625, 20.909577913862226], [-99.52691823779728, 20.909951727409872], [-99.52691483105825, 20.91177978610894], [-99.52550191865818, 20.91236106513682], [-99.52485506444485, 20.912236248557054], [-99.52608715262535, 20.913981547688312], [-99.52614419426861, 20.914937139204376], [-99.52573046078952, 20.915975698377427], [-99.52643468645145, 20.916889915312588], [-99.52743344844158, 20.917596471538292], [-99.52778564632112, 20.918012029867025], [-99.52772542911835, 20.918759856245085], [-99.52760684554357, 20.919258386974352], [-99.5273119285549, 20.919673778546034], [-99.52701631388975, 20.920463090305937], [-99.52695593747508, 20.921294009777117], [-99.52589614931742, 20.921750744683905], [-99.52483565325375, 20.92258139382181], [-99.52253766205484, 20.92449190292074], [-99.52177065443804, 20.92565499137479], [-99.52106357220045, 20.926236439381793], [-99.51982683900903, 20.926900819168903], [-99.5180003368812, 20.928312849096002], [-99.51717564207424, 20.928852697880355], [-99.51570192998089, 20.93034790882332], [-99.51505379681558, 20.93084625817944], [-99.51422980466533, 20.93101217225729], [-99.51322898540083, 20.931344209590343], [-99.51252168065945, 20.932008716600127], [-99.51169758230152, 20.93217458438357], [-99.51110968493884, 20.93196672247613], [-99.50904759813568, 20.93346162562316], [-99.50845917011863, 20.933502957343816], [-99.50804708055763, 20.93362744593536], [-99.5069868981308, 20.93420870614091], [-99.50598604084561, 20.93454070164565], [-99.50328055186017, 20.934082632653737], [-99.50180993311552, 20.93395740121235], [-99.49916313059872, 20.933582383994228], [-99.49692759189577, 20.93341523392652], [-99.49480916683582, 20.9333729623204], [-99.49345694266162, 20.933205960298093], [-99.49145615294287, 20.933371196581426], [-99.49075081321035, 20.933080066347927], [-99.4909284506837, 20.93254004010755], [-99.49057631779091, 20.932124405075115], [-99.49004681013876, 20.93212415422021], [-99.48928275476732, 20.931749867046545], [-99.48904820826102, 20.931375832008772], [-99.4886368980873, 20.931126351989928], [-99.48816605164723, 20.931209217460037], [-99.48781357709554, 20.930959764025935], [-99.48399128648778, 20.930002278520814], [-99.48269700842518, 20.930043154431328], [-99.48181396849587, 20.93029197600853], [-99.48104805311148, 20.930790136825397], [-99.48040034125876, 20.931039075339353], [-99.47951765296352, 20.931121697466335], [-99.47739781420236, 20.931951485508204], [-99.47663278708764, 20.93203415745187], [-99.47504252181221, 20.932822662177777], [-99.47421897927255, 20.93282204194491], [-99.4742172768174, 20.933528494473318], [-99.47368426853622, 20.93510697685831], [-99.473918140127, 20.935771862030457], [-99.47403296404681, 20.937059883896655], [-99.47285356627049, 20.938264071940043], [-99.47232182028702, 20.93926089282535], [-99.47237871919596, 20.940133412253104], [-99.47196380776914, 20.94150422219475], [-99.47090287021102, 20.942334543036043], [-99.47066223032677, 20.94470257903509], [-99.47077684949389, 20.946073695950577], [-99.47059550732041, 20.948234030989543], [-99.47024181370874, 20.948524651577863], [-99.46970927165356, 20.949853839252746], [-99.46900149940318, 20.9506012636875], [-99.46911787862362, 20.95118299020935], [-99.46864471952496, 20.952262928243915], [-99.46864285438278, 20.95309386582866], [-99.46840599113739, 20.953758474946568], [-99.46852237076686, 20.954340201657327], [-99.46840412483485, 20.9545894124086], [-99.46840300509047, 20.9550879748472], [-99.46857860242955, 20.95550354918891], [-99.46881015550052, 20.957207111077146], [-99.46933872933421, 20.957664441525683], [-99.46980799735069, 20.95832946974803], [-99.47039607210992, 20.95849600356691], [-99.46968807773642, 20.959326524484464], [-99.4699812811966, 20.959783713367617], [-99.47021359995705, 20.961154897434014], [-99.47056537649463, 20.961736760168602], [-99.47085682817011, 20.96298333687131], [-99.47073820916336, 20.96339873631625], [-99.47026706573268, 20.963564647842816], [-99.47003084391203, 20.963938430856306], [-99.4698529106796, 20.96456152914418], [-99.46938148363715, 20.964852078740208], [-99.46879273286594, 20.96497636973085], [-99.46849812402044, 20.965142381519264], [-99.4680847931047, 20.96576533728473], [-99.46802491867392, 20.966222316981725], [-99.46749500907015, 20.966346638885], [-99.46720002176266, 20.96667883575549], [-99.46737534942403, 20.967219051025506], [-99.46737460118374, 20.96755142553624], [-99.4670796112993, 20.96788362220088], [-99.46684300022035, 20.96842358813206], [-99.46737235653673, 20.968548548991084], [-99.4685495146635, 20.968466161551337], [-99.46848926789373, 20.969089328464023], [-99.46825349960268, 20.96925537501834], [-99.46784174435035, 20.969172034500495], [-99.46701364800109, 20.97104114378538], [-99.46660024856052, 20.971249216770545], [-99.4661305290114, 20.971206794450108], [-99.46577667956153, 20.971538952975177], [-99.46583459000705, 20.97195445700364], [-99.46624400652576, 20.97307647207082], [-99.46712690189527, 20.972952387235], [-99.46747986421991, 20.97307722081413], [-99.46671256115205, 20.97407388124825], [-99.46676991334743, 20.974738665458204], [-99.46647490834123, 20.975070861086387], [-99.4661177666657, 20.976857157535616], [-99.4665268245797, 20.978145358052956], [-99.46587832204261, 20.97864352496893], [-99.46616939560288, 20.980056294368215], [-99.4664623491215, 20.9806381278987], [-99.46640190242762, 20.981344386941476], [-99.46651764212714, 20.98221694011356], [-99.46775096128783, 20.9833809941065], [-99.46816089107126, 20.98429526857793], [-99.46833466015735, 20.985541775585748], [-99.4688045716606, 20.985957522548482], [-99.4697431036607, 20.98737066627908], [-99.47044918980359, 20.98745417286627], [-99.4709195753414, 20.987662180187204], [-99.47097676773949, 20.988410054865682], [-99.47044520928957, 20.98924068087308], [-99.47044372825998, 20.98990542794351], [-99.47079585273745, 20.99036264689846], [-99.46914246458319, 20.992771390142334], [-99.46867048361865, 20.99326967191988], [-99.4683747955685, 20.99389269749175], [-99.46790234235944, 20.99459871058957], [-99.4663674243844, 20.996633577551492], [-99.46518967496013, 20.996634818187157], [-99.46313090232906, 20.99629921235663], [-99.46219019340305, 20.99584160768997], [-99.46154445082176, 20.995093357655854], [-99.46107595684015, 20.9940543905862], [-99.46043423098844, 20.99156117350871], [-99.45819888721385, 20.991019617077555], [-99.45737517132828, 20.990894435615974], [-99.45649337071094, 20.990436837038185], [-99.45561215539367, 20.98972995322088], [-99.45467151007333, 20.98927230549132], [-99.45431769012126, 20.989562894001235], [-99.45366812563657, 20.990476483079696], [-99.4533119658506, 20.991764191837778], [-99.45313169368758, 20.993342847892198], [-99.45330496129918, 20.994755558001984], [-99.45324298899622, 20.996085013557018], [-99.4533576930738, 20.99737304269429], [-99.45353116263114, 20.998702658334484], [-99.45388209239451, 20.99965847300012], [-99.45417300140312, 21.0011128074632], [-99.45417193434317, 21.001569821264216], [-99.45381361847095, 21.003771557229065], [-99.45416262276358, 21.00555830431148], [-99.45362896891845, 21.007219812701386], [-99.453450142428, 21.008175266343873], [-99.45450911694314, 21.00842526372594], [-99.45503879893462, 21.008467166578217], [-99.45686234167067, 21.009008487389647], [-99.45756794763791, 21.0093413253616], [-99.45844919321335, 21.01008974179974], [-99.45850729206391, 21.010422153253202], [-99.45838841245622, 21.01092063641113], [-99.4584459369058, 21.011502327696814], [-99.45873930743937, 21.011917985242576], [-99.45897438752978, 21.01208432433906], [-99.45897295323199, 21.01270752384727], [-99.46008587868117, 21.015117947973316], [-99.46137981093617, 21.015617331528066], [-99.4614374440627, 21.016157474630905], [-99.46019627759779, 21.018317112076254], [-99.44483585765768, 21.016561636929744], [-99.4415408804501, 21.015894452373], [-99.4221159138937, 21.015380228767455], [-99.4207041734432, 21.014963598417435], [-99.42087832164114, 21.01591926510908], [-99.42052469183898, 21.016085144369164], [-99.42111029068579, 21.017290513546584], [-99.41975579425628, 21.017497065359404], [-99.41934179935306, 21.018244545449576], [-99.41880599963551, 21.020591908661707], [-99.42021823338013, 21.020821219087647], [-99.42080512276436, 21.021528027357384], [-99.4205662453596, 21.022857318270205], [-99.42032885170484, 21.023604954301963], [-99.41944153391356, 21.0252660509549], [-99.41873369302533, 21.0258055369126], [-99.41784966007488, 21.026178676411806], [-99.41696626578965, 21.02630253090497], [-99.41460989310254, 21.026882067746058], [-99.41178067867959, 21.028167433174048], [-99.4096606193431, 21.02841474510761], [-99.40918756246572, 21.02920369256572], [-99.40882918288251, 21.03115605859656], [-99.4090616150055, 21.032319588717296], [-99.40935434582568, 21.032943065793877], [-99.40900000682673, 21.033358202098302], [-99.40829329504834, 21.033440631154328], [-99.40682022472268, 21.033896251742775], [-99.40575904828997, 21.034435348230517], [-99.40493314334812, 21.035057758428213], [-99.40416533197786, 21.035971048839606], [-99.40357513640144, 21.036510586515185], [-99.40215922813785, 21.03758942562951], [-99.4015099197944, 21.03821199215251], [-99.401039355292, 21.03804534202047], [-99.40045472612216, 21.03650753128176], [-99.39951226736217, 21.03667278474432], [-99.39821587749297, 21.037086960220506], [-99.39644666637317, 21.0381653983141], [-99.39503023743347, 21.039410365981304], [-99.39355377141818, 21.041070729141346], [-99.39190269150357, 21.04198305468884], [-99.3909007384463, 21.04235593371269], [-99.38983935059515, 21.04289533992075], [-99.38920016494244, 21.039861336069194], [-99.38891118057083, 21.037908326312454], [-99.38850215240252, 21.036786126981706], [-99.38803321856268, 21.036037785223403], [-99.38785820492198, 21.035455942315494], [-99.38768734246668, 21.03337841369053], [-99.38639196799252, 21.033418558210673], [-99.38515910123934, 21.032170843690732], [-99.38468787653777, 21.032253428639738], [-99.38456513431916, 21.034039815149864], [-99.38208701889671, 21.035948275997228], [-99.38061536425248, 21.035863562191484], [-99.38103135771652, 21.03449297147981], [-99.38020546497118, 21.035073716326544], [-99.37938132933645, 21.035031254581693], [-99.37855601611554, 21.035404257295724], [-99.37820158496446, 21.035819330722543], [-99.37749118166452, 21.03718958432666], [-99.37725390511557, 21.037812522216225], [-99.37713296161229, 21.038934154310553], [-99.37683774998861, 21.039224650645966], [-99.37636732691826, 21.039016385028702], [-99.37625111283381, 21.038476143082395], [-99.37625324450015, 21.037728299962417], [-99.37613643959848, 21.03739579205689], [-99.37513673219871, 21.036979188381874], [-99.37331157595403, 21.036977103092763], [-99.37242795777334, 21.037142274480487], [-99.37136786335141, 21.037224116979612], [-99.37013263124051, 21.03684878325765], [-99.36919181943206, 21.036432212972525], [-99.36813386645449, 21.035766285905922], [-99.36813833035113, 21.034270529447923], [-99.3684368060057, 21.03285828192465], [-99.36849917778659, 21.03165349125382], [-99.36920987936762, 21.03020017968863], [-99.36991936518402, 21.029162334171676], [-99.36968555729395, 21.028580402088878], [-99.36845176300143, 21.02770646572622], [-99.36857764550366, 21.025377580534336], [-99.36890558078538, 21.024133216123975], [-99.3697802407629, 21.023871740272234], [-99.37131094407316, 21.024178354759172], [-99.3731387760115, 21.024686863705156], [-99.37686790829011, 21.02343070290408], [-99.37708648369617, 21.022601116594988], [-99.37717664510981, 21.021195215795522], [-99.37785865267772, 21.02006922730136], [-99.37955165542377, 21.01967098515049], [-99.38421702930361, 21.018317402763902], [-99.38495120466867, 21.016860099295602], [-99.38522275817533, 21.015740511405134], [-99.38496668535818, 21.01462919094463], [-99.38442228784075, 21.013770238752187], [-99.38377023189535, 21.013408674529185], [-99.38291915367367, 21.011852273326976], [-99.38346945689408, 21.009984767356794], [-99.38373142719637, 21.00836962711283], [-99.384350713051, 21.007038049845747], [-99.38573046584547, 21.005611935543484], [-99.38700973906596, 21.005054867689594], [-99.38921013351965, 21.003615854632915], [-99.38995299289233, 21.00261278638895], [-99.38987996950917, 21.001870376266883], [-99.38945123028905, 21.000927005916175], [-99.39076585679109, 20.99917140228212], [-99.3912886209783, 20.99891534039903], [-99.39197682910286, 20.99811966466396], [-99.39233190027221, 20.99526378470259], [-99.39281540332706, 20.992984207126355], [-99.39273836698781, 20.992035316775688], [-99.39330930548182, 20.991241477801417], [-99.39358155453967, 20.99016317106798], [-99.39309821696769, 20.989427210628484], [-99.39237882469808, 20.98861234036134], [-99.39201352708677, 20.9879158307534], [-99.3912957488483, 20.98718354793628], [-99.3913367532611, 20.986274111104716], [-99.39236857689744, 20.985059947689805], [-99.39264642766274, 20.98427071510464], [-99.39310011295765, 20.983478718580386], [-99.39332334961037, 20.982896886997036], [-99.39412869875855, 20.982099359855546], [-99.39517329428294, 20.981545918708598], [-99.39593604767236, 20.981575228683806], [-99.39609584906137, 20.98074653861308], [-99.39573295884851, 20.980173924860065], [-99.39548729326303, 20.979599466330914], [-99.39597871823707, 20.97773283912908], [-99.39596028130886, 20.976783026589274], [-99.39581981653733, 20.97558728088793], [-99.39447112404625, 20.97255164081611], [-99.39206676000092, 20.96949126851182], [-99.38868218452711, 20.96727242130967], [-99.3883137599432, 20.966410715677373], [-99.3883547789726, 20.96550127715631], [-99.3886366139256, 20.964918531167225], [-99.38903645639377, 20.964375241729005], [-99.39048558333643, 20.96352631741003], [-99.39123544209296, 20.962894908936853], [-99.39157346459103, 20.96218734880518], [-99.39164905944787, 20.960038099287743], [-99.39216048186356, 20.959203887215246], [-99.3926100940255, 20.958205409206553], [-99.39260128869707, 20.957751149656907], [-99.3924070715895, 20.956804096594556], [-99.39139003262869, 20.955746042121017], [-99.39095262072064, 20.95434840866024], [-99.39076241839129, 20.953607834917285], [-99.39097442208026, 20.952447855831693], [-99.39171142157666, 20.951155703488574], [-99.39262900912159, 20.9501085637772], [-99.39337959347112, 20.949518442441047], [-99.39401057161082, 20.948806271406028], [-99.39485190853001, 20.946851521298733], [-99.39668537227348, 20.944674610999705], [-99.39736930015872, 20.943672431060566], [-99.39829321823302, 20.942955632120242], [-99.40027346594933, 20.94230480305278], [-99.40151763041028, 20.939971889288024], [-99.4024904650552, 20.938758588214416], [-99.40312296165729, 20.938128976655502], [-99.40429083751631, 20.93790400407793], [-99.40569469534786, 20.937757915412277], [-99.40625348029741, 20.93696634616115], [-99.40649092610343, 20.936177176035205], [-99.4064340788599, 20.935429269216783], [-99.40584715712687, 20.934888586572146], [-99.40525780127463, 20.93526194098744], [-99.40443165421135, 20.936175177792737], [-99.40384262343566, 20.93642388570477], [-99.40290346981398, 20.935592015948828], [-99.40149598942601, 20.933887181372487], [-99.40102776980255, 20.932972673246745], [-99.40114868738787, 20.931767919860555], [-99.40173960565637, 20.93081291780003], [-99.40386208867506, 20.929153116834478], [-99.40428343327136, 20.928485664795076], [-99.40542481506785, 20.92802621896454], [-99.40675792834367, 20.927261602725004], [-99.4083928277781, 20.926946605728283], [-99.40973879378076, 20.92684270775816], [-99.41131348128793, 20.92644601686452], [-99.41202058897316, 20.926641371878514], [-99.41347002939695, 20.925833552874284], [-99.41527421613577, 20.925185336606106], [-99.41573244775503, 20.92464105691403], [-99.41512639724021, 20.923617934753175], [-99.41435426252029, 20.923093150132274], [-99.41357810381803, 20.922361880371433], [-99.4137858622027, 20.92099539072622], [-99.41410960598115, 20.920347885498305], [-99.41434394424329, 20.919521241670864], [-99.41422644267084, 20.91890089835673], [-99.41446057770696, 20.91745405501036], [-99.41440166063119, 20.91662705054754], [-99.41410823901595, 20.916089183921322], [-99.41363884498033, 20.915468406601068], [-99.41281752118388, 20.914723152711556], [-99.41223057162225, 20.913233946402162], [-99.412112969859, 20.912241481061457], [-99.4121714782246, 20.91178674069368], [-99.41275725057558, 20.90951340181907], [-99.41240512568012, 20.90872737879857], [-99.41205290329398, 20.90761058150111], [-99.41193539608581, 20.906907542072688], [-99.41205237210094, 20.905874020846387], [-99.41375269027627, 20.90459438001653], [-99.41498413121559, 20.90426512144124], [-99.4163328978366, 20.904060037069133], [-99.41815074792143, 20.903648776155997], [-99.4196166760236, 20.903113034358103], [-99.42213829929086, 20.902867960665425], [-99.42290053666915, 20.902496742362285], [-99.42395581626604, 20.90167105212455], [-99.4254802334001, 20.90084590291543], [-99.42682898701653, 20.90072342966952], [-99.42794323200384, 20.900766062504598], [-99.4311103601453, 20.90163795732731], [-99.43204862648875, 20.901556324096504], [-99.43257609299698, 20.900812679078427], [-99.43304474579577, 20.89969684717257], [-99.43421729105498, 20.89899526593951], [-99.43503872597621, 20.89994715101664], [-99.43562481503814, 20.89920356187545], [-99.43503759185734, 20.897466354338416], [-99.43439181579127, 20.895894465393454], [-99.43433242659152, 20.894240534765903], [-99.43573733388952, 20.888867033990593], [-99.4367915979315, 20.88622201309744], [-99.43866690025364, 20.88390865602259], [-99.43881154915788, 20.883172192844544], [-99.43951836457678, 20.88234181338039], [-99.4400480542051, 20.881926770345522], [-99.44151872913471, 20.881429607842037], [-99.44128426877855, 20.880681255709636], [-99.44069701843753, 20.879890964825314], [-99.4402278563595, 20.878643624645807], [-99.43981707767054, 20.877811958276066], [-99.43981875245649, 20.87619107069346], [-99.43958547062317, 20.874320562230885], [-99.43976291303008, 20.873323282488506], [-99.44094778417103, 20.871837903076152], [-99.44206161133607, 20.871466980668245], [-99.44276490476142, 20.870888879685257], [-99.44376018935861, 20.868037018484934], [-99.44381839753999, 20.867210146426522], [-99.44452123833858, 20.86580510399514], [-99.4448138959527, 20.86485443939332], [-99.44586820922515, 20.86291225542153], [-99.4465707713296, 20.86105239049428], [-99.44744977258311, 20.86026772115937], [-99.44815277104887, 20.859276131240208], [-99.44844519284271, 20.8579533396877], [-99.44832760456372, 20.857333016964557], [-99.44656828255734, 20.856338861362737], [-99.44604040806882, 20.855883493354813], [-99.44568824184135, 20.855097534780175], [-99.44539451143936, 20.85393951622023], [-99.44615603317061, 20.852782608788363], [-99.44779752899517, 20.852784325435792], [-99.44891191712466, 20.853736456845528], [-99.45166943654968, 20.85754318439752], [-99.45254923531428, 20.85824697140582], [-99.45366340840184, 20.85870290948798], [-99.45442553669741, 20.858662327788924], [-99.45536301258062, 20.857712290487466], [-99.4560659469641, 20.856720668944085], [-99.45706121213497, 20.854406239261994], [-99.45717787008162, 20.853414033742034], [-99.45653208754747, 20.851883567782842], [-99.45606277502547, 20.851345595272452], [-99.4557106653411, 20.850725044609447], [-99.45594477178915, 20.850063729962276], [-99.4564720181204, 20.849444052383515], [-99.45723380252615, 20.84890729815748], [-99.45764384308654, 20.848370194840957], [-99.45881602811637, 20.8479165305121], [-99.46028167669083, 20.848041996681104], [-99.46122003005304, 20.848663103530196], [-99.46209955951271, 20.848953375201077], [-99.46327236716408, 20.849492001540735], [-99.46432772263812, 20.8496997353431], [-99.4653829462728, 20.849700729121945], [-99.46690560019078, 20.847345391764424], [-99.46713959771286, 20.846601369171168], [-99.47001079549624, 20.844702065546787], [-99.47171021972584, 20.843835327702383], [-99.47258965333107, 20.844001505772546], [-99.47411377704292, 20.843961520033528], [-99.47540320741477, 20.843631887669357], [-99.47616477476315, 20.84292966403582], [-99.47757007394618, 20.840739518355914], [-99.47815575768018, 20.840037133230584], [-99.4788001469973, 20.839458836684358], [-99.48079330195957, 20.839584582508984], [-99.4823175978551, 20.839833951205183], [-99.4830790820463, 20.83909035086877], [-99.48454379427244, 20.838099251483847], [-99.48495312866534, 20.836817844896718], [-99.485714034225, 20.835371340097677], [-99.48665110362863, 20.83433844217772], [-99.48799897442358, 20.833926071342862], [-99.48881908449678, 20.83326518681047], [-99.48917038671942, 20.832769309526523], [-99.48916968721765, 20.831901029952803], [-99.48899317268709, 20.83107395576522], [-99.48828921684789, 20.830370496042555], [-99.48729209112929, 20.829542755070936], [-99.48611916295927, 20.828756210502025], [-99.48553233207258, 20.82788744819024], [-99.48500441185482, 20.82739085239278], [-99.48488666862943, 20.826729208258083], [-99.48488580189043, 20.82561284735941], [-99.48517816437638, 20.824703462318674], [-99.48564626665991, 20.823670181589645], [-99.48558707240464, 20.82292589251084], [-99.48570323255552, 20.82156154753202], [-99.48535014106686, 20.819742001593323], [-99.48534936864178, 20.818749680056282], [-99.48575871211219, 20.817550963297048], [-99.48681302504457, 20.816683548045756], [-99.49067950851662, 20.814453945996163], [-99.49132360723237, 20.81371021683522], [-99.49173326315399, 20.81296630030844], [-99.49231874162132, 20.812222521202546], [-99.49366567818139, 20.810941827805934], [-99.49354688089333, 20.809039786926338], [-99.49366323649026, 20.808006209900807], [-99.4939554799481, 20.807055463014095], [-99.49495120562383, 20.80635334042509], [-99.49600605337693, 20.806271458102923], [-99.4972368959622, 20.806396436429107], [-99.49811592293833, 20.806314407672303], [-99.49940497853666, 20.805984600693616], [-99.49963857616987, 20.805033800964125], [-99.49946175189213, 20.803875961696278], [-99.49905083241568, 20.803090067296704], [-99.49781951881955, 20.802386247063964], [-99.49699883737141, 20.802137544494325], [-99.49529936460543, 20.802218936855027], [-99.49225217849927, 20.80254733581151], [-99.4906699078141, 20.802628774802237], [-99.48961471607039, 20.802255809235554], [-99.48844143096706, 20.8007663785047], [-99.4889090111748, 20.799195579416693], [-99.49107473098738, 20.795972267527073], [-99.49283144489304, 20.79431978578215], [-99.49365111734356, 20.793410798940673], [-99.49441238572497, 20.792749843607147], [-99.49669674769045, 20.79146985347867], [-99.49839602801256, 20.791305756041456], [-99.50033104225669, 20.792671646881676], [-99.50202249283231, 20.794339523800303], [-99.50251593092821, 20.794581721170175], [-99.50281986567036, 20.794535803736743], [-99.50316644936582, 20.794303105521248], [-99.50328142756982, 20.793971352349764], [-99.50309754231665, 20.792937818621738], [-99.5028586390827, 20.792401223465994], [-99.50099172249419, 20.786163109566367], [-99.50022558576232, 20.785795141809867], [-99.49887347941579, 20.78559614157963], [-99.49698859793082, 20.78482086000295], [-99.49639557029462, 20.78403801616132], [-99.49585575085459, 20.782509935047354], [-99.49585145961444, 20.781930574379224], [-99.49660744475452, 20.780932926654835], [-99.49760228339561, 20.780471880060457], [-99.50024030170475, 20.779877047115683], [-99.50105866029165, 20.77937563066341], [-99.50129014423591, 20.778919040595863], [-99.50151762245524, 20.777924472742637], [-99.50179210752185, 20.775357009900787], [-99.50172723001036, 20.7745296967243], [-99.50266144527163, 20.77382066900098], [-99.5035981201909, 20.773442699447774], [-99.50429931110442, 20.77298334171174], [-99.5051769523953, 20.772564326417726], [-99.50557899566748, 20.771361800938706], [-99.50528078690749, 20.77074278753589], [-99.50445291686884, 20.769961353532537], [-99.50361981046804, 20.768476405776067], [-99.50338002053724, 20.76781566031571], [-99.50354659764403, 20.766531753885708], [-99.50406853289206, 20.76565960394035], [-99.50541645026138, 20.76532058932324], [-99.50670769584134, 20.765271595479913], [-99.50858877997436, 20.76555017691536], [-99.50970431725078, 20.765543579890878], [-99.51162536341215, 20.763338812339786], [-99.51442950629244, 20.76145985440828], [-99.51571958616447, 20.761245257613403], [-99.51642130774736, 20.760868617399414], [-99.51711910576742, 20.76163190187848], [-99.51846600212693, 20.760971222263265], [-99.51910965954002, 20.760144698068217], [-99.51940120584518, 20.758739092721115], [-99.5198689212063, 20.757747066524146], [-99.52027833240345, 20.75704442988232], [-99.52138999432324, 20.75555664346498], [-99.52226858630999, 20.755350456499354], [-99.52320601483028, 20.755392382021018], [-99.52420241154917, 20.755806459395586], [-99.52455461159562, 20.756468221931268], [-99.5254337164035, 20.756758180379627], [-99.52648789866933, 20.75638669030057], [-99.527306432449, 20.754774651794353], [-99.52765686885789, 20.75374118922179], [-99.5287104148406, 20.75279083080475], [-99.52958849842007, 20.752129792179286], [-99.53029117084571, 20.751799422736173], [-99.53105216017292, 20.75122100311336], [-99.53286784807818, 20.750808560163545], [-99.53386338551717, 20.750436993111705], [-99.53591371220291, 20.750314075208923], [-99.53696800613262, 20.75010790914178], [-99.53784626766047, 20.749653563031213], [-99.53802169822976, 20.749364228854986], [-99.53825506656132, 20.748496070844084], [-99.53895719333964, 20.747710852287558], [-99.53971822171218, 20.747215088709], [-99.54024491234108, 20.74671920090436], [-99.54159194939908, 20.746389117960074], [-99.54323227454813, 20.746389945048183], [-99.54422842470203, 20.74659717322825], [-99.54569189537047, 20.74564691530709], [-99.54586677659229, 20.74490275942534], [-99.54586600604594, 20.744241211749042], [-99.5451030471876, 20.743041785684056], [-99.54516114936527, 20.742628346899167], [-99.54650577162595, 20.740272235992858], [-99.54668064333194, 20.739528079046412], [-99.54703130207503, 20.738825352827135], [-99.54761651985365, 20.73832947116012], [-99.54784986641901, 20.737502647358045], [-99.54784903945868, 20.736799752560593], [-99.5475553659721, 20.73613806534001], [-99.54737822215947, 20.734938925484897], [-99.54714318126489, 20.734318612003925], [-99.5469072718341, 20.732954056126633], [-99.54696488223507, 20.732127148629207], [-99.5472566071337, 20.731134966138356], [-99.54799946321715, 20.729308079493286], [-99.54693585833049, 20.728404138374678], [-99.5465214557853, 20.727951445927985], [-99.54593160280467, 20.72758259643802], [-99.54540172807334, 20.72737891676309], [-99.54475222467609, 20.726886273955703], [-99.54433495968263, 20.72606113066191], [-99.5445624036652, 20.725107890291923], [-99.54549515716894, 20.724274488116837], [-99.54519688462673, 20.723655542077605], [-99.54348321902702, 20.722176167737842], [-99.54336040652773, 20.721473376617382], [-99.54364271742651, 20.72002318433101], [-99.54340124194327, 20.719155578816075], [-99.5429856003667, 20.718537345158097], [-99.542100093513, 20.71788059268939], [-99.54104201450951, 20.71768012027586], [-99.53975137218026, 20.717770727373928], [-99.53927675462674, 20.71711148193537], [-99.5396729868464, 20.715205368664048], [-99.53966821894912, 20.7145846251702], [-99.5391951838372, 20.714132270243965], [-99.53837031597364, 20.713723437765985], [-99.5376644230643, 20.713520802840357], [-99.53678023638108, 20.71302955319748], [-99.53542177092935, 20.711920401290932], [-99.53510805175111, 20.709273670563267], [-99.53474926273894, 20.70840676155665], [-99.53433336978803, 20.707747121849554], [-99.53421282677282, 20.707334002700783], [-99.53356154876796, 20.706593015936807], [-99.53291185685346, 20.70605894148542], [-99.53208768075986, 20.70573284320728], [-99.53102969812308, 20.705532306847093], [-99.52956246988299, 20.705541155345788], [-99.52909484619327, 20.705792282384127], [-99.52839117279417, 20.705879257356912], [-99.5271486695202, 20.70456244677007], [-99.52632231424853, 20.703946639026867], [-99.52526183997888, 20.703415002249884], [-99.52408744543737, 20.703339276242744], [-99.52308629756389, 20.70289004013138], [-99.52196402410378, 20.70194490307269], [-99.52149045485338, 20.701409730656316], [-99.52084176451943, 20.700999758301503], [-99.51706395241975, 20.69812534066059], [-99.51541015415721, 20.69672808743245], [-99.51404825931003, 20.695122160147566], [-99.51268453117378, 20.693267921934684], [-99.51196635926946, 20.69140984965226], [-99.51061384171862, 20.69104538960684], [-99.50913963201747, 20.690102246546495], [-99.50849844777164, 20.68889667556329], [-99.50861425197239, 20.6874496056843], [-99.50849649104389, 20.686746619634654], [-99.50820282569448, 20.685795425043178], [-99.50761688903893, 20.68542288205591], [-99.50691394726903, 20.68517429455081], [-99.50615266987965, 20.68517374529013], [-99.50515704306332, 20.685048980166837], [-99.5045122646597, 20.6843456055003], [-99.50457005681999, 20.683477355743005], [-99.50527232604237, 20.682981702244035], [-99.50591621638074, 20.682692739825413], [-99.5059148514094, 20.681162890735823], [-99.5061484563687, 20.680460156844614], [-99.5094860720742, 20.680255806120975], [-99.51077403998487, 20.679925931595907], [-99.51106633122136, 20.67938862131371], [-99.5102447376433, 20.67744472734937], [-99.50889668806593, 20.67607931765793], [-99.50719721637871, 20.674589602515393], [-99.50573192493006, 20.673017345680478], [-99.50432565500799, 20.671941286574558], [-99.50379844481046, 20.671692813816886], [-99.50297867966897, 20.671692205853553], [-99.50104779624208, 20.673344651215075], [-99.50040386458683, 20.673550900452575], [-99.49981764221207, 20.67276485556145], [-99.49969947770117, 20.67152434559768], [-99.50040139119366, 20.670656585839232], [-99.50145490523515, 20.67011986709081], [-99.5032694313303, 20.66937697224675], [-99.50367876466517, 20.668757065944313], [-99.50350252569721, 20.668095378181928], [-99.50285743253723, 20.666937173343133], [-99.50233002716345, 20.666440611346196], [-99.5013927224135, 20.66590239170658], [-99.50092419650507, 20.665777995740537], [-99.50080656068802, 20.665157696366585], [-99.50080606513825, 20.664578832991808], [-99.50109804450983, 20.66366941205038], [-99.50150733644773, 20.66300816323686], [-99.5013896295901, 20.66230516928168], [-99.50162208975789, 20.66027932341853], [-99.50179706362323, 20.65949385503812], [-99.50507641018856, 20.660116502136635], [-99.5082975308346, 20.661069823342146], [-99.50882433555462, 20.66090480970949], [-99.5097024793306, 20.660781390417096], [-99.51005423634034, 20.661277806457583], [-99.5105230212416, 20.661691609225606], [-99.5115771263993, 20.661899082191375], [-99.5129230611238, 20.661114414336808], [-99.51344834801877, 20.659336840708153], [-99.51362279401438, 20.658055193453002], [-99.51326128436997, 20.654725727854323], [-99.51344006731341, 20.652952367817434], [-99.5137344260233, 20.652127831826125], [-99.51432028021743, 20.652169861393308], [-99.51502193124628, 20.65303697309683], [-99.51566465108027, 20.65411023594243], [-99.51683527311904, 20.654854221825342], [-99.5185344816389, 20.65485645631692], [-99.52070297976611, 20.65452931199172], [-99.52310570595318, 20.654284934338044], [-99.52410105275102, 20.654739919968588], [-99.5244504064574, 20.656101498176774], [-99.52597165341943, 20.657464563629357], [-99.52714320944227, 20.65767227556093], [-99.53260354428605, 20.650625936339367], [-99.53377544177553, 20.650586126468475], [-99.5347717559165, 20.650422355955655], [-99.53670610385484, 20.64988849567631], [-99.53664935689238, 20.64869228217863], [-99.53670921957068, 20.647867426637653], [-99.53712335336353, 20.645269402822915], [-99.53782807426603, 20.64419784344546], [-99.53917732448339, 20.64308580454247], [-99.54029101133511, 20.64275715764586], [-99.54152168315397, 20.642552380755994], [-99.5426933289709, 20.642636250631373], [-99.54515208337423, 20.643958998129346], [-99.54696846403921, 20.643878598393243], [-99.5537677315833, 20.64182394815687], [-99.55499679063209, 20.642732724093698], [-99.55634350838598, 20.64331164917247], [-99.55786774022361, 20.64265336769073], [-99.55880653866167, 20.641664472268637], [-99.56068272698124, 20.640676575672053], [-99.56267481907464, 20.64059619937829], [-99.56460899436911, 20.640020784663125], [-99.56579236922106, 20.6403860707052], [-99.56660392673625, 20.639139460946627], [-99.56694876569533, 20.638226839174358], [-99.56699898980627, 20.637150513940973], [-99.56757944477013, 20.63636057654711], [-99.57021696278925, 20.6360544038501], [-99.57162485064704, 20.63604559199296], [-99.57262047391139, 20.635832428239027], [-99.57366986082201, 20.634998145569472], [-99.57413392977836, 20.63433307210096], [-99.57447675407359, 20.633172138014043], [-99.57429620058042, 20.6325938807177], [-99.57436483971459, 20.631539208327368], [-99.57475725662786, 20.630255745569244], [-99.57569523113276, 20.629761715301214], [-99.577688064186, 20.628979984512874], [-99.57845074491794, 20.628114553333283], [-99.5791551484691, 20.627001585510897], [-99.57915666493236, 20.625805446705098], [-99.57880700813729, 20.624361491596204], [-99.57886721339449, 20.623082916574518], [-99.57910237361695, 20.62242320374493], [-99.57869419843661, 20.620937944939435], [-99.57887166773122, 20.61957699029366], [-99.57928308346638, 20.61850498478411], [-99.58022154445932, 20.61755722313185], [-99.58180352810446, 20.617270008789692], [-99.58344321340168, 20.617684020279803], [-99.58455534197046, 20.618386247836693], [-99.58619459200145, 20.619171448116305], [-99.58707217494926, 20.62007967292451], [-99.58918049098993, 20.620535304732574], [-99.59123421525821, 20.617649922010678], [-99.59187950885054, 20.616866820987862], [-99.5925245520757, 20.61628994830244], [-99.59328650320465, 20.615919407461988], [-99.59387320149085, 20.615136247511423], [-99.5941680226259, 20.61348665982618], [-99.59381694854925, 20.61315638156835], [-99.59352474377336, 20.61257867740006], [-99.59335003397496, 20.61171235317574], [-99.59299959850742, 20.610845873064857], [-99.59300047466044, 20.610103442266297], [-99.59335280304316, 20.609361322456287], [-99.59481795789905, 20.608702672400426], [-99.5959897469023, 20.608456217399745], [-99.59722096285161, 20.607467374490675], [-99.5978657572639, 20.607055467274893], [-99.5983931633832, 20.606849688254993], [-99.5989200969734, 20.607056369008482], [-99.60143926101362, 20.606646035930098], [-99.60237709538303, 20.606069372861743], [-99.60313892536676, 20.605740036107917], [-99.6040175335399, 20.605740761387544], [-99.60472087555566, 20.605328877352683], [-99.60536514095506, 20.605370649909766], [-99.60577484007777, 20.605659706357972], [-99.60682916888231, 20.60566056009717], [-99.60735655745445, 20.6054547541193], [-99.6081785535383, 20.603640583403628], [-99.60870749095339, 20.60199116026152], [-99.60970490302618, 20.600424598926278], [-99.61017400686926, 20.599930015776124], [-99.61070145914526, 20.59964170788094], [-99.611521547383, 20.599559857722156], [-99.61210769792733, 20.599147853075625], [-99.61240120740308, 20.59852938916187], [-99.61263644814807, 20.597622156787878], [-99.61269732308324, 20.595436159087114], [-99.61293216700545, 20.59490014107278], [-99.6145727617934, 20.594282709965082], [-99.61556874055071, 20.593994745029395], [-99.61668176888945, 20.59378935470749], [-99.61761925544015, 20.593418841934884], [-99.6194952565989, 20.59164664966324], [-99.62037490092652, 20.590533649980248], [-99.62154457255404, 20.5922255907293], [-99.62207152551707, 20.59239095571616], [-99.62336011599426, 20.59230938760844], [-99.62423819995058, 20.59276371852235], [-99.62464769757338, 20.593258960792635], [-99.62411993052602, 20.593918524501255], [-99.62353322437644, 20.5949492592644], [-99.623238628764, 20.596722629777567], [-99.62282717022084, 20.598207193699476], [-99.62393896438228, 20.599280382578378], [-99.62469922374038, 20.600477054631323], [-99.62616311707696, 20.60089053950001], [-99.6271582841088, 20.601468673037697], [-99.62873937647431, 20.601840970434314], [-99.63014464306715, 20.602336872945997], [-99.63207722383567, 20.602668129361298], [-99.63283832335881, 20.60303984452107], [-99.63471095793146, 20.604897131361703], [-99.63728803371627, 20.605063759485883], [-99.63810849878676, 20.604569324045016], [-99.63916306862589, 20.60428125964072], [-99.63980762427684, 20.60399293671733], [-99.64185753195439, 20.604159171358003], [-99.64320477914673, 20.60407748858535], [-99.6443184316169, 20.60317074026164], [-99.64525607702775, 20.602593849091445], [-99.64631103135176, 20.60181079163545], [-99.64830329060929, 20.600822033293234], [-99.65093838079824, 20.601607179910637], [-99.65158263807271, 20.601648780358655], [-99.65205108148484, 20.60181401998293], [-99.65281267951636, 20.601608204925856], [-99.65380827096185, 20.601773724368027], [-99.6550383443835, 20.601691887310192], [-99.65591689003753, 20.60173359524777], [-99.6566781659197, 20.601940221023867], [-99.65749826680086, 20.601816907407056], [-99.65808420394082, 20.60152848733528], [-99.65919774743935, 20.600621645776563], [-99.65973149904593, 20.600418463511925], [-99.66013630129632, 20.59872481143789], [-99.66042955262166, 20.59818876262889], [-99.66060575321247, 20.59752891786527], [-99.66095769266212, 20.596827914252877], [-99.66183714919094, 20.59559097428285], [-99.66230603621854, 20.5951375000367], [-99.66265784242098, 20.594601476183698], [-99.66406415237287, 20.593694746738205], [-99.66517713365643, 20.593447800394692], [-99.66640718998788, 20.59328339289941], [-99.66757858875982, 20.593242687135096], [-99.668398804118, 20.59287184884569], [-99.66904356606769, 20.592129716369232], [-99.66927846075193, 20.591222415451703], [-99.66980610502037, 20.590438982022853], [-99.67086093134924, 20.58953204222928], [-99.67156406807618, 20.589037400864886], [-99.67320445721634, 20.588254438398792], [-99.67630877256718, 20.5878020301857], [-99.67736299223546, 20.587761211530278], [-99.67806570971568, 20.587885229702298], [-99.67988090885353, 20.58846338203048], [-99.68058395998115, 20.588051196219414], [-99.67970697092886, 20.585617362376084], [-99.67882900487727, 20.5847921047303], [-99.67882918538582, 20.58450338488769], [-99.67906362556967, 20.584214757227073], [-99.67935655272741, 20.58404988925905], [-99.68082092630695, 20.58363799902705], [-99.68164115723764, 20.583102117157647], [-99.68240309142821, 20.58211250720334], [-99.68328202017435, 20.581329165700474], [-99.68339956572409, 20.58062803240307], [-99.6839857872114, 20.57963835100539], [-99.68433784777756, 20.578483600029788], [-99.68492369227188, 20.578112600797375], [-99.68556797611119, 20.577947848902827], [-99.68720708772155, 20.57906205840254], [-99.68761681649984, 20.57943341094009], [-99.68820230658847, 20.57968108547768], [-99.68902221282647, 20.57964011739625], [-99.6900173284241, 20.580465361822565], [-99.69077856169397, 20.580630594077846], [-99.6917155987091, 20.580589651241873], [-99.69224273589131, 20.580466082495626], [-99.69306246865935, 20.580755060026135], [-99.69417508720544, 20.580920386681957], [-99.69505368977266, 20.580631934275704], [-99.69575674806319, 20.58005470627686], [-99.69599136132001, 20.579353600757848], [-99.69593328693074, 20.57840493481873], [-99.694996974589, 20.577084795169846], [-99.69435290069833, 20.57687837128206], [-99.69400189920196, 20.576177087955642], [-99.69447089083026, 20.57522858244494], [-99.69493968292232, 20.5746512863025], [-99.6958771927197, 20.57362042724762], [-99.69669735855625, 20.57300198520115], [-99.69775113453139, 20.573620974980177], [-99.69880459081267, 20.57489988749143], [-99.69974150835182, 20.57502388456556], [-99.7006199260559, 20.57502412400045], [-99.7016741652256, 20.574735686473957], [-99.70196685257604, 20.574983236912626], [-99.7027865725411, 20.575272168886592], [-99.70378203699897, 20.575437404541272], [-99.7045432201046, 20.57568506772567], [-99.70524576905471, 20.576097695389635], [-99.7060069576197, 20.576345351954657], [-99.70647510050073, 20.5771291280251], [-99.70776292037698, 20.5783667922154], [-99.7089921095936, 20.57981066055672], [-99.70969470668604, 20.58018202358818], [-99.71168559492362, 20.580801125397517], [-99.71238847157676, 20.580512549842453], [-99.71233029534648, 20.57956389249097], [-99.71268257604771, 20.577336707865605], [-99.71315130421445, 20.57675936434424], [-99.71291719096982, 20.576429354196055], [-99.71537682469612, 20.576306089144865], [-99.71648944589667, 20.576430027233382], [-99.71889049852066, 20.57634794732233], [-99.72006177228431, 20.576224399463033], [-99.72105741787584, 20.57593583551892], [-99.72287308430138, 20.575152439003052], [-99.72439577848179, 20.574822684578336], [-99.72521557647224, 20.574987772980723], [-99.7265039680786, 20.574822951548757], [-99.72837816486819, 20.573998260110937], [-99.72902246636588, 20.57354463076235], [-99.72972548289644, 20.572554815474927], [-99.73007716972387, 20.571441226443845], [-99.73031154040287, 20.570987550891996], [-99.730370497754, 20.56962645972031], [-99.73054636648617, 20.568966551202934], [-99.7308978370007, 20.568554131740115], [-99.73083944599468, 20.56797669092193], [-99.73113243872258, 20.567275547749208], [-99.73160101934135, 20.56686313807354], [-99.73253790818592, 20.566986958446968], [-99.73359200376701, 20.56678082042073], [-99.73423627070547, 20.566285927322035], [-99.7347051133451, 20.56484237575801], [-99.73517380677272, 20.56393501257625], [-99.7365695395359, 20.56404874168108], [-99.73995645692155, 20.566376922327578], [-99.7408945939932, 20.566091367764656], [-99.74626853007385, 20.569541889095003], [-99.7589119328217, 20.571401486712233], [-99.75944198350105, 20.57069954656543], [-99.76067143806348, 20.57082739932892], [-99.76078531372642, 20.571614059948754], [-99.76142752514588, 20.572112612978863], [-99.76113398718107, 20.5722772711342], [-99.76112849357676, 20.5736015791267], [-99.76070338228934, 20.57724219213163], [-99.7600571967311, 20.577695483397473], [-99.76138497709371, 20.582375994386542], [-99.76114536127406, 20.583658212468368], [-99.76445817586168, 20.58995866028839], [-99.76626691761592, 20.59170221806747], [-99.7434579513051, 20.596847439801767], [-99.74847868190444, 20.60091869268366], [-99.76467060849286, 20.637965782415773], [-99.78887225697538, 20.637580787053835], [-99.78856274946735, 20.6417597513732], [-99.7892012624835, 20.643292786944478], [-99.7894322192609, 20.64416251531595], [-99.78942780711763, 20.645279885212446], [-99.78971557030161, 20.64660500314404], [-99.78993902657294, 20.649378396482227], [-99.78963966021512, 20.6509915468364], [-99.78934322880923, 20.651859783937994], [-99.788693554171, 20.653140866519237], [-99.78874316188276, 20.65541715397525], [-99.78832967699121, 20.656243673805246], [-99.78802733663824, 20.658601733394026], [-99.7874951588682, 20.659800375549054], [-99.78742983903709, 20.661496953862986], [-99.7904880115256, 20.658774221632612], [-99.80837125234464, 20.656382006357287], [-99.80900670994019, 20.65878401840079], [-99.81000043508548, 20.659448856859157], [-99.81017277586979, 20.66035977652788], [-99.81093399091264, 20.660527369374893], [-99.81156997988063, 20.66280521749915], [-99.81267812663712, 20.664215263011332], [-99.81349812505562, 20.664341617442417], [-99.81349358032622, 20.665541747149586], [-99.8141357351913, 20.66620561560319], [-99.81407368561709, 20.667115901556393], [-99.81459829822681, 20.667862183972158], [-99.81647559574078, 20.667370623905487], [-99.81665359570331, 20.66679171986726], [-99.8177685065136, 20.66642222884563], [-99.81747968000462, 20.66530408873092], [-99.81994604503441, 20.66394504739381], [-99.82140494440499, 20.665645497445922], [-99.82234468630277, 20.665110037635696], [-99.82339522351253, 20.666271506845064], [-99.8245104624035, 20.665819252335513], [-99.82701871001038, 20.669012374549233], [-99.82660463597854, 20.670045897442154], [-99.82853546144044, 20.67091998177778], [-99.82912747914011, 20.669307539465496], [-99.83118630647891, 20.667243660779043], [-99.83265614916621, 20.66596454174179], [-99.8333612290618, 20.66546974520269], [-99.84600213914622, 20.6540797925548]]]}}, {"type": "Feature", "id": 4, "properties": {"id": 4, "municipio": 4, "nombre": "Colón", "cve_mun": "004", "clave_entidad": 22}, "geometry": {"type": "Polygon", "coordinates": [[[-100.01281251641264, 20.63814291991578], [-100.0158083998212, 20.63708408278484], [-100.01654881294262, 20.641725010009054], [-100.00819716680375, 20.64672668830433], [-100.00507240952012, 20.650144350356832], [-100.00441395158558, 20.652914156185954], [-100.01304650518695, 20.650605173639274], [-100.02917784833511, 20.6499950349332], [-100.02906228532427, 20.64962178706799], [-100.06231834119073, 20.649064924641248], [-100.07964757693391, 20.64253692128408], [-100.07761176806858, 20.62513883430375], [-100.06725143502261, 20.620900531952866], [-100.06631326731228, 20.620895326018076], [-100.06349711250712, 20.621252248063087], [-100.0640105612474, 20.611236850074086], [-100.06401477898814, 20.610284724651727], [-100.06361830577961, 20.607136284119605], [-100.06551184389764, 20.58996673011227], [-100.06530136427153, 20.58454243690196], [-100.06376012636224, 20.57517791420638], [-100.0753112434671, 20.577071640647546], [-100.08441224383495, 20.578838560651135], [-100.08752476362402, 20.57917869063461], [-100.09198959319478, 20.578858443552445], [-100.09539573914901, 20.579240685144427], [-100.09524738830288, 20.564801692058463], [-100.10592590634803, 20.56591006567988], [-100.10598852563326, 20.56864624634238], [-100.1367076728097, 20.56818170117884], [-100.1411155166266, 20.566490913843943], [-100.14440566285458, 20.565834688620985], [-100.15497442781322, 20.567933184601983], [-100.15832376957403, 20.56694491352083], [-100.16126099956567, 20.566578012264163], [-100.16355307499614, 20.56558730771308], [-100.16925081366848, 20.565143325898315], [-100.17542117638196, 20.562708679862208], [-100.1908681212913, 20.5622844401996], [-100.19361977060642, 20.568969741704006], [-100.19660822737804, 20.574452281945167], [-100.20216855324259, 20.58397437464666], [-100.20152260506268, 20.58413927149116], [-100.19940961052772, 20.584260802591448], [-100.198645900552, 20.58454983448528], [-100.19388040270482, 20.588811205426], [-100.19387783629583, 20.589722757227534], [-100.19188271384415, 20.58963718758394], [-100.18744747414404, 20.601439901339056], [-100.18694305961209, 20.60330068905181], [-100.1891208604127, 20.60530405050462], [-100.18945782544586, 20.609024924975767], [-100.18458419530087, 20.61396195100333], [-100.18923548058024, 20.633222440194228], [-100.19016643172506, 20.63616553012321], [-100.19444516300304, 20.638574448895348], [-100.19695788152397, 20.642762607680066], [-100.19079392067732, 20.66351287586545], [-100.18405736199934, 20.678585710982617], [-100.18328724617118, 20.68094639048231], [-100.17778517336933, 20.69510916913976], [-100.16632430196418, 20.698117361652105], [-100.16385706415576, 20.69832088255136], [-100.15740172394251, 20.69669522716894], [-100.1572818903396, 20.697482296389822], [-100.1576336393665, 20.697690003986004], [-100.15510778664603, 20.69785187618051], [-100.1586800420262, 20.7012549427781], [-100.16953614736437, 20.704337180105934], [-100.16690111874023, 20.7215699247031], [-100.16572770351301, 20.721112430936014], [-100.16355599864706, 20.72057058486299], [-100.15961771176417, 20.721517692470616], [-100.16282244753788, 20.730223643438265], [-100.18266807376496, 20.73340088531608], [-100.18141478655947, 20.740318613855866], [-100.18451937919751, 20.74347180595295], [-100.18504003270107, 20.746331435344715], [-100.18914725213874, 20.748160002819777], [-100.19055120791869, 20.750316403287307], [-100.19212422137656, 20.7550833257634], [-100.19516227880192, 20.761260853597054], [-100.19145613442335, 20.76295483005054], [-100.18710499825399, 20.764150670652715], [-100.18698308054243, 20.765724985019784], [-100.18650851267338, 20.767340263194228], [-100.18022097010069, 20.767580372199255], [-100.18094741291466, 20.780757260002215], [-100.18365308918288, 20.779807947670538], [-100.18718345200766, 20.778113885284395], [-100.18519144367819, 20.77603955626429], [-100.18949201056516, 20.772026202401932], [-100.20001256267187, 20.770920998046694], [-100.20009010936334, 20.78567136855891], [-100.20665580952256, 20.79156294890582], [-100.2054754334726, 20.79346744769035], [-100.20559053186217, 20.794379117772415], [-100.20746750788106, 20.795707244657088], [-100.2104085260968, 20.817007353627183], [-100.2113342525605, 20.82260189569127], [-100.21098083374817, 20.822891512930862], [-100.2103911102703, 20.8236366150057], [-100.210154043587, 20.824382130311854], [-100.21027050952306, 20.824796597149337], [-100.2105049659524, 20.825045470411766], [-100.21085762992485, 20.825045883927153], [-100.21209303673055, 20.82463299710703], [-100.21315113315339, 20.82459279298316], [-100.21407357593019, 20.831513157315438], [-100.21130886506572, 20.832297179869755], [-100.21148412169948, 20.832711713601608], [-100.21265821461807, 20.833293138652127], [-100.21312759523484, 20.83362514497173], [-100.21330328991203, 20.833873945330037], [-100.21294769108444, 20.834992223047752], [-100.213063850635, 20.835530985042837], [-100.21323922405611, 20.83590408363193], [-100.21347327224403, 20.836318682509305], [-100.21382499305088, 20.836691983496863], [-100.21517150220127, 20.838806603151422], [-100.22827275188656, 20.86525506816758], [-100.23444840991061, 20.864267101319722], [-100.23450699882396, 20.86435002604392], [-100.27209560728629, 20.85502062348189], [-100.26518386932874, 20.86993046453661], [-100.2589969710449, 20.875849949619585], [-100.25722394961286, 20.87982587244597], [-100.25055296208897, 20.89129656088227], [-100.2383288618475, 20.91282967357473], [-100.23550231273595, 20.914318435802212], [-100.23402768027711, 20.916098544422535], [-100.23432063215142, 20.91655459323279], [-100.23284697739705, 20.917920371637006], [-100.23425485919722, 20.919413350188425], [-100.22760234369086, 20.922058213991402], [-100.22619305581918, 20.921145229893376], [-100.20504977655715, 20.93210135768974], [-100.20016679624874, 20.932468468094815], [-100.19670033825281, 20.931014134792587], [-100.18510809606764, 20.93278121774231], [-100.18123578887207, 20.929254396450833], [-100.18110616096784, 20.93356324616428], [-100.14969198254666, 20.934886503733242], [-100.14770326354808, 20.931154523308592], [-100.14216752252521, 20.933342064307972], [-100.13004758775779, 20.934234529519287], [-100.12905877198959, 20.93066964932632], [-100.13224843877691, 20.92636568519453], [-100.13119293920654, 20.925328155573762], [-100.11873335686829, 20.922241606861377], [-100.09209976613771, 20.930920799591377], [-100.09050655678023, 20.911280210904774], [-100.08977598280147, 20.91141171673011], [-100.08924694259196, 20.911368116478606], [-100.0886021299936, 20.910911022598064], [-100.08813519508136, 20.910124311192124], [-100.08790273854548, 20.90950381595028], [-100.08784723937927, 20.908760195644827], [-100.0876735877302, 20.908139956277793], [-100.08702897761987, 20.90764155746277], [-100.08456264770712, 20.906887392296365], [-100.08356487917371, 20.906470029801707], [-100.082509055263, 20.905887210645876], [-100.08180678200445, 20.905140744019516], [-100.0811076673994, 20.903692206579006], [-100.08081849139838, 20.902617161576647], [-100.07958835190597, 20.901579266175126], [-100.07935631668026, 20.900876160331187], [-100.07900668703282, 20.900172534826034], [-100.0782482675943, 20.898847617475127], [-100.07725485897669, 20.89748035691127], [-100.07667248634061, 20.896238808029377], [-100.07615078870649, 20.894584535379977], [-100.07610600978894, 20.891486909851658], [-100.07528680939019, 20.890615994650645], [-100.07475896814024, 20.89032455672228], [-100.07372813017751, 20.88901444574645], [-100.06123544762536, 20.891120530769996], [-100.05771341985313, 20.88998927233964], [-100.05742313752063, 20.88920290546593], [-100.05683546819789, 20.889158970203642], [-100.05255626525336, 20.886536713801583], [-100.05123096001242, 20.88082862956046], [-100.04960037362804, 20.8801381744564], [-100.04765839713676, 20.880548440832154], [-100.04642646781474, 20.879758577880118], [-100.04612924664663, 20.88062808096954], [-100.04600888776507, 20.881373653545314], [-100.04629876736117, 20.88249300776706], [-100.04541228691937, 20.883692741295757], [-100.04499729325829, 20.884603427814767], [-100.04387480735303, 20.886009827503944], [-100.0434617967423, 20.886381861826777], [-100.0389608524371, 20.879162536123836], [-100.04108016968051, 20.878504139399602], [-100.04160968729964, 20.878422405404606], [-100.04208246864417, 20.87781249151559], [-100.04266767422742, 20.876781943806414], [-100.04214060475786, 20.876366350248784], [-100.0419086233719, 20.875704175713356], [-100.0414999082516, 20.875123837408317], [-100.03991656776178, 20.874331550226607], [-100.03815966830521, 20.872959973658265], [-100.03774880052832, 20.872834136577996], [-100.03716357178804, 20.872294300117083], [-100.03699039861073, 20.871632386200027], [-100.0369925756015, 20.871177874768673], [-100.03652649898142, 20.87030801948144], [-100.03523395363983, 20.870178138232284], [-100.03387865561808, 20.870874362340395], [-100.03334745330139, 20.871326444018454], [-100.03087731449077, 20.871604316796166], [-100.02987805959044, 20.871599707745855], [-100.02863808046506, 20.872750946636188], [-100.02787333700836, 20.872871370753874], [-100.02740630341829, 20.872208085397983], [-100.02735213589074, 20.87125746893537], [-100.02717980903222, 20.87043026586205], [-100.02712604534727, 20.869397010384834], [-100.02695412368894, 20.868487168092518], [-100.0270157116601, 20.86790896969379], [-100.02832966358356, 20.865740572471328], [-100.02873569985876, 20.864735270556306], [-100.02891563459043, 20.86399233778891], [-100.02909316580384, 20.863745236912727], [-100.0299778144411, 20.863129520026074], [-100.03092282931715, 20.862183515306803], [-100.0312794771278, 20.86135875496122], [-100.03087823240516, 20.859249571489855], [-100.03064592987899, 20.858670015906117], [-100.0309427989125, 20.858051581679362], [-100.0315990954991, 20.85602991521589], [-100.03095478270458, 20.85557242058125], [-100.03048699350012, 20.855074418113393], [-100.02984288813684, 20.854575599558842], [-100.02721315823364, 20.851464402409242], [-100.02692211118685, 20.850884567616763], [-100.02692512471297, 20.85026477628663], [-100.02616833612291, 20.848773730449203], [-100.02564181344052, 20.848275439867198], [-100.02499674590564, 20.847983198096127], [-100.02446579452294, 20.848393931697334], [-100.02405218038223, 20.84884653057682], [-100.02381507892132, 20.849258630375406], [-100.0228101110424, 20.85045223848396], [-100.0222221929685, 20.850490816320757], [-100.02175303166105, 20.85028202418873], [-100.02070020922972, 20.849244093988265], [-100.01870259934782, 20.849110780372566], [-100.01811204158089, 20.849686497655004], [-100.01717210697161, 20.849599445016068], [-100.01700108735793, 20.848524309120908], [-100.01605769422457, 20.849139682232426], [-100.01465474425595, 20.847604219187087], [-100.01365809880096, 20.847103673978317], [-100.01336547460241, 20.846854369979646], [-100.01213027278021, 20.847055138852674], [-100.01254617293014, 20.846148051956604], [-100.0123719120505, 20.845734022993643], [-100.01196257319702, 20.845318882480466], [-100.01149405664673, 20.844986102058805], [-100.01073190001975, 20.84461060938705], [-100.0093771152592, 20.845223997468743], [-100.00884818753539, 20.845221487830095], [-100.0071455154138, 20.844882832923023], [-100.0088741341926, 20.840015213034597], [-100.01610602895985, 20.82744662126837], [-100.0081813032877, 20.825756289704906], [-99.97418999696816, 20.819434402208156], [-99.94765906716329, 20.813970381395325], [-99.94774881506444, 20.808227149769344], [-99.94817258927363, 20.805915310742403], [-99.94790824660274, 20.800459514593918], [-99.94716298312049, 20.797026009706336], [-99.94665387598461, 20.793387100995343], [-99.95181903178056, 20.794322565804453], [-99.95382342341304, 20.79305179729886], [-99.95406108140257, 20.792557146766956], [-99.9541827878765, 20.79177265613373], [-99.95418655156112, 20.79107020921173], [-99.9563092616611, 20.789634729092512], [-99.95649191130632, 20.788437330928744], [-99.95678852283532, 20.787901654342523], [-99.95773466756378, 20.786749443552672], [-99.95891512682488, 20.78572237721182], [-99.95974242854093, 20.784817484504128], [-99.96033583290894, 20.783704800247158], [-99.96287639642972, 20.780990387852885], [-99.96300046068676, 20.779751367899028], [-99.96276811090426, 20.77925434045307], [-99.96288757289648, 20.778883048475272], [-99.96353398306269, 20.77884497984244], [-99.9642967881563, 20.779014101170734], [-99.96472308935184, 20.77616506156759], [-99.96466850116556, 20.77537967914872], [-99.9637991756902, 20.77314394787836], [-99.96256624254349, 20.77301377671857], [-99.96221729866339, 20.772350874095434], [-99.96163317079898, 20.77172810613554], [-99.9605205925535, 20.77106134646065], [-99.96004449907822, 20.772215945069753], [-99.95940229900265, 20.77146891096835], [-99.96053554546651, 20.768251555846035], [-99.9653822219556, 20.762614918685045], [-99.96603839380094, 20.76071742371067], [-99.96699718317194, 20.75712726163117], [-99.965515628413, 20.754762751227666], [-99.96687278723635, 20.753398904104454], [-99.96999409072566, 20.751666710809076], [-99.968155163618, 20.741965803240674], [-99.96865136128368, 20.735793067234432], [-99.96833708136681, 20.72680052891936], [-99.96722325177213, 20.72625893903129], [-99.9671073534171, 20.725885706531], [-99.96705125717834, 20.7252640115246], [-99.96681911059495, 20.72460041814642], [-99.96582791426556, 20.72285747980063], [-99.9644234267045, 20.721610683533395], [-99.9631935867606, 20.720737266179462], [-99.96254850179997, 20.720486938764452], [-99.96119728193206, 20.72052479026468], [-99.95961002574283, 20.720810621814877], [-99.95773031002066, 20.720805599646404], [-99.95549868551525, 20.720675300541817], [-99.95244378583628, 20.720749928458435], [-99.95056424863918, 20.72070339172403], [-99.95116088317732, 20.718591739182717], [-99.95140325707762, 20.716893490734638], [-99.95169930499651, 20.716355616552182], [-99.95258436812874, 20.71544640758933], [-99.95265411713842, 20.71291895484278], [-99.95283357984643, 20.71217357931754], [-99.95342312214098, 20.71167793381135], [-99.95419211491253, 20.710436909656064], [-99.95413463862616, 20.710146697172274], [-99.95207847935998, 20.71022400465813], [-99.95031799570089, 20.70984628836556], [-99.94683084236895, 20.714767738444664], [-99.94676736942176, 20.715844921424466], [-99.94652986208294, 20.716424385262105], [-99.94599719576611, 20.717334532896288], [-99.94593426344917, 20.71828740660955], [-99.94575384922219, 20.719239957514844], [-99.94357879700972, 20.71960689977544], [-99.94323001179019, 20.718777200231717], [-99.9425286059225, 20.717987961479416], [-99.94194303698639, 20.717571972083284], [-99.94040805426039, 20.70966723370385], [-99.94066268835626, 20.709678696515756], [-99.93874142990843, 20.69978683734546], [-99.92810062468493, 20.700046639104073], [-99.92770261062799, 20.697144905148093], [-99.93786423233493, 20.696966462948062], [-99.93591370896412, 20.68718025111497], [-99.94206279143675, 20.686594606305206], [-99.94697789759151, 20.68132857167017], [-99.94725202370823, 20.685763079707016], [-99.94238446467644, 20.68675026272], [-99.94313803473766, 20.699715981667385], [-99.94736773381004, 20.69952045209571], [-99.94743083659824, 20.698526140072698], [-99.9486658585071, 20.69815659167354], [-99.94843256469129, 20.697783021341564], [-99.94878641273124, 20.697452494679855], [-99.94872986133187, 20.696955097482434], [-99.94849584210277, 20.696747272646522], [-99.94861566916815, 20.69620892120241], [-99.94902788159548, 20.695961427639492], [-99.94915043096132, 20.69480153013487], [-99.94944753697204, 20.69401504151576], [-99.94956772202642, 20.69339381668194], [-99.94980445962479, 20.6929800945106], [-99.94992391672801, 20.692524614993353], [-99.9503362985554, 20.692235682279847], [-99.95057248848195, 20.691946268301056], [-99.95081230224596, 20.690828126323847], [-99.95099519564934, 20.689295460072465], [-99.95128938442909, 20.689171950830133], [-99.95193847996416, 20.688469290370584], [-99.95235084714083, 20.688180353276223], [-99.95288012763908, 20.68801604325618], [-99.9529401210602, 20.68772614799455], [-99.95241554353672, 20.686813112074507], [-99.95502782853174, 20.672614455569466], [-99.95292166624328, 20.671950018575057], [-99.9528114641499, 20.671542894951465], [-99.95332022952753, 20.663340084197326], [-99.95047712975418, 20.664608278596216], [-99.95140296610965, 20.6666787538439], [-99.94046890722723, 20.67170117563313], [-99.9399461901005, 20.670872136996824], [-99.94109781346965, 20.664516530811945], [-99.93858172567897, 20.663718011494467], [-99.95960058651426, 20.653463842433805], [-99.95697909643718, 20.64810165362482], [-99.95602355739587, 20.648444158993684], [-99.94960861576659, 20.642832962676298], [-99.95071527741908, 20.639543734116714], [-99.95043637624879, 20.639361792789973], [-99.9497558392669, 20.639501753038534], [-99.94891574534302, 20.63891118270707], [-99.9468456648249, 20.638837278322523], [-99.9473709521493, 20.636978705289977], [-99.94811641479575, 20.634758382409675], [-99.94909464282269, 20.63360788651261], [-99.94937027077125, 20.63353679044365], [-99.9500723790827, 20.633747109610415], [-99.95065848285093, 20.633750251071984], [-99.95083153799308, 20.633997167495487], [-99.95127709464876, 20.63406648067207], [-99.95171201373114, 20.634003756695094], [-99.9521498653429, 20.634045715245165], [-99.95241339972118, 20.6343379940988], [-99.95276530550159, 20.63429856506965], [-99.95317461048671, 20.634465995119655], [-99.95346451571669, 20.635004581868746], [-99.95410584720135, 20.635586354776184], [-99.9548072453977, 20.635920581906902], [-99.9550390312799, 20.636376234398547], [-99.95503323059174, 20.637367657363917], [-99.95479564099918, 20.637903427932095], [-99.95444130925071, 20.638355954284517], [-99.95432166636608, 20.6387684217476], [-99.95472663350962, 20.639679414557918], [-99.95495939207952, 20.639969829643846], [-99.95483950782612, 20.640423606660157], [-99.95454402554513, 20.64083513655006], [-99.95465883408336, 20.641248854494414], [-99.95501051324338, 20.64125072958999], [-99.95553416775734, 20.641914489108032], [-99.95833148276901, 20.64469717344666], [-99.96194879759139, 20.64760807711212], [-99.96352184563888, 20.64926880625816], [-99.96468007078357, 20.65171223026265], [-99.96606779722711, 20.65502436973117], [-99.96771315759143, 20.654330745146197], [-99.96864557606712, 20.655285778526675], [-99.9700571663175, 20.654466974116747], [-99.97081516792433, 20.65517321932502], [-99.97246429517816, 20.65381860550801], [-99.974806880325, 20.654202624239744], [-99.97446486017681, 20.652507120340704], [-99.97674857584887, 20.652932116700065], [-99.97740160926756, 20.651489653969076], [-99.98952645293372, 20.65312203677354], [-99.99160895228658, 20.636686504606555], [-100.01281251641264, 20.63814291991578]]]}}, {"type": "Feature", "id": 5, "properties": {"id": 5, "municipio": 5, "nombre": "Corregidora", "cve_mun": "005", "clave_entidad": 22}, "geometry": {"type": "Polygon", "coordinates": [[[-100.40137380763419, 20.373920876146418], [-100.39654925785078, 20.371297527470237], [-100.38777920935584, 20.366204735161347], [-100.38384056458061, 20.36431307961639], [-100.4016308604222, 20.361288158568374], [-100.40331811152274, 20.360648261087515], [-100.40379705338549, 20.361591633347977], [-100.40375005334799, 20.362541492928205], [-100.40352226588946, 20.36303957924859], [-100.40341334422013, 20.363701291301464], [-100.403652073988, 20.36411107673094], [-100.40383037609244, 20.364356515198512], [-100.40447271135324, 20.364307316282297], [-100.40464703410511, 20.364222618847492], [-100.40506307708843, 20.364795305647576], [-100.40530430192725, 20.365411422688855], [-100.4051334626008, 20.365784988819843], [-100.40513893805225, 20.36623892421787], [-100.40532122771657, 20.36681449561004], [-100.40561691431087, 20.367099755551497], [-100.4059700463986, 20.367301759493266], [-100.4062082907656, 20.367670273712385], [-100.40721473716087, 20.368730936282965], [-100.40810032578432, 20.369462902969392], [-100.4084544638085, 20.36974743487596], [-100.40892349040604, 20.369865453320187], [-100.40945345396504, 20.370189081252665], [-100.40993196614627, 20.371091165005446], [-100.41023415948622, 20.371912883550028], [-100.41054933954844, 20.373807536018138], [-100.41128012773433, 20.37623358845154], [-100.4135149903654, 20.377361538242837], [-100.41521637432152, 20.37787698500999], [-100.41656109012037, 20.377901569186342], [-100.41767503740819, 20.37817664619399], [-100.41966464813001, 20.378358285999134], [-100.42013772388155, 20.37880640426843], [-100.42066372302655, 20.378799862584316], [-100.42083554059846, 20.378508816154287], [-100.4215383783585, 20.37862389030168], [-100.42318085065608, 20.379098717668892], [-100.42800353253753, 20.381514954691312], [-100.42870978205278, 20.381617206085224], [-100.42994429792776, 20.38244035518393], [-100.4310014951232, 20.382933101993316], [-100.43223414455697, 20.383342452113453], [-100.43393490620936, 20.383584586897587], [-100.43469889286814, 20.384036990737012], [-100.43599016741604, 20.38444610105583], [-100.43687138045686, 20.38489806963428], [-100.43921914409421, 20.385634345141384], [-100.44162014545573, 20.386008261589193], [-100.44267726362764, 20.386407704783746], [-100.44384924634512, 20.38664060736409], [-100.45092229945358, 20.386634075149793], [-100.453726194243, 20.386474866997943], [-100.45617684419696, 20.3861137194907], [-100.45991636673122, 20.385983851978093], [-100.46131958262653, 20.386007346056765], [-100.46184585232137, 20.386377971194314], [-100.46290178582284, 20.386580873505547], [-100.46677032592365, 20.386648959684837], [-100.46800169359032, 20.386768406776483], [-100.46935167079266, 20.38717703982573], [-100.4741077474556, 20.388979453289053], [-100.47539774477143, 20.38909862118307], [-100.47609884353041, 20.38944353909195], [-100.47621972083824, 20.390187897861452], [-100.47610506277853, 20.390726356674755], [-100.47581510516093, 20.391389713492266], [-100.47576971007818, 20.394121124517472], [-100.47554419721881, 20.3959842843078], [-100.47543735673263, 20.398136609159867], [-100.47581426746663, 20.403307745922657], [-100.47605625254387, 20.40483784133038], [-100.47653099086936, 20.40599449768103], [-100.47671193583939, 20.407028269624636], [-100.47671796981193, 20.40826970321005], [-100.47689771245773, 20.409055187803105], [-100.47743272371294, 20.410542636467607], [-100.47797157581033, 20.412816323036942], [-100.47810216671425, 20.41554696791749], [-100.47840002023793, 20.416497467929613], [-100.47881314569602, 20.417033650636988], [-100.47922506209173, 20.417321545979007], [-100.47958076178422, 20.418106265835338], [-100.48052553504148, 20.419426401896263], [-100.48146647440043, 20.419960293092988], [-100.48258457107468, 20.42074170137507], [-100.48293928104702, 20.421319507806977], [-100.48323352043579, 20.421525139535184], [-100.48405353070152, 20.421314667885746], [-100.48510628413584, 20.4207307433994], [-100.48534065825015, 20.42068834129084], [-100.48604541078389, 20.420892180267323], [-100.48534493608273, 20.421557340278454], [-100.48411685340159, 20.422266174180155], [-100.48470595027976, 20.422801575369878], [-100.48594137443686, 20.42358244914071], [-100.48753154644956, 20.42494110857203], [-100.48829639912053, 20.42543434660186], [-100.48943936771005, 20.431222782298267], [-100.48950193484973, 20.44384391232945], [-100.48978379779156, 20.45336044340704], [-100.48915788211126, 20.457253059453798], [-100.48946145060246, 20.459320804659047], [-100.48987761718882, 20.460436278083804], [-100.48971027740039, 20.462175038224043], [-100.48978128170569, 20.46465761808856], [-100.48955260336965, 20.4658586874663], [-100.48885997156464, 20.468137714355763], [-100.4886316938031, 20.469421544058463], [-100.4888696782384, 20.470716909260936], [-100.4888331388, 20.47245078104613], [-100.49095181906358, 20.475887541192147], [-100.49244232892323, 20.480660520860017], [-100.49262226019584, 20.481445972740847], [-100.49275056141182, 20.4836386199774], [-100.49263508733016, 20.484011562899695], [-100.49251873493343, 20.486353080459363], [-100.49307179588342, 20.488450792602784], [-100.49227135021421, 20.48990560470621], [-100.49800700726506, 20.490161781441], [-100.49835774011123, 20.494738360121403], [-100.4976320864655, 20.497471637240242], [-100.49778635845843, 20.500399902312008], [-100.49777305379762, 20.503949399507377], [-100.5105469382841, 20.505599810115683], [-100.50962225479881, 20.506478519027585], [-100.50863532003324, 20.50706913073393], [-100.50742128029097, 20.508199208398604], [-100.50551007556771, 20.509709759360817], [-100.50475654297743, 20.510256052829217], [-100.5031872799964, 20.511060538546996], [-100.50098300702071, 20.51253356801515], [-100.50180398768, 20.517269119710026], [-100.5025048668947, 20.51717750130688], [-100.50362613351514, 20.51918548408559], [-100.50363183291115, 20.525629383587525], [-100.50458029896913, 20.526653024612493], [-100.50476899954354, 20.527931752880654], [-100.50430899793054, 20.528844902194724], [-100.50413969421065, 20.529507434465973], [-100.5042594419344, 20.52975413664267], [-100.50443658767549, 20.529876369209077], [-100.50449811302336, 20.53016493383159], [-100.50444360481895, 20.530578527233878], [-100.50427141107453, 20.53095193570546], [-100.50421938868053, 20.531735608879856], [-100.50427717271452, 20.53220297620072], [-100.50698064852901, 20.531875997377515], [-100.50498775277094, 20.551193892704273], [-100.5050610565469, 20.55234852698299], [-100.50488461909919, 20.55284819469511], [-100.50476544601025, 20.555033399815233], [-100.49807721500989, 20.55464073781509], [-100.48894729200941, 20.553945230815003], [-100.48500338500922, 20.553804214815017], [-100.4845096000092, 20.560903937816107], [-100.4840017850092, 20.57078512281774], [-100.48389870800918, 20.571440399817792], [-100.48211180000912, 20.571448476817814], [-100.4820916460091, 20.57150830781776], [-100.48221603100909, 20.576356307818557], [-100.48348360000917, 20.578428553818835], [-100.48464036900924, 20.580111799819168], [-100.48513958500925, 20.58130727681938], [-100.48570836900929, 20.58306549181962], [-100.4860691380093, 20.58477923081992], [-100.4875390000094, 20.587946907820385], [-100.48639964600933, 20.588319984820497], [-100.48640878500937, 20.58843366182052], [-100.48862935841363, 20.59369702423717], [-100.48669475858664, 20.594476030279857], [-100.48616594294393, 20.5943177588319], [-100.48493798203195, 20.594416114731633], [-100.48435221526378, 20.594382384296537], [-100.48276839498577, 20.594113865694876], [-100.47538233435453, 20.593259472016587], [-100.46835912056662, 20.59258149007978], [-100.46358095396012, 20.592277598879132], [-100.44171185372265, 20.589760463439816], [-100.43927873568116, 20.58964846665251], [-100.43342664932841, 20.589957369956714], [-100.43342347094574, 20.589428058947306], [-100.43361923679957, 20.589057699734905], [-100.43358867965158, 20.588568230685244], [-100.43197083695962, 20.580471093474515], [-100.43152589948699, 20.577655532579865], [-100.43104801713466, 20.576407005058773], [-100.42867230240354, 20.57170713336203], [-100.42845904015562, 20.571443168289548], [-100.4280123171446, 20.571184183680217], [-100.42742867725117, 20.571198160215733], [-100.42620224186251, 20.571537383465223], [-100.42572876729668, 20.571534774526775], [-100.42537481811647, 20.57137821446834], [-100.42507176665897, 20.57112034216583], [-100.42491982469004, 20.57076033330262], [-100.42435523701148, 20.567912187129988], [-100.42409256367225, 20.56752339221355], [-100.42354475340562, 20.562623806617967], [-100.42387204531342, 20.562492409335093], [-100.42363275372597, 20.5599795199073], [-100.42163836636833, 20.560647606025686], [-100.42135594159315, 20.56059818731983], [-100.41711056455358, 20.56206158815246], [-100.41705887413964, 20.55941705958222], [-100.41691935960404, 20.559221573590964], [-100.41332160997055, 20.56360228087165], [-100.41274321909894, 20.56322533305591], [-100.41201476142189, 20.562187580287755], [-100.41043595573552, 20.563942973360792], [-100.40961839173038, 20.56354903207299], [-100.40952056100102, 20.56195488616575], [-100.41097793260099, 20.56283824633479], [-100.41195138787538, 20.561782896507243], [-100.41193569801275, 20.56073108561474], [-100.41199444466196, 20.560678059566424], [-100.41172675847967, 20.55831321011591], [-100.41216987544405, 20.55793346444937], [-100.41228715743537, 20.557730367428096], [-100.41158068353127, 20.554746023684665], [-100.41134988157512, 20.554030154750986], [-100.41111125467626, 20.553793005711842], [-100.40867998426384, 20.55415807230118], [-100.40764138362535, 20.554584356399527], [-100.40646830329642, 20.555566389681132], [-100.39682599240295, 20.555310433086554], [-100.395647660529, 20.55524846334341], [-100.39558454634178, 20.555114183188966], [-100.39181236010768, 20.555341788529084], [-100.38963885928587, 20.5479352549632], [-100.38825656985401, 20.543760433865863], [-100.38605337072859, 20.535883889781925], [-100.38594282055584, 20.535856979217066], [-100.38418010313653, 20.529524329331217], [-100.38235622510553, 20.523809837950353], [-100.38170826976545, 20.52344632782451], [-100.38129233867267, 20.522914881556666], [-100.37858895936921, 20.512134552441612], [-100.37735392333863, 20.506701662050055], [-100.37535120335362, 20.500659042324305], [-100.37457308682426, 20.499182724030565], [-100.37577922897383, 20.49731071943323], [-100.37484092158732, 20.497115814505552], [-100.37098609453805, 20.488381302886175], [-100.3680923685718, 20.48641657519997], [-100.37843647634806, 20.485250686043933], [-100.38825798376318, 20.484979069747784], [-100.3897580161415, 20.484169891042548], [-100.39293208697367, 20.48328494608169], [-100.39200834645236, 20.4797160734669], [-100.39186103901473, 20.47870293084482], [-100.39121791344532, 20.477843804111036], [-100.3904281139564, 20.47776840201819], [-100.39036937071056, 20.47697303065884], [-100.39013314844877, 20.476128945319797], [-100.39051124719913, 20.475682589388327], [-100.3904935081415, 20.475539628973678], [-100.38960869017504, 20.4723480512338], [-100.38942155949084, 20.472306490088016], [-100.38930698256632, 20.472161873331416], [-100.38842327677571, 20.46983686079979], [-100.38804294053485, 20.469849266914103], [-100.38807270630697, 20.465983073123823], [-100.38728825894376, 20.462838781162134], [-100.38689741651653, 20.462829025399607], [-100.38627535379601, 20.462599736832885], [-100.38593796975798, 20.462107872697487], [-100.38521457908888, 20.459892887434286], [-100.38515380487003, 20.459404400687095], [-100.38427046682467, 20.45758539103437], [-100.38459144732828, 20.45650790770951], [-100.38523318522648, 20.456376224110862], [-100.38575006149105, 20.455585703637787], [-100.38867327686219, 20.455508566398816], [-100.3877719106403, 20.453497261957963], [-100.38734577265853, 20.452099214317883], [-100.38715501683338, 20.450822096326014], [-100.38719963673408, 20.44966590917113], [-100.38741620789064, 20.448218702502647], [-100.38793453258636, 20.44755197737929], [-100.38833541613627, 20.44684541938083], [-100.38727156247748, 20.445909196614924], [-100.38713829910606, 20.444548826427052], [-100.38495020631716, 20.442512004711304], [-100.38522229774757, 20.440816481466054], [-100.38628773046995, 20.437006315602957], [-100.3872772226316, 20.43662272733891], [-100.38709292198904, 20.43588207501812], [-100.38755571083574, 20.435463670412876], [-100.38743185484843, 20.434887368670132], [-100.38847781775553, 20.434337990055173], [-100.38888559621695, 20.434209167480375], [-100.38923193827668, 20.433833460689755], [-100.38999348078084, 20.433947930452096], [-100.39027541119258, 20.433077737940756], [-100.39096808181873, 20.432326318808574], [-100.39089328421605, 20.430901828601964], [-100.39041861919277, 20.430393241334706], [-100.39046965595512, 20.4297735211234], [-100.39104637432696, 20.42910607175481], [-100.39149228840725, 20.427284586614118], [-100.39147346376926, 20.425716447599505], [-100.39064211063747, 20.42465356257448], [-100.38748181936478, 20.41953321944409], [-100.38634291833046, 20.41719461745523], [-100.38621661697162, 20.416411977769243], [-100.38573677088785, 20.415644123711605], [-100.38619638589125, 20.415533022697947], [-100.39003980778517, 20.41343471451184], [-100.39096672450292, 20.41272169579896], [-100.39689268117499, 20.40959464216364], [-100.40182415217116, 20.406438396999484], [-100.40137380763419, 20.373920876146418]]]}}, {"type": "Feature", "id": 10, "properties": {"id": 10, "municipio": 10, "nombre": "El Marqués", "cve_mun": "010", "clave_entidad": 22}, "geometry": {"type": "Polygon", "coordinates": [[[-100.38877888779358, 20.75414426342665], [-100.38253162459762, 20.772784172393333], [-100.39645859596271, 20.777624306842817], [-100.39767386955157, 20.778456825930295], [-100.4024685773599, 20.78007769690681], [-100.40106131654257, 20.783101973847845], [-100.40313325084925, 20.78732869490785], [-100.40301603697553, 20.79851578983168], [-100.40522655011819, 20.798743869651798], [-100.40509635356719, 20.799564754752822], [-100.40517863153403, 20.800571351106676], [-100.40528037165488, 20.800502764104035], [-100.40600180450804, 20.80196033007385], [-100.40617425828748, 20.802394797765455], [-100.40598262414849, 20.802482189784506], [-100.40603383947139, 20.80263082784015], [-100.40652113790345, 20.803087557013296], [-100.40668410686592, 20.80366438422444], [-100.40706836882117, 20.803661232473697], [-100.40723956049946, 20.80480034580856], [-100.40630426920843, 20.804889321179335], [-100.40594603015411, 20.805206182848185], [-100.40619009187841, 20.805332913795944], [-100.40643160566475, 20.805832309717715], [-100.40440367063029, 20.8059437821992], [-100.40042674846072, 20.80671933255335], [-100.39557553627611, 20.8094893525838], [-100.39149585841365, 20.812006811477975], [-100.39009458491735, 20.81373912461763], [-100.38431399618506, 20.81743331334877], [-100.38375517069032, 20.81867772189629], [-100.38344263960163, 20.821444604599222], [-100.38253049071241, 20.822865762866563], [-100.38069695256665, 20.823777153449075], [-100.37876249158334, 20.82538042800195], [-100.37812510107223, 20.8260834207947], [-100.37808799470085, 20.826361510565793], [-100.37779120185668, 20.82661232825686], [-100.37745427729897, 20.82713900099934], [-100.3766476239195, 20.82782076459855], [-100.37327693807306, 20.829006404298152], [-100.37244083568775, 20.829921007698122], [-100.371308010209, 20.83202593764621], [-100.37013580343442, 20.833067436514785], [-100.37012169725595, 20.838510461633685], [-100.3481021250367, 20.847513585042666], [-100.34584062640015, 20.855099551123168], [-100.34910652641047, 20.85951627240599], [-100.34880108720239, 20.85968580716072], [-100.34824497586392, 20.859430463654082], [-100.34784311678642, 20.85970012934537], [-100.34757286146628, 20.859605142777426], [-100.346698509691, 20.85983561425764], [-100.34608926625336, 20.859650694562575], [-100.34600809494034, 20.859540667376354], [-100.34420061833156, 20.861601056905062], [-100.34410695391101, 20.861504677839438], [-100.33729379760716, 20.870869785879076], [-100.3352802398207, 20.875300851647925], [-100.33438920505795, 20.87760016705686], [-100.33224932658332, 20.882474850562133], [-100.33353061466097, 20.8908262927923], [-100.31907018503104, 20.90112284082503], [-100.309221008578, 20.90760224645287], [-100.29926635142087, 20.915397082888436], [-100.30314507120332, 20.917769530671407], [-100.3058570995361, 20.923308587619445], [-100.30444320929305, 20.928632060593284], [-100.2890624068528, 20.927997205890357], [-100.26300480265725, 20.926433025786938], [-100.26269914061258, 20.942208574882436], [-100.26260743717582, 20.943410550937234], [-100.26363588991698, 20.94467544432715], [-100.264831069128, 20.945482067477435], [-100.26625542035563, 20.94599487400349], [-100.26681122781407, 20.94718535411398], [-100.26642254890778, 20.948268429786925], [-100.26561823171251, 20.949193317544484], [-100.26599566101162, 20.950304183260855], [-100.26853803741683, 20.953487550526642], [-100.27051834617144, 20.955190785041], [-100.27113578963804, 20.956504325401298], [-100.2697446005029, 20.957522451003168], [-100.26947365363186, 20.958603439711894], [-100.26979317112774, 20.95975671478051], [-100.26987902365357, 20.96099692562476], [-100.26914702331543, 20.962541413179675], [-100.26893943027508, 20.963828230974134], [-100.27009931693044, 20.965711608275345], [-100.2703644867496, 20.967072803053107], [-100.27051642088382, 20.968642966758527], [-100.26932731903686, 20.96812602305348], [-100.2659044995151, 20.969092488420824], [-100.2638185908957, 20.971048407508068], [-100.24895226155056, 20.96356024816919], [-100.24444936258726, 20.960280793557867], [-100.24318982131226, 20.959799062309955], [-100.23203993052155, 20.954823936240153], [-100.22320916100968, 20.948884148706604], [-100.21794181130015, 20.94650970061829], [-100.21477638895611, 20.946456211385655], [-100.21226427443645, 20.944133491695197], [-100.21156452401726, 20.94313948988378], [-100.20923596320729, 20.938793546469615], [-100.20882764617075, 20.938255006801967], [-100.20689727344475, 20.937173574756475], [-100.20572786918319, 20.936384227461403], [-100.20461600121183, 20.93588422411354], [-100.20362043671366, 20.935632493233967], [-100.20233131631645, 20.935503512937178], [-100.20151161040474, 20.935252461458706], [-100.20016679641289, 20.932468468082458], [-100.20504977655715, 20.93210135768974], [-100.22619305581918, 20.921145229893376], [-100.22760234369086, 20.922058213991402], [-100.23425485920046, 20.919413349837157], [-100.23284697757573, 20.917920371471386], [-100.23432063215465, 20.916554592880612], [-100.23402768040636, 20.916098544266486], [-100.23550231273595, 20.914318435802212], [-100.2383288618475, 20.91282967357473], [-100.25055296208897, 20.89129656088227], [-100.25722394961286, 20.87982587244597], [-100.2589969710449, 20.875849949619585], [-100.26518386932874, 20.86993046453661], [-100.27209560729072, 20.855020623111727], [-100.23450699882706, 20.864350025676387], [-100.23444840991372, 20.86426710095218], [-100.22827275188946, 20.86525506780032], [-100.2151715022037, 20.838806602776394], [-100.2138249930533, 20.836691983121195], [-100.21347327224642, 20.83631868213355], [-100.2132392240585, 20.835904083256004], [-100.21306385063737, 20.835530984666818], [-100.21294769112517, 20.834992222849433], [-100.2133032899144, 20.833873944953552], [-100.21312759523721, 20.83362514459516], [-100.21265821462043, 20.833293138275454], [-100.2114841217018, 20.832711713224764], [-100.21130886521009, 20.832297179828803], [-100.21407357593257, 20.83151315693824], [-100.21315113315573, 20.824592792603884], [-100.21209303673287, 20.824632996727853], [-100.21085762992715, 20.82504588354806], [-100.21050496595466, 20.825045470032666], [-100.21027050952532, 20.824796596770238], [-100.21015404362949, 20.82438213007576], [-100.2103911102703, 20.8236366150057], [-100.21098083374817, 20.822891512930862], [-100.21133425256282, 20.822601895311458], [-100.21040852609907, 20.81700735324574], [-100.20746750788317, 20.795707244269405], [-100.20559053186423, 20.794379117384285], [-100.20547543351503, 20.793467447621836], [-100.20665580952465, 20.791562948516965], [-100.20009010936526, 20.78567136816825], [-100.20001256267373, 20.77092099765178], [-100.18949201056674, 20.772026202007204], [-100.18519144367819, 20.77603955626429], [-100.1871834517499, 20.778113885015962], [-100.18365308918436, 20.77980794727816], [-100.1809474129161, 20.780757259610105], [-100.18022097012474, 20.76758037219837], [-100.18650851267338, 20.767340263194228], [-100.18698308054243, 20.765724985019784], [-100.18710499825399, 20.764150670652715], [-100.19145613442335, 20.76295483005054], [-100.19516227880362, 20.761260853199254], [-100.19212422137817, 20.7550833253638], [-100.19055120792025, 20.750316402886355], [-100.18914725214027, 20.74816000241809], [-100.1850400327025, 20.746331434942572], [-100.1845193791989, 20.743471805549905], [-100.18141478662149, 20.74031861351358], [-100.18266807376628, 20.733400884910147], [-100.16282244753873, 20.73022364303134], [-100.15961771190337, 20.72151769243715], [-100.16355599864706, 20.72057058486299], [-100.16572770351301, 20.721112430936014], [-100.16690111874023, 20.7215699247031], [-100.16953614736535, 20.70433717969142], [-100.15868004202692, 20.701254942362688], [-100.15510778705607, 20.69785187615427], [-100.15763363936718, 20.697690003569598], [-100.15728189039785, 20.69748229600727], [-100.15740172394251, 20.69669522716894], [-100.16385706415576, 20.69832088255136], [-100.16632430196418, 20.698117361652105], [-100.17778517336933, 20.69510916913976], [-100.18328724617118, 20.68094639048231], [-100.18405736199934, 20.678585710982617], [-100.19079392067732, 20.66351287586545], [-100.19695788152544, 20.642762607247757], [-100.19444516300446, 20.638574448461775], [-100.19016643172635, 20.63616552968891], [-100.1892354805815, 20.633222439759113], [-100.18458419538725, 20.61396195091583], [-100.18945782544706, 20.609024924533603], [-100.18912086041391, 20.605304050061374], [-100.18694305970861, 20.603300688695725], [-100.18744747414404, 20.601439901339056], [-100.19188271384415, 20.58963718758394], [-100.19387783629709, 20.589722756779864], [-100.19388040270482, 20.588811205426], [-100.198645900552, 20.58454983448528], [-100.19940961052772, 20.584260802591448], [-100.20152260506268, 20.58413927149116], [-100.20216855324406, 20.58397437419727], [-100.19660822757733, 20.574452281832034], [-100.19995861828376, 20.572550463453563], [-100.19111642271596, 20.552078639529103], [-100.18688656493886, 20.553190173206374], [-100.18620230517797, 20.551081818915648], [-100.18422182699085, 20.54400129320101], [-100.18409623532827, 20.544047109906128], [-100.18369854825, 20.54280882561589], [-100.18380817832643, 20.54279002429416], [-100.18305242486004, 20.540501078688116], [-100.182269571488, 20.537220823738554], [-100.18070819027801, 20.53450407098613], [-100.18456608983468, 20.532108855611888], [-100.1805553135955, 20.529842238210573], [-100.17923298951246, 20.532961454395647], [-100.17536107913692, 20.527913431849804], [-100.1772700863297, 20.525351603049263], [-100.20339369689397, 20.51748956716557], [-100.20642204102096, 20.5220711738659], [-100.19519684881922, 20.530180680920775], [-100.19390590143526, 20.529514239716377], [-100.19255026587817, 20.53341146347191], [-100.20197691939676, 20.534471054595095], [-100.21761221527747, 20.5367171801419], [-100.21814694151641, 20.536463954232257], [-100.22018932331802, 20.535834392006283], [-100.22005571776101, 20.535470951823278], [-100.22060699776911, 20.535297079735454], [-100.2206637112906, 20.535458000522], [-100.22166541704472, 20.535160868279483], [-100.23261282294517, 20.531585293397065], [-100.23773362130363, 20.530219505254394], [-100.24704974565526, 20.53119874274552], [-100.24809581500858, 20.531495535721135], [-100.2538621428971, 20.5319108739291], [-100.2656956256739, 20.526307584167945], [-100.28151781956262, 20.523786160550813], [-100.28280559957133, 20.523259468471984], [-100.28397937923313, 20.52248439410754], [-100.3006834649034, 20.519142761411587], [-100.30096367744825, 20.51456565998532], [-100.30163611792143, 20.511517831312553], [-100.30238970384003, 20.506242895883954], [-100.30495126226978, 20.506509232770487], [-100.30687983350425, 20.505987075481556], [-100.30764374408398, 20.50537386597075], [-100.30857529219408, 20.505463191991492], [-100.31021457347941, 20.50473261404132], [-100.31198050048634, 20.5030128597164], [-100.31291877418579, 20.502442155054634], [-100.31496086467845, 20.50220951527969], [-100.31548784665736, 20.501965830528288], [-100.31805480191004, 20.501695721046005], [-100.31887649788459, 20.501124139104796], [-100.32185678290837, 20.500320680031173], [-100.32311785218613, 20.502392471116103], [-100.3315414372406, 20.519113297974755], [-100.33688474797708, 20.530048609548068], [-100.33870636118662, 20.534393179174288], [-100.33916974515543, 20.53468525416713], [-100.33986213656156, 20.535391489308136], [-100.34020688775202, 20.535888980758887], [-100.34066407996038, 20.536799801454773], [-100.34083108646517, 20.53758479636189], [-100.34087615076555, 20.53890520188151], [-100.34061655783034, 20.54154351467917], [-100.34043756569174, 20.54195479791261], [-100.34071577960442, 20.543276880472455], [-100.34100267730123, 20.543732703988603], [-100.34169594577199, 20.544356428438753], [-100.34192579805783, 20.54468808577107], [-100.34221228938017, 20.5451851568197], [-100.34226438769532, 20.545804320337872], [-100.3424901171109, 20.546548476118858], [-100.3432979221036, 20.54737927077847], [-100.34364312560282, 20.547835502693374], [-100.34381428522491, 20.54820799306105], [-100.34404043846551, 20.54891089609591], [-100.34408924930007, 20.54986003744323], [-100.3442017092158, 20.5502733836892], [-100.34472014793432, 20.550895832573445], [-100.3445953256158, 20.551719987945116], [-100.3449372478082, 20.552506251450634], [-100.3453278214209, 20.55272937805767], [-100.34585612311169, 20.556414792158154], [-100.3485842007111, 20.558541458739704], [-100.34872772588197, 20.558910743924567], [-100.34927336826425, 20.559638265200622], [-100.35045234020562, 20.56093903641706], [-100.3372864260307, 20.564551003616284], [-100.33537799458036, 20.56432858263872], [-100.33525042334611, 20.56368813489933], [-100.33360712170492, 20.56354947456077], [-100.3323048554148, 20.562224687492762], [-100.33228166030416, 20.561969648194115], [-100.3321443661637, 20.5619345673321], [-100.33108819438401, 20.562439572801246], [-100.3296982006696, 20.560880547849617], [-100.32954796560512, 20.563506154946722], [-100.32930904911218, 20.56527192887812], [-100.32908249798515, 20.56611159573524], [-100.32918538302796, 20.5661537187086], [-100.3288467651198, 20.56637539863388], [-100.32882423718995, 20.56671661490384], [-100.32913887583454, 20.56659901306796], [-100.32942537067142, 20.56735117426149], [-100.33083138124977, 20.56874519941889], [-100.33061565727273, 20.568758150334055], [-100.33175200477501, 20.569853850281103], [-100.33307047520307, 20.57062064813032], [-100.3331794463384, 20.570500105227563], [-100.33801794307927, 20.5734034188248], [-100.33816175301611, 20.5736688168952], [-100.33862238314249, 20.57368784086053], [-100.33918287587939, 20.57384838007958], [-100.34242034008724, 20.576296419138185], [-100.34573504755063, 20.579233896865126], [-100.34547581631574, 20.57934658148369], [-100.34674059035727, 20.58098096767394], [-100.3468820471653, 20.581488040291635], [-100.34548536332319, 20.582110972825244], [-100.34537660416844, 20.58235800041304], [-100.34548412440724, 20.583097968738116], [-100.34530192562326, 20.583996029652184], [-100.34679499005749, 20.585129498456862], [-100.34787792314897, 20.584827454178797], [-100.34811609944803, 20.58467201732042], [-100.34881896965184, 20.583937028676417], [-100.34965783001608, 20.584757115339755], [-100.35540132980627, 20.585084876870905], [-100.35539237318129, 20.585292732920536], [-100.35499666802319, 20.586043409913213], [-100.35436474577007, 20.586933706589402], [-100.3534475052236, 20.58759812078796], [-100.35222827877445, 20.588016451387965], [-100.35122556747423, 20.588067198475038], [-100.34819794279126, 20.587537475839756], [-100.34651364164522, 20.587505422443314], [-100.34581390891678, 20.5873708372223], [-100.34496855975124, 20.587007009219032], [-100.34459222910337, 20.58675923548098], [-100.34392628379449, 20.58610039616989], [-100.3434212609607, 20.58594621984626], [-100.3413053927691, 20.586409829660443], [-100.34088560759126, 20.58664345597379], [-100.3407838084189, 20.58693333960115], [-100.34069778883328, 20.587485092928283], [-100.34083392105117, 20.58813901792804], [-100.3410900122598, 20.588591001727806], [-100.34137825969592, 20.58888012003412], [-100.34186023251738, 20.589174510859667], [-100.34230606767244, 20.589313340681837], [-100.33916831807355, 20.58994069305612], [-100.33934542007988, 20.590411359349652], [-100.3391929667038, 20.5905661212392], [-100.33915930204748, 20.590968404164283], [-100.3392328303785, 20.59114851907799], [-100.33896514858102, 20.59118898672559], [-100.33897299023383, 20.59129733653403], [-100.33969428680243, 20.591565036363253], [-100.34046949102158, 20.59199718952583], [-100.3413943560626, 20.59380589397213], [-100.34275227214232, 20.597849451744015], [-100.34298104422108, 20.59918473546777], [-100.34297131605229, 20.599785584639488], [-100.3427768031068, 20.600171048294516], [-100.3429768358671, 20.601305544017357], [-100.34390048020771, 20.60303293096966], [-100.3442708810701, 20.603454658040913], [-100.3448804003013, 20.603346024745388], [-100.34510635874467, 20.60367401449518], [-100.34547859759535, 20.603621430049106], [-100.34555408555745, 20.603988985329853], [-100.34573227348336, 20.604339931354342], [-100.34549339117608, 20.604418581148554], [-100.34599115903204, 20.60578790122329], [-100.34535009275015, 20.605856130546936], [-100.34554531553806, 20.606166290248474], [-100.34521428523935, 20.606234364265358], [-100.34525202861403, 20.6067083648247], [-100.3454620694932, 20.606657042213293], [-100.3456081136222, 20.60737638092664], [-100.3474197360424, 20.60713189813244], [-100.34784732045026, 20.608700509955128], [-100.34724924989128, 20.60857869403663], [-100.34687447807438, 20.60868550756936], [-100.34647894243503, 20.608715691605006], [-100.34603206327742, 20.608635605956003], [-100.3458191803534, 20.60870501984238], [-100.3456273635244, 20.608510019914327], [-100.34531205573208, 20.608627659903416], [-100.3450979409831, 20.60886421473364], [-100.34439370685075, 20.608808712730514], [-100.34359041670402, 20.609151481676214], [-100.34258691630967, 20.609265430643593], [-100.34228109689941, 20.60940557702986], [-100.34179647632006, 20.609775224106826], [-100.3417625373919, 20.610179767246102], [-100.34114638211813, 20.610390076916815], [-100.34121226619673, 20.61058605918942], [-100.34143274259709, 20.610801168605477], [-100.34126902064435, 20.61134900726099], [-100.34133549201127, 20.611680497617012], [-100.34089648006677, 20.612020427461275], [-100.34058855887314, 20.61192118157196], [-100.34021083665279, 20.612206429253625], [-100.33987888765822, 20.61268555629951], [-100.33979983665972, 20.61300688271938], [-100.33937216591401, 20.613581609895594], [-100.33932573678888, 20.613895907674245], [-100.33877730794802, 20.614275075793543], [-100.33843506762868, 20.614298053632467], [-100.33757392981533, 20.614099192989464], [-100.3369058921057, 20.61324611383369], [-100.33591270368473, 20.61464957705988], [-100.33658740304888, 20.617709209450297], [-100.33685689126331, 20.61766421231289], [-100.33693816860934, 20.617837491606277], [-100.3360115194799, 20.617983681875327], [-100.3361055000002, 20.618575333356084], [-100.33618566666688, 20.618664833356107], [-100.33613783333355, 20.61876033335612], [-100.33605033333355, 20.618745500022797], [-100.33589266666687, 20.618052500022824], [-100.33538758470164, 20.618082112310752], [-100.33556282595434, 20.618920937727882], [-100.33625059033575, 20.619798712191916], [-100.33656495643515, 20.62042867376004], [-100.33672587367512, 20.621274383801172], [-100.33668384439446, 20.62233396720293], [-100.3368694098182, 20.622876840945146], [-100.33719660487334, 20.623292139625267], [-100.33758193090746, 20.62356469914853], [-100.33804731244739, 20.62373274462426], [-100.33891866503518, 20.623893125685072], [-100.33873053986763, 20.624944806731065], [-100.33855230264756, 20.6253098135542], [-100.33866222991513, 20.625329288604945], [-100.33832685650698, 20.62576326920847], [-100.33816288121193, 20.62621624841237], [-100.33707908138636, 20.626488890838942], [-100.33710026118506, 20.626579068685903], [-100.3363959211843, 20.626726807789126], [-100.33654387390818, 20.62739193385472], [-100.33684560679924, 20.627328618111218], [-100.33682073001542, 20.627227176126365], [-100.33754884009456, 20.62708828532183], [-100.33977556195678, 20.636859547677794], [-100.34000334337617, 20.637520602292778], [-100.34023319533364, 20.638911267351528], [-100.33994733217355, 20.63986433142427], [-100.33973160157957, 20.641017860858515], [-100.34431958362694, 20.640871526457875], [-100.34286314330085, 20.664561336082237], [-100.3428400060171, 20.667082036991275], [-100.35192319061605, 20.66857170985622], [-100.35213514706292, 20.671472251718388], [-100.35206161762889, 20.672552401533764], [-100.35153576859737, 20.675332249997396], [-100.35071614540846, 20.677256159736952], [-100.35415252307378, 20.680510829441697], [-100.35619673513003, 20.680756744476067], [-100.35929717648533, 20.681671864738416], [-100.35721590198109, 20.685963638293742], [-100.36044861842672, 20.686392108824116], [-100.36260250137138, 20.686277974957044], [-100.36275921634778, 20.686358042139798], [-100.36022164663403, 20.690680558847408], [-100.36785542209863, 20.692627935628682], [-100.36790743591172, 20.69240618897082], [-100.38770883448512, 20.696143728447836], [-100.387678756712, 20.696893789398654], [-100.38735962002333, 20.69789235499232], [-100.38708088108476, 20.70521211095426], [-100.38767124501595, 20.70925456683295], [-100.38699230371334, 20.716315555032512], [-100.3854739046158, 20.7240563283648], [-100.38545059975453, 20.72921263936796], [-100.38524033075325, 20.7314321650699], [-100.38536714304291, 20.73145147016787], [-100.38377451077439, 20.745602400434603], [-100.38877888779358, 20.75414426342665]]]}}, {"type": "Feature", "id": 6, "properties": {"id": 6, "municipio": 6, "nombre": "Ezequiel Montes", "cve_mun": "006", "clave_entidad": 22}, "geometry": {"type": "Polygon", "coordinates": [[[-99.97851705550858, 20.635785939324094], [-99.99160895228658, 20.636686504606555], [-99.98952645293372, 20.65312203677354], [-99.97740160926756, 20.651489653969076], [-99.97674857584887, 20.652932116700065], [-99.97446486017681, 20.652507120340704], [-99.974806880325, 20.654202624239744], [-99.97246429517816, 20.65381860550801], [-99.97081516792433, 20.65517321932502], [-99.9700571663175, 20.654466974116747], [-99.96864557606712, 20.655285778526675], [-99.96771315759143, 20.654330745146197], [-99.96606779722711, 20.65502436973117], [-99.96468007078357, 20.65171223026265], [-99.96352184563888, 20.64926880625816], [-99.96194879759139, 20.64760807711212], [-99.95833148276901, 20.64469717344666], [-99.95553416775734, 20.641914489108032], [-99.95501051324338, 20.64125072958999], [-99.95465883408336, 20.641248854494414], [-99.95454402554513, 20.64083513655006], [-99.95483950782612, 20.640423606660157], [-99.95495939207952, 20.639969829643846], [-99.95472663350962, 20.639679414557918], [-99.95432166636608, 20.6387684217476], [-99.95444130925071, 20.638355954284517], [-99.95479564099918, 20.637903427932095], [-99.95503323059174, 20.637367657363917], [-99.9550390312799, 20.636376234398547], [-99.9548072453977, 20.635920581906902], [-99.95410584720135, 20.635586354776184], [-99.95346451571669, 20.635004581868746], [-99.95317461048671, 20.634465995119655], [-99.95276530550159, 20.63429856506965], [-99.95241339972118, 20.6343379940988], [-99.9521498653429, 20.634045715245165], [-99.95171201373114, 20.634003756695094], [-99.95127709464876, 20.63406648067207], [-99.95083153799308, 20.633997167495487], [-99.95065848285093, 20.633750251071984], [-99.9500723790827, 20.633747109610415], [-99.94937027077125, 20.63353679044365], [-99.94909464282269, 20.63360788651261], [-99.94811641479575, 20.634758382409675], [-99.9473709521493, 20.636978705289977], [-99.9468456648249, 20.638837278322523], [-99.94891574534302, 20.63891118270707], [-99.9497558392669, 20.639501753038534], [-99.95043637624879, 20.639361792789973], [-99.95071527741908, 20.639543734116714], [-99.94960861576659, 20.642832962676298], [-99.95602355739587, 20.648444158993684], [-99.95697909643718, 20.64810165362482], [-99.95960058651426, 20.653463842433805], [-99.93858172567897, 20.663718011494467], [-99.94109781346965, 20.664516530811945], [-99.9399461901005, 20.670872136996824], [-99.94046890722723, 20.67170117563313], [-99.95140296610965, 20.6666787538439], [-99.95047712975418, 20.664608278596216], [-99.95332022952753, 20.663340084197326], [-99.9528114641499, 20.671542894951465], [-99.95292166624328, 20.671950018575057], [-99.95502782853174, 20.672614455569466], [-99.95241554353672, 20.686813112074507], [-99.9529401210602, 20.68772614799455], [-99.95288012763908, 20.68801604325618], [-99.95235084714083, 20.688180353276223], [-99.95193847996416, 20.688469290370584], [-99.95128938442909, 20.689171950830133], [-99.95099519564934, 20.689295460072465], [-99.95081230224596, 20.690828126323847], [-99.95057248848195, 20.691946268301056], [-99.9503362985554, 20.692235682279847], [-99.94992391672801, 20.692524614993353], [-99.94980445962479, 20.6929800945106], [-99.94956772202642, 20.69339381668194], [-99.94944753697204, 20.69401504151576], [-99.94915043096132, 20.69480153013487], [-99.94902788159548, 20.695961427639492], [-99.94861566916815, 20.69620892120241], [-99.94849584210277, 20.696747272646522], [-99.94872986133187, 20.696955097482434], [-99.94878641273124, 20.697452494679855], [-99.94843256469129, 20.697783021341564], [-99.9486658585071, 20.69815659167354], [-99.94743083659824, 20.698526140072698], [-99.94736773381004, 20.69952045209571], [-99.94313803473766, 20.699715981667385], [-99.94238446467644, 20.68675026272], [-99.94725202370823, 20.685763079707016], [-99.94697789759151, 20.68132857167017], [-99.94206279143675, 20.686594606305206], [-99.93591370896412, 20.68718025111497], [-99.93786423233493, 20.696966462948062], [-99.92770261062799, 20.697144905148093], [-99.92810062468493, 20.700046639104073], [-99.93874142990843, 20.69978683734546], [-99.94066268835626, 20.709678696515756], [-99.94040805426039, 20.70966723370385], [-99.94194303698639, 20.717571972083284], [-99.9425286059225, 20.717987961479416], [-99.94323001179019, 20.718777200231717], [-99.94357879700972, 20.71960689977544], [-99.94575384922219, 20.719239957514844], [-99.94593426344917, 20.71828740660955], [-99.94599719576611, 20.717334532896288], [-99.94652986208294, 20.716424385262105], [-99.94676736942176, 20.715844921424466], [-99.94683084236895, 20.714767738444664], [-99.95031799570089, 20.70984628836556], [-99.95207847935998, 20.71022400465813], [-99.95413463862616, 20.710146697172274], [-99.95419211491253, 20.710436909656064], [-99.95342312214098, 20.71167793381135], [-99.95283357984643, 20.71217357931754], [-99.95265411713842, 20.71291895484278], [-99.95258436812874, 20.71544640758933], [-99.95169930499651, 20.716355616552182], [-99.95140325707762, 20.716893490734638], [-99.95116088317732, 20.718591739182717], [-99.95056424863918, 20.72070339172403], [-99.95244378583628, 20.720749928458435], [-99.95549868551525, 20.720675300541817], [-99.95773031002066, 20.720805599646404], [-99.95961002574283, 20.720810621814877], [-99.96119728193206, 20.72052479026468], [-99.96254850179997, 20.720486938764452], [-99.9631935867606, 20.720737266179462], [-99.9644234267045, 20.721610683533395], [-99.96582791426556, 20.72285747980063], [-99.96681911059495, 20.72460041814642], [-99.96705125717834, 20.7252640115246], [-99.9671073534171, 20.725885706531], [-99.96722325177213, 20.72625893903129], [-99.96833708136681, 20.72680052891936], [-99.96865136128368, 20.735793067234432], [-99.968155163618, 20.741965803240674], [-99.96999409072566, 20.751666710809076], [-99.96687278723635, 20.753398904104454], [-99.965515628413, 20.754762751227666], [-99.96699718317194, 20.75712726163117], [-99.96581983620031, 20.757617210126476], [-99.95655208132278, 20.755215071083846], [-99.95103093310439, 20.755186946930383], [-99.9508558395475, 20.754979443386766], [-99.94105037030334, 20.754309219418534], [-99.94010744471701, 20.75488284978429], [-99.93093874170276, 20.755909541273844], [-99.9297647030607, 20.755779434964197], [-99.92794159309764, 20.756183104087924], [-99.9197696106278, 20.757503684946656], [-99.91853590326095, 20.75753847480904], [-99.91747701559834, 20.757822116026905], [-99.9143627859129, 20.758012179246773], [-99.9118909247629, 20.75886677080349], [-99.9114182239065, 20.759360113770626], [-99.90529539285637, 20.761806648172556], [-99.9036476459323, 20.7623349742928], [-99.90252901151608, 20.7627834932831], [-99.90135304720903, 20.762983762139935], [-99.89935165236642, 20.763716750735078], [-99.89858448559309, 20.764332434635545], [-99.89805014050084, 20.765321277173733], [-99.89804492804805, 20.766230339792283], [-99.89792507732123, 20.76664291382424], [-99.8971041299454, 20.76639053184813], [-99.89558305032766, 20.765307899029192], [-99.89499707434553, 20.76505678219027], [-99.89423345215941, 20.765052631500794], [-99.89908493750652, 20.759004563500437], [-99.90097068740046, 20.75794037715592], [-99.90097281331168, 20.75756848778981], [-99.90050457010828, 20.757276702095968], [-99.90080156328688, 20.756699794105014], [-99.89944824890468, 20.75710570177406], [-99.89792606381157, 20.756229691137765], [-99.89811341366982, 20.75428855525899], [-99.89905745090704, 20.753549865175597], [-99.89782755841156, 20.752923367931203], [-99.89759783463337, 20.752013030263953], [-99.88846345422483, 20.757211217114854], [-99.88498448698842, 20.75950619951759], [-99.87914907134581, 20.762945139781657], [-99.87785583163594, 20.763103278507213], [-99.87391930231423, 20.76324674052397], [-99.870534308862, 20.76380534976682], [-99.86719464963468, 20.762928497894265], [-99.86502871554674, 20.76180605393961], [-99.86403691931847, 20.760313914031183], [-99.86257658740362, 20.758655122298542], [-99.85975510383915, 20.760593413066548], [-99.85681856750867, 20.76186924991604], [-99.85188726394493, 20.763388490710494], [-99.85059872974126, 20.762930130098912], [-99.8493701597327, 20.762099456048013], [-99.84567526375598, 20.76221451081083], [-99.84532767817683, 20.76101353176284], [-99.84386340504888, 20.76051330058937], [-99.84398644246119, 20.75889965161086], [-99.84451435839699, 20.758859578166025], [-99.84480992034173, 20.758198175758054], [-99.84512668905784, 20.75157760697935], [-99.85093725124837, 20.750060721573735], [-99.85757767548824, 20.745938490486367], [-99.8593373226893, 20.74577718366759], [-99.86573867592999, 20.74285419344419], [-99.86720079733354, 20.72680090570272], [-99.8498728352247, 20.719392936089154], [-99.84940366906109, 20.719433148786226], [-99.84485008301007, 20.714042024882957], [-99.84438700905031, 20.71238552506026], [-99.84292899635173, 20.710271317360753], [-99.85054432401279, 20.711862771816694], [-99.85453241110854, 20.71137591879327], [-99.8548869021723, 20.710590493147844], [-99.86192914918968, 20.70841414584918], [-99.86796331631976, 20.70954582114205], [-99.86697128571244, 20.708219210681214], [-99.86597557863261, 20.707968555300365], [-99.86492324671349, 20.707138390818038], [-99.86410612093744, 20.70610186158919], [-99.8611207839513, 20.704853227643348], [-99.86142864955893, 20.70059146014415], [-99.86078456622775, 20.700382997983464], [-99.86150146252618, 20.696494661793118], [-99.86572812285073, 20.694683863496895], [-99.8652627552507, 20.693648170188617], [-99.8561206029431, 20.69308822448536], [-99.85706944377442, 20.68994536936709], [-99.8564846047617, 20.68957149792464], [-99.85690199504266, 20.687544711304362], [-99.85766440175011, 20.687422407773695], [-99.85797205934654, 20.68324340240966], [-99.86096053453697, 20.68345752748665], [-99.86055499773568, 20.682090892172127], [-99.85938378279882, 20.681798385157702], [-99.8583303716565, 20.681340620253632], [-99.85833224899339, 20.680802636963456], [-99.85669085093981, 20.680881413771843], [-99.85529189861779, 20.67868468679601], [-99.8575789874825, 20.67831779172585], [-99.85793252521837, 20.677780660167777], [-99.85102698969865, 20.6748255499041], [-99.85303777448762, 20.669698901782258], [-99.85310148914995, 20.66825062535334], [-99.85304930618572, 20.666429610249295], [-99.85361526857325, 20.655505668249965], [-99.84600213914622, 20.6540797925548], [-99.8333612290618, 20.66546974520269], [-99.83265614916621, 20.66596454174179], [-99.83118630647891, 20.667243660779043], [-99.82912747914011, 20.669307539465496], [-99.82853546144044, 20.67091998177778], [-99.82660463597854, 20.670045897442154], [-99.82701871001038, 20.669012374549233], [-99.8245104624035, 20.665819252335513], [-99.82339522351253, 20.666271506845064], [-99.82234468630277, 20.665110037635696], [-99.82140494440499, 20.665645497445922], [-99.81994604503441, 20.66394504739381], [-99.81747968000462, 20.66530408873092], [-99.8177685065136, 20.66642222884563], [-99.81665359570331, 20.66679171986726], [-99.81647559574078, 20.667370623905487], [-99.81459829822681, 20.667862183972158], [-99.81407368561709, 20.667115901556393], [-99.8141357351913, 20.66620561560319], [-99.81349358032622, 20.665541747149586], [-99.81349812505562, 20.664341617442417], [-99.81267812663712, 20.664215263011332], [-99.81156997988063, 20.66280521749915], [-99.81093399091264, 20.660527369374893], [-99.81017277586979, 20.66035977652788], [-99.81000043508548, 20.659448856859157], [-99.80900670994019, 20.65878401840079], [-99.80837125234464, 20.656382006357287], [-99.7904880115256, 20.658774221632612], [-99.78742983903709, 20.661496953862986], [-99.7874951588682, 20.659800375549054], [-99.78802733663824, 20.658601733394026], [-99.78832967699121, 20.656243673805246], [-99.78874316188276, 20.65541715397525], [-99.788693554171, 20.653140866519237], [-99.78934322880923, 20.651859783937994], [-99.78963966021512, 20.6509915468364], [-99.78993902657294, 20.649378396482227], [-99.78971557030161, 20.64660500314404], [-99.78942780711763, 20.645279885212446], [-99.7894322192609, 20.64416251531595], [-99.7892012624835, 20.643292786944478], [-99.78856274946735, 20.6417597513732], [-99.78887225697538, 20.637580787053835], [-99.76467060849286, 20.637965782415773], [-99.74847868190444, 20.60091869268366], [-99.7434579513051, 20.596847439801767], [-99.76626691761592, 20.59170221806747], [-99.76445817586168, 20.58995866028839], [-99.76114536127406, 20.583658212468368], [-99.76138497709371, 20.582375994386542], [-99.7600571967311, 20.577695483397473], [-99.76070338228934, 20.57724219213163], [-99.76112849357676, 20.5736015791267], [-99.76113398718107, 20.5722772711342], [-99.76142752514588, 20.572112612978863], [-99.76078531372642, 20.571614059948754], [-99.76067143806348, 20.57082739932892], [-99.75944198350105, 20.57069954656543], [-99.7589119328217, 20.571401486712233], [-99.74626853007385, 20.569541889095003], [-99.7408945939932, 20.566091367764656], [-99.73995645692155, 20.566376922327578], [-99.73656953953694, 20.564048741909044], [-99.73715574849328, 20.563926431429604], [-99.73727484325164, 20.56347156677802], [-99.73727662509499, 20.563057718329137], [-99.7378049748356, 20.56276968231823], [-99.73833403418324, 20.56231610538087], [-99.73927678729935, 20.560994731225], [-99.74033186647824, 20.56079110948285], [-99.74127140469801, 20.56021465201246], [-99.74262018852306, 20.559805007120787], [-99.7434988513071, 20.55976635802218], [-99.74449341103593, 20.560017761974095], [-99.74636857141994, 20.559775263663333], [-99.74859196580286, 20.560278754675686], [-99.74929283156514, 20.560736152012907], [-99.74970069555962, 20.561234030321838], [-99.7520972068156, 20.56235878662054], [-99.75262273994463, 20.56273286210085], [-99.75314740606848, 20.563313859539736], [-99.75390703975744, 20.563730031158208], [-99.75437575035946, 20.563690075135817], [-99.75484619516176, 20.56323627069056], [-99.75567115593938, 20.562038609009765], [-99.75655155591406, 20.561586046303514], [-99.75766362441108, 20.56175495969199], [-99.75859809900565, 20.56237856628592], [-99.76035698742886, 20.56192863874923], [-99.76153020309535, 20.561476933491182], [-99.76405060057577, 20.56098787222218], [-99.76475339224503, 20.560989974016618], [-99.76534024640887, 20.560702030782238], [-99.76557587447448, 20.560371652768204], [-99.76627917430909, 20.560249594525203], [-99.76709875328653, 20.560334805193712], [-99.76762516438204, 20.560501911140033], [-99.76873774382791, 20.560546599433113], [-99.76961877254779, 20.55992843322349], [-99.77003127196203, 20.5593088772183], [-99.77079465069728, 20.558814512597394], [-99.77208291333119, 20.55885969872146], [-99.77301742565076, 20.55948322642934], [-99.77365894939307, 20.560147273498433], [-99.77495614365732, 20.560039729696488], [-99.77640897412927, 20.559297739710686], [-99.77750994799183, 20.558241099868415], [-99.77858129398261, 20.55945811664773], [-99.77875548632665, 20.559831088660886], [-99.7794577702159, 20.559957284590737], [-99.78139392145937, 20.55909381092046], [-99.78209902821133, 20.558516459165144], [-99.7839233181789, 20.556328314911262], [-99.78469060702845, 20.554840662136975], [-99.78680449647526, 20.55343963682961], [-99.79002889741474, 20.552579754114614], [-99.79395486452141, 20.552011488458458], [-99.80046752416592, 20.54888449472448], [-99.80399336720319, 20.545749029985824], [-99.80662839430819, 20.545797682240256], [-99.80891365381731, 20.545431489173414], [-99.81049967854536, 20.544152894350983], [-99.81196634428841, 20.543453348320927], [-99.81401684637329, 20.54321060517664], [-99.81501517675592, 20.542468380272823], [-99.81581575816148, 20.54202740707983], [-99.81692731285332, 20.542366418735007], [-99.8185733589708, 20.54154993801022], [-99.82045232001164, 20.540983478458653], [-99.8225033509929, 20.54103921683099], [-99.82431174137645, 20.542459472925255], [-99.8254819245273, 20.54279883742266], [-99.82829266265341, 20.543232406034814], [-99.83134007231024, 20.543294960821978], [-99.83455051777106, 20.545511436337097], [-99.83531023057593, 20.545889295073863], [-99.83595518317385, 20.545852349074764], [-99.83654373458509, 20.545442403520468], [-99.83754181299518, 20.545159483477878], [-99.83877261089604, 20.545167967283913], [-99.8397091386191, 20.545381421063503], [-99.84023735733916, 20.545260853960674], [-99.84076410937102, 20.54538868018228], [-99.8412874440638, 20.546096092794034], [-99.84193093135613, 20.546307519395764], [-99.8428100786026, 20.54631355764832], [-99.84415980781911, 20.546033013795544], [-99.84463160438905, 20.545539439333286], [-99.84486896071769, 20.545044256935757], [-99.84534026587828, 20.544633478908278], [-99.84575441733189, 20.543973903542422], [-99.84657712647171, 20.543606929705614], [-99.84804840381295, 20.542581975008943], [-99.84822883286311, 20.541796593943868], [-99.84840659516122, 20.541466602883737], [-99.84840950250147, 20.54096981357507], [-99.84852841367984, 20.540680820923303], [-99.84917237106671, 20.54080942300522], [-99.84969451738624, 20.54172380527367], [-99.85162568391335, 20.542233787852247], [-99.85261768224228, 20.5429857592776], [-99.8530250491047, 20.54348534143774], [-99.85401850672453, 20.543988909918742], [-99.85413403936751, 20.544279500505006], [-99.85436703115849, 20.54452948901401], [-99.85472157180853, 20.544035091226153], [-99.85519308702932, 20.543582888347622], [-99.8557813358493, 20.543214278492993], [-99.85648559805584, 20.543053457586456], [-99.8573642446393, 20.543142220695486], [-99.85818620062062, 20.54289938991141], [-99.85895313705878, 20.542035173058718], [-99.85925599081239, 20.54033979792939], [-99.85984445645877, 20.539929775911588], [-99.86054965494591, 20.53960334304872], [-99.86131202435968, 20.539525697734653], [-99.86172036385922, 20.539859662953663], [-99.86247367089538, 20.541355174381344], [-99.86258778638248, 20.541894152868966], [-99.86258397115711, 20.542556536694356], [-99.86205005579758, 20.543670746736876], [-99.86163788607348, 20.543999166667582], [-99.86093290916696, 20.54428420543644], [-99.85835340088104, 20.54439094617493], [-99.85753503420868, 20.54401279267405], [-99.85724199031864, 20.54401080517124], [-99.85683076891604, 20.54417361794426], [-99.8567700000904, 20.544545811487552], [-99.85641714570019, 20.544750420056477], [-99.85518587427681, 20.544824859556417], [-99.85126793720492, 20.55332673700119], [-99.85279137738837, 20.55341991391688], [-99.85637945553951, 20.551250065054916], [-99.87111320092953, 20.557725091180235], [-99.86974436001468, 20.569929150461533], [-99.86477402134221, 20.56944024137902], [-99.86430816472601, 20.568898898467676], [-99.86267066596092, 20.568225453878647], [-99.86115113230667, 20.567428588446266], [-99.85991705495236, 20.567958455571762], [-99.85880164038788, 20.56824071420483], [-99.85809654833287, 20.56852574477537], [-99.85721631780643, 20.568685384250266], [-99.85498041734601, 20.57011923772574], [-99.85319706181203, 20.574371379223624], [-99.84898461333151, 20.572935070680494], [-99.84498995692857, 20.574356792265267], [-99.84725774311991, 20.57751874809765], [-99.84765550350618, 20.579674295859633], [-99.85149059669725, 20.58553791696359], [-99.85615947137319, 20.589212865401525], [-99.85579980032759, 20.590576642330152], [-99.85579668249095, 20.5911148269548], [-99.85656194574288, 20.59058180695923], [-99.85703215578516, 20.590377989477748], [-99.86434081615617, 20.589849536750286], [-99.86511440401469, 20.59018424092773], [-99.87079738225604, 20.590884769361725], [-99.87185360164376, 20.590726233156946], [-99.8731548905678, 20.590403613566107], [-99.875847246565, 20.591208177172675], [-99.87461608799438, 20.591199970117636], [-99.87566034728326, 20.593152741684808], [-99.87583341649443, 20.593650697194057], [-99.87605902210807, 20.59522540739221], [-99.87664132260971, 20.5959330877483], [-99.87740302374624, 20.59602095679136], [-99.87804653363163, 20.59627363734108], [-99.87863375313388, 20.596111939808814], [-99.87998220705022, 20.596120895134153], [-99.88290804865531, 20.59713389250478], [-99.88290990830464, 20.596802703995632], [-99.8833203088615, 20.596805420425483], [-99.88326516568671, 20.59618405398093], [-99.88344360646057, 20.595729833746617], [-99.88409432086975, 20.59469913611328], [-99.8843299926812, 20.594493694175704], [-99.8843334741604, 20.593872715706684], [-99.8839281902789, 20.59295923281915], [-99.88381488424946, 20.592254681302254], [-99.8839937837036, 20.59171766336482], [-99.88440602739375, 20.59138918910865], [-99.88470124846405, 20.59101854017796], [-99.88476289108573, 20.590480746271307], [-99.88582302931754, 20.589618349691847], [-99.88664656972136, 20.58912698634578], [-99.88689496055149, 20.586644619734127], [-99.88859346017672, 20.586945622051694], [-99.88894435890472, 20.585374843809337], [-99.89118355361228, 20.58489053325376], [-99.89423406328304, 20.584705700749314], [-99.89505823726918, 20.584090103487362], [-99.89652634640153, 20.58364431846241], [-99.89722662592098, 20.584228500457055], [-99.89416705884477, 20.596794061656286], [-99.89708979666618, 20.598386393175492], [-99.89460284339184, 20.602799910828924], [-99.90214758473037, 20.606243957519904], [-99.90077288347261, 20.61099598928974], [-99.90580544551531, 20.612850281690058], [-99.91836230460977, 20.63305141978631], [-99.92939381853475, 20.631838339607924], [-99.92760762044625, 20.62586548718795], [-99.93177494732461, 20.625146723867193], [-99.93229350717995, 20.62688877910087], [-99.93305013811938, 20.627969947154295], [-99.93837161073405, 20.619640840962152], [-99.94129955073589, 20.620404428236597], [-99.9450963067321, 20.623243361788493], [-99.94667179508295, 20.62474357740817], [-99.94714584470019, 20.62379435458498], [-99.94738619633887, 20.622678075754923], [-99.94861801861659, 20.62260295911082], [-99.94955815013401, 20.62223622328958], [-99.95067333370093, 20.6220361683028], [-99.95290049181659, 20.62225700440703], [-99.95360584723994, 20.621930188608726], [-99.95489799791643, 20.62152420887203], [-99.95589823090461, 20.620868018106723], [-99.95626556739403, 20.620448404303744], [-99.95566838620857, 20.628984993163993], [-99.96163948854692, 20.630214724876762], [-99.96638203149088, 20.631065984026858], [-99.96872758687978, 20.630871772128707], [-99.97107194775032, 20.63088407445408], [-99.9708334744093, 20.63158510153962], [-99.97136000853722, 20.631753102457886], [-99.97123875457599, 20.632454744071715], [-99.97176481768382, 20.63270536190912], [-99.9731700291775, 20.632960576547934], [-99.9740491757449, 20.632965170549912], [-99.97486782137307, 20.63329992722822], [-99.97551016803479, 20.633716381354116], [-99.97611933593751, 20.634446641864624], [-99.97851705550858, 20.635785939324094]]]}}, {"type": "Feature", "id": 7, "properties": {"id": 7, "municipio": 7, "nombre": "Huimilpan", "cve_mun": "007", "clave_entidad": 22}, "geometry": {"type": "Polygon", "coordinates": [[[-100.40137380763419, 20.373920876146418], [-100.40182415217116, 20.406438396999484], [-100.39689268117499, 20.40959464216364], [-100.39096672450292, 20.41272169579896], [-100.39003980778517, 20.41343471451184], [-100.38619638589125, 20.415533022697947], [-100.38573677088785, 20.415644123711605], [-100.38621661697162, 20.416411977769243], [-100.38634291833046, 20.41719461745523], [-100.38748181936478, 20.41953321944409], [-100.39064211063747, 20.42465356257448], [-100.39147346376926, 20.425716447599505], [-100.39149228840725, 20.427284586614118], [-100.39104637432696, 20.42910607175481], [-100.39046965595512, 20.4297735211234], [-100.39041861919277, 20.430393241334706], [-100.39089328421605, 20.430901828601964], [-100.39096808181873, 20.432326318808574], [-100.39027541119258, 20.433077737940756], [-100.38999348078084, 20.433947930452096], [-100.38923193827668, 20.433833460689755], [-100.38888559621695, 20.434209167480375], [-100.38847781775553, 20.434337990055173], [-100.38743185484843, 20.434887368670132], [-100.38755571083574, 20.435463670412876], [-100.38709292198904, 20.43588207501812], [-100.3872772226316, 20.43662272733891], [-100.38628773046995, 20.437006315602957], [-100.38522229774757, 20.440816481466054], [-100.38495020631716, 20.442512004711304], [-100.38713829910606, 20.444548826427052], [-100.38727156247748, 20.445909196614924], [-100.38833541613627, 20.44684541938083], [-100.38793453258636, 20.44755197737929], [-100.38741620789064, 20.448218702502647], [-100.38719963673408, 20.44966590917113], [-100.38715501683338, 20.450822096326014], [-100.38734577265853, 20.452099214317883], [-100.3877719106403, 20.453497261957963], [-100.38867327686219, 20.455508566398816], [-100.38575006149105, 20.455585703637787], [-100.38523318522648, 20.456376224110862], [-100.38459144732828, 20.45650790770951], [-100.38427046682467, 20.45758539103437], [-100.38515380487003, 20.459404400687095], [-100.38521457908888, 20.459892887434286], [-100.38593796975798, 20.462107872697487], [-100.38627535379601, 20.462599736832885], [-100.38689741651653, 20.462829025399607], [-100.38728825894376, 20.462838781162134], [-100.38807270630697, 20.465983073123823], [-100.38804294053485, 20.469849266914103], [-100.38842327677571, 20.46983686079979], [-100.38930698256632, 20.472161873331416], [-100.38942155949084, 20.472306490088016], [-100.38960869017504, 20.4723480512338], [-100.3904935081415, 20.475539628973678], [-100.39051124719913, 20.475682589388327], [-100.39013314844877, 20.476128945319797], [-100.39036937071056, 20.47697303065884], [-100.3904281139564, 20.47776840201819], [-100.39121791344532, 20.477843804111036], [-100.39186103901473, 20.47870293084482], [-100.39200834645236, 20.4797160734669], [-100.39293208697367, 20.48328494608169], [-100.3897580161415, 20.484169891042548], [-100.38825798376318, 20.484979069747784], [-100.37843647634806, 20.485250686043933], [-100.3680923685718, 20.48641657519997], [-100.37098609453805, 20.488381302886175], [-100.37484092158732, 20.497115814505552], [-100.37577922897383, 20.49731071943323], [-100.37457308682426, 20.499182724030565], [-100.37535120335362, 20.500659042324305], [-100.37735392333863, 20.506701662050055], [-100.37858895936921, 20.512134552441612], [-100.38129233867267, 20.522914881556666], [-100.38170826976545, 20.52344632782451], [-100.36827923175741, 20.526392307868736], [-100.36466374796699, 20.52657335369564], [-100.36384536315609, 20.52681515090532], [-100.36296624928573, 20.527304035367425], [-100.36231985026149, 20.527835797054635], [-100.36208264557084, 20.528246663230924], [-100.36201784091229, 20.528906251725793], [-100.35844790157213, 20.530366323032336], [-100.35967033177602, 20.55039857606019], [-100.34571839613312, 20.552952503715296], [-100.3449372478082, 20.552506251450634], [-100.3445953256158, 20.551719987945116], [-100.34472014793432, 20.550895832573445], [-100.3442017092158, 20.5502733836892], [-100.34408924930007, 20.54986003744323], [-100.34404043846551, 20.54891089609591], [-100.34381428522491, 20.54820799306105], [-100.34364312560282, 20.547835502693374], [-100.3432979221036, 20.54737927077847], [-100.3424901171109, 20.546548476118858], [-100.34226438769532, 20.545804320337872], [-100.34221228938017, 20.5451851568197], [-100.34192579805783, 20.54468808577107], [-100.34169594577199, 20.544356428438753], [-100.34100267730123, 20.543732703988603], [-100.34071577960442, 20.543276880472455], [-100.34043756569174, 20.54195479791261], [-100.34061655782578, 20.5415435151357], [-100.34087615076119, 20.538905202317167], [-100.34083108646517, 20.53758479636189], [-100.34066407996038, 20.536799801454773], [-100.34020688775202, 20.535888980758887], [-100.33986213656156, 20.535391489308136], [-100.33916974515543, 20.53468525416713], [-100.33870636118662, 20.534393179174288], [-100.33688474797708, 20.530048609548068], [-100.3315414372406, 20.519113297974755], [-100.32311785218613, 20.502392471116103], [-100.32185678290837, 20.500320680031173], [-100.31887649788459, 20.501124139104796], [-100.31805480191004, 20.501695721046005], [-100.31548784665736, 20.501965830528288], [-100.31496086467845, 20.50220951527969], [-100.31291877418579, 20.502442155054634], [-100.31198050048634, 20.5030128597164], [-100.31021457347941, 20.50473261404132], [-100.30857529219408, 20.505463191991492], [-100.30764374408398, 20.50537386597075], [-100.30687983350425, 20.505987075481556], [-100.30495126226978, 20.506509232770487], [-100.30238970384003, 20.506242895883954], [-100.30163611792143, 20.511517831312553], [-100.30096367744825, 20.51456565998532], [-100.3006834649034, 20.519142761411587], [-100.28397937923313, 20.52248439410754], [-100.28280559957133, 20.523259468471984], [-100.28151781956262, 20.523786160550813], [-100.2656956256739, 20.526307584167945], [-100.2538621428971, 20.5319108739291], [-100.24809581500858, 20.531495535721135], [-100.24704974565526, 20.53119874274552], [-100.23773362130363, 20.530219505254394], [-100.23261282294517, 20.531585293397065], [-100.23008133776086, 20.52485418173755], [-100.22409050518013, 20.526461220422135], [-100.22209613378446, 20.52467348952751], [-100.22168824525443, 20.521892978614172], [-100.22016443118305, 20.519442279434458], [-100.22892192308865, 20.51103632692846], [-100.22957011116345, 20.508838611730546], [-100.23209944178078, 20.50432095495582], [-100.24049553530185, 20.50350624333393], [-100.24602708765136, 20.490156629716157], [-100.24684989136125, 20.489162335679804], [-100.24919892883291, 20.48817067768067], [-100.25337607511388, 20.478179100862658], [-100.25080294365972, 20.46813445497925], [-100.25027724428708, 20.465478275780164], [-100.24781841779104, 20.459043265243434], [-100.25081211595723, 20.45855059369808], [-100.25427329350703, 20.46021607787588], [-100.25556468664823, 20.460010832636573], [-100.25579895067945, 20.460550581940776], [-100.25620990292178, 20.460426812951926], [-100.25650259359446, 20.461257080115097], [-100.2599061282867, 20.46188513459248], [-100.26383928848635, 20.46093743378952], [-100.26231486090818, 20.459192394651676], [-100.26049519746964, 20.45947978481408], [-100.2597340519866, 20.457445573612418], [-100.27282768696163, 20.45033101400211], [-100.28339520217189, 20.44649127201906], [-100.28866831854067, 20.44790487187139], [-100.29208842084404, 20.45036080873738], [-100.29700657024026, 20.45036807478503], [-100.29906107795225, 20.44962428490237], [-100.29900322849191, 20.44833807271834], [-100.29700734051679, 20.449206411010827], [-100.29372473804858, 20.44364217044166], [-100.2863371264484, 20.434711074831164], [-100.2783704629834, 20.417149100688356], [-100.27889899071485, 20.41656909776102], [-100.28071840001047, 20.415908146870482], [-100.2802493365115, 20.415492525817484], [-100.27989768748343, 20.414994111315792], [-100.2795461390534, 20.414371230743402], [-100.27931207056388, 20.41358258083297], [-100.27813947711611, 20.412502025929214], [-100.28031159319174, 20.410928894163177], [-100.28066433913703, 20.410016702693092], [-100.28101636745694, 20.41001725556559], [-100.28125140912438, 20.409561251335923], [-100.28019673235868, 20.407775589716177], [-100.28013842162372, 20.40731912459558], [-100.28113682405314, 20.406034552217033], [-100.28113760344782, 20.40503883007061], [-100.28078574935357, 20.404830834685804], [-100.28049367641223, 20.403212323978508], [-100.28008315865765, 20.403004234450666], [-100.27973108038933, 20.403086655749323], [-100.27844289472617, 20.399931488026567], [-100.27779952608921, 20.397482640519392], [-100.27269572837024, 20.397225506507198], [-100.27153958631325, 20.39370731057931], [-100.27086494385405, 20.39394309660193], [-100.2707386274336, 20.393500306604032], [-100.27009758512173, 20.39358796996288], [-100.2690046851927, 20.393576576869506], [-100.2691916485757, 20.394152989020338], [-100.26614047928726, 20.395079415148693], [-100.26596335848667, 20.394478566850584], [-100.25315917512222, 20.3976905939205], [-100.25362545261689, 20.4008026371347], [-100.2523341676955, 20.401464653512868], [-100.25069372358865, 20.399138415314965], [-100.24711848683016, 20.395647054712658], [-100.2457128056883, 20.39336266497753], [-100.24571428141493, 20.391910550856945], [-100.23873276185829, 20.392229907891743], [-100.23421443249008, 20.393217374340164], [-100.23016953983333, 20.390471576482742], [-100.23023163701073, 20.3874014749311], [-100.23387301510144, 20.383549751639695], [-100.24343465000373, 20.383857595368983], [-100.24366869902649, 20.384438862838447], [-100.2480687939727, 20.384031805200205], [-100.25182284603046, 20.384370312818568], [-100.25135488973743, 20.383000302791775], [-100.25165048437671, 20.38067748975836], [-100.25065965760527, 20.374203462923944], [-100.25817160527994, 20.370316531413373], [-100.25295748269603, 20.363835219455098], [-100.25542301002517, 20.361723567089037], [-100.25378419254861, 20.358152657396044], [-100.19969775794048, 20.36037316519747], [-100.19646907622061, 20.366465739816224], [-100.1937481752472, 20.36395256981177], [-100.19238901287281, 20.363384143291263], [-100.19104380758354, 20.36094273859679], [-100.1902248254465, 20.361767410466932], [-100.18677366768183, 20.3616354649431], [-100.183398641733, 20.358847906414045], [-100.18923752458497, 20.337352390999857], [-100.19012170695616, 20.337801194705133], [-100.19070547333284, 20.33729981365821], [-100.19528541832635, 20.32889976155887], [-100.19856609516086, 20.327756572687424], [-100.19897895501478, 20.328001881892806], [-100.1995074889577, 20.327997834974045], [-100.20688695244347, 20.325166596423923], [-100.20735645185421, 20.32512156926284], [-100.20747632670589, 20.32553283184504], [-100.20748315910781, 20.32640434850853], [-100.20771865736687, 20.32648535707751], [-100.20830531191339, 20.32639801305276], [-100.20876823672216, 20.325441980860965], [-100.20858787732166, 20.324863611160435], [-100.20881859007224, 20.324282072033608], [-100.20881440456947, 20.323702343969845], [-100.2086340473854, 20.323123974110974], [-100.21038611037163, 20.321785349072556], [-100.21740708170694, 20.318169578829202], [-100.24790982877106, 20.32145021285805], [-100.24812894091248, 20.319336512803627], [-100.25176843806926, 20.31914195481107], [-100.25170661370132, 20.31872833684696], [-100.25152765761608, 20.318357061428447], [-100.25117222913696, 20.317945778034314], [-100.25017397123764, 20.31795371247061], [-100.25004847374032, 20.31687802349498], [-100.24892597175173, 20.31597589506131], [-100.24863144174014, 20.315853999634736], [-100.25039662129, 20.308468820342068], [-100.255543156256, 20.29786805524239], [-100.25853485138491, 20.28968621615594], [-100.25876345947556, 20.288856170033306], [-100.27566173270012, 20.2873952551767], [-100.28376260011491, 20.287205361845043], [-100.2960737113359, 20.284827275435404], [-100.29748172579532, 20.284691494915588], [-100.30769322543213, 20.284151885010512], [-100.32978525133636, 20.293099675815526], [-100.33347892527566, 20.293957601465074], [-100.34051573409934, 20.295881183690362], [-100.34327359279774, 20.2970727899892], [-100.34497463160632, 20.297646895734], [-100.34597110652929, 20.297809351274594], [-100.35056134254668, 20.288443179570404], [-100.35513943410713, 20.29074621403716], [-100.35995397245259, 20.293544937599883], [-100.36212733709135, 20.29502774831845], [-100.36348134452666, 20.296678657610194], [-100.36494948775241, 20.297584347329533], [-100.3664801294173, 20.299441567538615], [-100.36853699143732, 20.301048802792778], [-100.3666658830346, 20.301882402188383], [-100.36883567759327, 20.302454767529788], [-100.37633219997593, 20.3020581056358], [-100.3788512461968, 20.302091267869997], [-100.38031622697497, 20.302210611885894], [-100.38184257018699, 20.302991820557686], [-100.3832524674034, 20.303938918331248], [-100.38442893720054, 20.30509367406623], [-100.3862513789641, 20.306618700279014], [-100.38872228597278, 20.30909328361562], [-100.39072479454757, 20.31161077218941], [-100.39202473097392, 20.314213347338598], [-100.39257658159461, 20.319963276277637], [-100.39270243078936, 20.321990458337687], [-100.39271058069635, 20.32389389577086], [-100.39259783730702, 20.324928765747963], [-100.39271979571511, 20.32604560715281], [-100.3929583995292, 20.327037917531836], [-100.39272759476329, 20.327866285601008], [-100.39238634543035, 20.33026745061794], [-100.39181250057553, 20.333083191647773], [-100.3915289360817, 20.33527726331096], [-100.39070557433688, 20.335871666190048], [-100.39076455178746, 20.336284981779432], [-100.39181880580084, 20.33760859011729], [-100.39222947764189, 20.33868350459243], [-100.39305184716844, 20.341659823757727], [-100.39334506869906, 20.342321353187277], [-100.39317577718232, 20.347362767044867], [-100.39346936585693, 20.34831356799053], [-100.39364634190942, 20.349553507961527], [-100.39393932915921, 20.350008411447877], [-100.39452490147396, 20.350587619317164], [-100.3947011756887, 20.351249012148525], [-100.39540342171368, 20.35158040081081], [-100.39593796523376, 20.352269407155273], [-100.39811590563224, 20.354537891327297], [-100.39858522548566, 20.35466043418616], [-100.39888180262767, 20.355487013962186], [-100.39976346860796, 20.356104702770423], [-100.40064856001202, 20.357508583558634], [-100.40106451329693, 20.358831303485847], [-100.40141628917809, 20.358871480637696], [-100.40182774614125, 20.359159729141844], [-100.4021236288809, 20.359820786496837], [-100.40233940223146, 20.361019443621306], [-100.4016308604222, 20.361288158568374], [-100.38384056458061, 20.36431307961639], [-100.38777920935584, 20.366204735161347], [-100.39654925785078, 20.371297527470237], [-100.40137380763419, 20.373920876146418]]]}}, {"type": "Feature", "id": 8, "properties": {"id": 8, "municipio": 8, "nombre": "Jalpan de Serra", "cve_mun": "008", "clave_entidad": 22}, "geometry": {"type": "Polygon", "coordinates": [[[-99.47020028873034, 21.436601987677008], [-99.47280215447573, 21.43845532640773], [-99.47510644830247, 21.43952398585217], [-99.4701741432378, 21.446316630110864], [-99.46586553323844, 21.445707890360868], [-99.46061347773242, 21.445225498740115], [-99.45754446830537, 21.444820024960567], [-99.45211387159286, 21.443841760150615], [-99.44821754591817, 21.442983485251915], [-99.4468018613905, 21.44302837578407], [-99.44438913473944, 21.444894643418014], [-99.43590842519257, 21.449462809558266], [-99.43454998034831, 21.448970054307672], [-99.43034706750151, 21.444391621787528], [-99.42904588594588, 21.443319939979233], [-99.42774395644207, 21.442000216720437], [-99.42549424168408, 21.43940123556859], [-99.42454632271821, 21.438080644046035], [-99.42294889775071, 21.436554887678273], [-99.42040352714831, 21.433667159942445], [-99.41939682850116, 21.43238801395111], [-99.41839127355145, 21.431480908685867], [-99.41762193141078, 21.430655924857472], [-99.4166170223386, 21.42995550138126], [-99.41549240850568, 21.4286766044165], [-99.41484305614074, 21.42851275163966], [-99.41248407585175, 21.428683545607377], [-99.4114229267851, 21.428892675708138], [-99.40959420633055, 21.428855518276134], [-99.40841385441179, 21.428651511983592], [-99.40646485013978, 21.427829153999387], [-99.40552167139896, 21.42803797983449], [-99.40493398779483, 21.42878340600477], [-99.40363008523744, 21.431803466487775], [-99.40262824278061, 21.434953199393583], [-99.40203907517353, 21.43719086586682], [-99.40180348397523, 21.43826814335828], [-99.40186292379717, 21.439220469713387], [-99.40257202924008, 21.441206512161937], [-99.40174615361984, 21.4420781639066], [-99.40074293915374, 21.442329064567186], [-99.39861825139026, 21.442334191563276], [-99.39785126165383, 21.442957212097923], [-99.39720240708299, 21.443828416397693], [-99.39690803928535, 21.44560982744447], [-99.39720367120266, 21.44689288263291], [-99.39803029375003, 21.447677720751052], [-99.39850288300508, 21.448670465608828], [-99.39773587737169, 21.44933489734915], [-99.39696903519369, 21.450413442459123], [-99.39667431342643, 21.451366618413875], [-99.39649793879776, 21.45306492123974], [-99.39602612063813, 21.45397710821979], [-99.39614472369817, 21.45534341071091], [-99.39738533553164, 21.45799078540711], [-99.39844851067919, 21.459686108332754], [-99.3985671769364, 21.461135230999474], [-99.39839053442486, 21.462170947830185], [-99.3985681775526, 21.463495693110115], [-99.39626645478053, 21.464370865344915], [-99.39544022957246, 21.46478695838276], [-99.39402358586037, 21.46487316108157], [-99.39313806634752, 21.46462679738507], [-99.39237040023121, 21.463841797789662], [-99.39107161833397, 21.46338934404748], [-99.38995015357655, 21.463557637576624], [-99.38906503534132, 21.464387954963286], [-99.3895380407861, 21.46654024913115], [-99.38877110911079, 21.467784403278856], [-99.3882407978586, 21.4704774067764], [-99.38617553320968, 21.472842706005714], [-99.38470081432797, 21.47607625160227], [-99.38375682720263, 21.47773491070438], [-99.38263549318178, 21.47868997719521], [-99.38210488979303, 21.48092743246029], [-99.38405447392259, 21.48531254537551], [-99.3835235612177, 21.486597537539776], [-99.38393734876227, 21.488211628817293], [-99.38523704110277, 21.490776122146027], [-99.38700916973976, 21.493546556068623], [-99.38736490783505, 21.497811110677578], [-99.3871884656698, 21.49975786564638], [-99.3864212301817, 21.500670715167143], [-99.38423612961577, 21.499102173637596], [-99.38405877156924, 21.49839858999083], [-99.38275985180202, 21.498401604346927], [-99.38163819971454, 21.498859726141905], [-99.38087080641428, 21.49935843562349], [-99.3790996621996, 21.49977662514177], [-99.37709267577488, 21.501396269403557], [-99.37591227964617, 21.50309683344575], [-99.37337420630533, 21.506249868268174], [-99.3730792346351, 21.507244411735712], [-99.37331582066798, 21.5088175148616], [-99.37307991135329, 21.509894747561518], [-99.37296228256288, 21.5117171197994], [-99.37319879033916, 21.512958930369216], [-99.3733173338195, 21.51469794509255], [-99.37296338141046, 21.51602391283589], [-99.3724912087762, 21.516894620257986], [-99.37225529169987, 21.518013262482327], [-99.37136997041735, 21.519754538993794], [-99.37066163273762, 21.520874241238246], [-99.37036667387632, 21.522117247516963], [-99.37237518623807, 21.52513576301827], [-99.37544617413093, 21.52603985548998], [-99.37739517320851, 21.526905049302183], [-99.37845874315158, 21.52897318379764], [-99.37857727967024, 21.530422310794595], [-99.37857765908875, 21.53170606303978], [-99.37721990913842, 21.53353127401259], [-99.37674859978743, 21.53754925441212], [-99.37645450264917, 21.54177388417935], [-99.37651456945828, 21.545335121974432], [-99.37639697404882, 21.547198899988693], [-99.3750979819499, 21.54852702248241], [-99.37099061389019, 21.549937696525145], [-99.36957531559672, 21.550519345769985], [-99.36450482358256, 21.553009984038354], [-99.36338377485805, 21.553260278079556], [-99.36214442711567, 21.553428125251852], [-99.35942760693321, 21.553020173687123], [-99.3578321832816, 21.5524859431921], [-99.35706426551711, 21.552322109499144], [-99.3558831979113, 21.552200425327296], [-99.35346160135687, 21.55179179404492], [-99.35104129909196, 21.551879187218262], [-99.34968280935787, 21.551633787757815], [-99.3487371573694, 21.551222227808505], [-99.34714094573789, 21.550357187358895], [-99.3456043150616, 21.549698710392562], [-99.34365298141728, 21.548462266258753], [-99.34205599597722, 21.547266469006527], [-99.33886158691782, 21.54466813503401], [-99.33465545978648, 21.538723175294535], [-99.33293998240978, 21.537279473615804], [-99.32892153999038, 21.535509222641974], [-99.32756263725203, 21.535015609027667], [-99.32626327206263, 21.53472857101761], [-99.32484525599465, 21.534193702234788], [-99.3195888449695, 21.53304550701796], [-99.31793786528772, 21.533833825904576], [-99.3152822912688, 21.53416913915749], [-99.31345245514026, 21.534213625360817], [-99.31244817744854, 21.533884634404377], [-99.3093151300382, 21.531947036796563], [-99.30807485519705, 21.531659756506468], [-99.30618780366328, 21.53248969545813], [-99.30483358969451, 21.53402148689431], [-99.30336100643123, 21.53542944693526], [-99.30212489103944, 21.537002359757416], [-99.29900294647895, 21.540025200864374], [-99.2980613609639, 21.541349571234612], [-99.29729960456311, 21.54391380727108], [-99.29470718759241, 21.546232951682185], [-99.29353310833501, 21.547574529960613], [-99.2924697943438, 21.548239010721673], [-99.29182004529919, 21.548447223587996], [-99.2917018461468, 21.548695902870257], [-99.29081562900717, 21.549608528135973], [-99.290638414552, 21.549691664803625], [-99.28981150537113, 21.549775948419963], [-99.28933849357294, 21.551391833233843], [-99.28975178569694, 21.55188804368965], [-99.2901057994233, 21.553088354213944], [-99.2905780752904, 21.553874339149292], [-99.29128589637048, 21.557061774442353], [-99.29087227087044, 21.55760085721781], [-99.28945442086724, 21.55843159225379], [-99.28632402632707, 21.558022963594507], [-99.28514258306976, 21.5583563113836], [-99.28342943081017, 21.55898045022257], [-99.2821889658744, 21.559148232849648], [-99.28047580681387, 21.559730929937267], [-99.2774625128789, 21.561930862588838], [-99.27657614291917, 21.56280200099147], [-99.27545352079188, 21.56359070830527], [-99.27456712873298, 21.564461836084956], [-99.27403481481461, 21.566119187367846], [-99.27397557198528, 21.56653340161743], [-99.27409302151031, 21.56818966652566], [-99.27432868537475, 21.569680087321313], [-99.27462359711718, 21.57075629323527], [-99.27580417651477, 21.572866299386508], [-99.27668985232067, 21.57390009536033], [-99.27757480971636, 21.576797403995023], [-99.27781054028465, 21.578246406307425], [-99.27769193717727, 21.579406128011186], [-99.27810483651146, 21.581020475170593], [-99.27893162919587, 21.581723065908633], [-99.2795222651944, 21.58205335204628], [-99.28040811626836, 21.582838657470504], [-99.28076225417497, 21.583707691780084], [-99.28093885935654, 21.585405257786224], [-99.28123362551432, 21.58710262066555], [-99.28170560571236, 21.588882501138176], [-99.28188239358026, 21.59012453930217], [-99.28194017255457, 21.593727230434567], [-99.28182142659007, 21.59534247804648], [-99.28193906715606, 21.5967916735585], [-99.28111109695266, 21.599029308415226], [-99.28152400218787, 21.600892110486086], [-99.28081464489132, 21.601845787915398], [-99.28075517933863, 21.602881173161016], [-99.28028202480812, 21.60416573412887], [-99.28057691575394, 21.60561462594594], [-99.28110841568176, 21.606359118973703], [-99.28069427900263, 21.60780922465549], [-99.27951232645799, 21.608391003072253], [-99.27886246452564, 21.60814364232778], [-99.27744478416236, 21.607110765746402], [-99.275908901947, 21.60620230983226], [-99.27413635345104, 21.606122462320176], [-99.27230457949554, 21.60637398506222], [-99.26982211602993, 21.608283014321866], [-99.26852203439918, 21.608657852935167], [-99.26663063049281, 21.609986105993514], [-99.26527135882962, 21.61052666103642], [-99.26408932135448, 21.611108330568133], [-99.26113468527315, 21.61156859502065], [-99.25977571700095, 21.611446523414003], [-99.25753090739732, 21.610414787305825], [-99.25623106265026, 21.610251182207673], [-99.25451744750625, 21.61037809056774], [-99.25209463353798, 21.610754543810376], [-99.25079405517006, 21.611874649660532], [-99.24896180160296, 21.612747087360034], [-99.24748443157732, 21.612997797838194], [-99.2465387083882, 21.613496162720832], [-99.2452973545655, 21.61428484557038], [-99.24393760203226, 21.615404986782124], [-99.24251792936431, 21.6178089577921], [-99.2423978932144, 21.620749341287365], [-99.24180599937257, 21.622282437485865], [-99.24056422548657, 21.623568021529138], [-99.23884962475258, 21.62493711088949], [-99.23772637485168, 21.625642741869303], [-99.23547970188113, 21.627261037986532], [-99.23384855354475, 21.629210260431837], [-99.23313649456337, 21.630323329384577], [-99.23218828483745, 21.63143583648258], [-99.23136111672893, 21.631640311553944], [-99.22835032859834, 21.63163314309621], [-99.22675542282745, 21.631918332690127], [-99.22569031804699, 21.6326589396162], [-99.2249779045893, 21.633854547199636], [-99.22491515559541, 21.63496914490733], [-99.22497061698617, 21.636042740388127], [-99.22543466996206, 21.63852107703166], [-99.22519123466276, 21.640708700392075], [-99.22418110317737, 21.642646751956313], [-99.22353125442697, 21.642769042690958], [-99.22264248296926, 21.6437164912674], [-99.22246190804277, 21.644748227489206], [-99.22257681108981, 21.645698105910697], [-99.22233691569564, 21.646812271894376], [-99.22203908150067, 21.64759600130572], [-99.22103149409689, 21.64874958747285], [-99.21978452485078, 21.650852183091644], [-99.219429294123, 21.65114032445617], [-99.21788859630752, 21.652788031959766], [-99.21717518305785, 21.654231324068306], [-99.21728237895685, 21.657451966645894], [-99.21756881441807, 21.660053744185507], [-99.21780221111, 21.660880054289258], [-99.21821289182994, 21.66166551128238], [-99.21867928287297, 21.66344198841964], [-99.21861772823108, 21.664185001546056], [-99.21867440948851, 21.664887016934394], [-99.21766597880436, 21.666247014128203], [-99.2164834570054, 21.66669826628335], [-99.21512476088374, 21.666860067494923], [-99.21234718139564, 21.667513782160004], [-99.21075114174779, 21.668005253061253], [-99.2075056758429, 21.667336539611973], [-99.20567785293576, 21.666547485619848], [-99.20390795125212, 21.666088853280467], [-99.20219610206469, 21.665919358057117], [-99.19847804045673, 21.66533183753091], [-99.19688299464671, 21.665534169543164], [-99.19499138542183, 21.66610730133043], [-99.19185575832587, 21.6677919202714], [-99.19055342237242, 21.668696832458075], [-99.18860062685738, 21.669847748912677], [-99.18741516914554, 21.671083238992743], [-99.18587463820437, 21.672524217257195], [-99.18515828094607, 21.6746692424555], [-99.18562520294553, 21.67619809337708], [-99.18674157958576, 21.677769943483813], [-99.18944906035824, 21.680295561210848], [-99.19074635605105, 21.680835685227102], [-99.19228032305811, 21.68125255473093], [-99.19706002531127, 21.68233838799911], [-99.20077404470219, 21.684205815996368], [-99.20236497444131, 21.685242039039267], [-99.20324623340807, 21.686565455121794], [-99.20388855169665, 21.68867271014363], [-99.20382346946661, 21.690406590368], [-99.20257877248952, 21.691683322802422], [-99.20198486609584, 21.692631408734723], [-99.17635982273165, 21.671633399011355], [-99.16930848125183, 21.676533756776227], [-99.16367950018679, 21.680280135282036], [-99.16191149707873, 21.678744011134523], [-99.16842801220619, 21.67475230351663], [-99.16742963251527, 21.67288774332345], [-99.16696283651339, 21.671148951629963], [-99.16643505431743, 21.66994770632851], [-99.16643912044557, 21.668789507482213], [-99.16632424239197, 21.667837755634814], [-99.16638683709797, 21.66684520058529], [-99.16662878806453, 21.665274106718236], [-99.16698793315769, 21.663992935870606], [-99.16811734411688, 21.662176454090382], [-99.16853412849142, 21.66130910882947], [-99.16913111522697, 21.659615035072648], [-99.16872315857167, 21.657959160092233], [-99.16748934482116, 21.655845664731146], [-99.16666914508541, 21.653774833180314], [-99.16625789176253, 21.65307033024915], [-99.16596368496077, 21.65269711536851], [-99.16466619074849, 21.65190706869472], [-99.16395798166303, 21.6516152643874], [-99.16336914895491, 21.650992918706283], [-99.16279553456313, 21.64606867813467], [-99.1633904814559, 21.644953723049685], [-99.16493377549301, 21.64305584740739], [-99.16564543600512, 21.64235490305536], [-99.16641575226895, 21.641778235905477], [-99.1665959516569, 21.640951509462344], [-99.16624383326948, 21.640247192211792], [-99.16583218452169, 21.639666780001928], [-99.16565940148645, 21.638383921660353], [-99.17160749928865, 21.627358254814038], [-99.14438024269276, 21.607208611210744], [-99.14314235645234, 21.606418584163332], [-99.14243395586188, 21.60625077875637], [-99.14202402120972, 21.605256658293293], [-99.14107853086796, 21.60529488634487], [-99.14007487304212, 21.60508472497447], [-99.13960373383001, 21.604669505978972], [-99.13684725777972, 21.599158744549936], [-99.12876733995226, 21.59201263081158], [-99.1286750670296, 21.59027817636985], [-99.12627994014464, 21.58556608240657], [-99.13029821052649, 21.58243789133142], [-99.13343188563029, 21.563989773693315], [-99.13746786650621, 21.543335162415392], [-99.14270638237835, 21.536134665812153], [-99.14371742678034, 21.53033022289411], [-99.1398189682704, 21.52113891181682], [-99.13602881895758, 21.511408274281525], [-99.13062745351867, 21.500796060061873], [-99.13025933263754, 21.4938994885628], [-99.12997755433742, 21.48224788880304], [-99.10311731160098, 21.482917054746725], [-99.12610464531738, 21.457053686263578], [-99.12575226517555, 21.456184612453217], [-99.1351584360526, 21.46269856838374], [-99.15739216097322, 21.43005363067975], [-99.15662798389847, 21.429514397081235], [-99.16451248366694, 21.42964776079768], [-99.16939103497376, 21.433628598643505], [-99.16944769546907, 21.435285065929698], [-99.17685888230923, 21.437694877074417], [-99.17885366498878, 21.442417728769342], [-99.1837340896181, 21.4455285276327], [-99.18685298942825, 21.445531677328145], [-99.19097122455744, 21.44644676742845], [-99.19266969657332, 21.453446704115702], [-99.19531701680117, 21.45427743798799], [-99.19920461802906, 21.451175337250078], [-99.20279704702976, 21.448776849049985], [-99.2067402869662, 21.448407682044106], [-99.21180068365052, 21.448950395957603], [-99.21680156808515, 21.450196876380698], [-99.22409903221087, 21.449995661518702], [-99.22792800867515, 21.44585760507171], [-99.22610964347007, 21.43952050160671], [-99.22411338550187, 21.434798223101446], [-99.22288661154802, 21.425438601471072], [-99.22335767786981, 21.42506628106421], [-99.22353446964296, 21.42477654931427], [-99.22394653680817, 21.42456982119717], [-99.22412336597677, 21.424238678820355], [-99.22465338068938, 21.423742170607124], [-99.22318877008513, 21.417074008488513], [-99.21866408370683, 21.41131439036779], [-99.21755138013594, 21.40613721634684], [-99.21749739513545, 21.40125077399875], [-99.21903313695792, 21.39495767984243], [-99.21932751449741, 21.394709457329036], [-99.21973946335346, 21.394544149649846], [-99.22009274614153, 21.39421315296176], [-99.21997630501006, 21.392970753254545], [-99.22133298538763, 21.389162102397012], [-99.22427483697692, 21.38850186143923], [-99.2257451709051, 21.388792874329095], [-99.22727552398126, 21.387800203778323], [-99.22974639247686, 21.38751219911292], [-99.23074725693293, 21.3865605103249], [-99.23145406762553, 21.385525778390566], [-99.23263078570464, 21.38523677138309], [-99.23233907253521, 21.382544894130046], [-99.23510543366906, 21.38055920882363], [-99.2364612879397, 21.377123126408776], [-99.23552475495586, 21.37186335837082], [-99.24282387989611, 21.364870083160604], [-99.24488567513083, 21.360813248131773], [-99.2441239692147, 21.35729286831394], [-99.24453766637812, 21.35480852387661], [-99.244480200134, 21.35315207282908], [-99.24495161791324, 21.351992895338952], [-99.24506983919159, 21.35124758730165], [-99.24577718006155, 21.349218945563234], [-99.24148995376574, 21.34225913880595], [-99.24072624304665, 21.341347588085757], [-99.23866985541638, 21.339234234249776], [-99.23755285459937, 21.33890216724724], [-99.23808347659133, 21.337287534035948], [-99.24137980048705, 21.333314414471477], [-99.2431460775772, 21.330623932344402], [-99.24585012697656, 21.331619578696568], [-99.24667268600686, 21.33244832485979], [-99.2489078342082, 21.33158014650765], [-99.25037793360579, 21.331498256982794], [-99.25178979914078, 21.330670930987324], [-99.25231985846783, 21.32955317788922], [-99.25326107381694, 21.32901542119698], [-99.25431982074669, 21.328560551370106], [-99.25708412304438, 21.327609763983705], [-99.2557914732445, 21.326325273804965], [-99.2540331091287, 21.318828922633347], [-99.2565618661669, 21.318126463982612], [-99.25738543189505, 21.317547204096645], [-99.25803269420284, 21.31684360582079], [-99.25879792697857, 21.315601737433855], [-99.26044442130897, 21.315271400944855], [-99.25950485415795, 21.31365585382934], [-99.26050517476675, 21.312496933781965], [-99.26297414201785, 21.313036659824807], [-99.26320983053454, 21.3122914020954], [-99.26262266713273, 21.311172992720593], [-99.26373931363682, 21.311794769026278], [-99.26520901101865, 21.312002624926006], [-99.26497490031296, 21.310428899768866], [-99.26397629684459, 21.30914462868038], [-99.26344781874145, 21.308191895936393], [-99.2622744798121, 21.304588528813113], [-99.26392296671993, 21.30115237142851], [-99.26409984323809, 21.300407079251247], [-99.26374762013143, 21.29966149563125], [-99.26580558420697, 21.29912428207568], [-99.26692270179407, 21.29891782871738], [-99.26745215223212, 21.298379773291984], [-99.267335287548, 21.297303037454974], [-99.26957117274804, 21.294281240337238], [-99.26927836749158, 21.29254184543856], [-99.26886794521798, 21.290885209340615], [-99.26892778129893, 21.28927022850041], [-99.27075039161677, 21.288815653752895], [-99.27034099971269, 21.285544008488888], [-99.27069435952129, 21.284508925058326], [-99.26975442600352, 21.283597408299034], [-99.27816377287405, 21.2776798366164], [-99.28521385719938, 21.284143035813198], [-99.2890360997633, 21.281452934425193], [-99.28498380993359, 21.27478414957036], [-99.28381488619033, 21.2627331540644], [-99.2874550236928, 21.27002297022572], [-99.29115656752676, 21.272798969288345], [-99.29580155784987, 21.26952928749908], [-99.29638990330763, 21.26828718317282], [-99.29539151473399, 21.266588985960208], [-99.29262960179612, 21.2655112749076], [-99.29286531166068, 21.264269046663866], [-99.29492216115443, 21.264808157343413], [-99.29827145167852, 21.266714248998305], [-99.29968213532688, 21.26654909385448], [-99.30033017855997, 21.263112234913255], [-99.30297733786647, 21.257605497943793], [-99.29998041756514, 21.25661065014961], [-99.3000997217641, 21.25263526937384], [-99.29651542024654, 21.251226050589082], [-99.29604983126461, 21.241535779615727], [-99.2948163730153, 21.240251592737142], [-99.29699142711058, 21.2386373700028], [-99.29857985237618, 21.23470391389141], [-99.2988157860309, 21.23275769133303], [-99.29564517915233, 21.22741456484174], [-99.29846559486786, 21.22753981240148], [-99.29952316111925, 21.227788645556835], [-99.30081564341472, 21.22832742687459], [-99.3035776864192, 21.227582943103542], [-99.30469395244009, 21.227997405612893], [-99.30704590598938, 21.224105518283533], [-99.31509722986641, 21.220008086130914], [-99.31927111845924, 21.213217729058055], [-99.32138616601294, 21.213549487466704], [-99.32185576498627, 21.214998965333226], [-99.32285442669249, 21.215578926714514], [-99.3233829221572, 21.216614304532854], [-99.32549770751724, 21.21810551098422], [-99.3254974112942, 21.219182189798715], [-99.32473335700801, 21.21996884500585], [-99.3257313732016, 21.223074841597192], [-99.32255785628335, 21.225061921503443], [-99.32091242037646, 21.22568273013295], [-99.32067699026035, 21.226966410342083], [-99.31973627991302, 21.228746860894315], [-99.32067615206046, 21.22969951607888], [-99.32026435376052, 21.231231620473334], [-99.32073426630825, 21.231811473710685], [-99.32038137830656, 21.23284666289297], [-99.32296656377366, 21.23400671368256], [-99.32396591149698, 21.232640364683014], [-99.32813728760901, 21.235415660545875], [-99.33001705531393, 21.238066258909093], [-99.33054565314114, 21.23922584167585], [-99.33136807376135, 21.240426879058873], [-99.333366132532, 21.240178714359182], [-99.33477659912296, 21.239640573465003], [-99.336245587009, 21.24026192462837], [-99.33736244489747, 21.238564228529846], [-99.33689260080911, 21.23719762198596], [-99.33706907743996, 21.23624519993426], [-99.33765692298336, 21.235127184543163], [-99.33836216045142, 21.234671750190312], [-99.33953749220358, 21.234216364173342], [-99.34018388503026, 21.23417502190943], [-99.34159427608549, 21.233595414135536], [-99.34206443302831, 21.233222763051483], [-99.34265215043077, 21.232601657653717], [-99.34130058340938, 21.232891405710127], [-99.33918560980882, 21.23040654999011], [-99.33994958089987, 21.229951115570813], [-99.34112464691242, 21.230820858350295], [-99.3421236102587, 21.23065531140379], [-99.34335748744991, 21.231317990763273], [-99.34423921056654, 21.229247533687072], [-99.3456496647648, 21.227756859260325], [-99.34600211617533, 21.228543685717682], [-99.3451205685801, 21.22957888688607], [-99.34653060058378, 21.231235410280107], [-99.34594287679421, 21.23206358191067], [-99.34694173028382, 21.232767628565135], [-99.34789920285793, 21.226996898267068], [-99.34870524877215, 21.227094482070527], [-99.34946916840418, 21.226680415606342], [-99.35029186951921, 21.22601788478187], [-99.35058575190875, 21.22518968570233], [-99.35099713504835, 21.224485722695626], [-99.35199609960364, 21.223740369533665], [-99.35281881067542, 21.222663720525382], [-99.3522312808665, 21.222166774597046], [-99.35134995184012, 21.22183545785043], [-99.35058616306792, 21.221297088479442], [-99.35023371876763, 21.22038603914549], [-99.35023379503495, 21.219682058506386], [-99.35035140166063, 21.21881244060942], [-99.35099788651497, 21.21719745376212], [-99.35234947881051, 21.21491991912285], [-99.35381846007093, 21.213553410822026], [-99.35446480819752, 21.212890855417463], [-99.3551699229677, 21.211979834706923], [-99.35563998062311, 21.21156573562935], [-99.35540499218175, 21.21123444691069], [-99.35475874021931, 21.210820328961827], [-99.35458249783899, 21.210613272136737], [-99.35440629634225, 21.20990928721857], [-99.36774303993909, 21.19794137769532], [-99.36856548689396, 21.19616067100092], [-99.36169219387165, 21.192599627599243], [-99.36010616298938, 21.190280650629326], [-99.35987130570737, 21.1876717761902], [-99.36222112739522, 21.18543555994246], [-99.36145748925958, 21.18489723531968], [-99.35940146546177, 21.185477009537895], [-99.35840282602416, 21.185642655069334], [-99.35752168346029, 21.185601241606253], [-99.35705175316075, 21.185394184445588], [-99.35581821348418, 21.184565953978378], [-99.35476089062682, 21.184027593733123], [-99.35417345960659, 21.184110401273248], [-99.35364472975407, 21.184648727136242], [-99.35223482868416, 21.185435485800898], [-99.3510599649866, 21.185476849085042], [-99.34965016207683, 21.185228316515655], [-99.34794672884414, 21.184358591936316], [-99.34712442664188, 21.18365455475514], [-99.34594978530478, 21.182205092703715], [-99.34553870054599, 21.181459666641015], [-99.34495140880169, 21.180631403688007], [-99.34436423069563, 21.179099154129016], [-99.34489307982695, 21.177856872279666], [-99.34577438101138, 21.1764489724431], [-99.34483498899553, 21.173508726842847], [-99.34571607522415, 21.173425974912163], [-99.34606859834706, 21.17276342761073], [-99.34465942412298, 21.16920198026026], [-99.34700892119824, 21.168953694269938], [-99.34706754032662, 21.169823326938214], [-99.34835964066671, 21.170693039548883], [-99.35041545505472, 21.170568920393894], [-99.35059176304647, 21.169699300714694], [-99.35164903754733, 21.169575115723593], [-99.3516491583698, 21.168415611358228], [-99.35382240289019, 21.168374277865503], [-99.35347003515027, 21.167835925936604], [-99.35429241092174, 21.167007732336273], [-99.35511473720554, 21.166676465217325], [-99.35558465381526, 21.16626236609], [-99.35593711621279, 21.16559979850978], [-99.3567594309796, 21.16526852350229], [-99.35787540062118, 21.165185711612214], [-99.35869770390542, 21.164937248986046], [-99.36010747882271, 21.162038483600476], [-99.34906667995688, 21.152762154789336], [-99.35159273113955, 21.146592050569723], [-99.351123165648, 21.144273013759513], [-99.3502423466018, 21.143568982742565], [-99.35059478084708, 21.14290642493287], [-99.35018376040236, 21.142368060551632], [-99.35082984871114, 21.141457051514706], [-99.3504189606298, 21.139800590166832], [-99.34789392397677, 21.138765164333776], [-99.34807020112052, 21.13797836640617], [-99.34554521745166, 21.136901493627896], [-99.34478183281625, 21.136735785833295], [-99.34401847613627, 21.13640443033894], [-99.34337260367546, 21.135866027102505], [-99.34266797784119, 21.13553467089247], [-99.34108249225518, 21.13528604141246], [-99.3399668508837, 21.134747573717068], [-99.33943850075201, 21.133919290841163], [-99.33932114216626, 21.133463755035017], [-99.33855783032647, 21.13304955221953], [-99.33896909482795, 21.13197291362803], [-99.33892862831576, 21.131763426028588], [-99.33836407072913, 21.1312424502127], [-99.33724184265314, 21.13095395518968], [-99.33611915082697, 21.130085045965654], [-99.33700300808931, 21.127720619283828], [-99.33782860113665, 21.126351260885613], [-99.34066152275007, 21.124564244384153], [-99.34207776515929, 21.12344270160362], [-99.34272402928391, 21.119586135045527], [-99.34378383215233, 21.116019125492674], [-99.34372361538638, 21.114651114457185], [-99.34307294929732, 21.113284020685285], [-99.342600026365, 21.112621430326772], [-99.34135893693757, 21.11125524309572], [-99.34118062277626, 21.10984595438511], [-99.34206536884346, 21.108766687274233], [-99.34324549294945, 21.107894245962733], [-99.3444253538067, 21.10673159261294], [-99.34536691140116, 21.103123295939053], [-99.34607378078232, 21.1012565883619], [-99.34713636050736, 21.10108908682805], [-99.34808115040178, 21.101253427093773], [-99.34961686428899, 21.101997232364777], [-99.35032576069982, 21.102452139208918], [-99.35245171885208, 21.102987687700274], [-99.35434068329032, 21.10261152254358], [-99.35793961165214, 21.099910909021563], [-99.35894336548361, 21.099992176617366], [-99.35971227624763, 21.101441931019213], [-99.35983147355888, 21.102602550802867], [-99.36006863538238, 21.103638602364786], [-99.36060112870008, 21.10479853809095], [-99.3614868333669, 21.104879985466372], [-99.36567642142926, 21.102509889619046], [-99.36732909818313, 21.10205106273388], [-99.36886398071141, 21.101882624422075], [-99.37039907363275, 21.101921460362753], [-99.37234705972608, 21.101586451941095], [-99.3746479136575, 21.09996562036147], [-99.37629942233708, 21.098470266553324], [-99.37777521772713, 21.09830185134277], [-99.37866215435733, 21.09954402223054], [-99.37878181292203, 21.100994829913155], [-99.38078976600114, 21.10153023004661], [-99.38226558583355, 21.101361775442072], [-99.38362411234318, 21.10189829803959], [-99.38492342054651, 21.102269085533045], [-99.38831359972163, 21.103596928004137], [-99.39042932076384, 21.10509033335643], [-99.39242762603286, 21.106210309311347], [-99.39513133771422, 21.107454620396307], [-99.39618945517998, 21.107454444177367], [-99.39712812904051, 21.11459073514534], [-99.4033004888891, 21.11587575644699], [-99.41376617702814, 21.105915385792912], [-99.41458911676068, 21.1061226137596], [-99.41623508709073, 21.105914693405833], [-99.41688177153215, 21.10541661478757], [-99.41764605458188, 21.1046280623741], [-99.4181751935491, 21.10388106797724], [-99.41923338851939, 21.10296794757857], [-99.42417128588319, 21.1008088409407], [-99.42552324193841, 21.10105732961046], [-99.42705143684525, 21.103048364028158], [-99.42758046322949, 21.103297122849902], [-99.4290500245424, 21.103296595753896], [-99.42963785280777, 21.103213399555287], [-99.43010811918376, 21.10304726298709], [-99.4400271641538, 21.11497138374223], [-99.441680300365, 21.114884949171827], [-99.44645385815647, 21.108987752396377], [-99.4524714139975, 21.10594825233566], [-99.45323974218897, 21.106444050801095], [-99.4543024245221, 21.106400250765105], [-99.45595572120267, 21.106479507460428], [-99.4569606986332, 21.107264965107568], [-99.45814422468574, 21.108920621833846], [-99.46003568543915, 21.110201568309723], [-99.46039184345913, 21.111361573459966], [-99.46127872142351, 21.112105811879122], [-99.46257809485367, 21.112351627688817], [-99.46311051877852, 21.11297228407631], [-99.46429215892316, 21.11342563890286], [-99.46565128606098, 21.11408586782089], [-99.46553479109731, 21.11503964945978], [-99.4657139372865, 21.11624150172797], [-99.4661298953183, 21.117815929189437], [-99.4666047697871, 21.11930730635034], [-99.46755133218481, 21.120383031449535], [-99.46607592186162, 21.120842429083243], [-99.4648357235467, 21.120720878882608], [-99.46418537733967, 21.120224868130897], [-99.46359518303706, 21.120392034227546], [-99.46206009708645, 21.12047841712389], [-99.46288950053147, 21.122134833766317], [-99.46371788981939, 21.12316938989955], [-99.46360165191666, 21.124288997747446], [-99.46507821202387, 21.124492933737756], [-99.46637595936097, 21.12370229209712], [-99.46743834446335, 21.12361693401868], [-99.46714484396932, 21.124446766149315], [-99.46720563848184, 21.12548305683852], [-99.46762003086603, 21.126103966795007], [-99.4685066822207, 21.12664087875789], [-99.47063253981958, 21.126884691830398], [-99.47051358489509, 21.126180234970764], [-99.47187015255308, 21.125265044534284], [-99.47175113048317, 21.124726376690134], [-99.47387444491184, 21.123311909631862], [-99.47807436251358, 21.127572177721298], [-99.47901798815415, 21.126906643447956], [-99.48061129362047, 21.126322482969986], [-99.4812628264833, 21.12744028282363], [-99.48339337303295, 21.130088476041035], [-99.48705089666042, 21.12808978518841], [-99.48758415805737, 21.129083472551624], [-99.4874667370073, 21.1294568687246], [-99.4878210394444, 21.129456015949337], [-99.48817428216188, 21.1288747660346], [-99.4887051269823, 21.128541829336513], [-99.48976772299419, 21.128373433625494], [-99.4917254974133, 21.133302073940587], [-99.48996224954469, 21.137825168107273], [-99.49079083683976, 21.138818127877443], [-99.49179306750544, 21.1379036388036], [-99.49244311997717, 21.13815079841313], [-99.49344587638475, 21.137526497476063], [-99.49362373242207, 21.137899176047064], [-99.49421450166723, 21.138022102648314], [-99.4943350106837, 21.139306974525915], [-99.49398107205411, 21.139515125390055], [-99.4936261278189, 21.13918433708648], [-99.49221113325464, 21.14043149840837], [-99.4913822974859, 21.13931417568544], [-99.49144403535165, 21.140765020631097], [-99.49079580895994, 21.141512820947884], [-99.49002771045559, 21.141307398303887], [-99.48979278596774, 21.142012736200115], [-99.49002969406523, 21.142385275435036], [-99.48949941289769, 21.14304987112917], [-99.49216038266289, 21.144908976193317], [-99.49251379754806, 21.144410631472514], [-99.49374887527404, 21.141671456332215], [-99.49552333244927, 21.143159560498166], [-99.49552465560286, 21.143864325624925], [-99.49682740760548, 21.145726685014274], [-99.49582562458475, 21.146889943998225], [-99.4984880785331, 21.14945371025003], [-99.49902188926372, 21.150654639684756], [-99.4970145976028, 21.151032711208018], [-99.49677617171609, 21.149872504837894], [-99.49476717563358, 21.149338501258864], [-99.49406002627562, 21.15016937198133], [-99.49358918197709, 21.15104111926057], [-99.49276605908021, 21.153033062251087], [-99.49282735613144, 21.154235163563175], [-99.49383052735368, 21.153776686373188], [-99.49530640418553, 21.15344141428313], [-99.49719577033311, 21.15314656715713], [-99.4994387751315, 21.152477710565673], [-99.49926301770304, 21.153224370411742], [-99.4964330743894, 21.155843145130845], [-99.49744173664253, 21.158286615350235], [-99.5024024421968, 21.15802555802142], [-99.50494313760898, 21.158558132873644], [-99.50919913199674, 21.158193421382993], [-99.510970233533, 21.158156028642775], [-99.51232778528257, 21.158034680400693], [-99.51640319404649, 21.158541925219886], [-99.51947399694838, 21.15875635515989], [-99.52148233080342, 21.159051330076768], [-99.52301849887503, 21.159713999821854], [-99.52172058199135, 21.160422159443936], [-99.52207572429357, 21.16079434224555], [-99.52396529523236, 21.16058210870697], [-99.5244389985583, 21.161161258825647], [-99.52054952611763, 21.1654000235088], [-99.52125863898458, 21.165564001341178], [-99.5222036696002, 21.16556153243397], [-99.52308912171418, 21.165310474060593], [-99.52403294759982, 21.164727604065813], [-99.52338204264151, 21.164148917963672], [-99.52296876699688, 21.164232914565225], [-99.52296765402075, 21.163693980007828], [-99.52379428768465, 21.163567442362066], [-99.52385429573582, 21.164023308837493], [-99.52497754160419, 21.164517837328678], [-99.52627634300346, 21.164224217475006], [-99.5268099113744, 21.1651763126589], [-99.52645673842599, 21.165757639398436], [-99.5274633535216, 21.16695722259594], [-99.53035393840203, 21.16524982384794], [-99.53365258610717, 21.161053881408183], [-99.53501609420199, 21.16341324890963], [-99.53768130510663, 21.16680550153968], [-99.53844869716723, 21.166596139319733], [-99.53921960334075, 21.168003572667143], [-99.53975245474825, 21.168582517197578], [-99.5404655853221, 21.1705704937471], [-99.5440742083369, 21.17308947724737], [-99.54502130346944, 21.1739989188099], [-99.54614635107625, 21.17523951648917], [-99.54679923883735, 21.176647237132205], [-99.5473316884475, 21.17701887447259], [-99.54810208503349, 21.178136068716796], [-99.54869556321997, 21.179378119451258], [-99.54999556146907, 21.179581791251675], [-99.54233144160945, 21.186401806433153], [-99.54008858796834, 21.18727851717274], [-99.53913791499177, 21.184752255048856], [-99.53842788161111, 21.18421524815092], [-99.5367727099668, 21.18368079614319], [-99.53470494121585, 21.183562004381933], [-99.53411324935693, 21.183107573497683], [-99.53334461375088, 21.182777985087657], [-99.53257695416748, 21.182904412968117], [-99.53033049227079, 21.182081283782647], [-99.52855880177148, 21.182293279791587], [-99.52755450779742, 21.182254486521835], [-99.52655047443457, 21.182340056451345], [-99.52477834328081, 21.182344731004196], [-99.52353879610517, 21.182804012646223], [-99.52253715387153, 21.18405033837066], [-99.52176956281652, 21.18421817389658], [-99.52123672258399, 21.183639173472343], [-99.52088280404641, 21.183888837316296], [-99.52088374098503, 21.184344857922962], [-99.51970179421315, 21.184099198530543], [-99.5149228237922, 21.187013535944327], [-99.51469204145599, 21.189750268994654], [-99.5133300132109, 21.188095502875054], [-99.5121482960353, 21.187974160489762], [-99.51173403835844, 21.187602109855217], [-99.50978650911556, 21.188560580164715], [-99.51345830443948, 21.193152884555243], [-99.5131044332548, 21.193443988983283], [-99.51345955201846, 21.1937747308417], [-99.51405064227984, 21.193939039000377], [-99.51487728491469, 21.193729628974452], [-99.51481912835325, 21.194185801596838], [-99.51700804853938, 21.1957140452664], [-99.5130620583652, 21.20177687714755], [-99.50794270648797, 21.212195538757864], [-99.50806627184245, 21.21493135832597], [-99.52048834852056, 21.221905524052847], [-99.52362150089316, 21.222643527208024], [-99.52379962480514, 21.22305762291318], [-99.52326852852313, 21.223390671287856], [-99.5224438819512, 21.22463653012336], [-99.5222703960365, 21.22646106825793], [-99.52233944906556, 21.231269831327722], [-99.52417825716033, 21.234622963445737], [-99.52690537934023, 21.238844302536364], [-99.52868801370846, 21.243482673704236], [-99.52862909389978, 21.24356574323336], [-99.52886819831144, 21.244850251904012], [-99.52969897568208, 21.246464831871933], [-99.53011873794512, 21.249324194325624], [-99.53083047412021, 21.250524522610295], [-99.5257544726242, 21.25360579856], [-99.52356157278378, 21.25062673566473], [-99.52090763417564, 21.253286908213905], [-99.5237637779124, 21.26256560966633], [-99.52530550043727, 21.264965999513457], [-99.52814538583948, 21.266326516778395], [-99.53587820590516, 21.28673333933625], [-99.53087314383701, 21.286035609981464], [-99.52981419900182, 21.286367371662905], [-99.52422148399542, 21.286248818152004], [-99.51621574906342, 21.28662848498585], [-99.51250822164053, 21.287665544512024], [-99.5132793807286, 21.292543906910584], [-99.50986535269436, 21.29300175653383], [-99.50951135464797, 21.292340519606892], [-99.50856902339642, 21.292010561274335], [-99.5078035986694, 21.29192853173171], [-99.50768518312701, 21.29134976327569], [-99.50786078657767, 21.29048130394857], [-99.50827182176401, 21.289571291598772], [-99.50750362695841, 21.28709108101615], [-99.50767908294681, 21.28609857772945], [-99.50862007089913, 21.28531214806089], [-99.5095615826693, 21.284980540448323], [-99.50985553683378, 21.2846494984208], [-99.50979613380426, 21.284194722996546], [-99.50950135569617, 21.283822850124935], [-99.50879503439934, 21.28390616425656], [-99.50820620797391, 21.283782633402577], [-99.50743986751442, 21.28287364236066], [-99.50673364483879, 21.283039643690827], [-99.50543848013285, 21.28304071921363], [-99.50431945012042, 21.282504180367187], [-99.50396544590387, 21.281801563420387], [-99.50361191356633, 21.281512425382665], [-99.50302347409504, 21.28171965993641], [-99.50261191474374, 21.282174832768234], [-99.50202328554535, 21.28221667196284], [-99.50149468016158, 21.28329215985607], [-99.49908227676175, 21.284369192880852], [-99.49796563295398, 21.286065368952908], [-99.49549424374595, 21.287101051247262], [-99.49313954820806, 21.28718560177933], [-99.49107867709151, 21.286773717269902], [-99.49013568752875, 21.285740737516722], [-99.4884272478751, 21.28454293735983], [-99.48707360756785, 21.284874734899272], [-99.4859557720652, 21.285537132594165], [-99.48501407589983, 21.28574456511846], [-99.48371878988218, 21.285580116064242], [-99.48195333004692, 21.28620160736439], [-99.48024648251958, 21.286574950455726], [-99.477480130563, 21.287114400673534], [-99.47571423405276, 21.287322346244284], [-99.47412501922656, 21.287612851782008], [-99.47171046346973, 21.286663472966506], [-99.47059421496198, 21.289145053930646], [-99.46982900967082, 21.289269591672454], [-99.46853389255013, 21.289311766815047], [-99.46717957337613, 21.28898183562554], [-99.46458839061297, 21.288073784653996], [-99.46323453361386, 21.28815729766796], [-99.46364712542324, 21.28873592294972], [-99.4635299555328, 21.289397564818554], [-99.46353045087055, 21.290017881546532], [-99.46441456224608, 21.291174998802312], [-99.46470985640869, 21.292249870586073], [-99.46482814127154, 21.292870020527882], [-99.4647110458891, 21.29361435912666], [-99.46559471274901, 21.294275385959878], [-99.46647820472135, 21.294729667363786], [-99.46624326065069, 21.295350035729143], [-99.46636170077622, 21.29613557665637], [-99.46695094845778, 21.29671408259119], [-99.46765828053151, 21.297664645041486], [-99.4673644259719, 21.29824370376783], [-99.46789521832073, 21.299277072039374], [-99.46848426182044, 21.299607483545323], [-99.47013316876752, 21.300061256441836], [-99.47066298488986, 21.30010225421651], [-99.47189926310989, 21.29997741875214], [-99.47248828061534, 21.300183764010885], [-99.47237125713028, 21.30096945474597], [-99.4713126403347, 21.302210591475212], [-99.47096010481484, 21.302996434771735], [-99.47090172063126, 21.30353399777396], [-99.47037183379383, 21.303534341620527], [-99.47078441353172, 21.304030241103515], [-99.47284502257556, 21.30394620313743], [-99.47384569037001, 21.303697449277305], [-99.47360922002284, 21.302663905442625], [-99.47384410528664, 21.302002179646017], [-99.47455010835469, 21.301464181833456], [-99.47596229519891, 21.300594917707112], [-99.47478685561549, 21.302787160655683], [-99.49158504451884, 21.320389171243026], [-99.4938204512228, 21.31840284115268], [-99.49824374085406, 21.324808151844547], [-99.49736088058141, 21.32518100016698], [-99.49771523519902, 21.326131712726887], [-99.49577322549963, 21.327332696500083], [-99.47910586457174, 21.32445054131575], [-99.45619684809829, 21.320950473489162], [-99.45837825393836, 21.32421572213156], [-99.46144704116567, 21.3321527354244], [-99.45526666199163, 21.335753567655527], [-99.45397088355614, 21.335382182547654], [-99.4523806932103, 21.335217664513117], [-99.45061410482187, 21.335259963257254], [-99.44884736745155, 21.335178200657893], [-99.4474340919521, 21.335261630055395], [-99.4463153228194, 21.335427594314243], [-99.44213481712379, 21.336297975464028], [-99.44095749966931, 21.33696010927621], [-99.43766113222357, 21.33907039868589], [-99.43654222091351, 21.33915359097138], [-99.43444155854722, 21.338156738893293], [-99.43236091038608, 21.338990041000343], [-99.43053553814785, 21.339362940518576], [-99.42723795724184, 21.339860452682174], [-99.4258365981916, 21.339803649045553], [-99.41163540400946, 21.34681238316723], [-99.41034017965993, 21.347681081663495], [-99.40939853779516, 21.349004497814867], [-99.41052188866466, 21.357480532578847], [-99.41205686429758, 21.364385197190828], [-99.41836794662541, 21.379640547426], [-99.41790114426412, 21.387496816366422], [-99.4186683983935, 21.38997742458576], [-99.4365176444834, 21.388771149673875], [-99.45905344643215, 21.426385703213086], [-99.4710830227772, 21.435763990116715], [-99.47020028873034, 21.436601987677008]]]}}, {"type": "Feature", "id": 9, "properties": {"id": 9, "municipio": 9, "nombre": "Landa de Matamoros", "cve_mun": "009", "clave_entidad": 22}, "geometry": {"type": "Polygon", "coordinates": [[[-99.09893006284072, 21.154343324963566], [-99.10175043073299, 21.153643637335435], [-99.10343938242055, 21.153780748716805], [-99.1040991672894, 21.15393707223288], [-99.10697338239753, 21.156011956949374], [-99.10756027046624, 21.15626129940178], [-99.11108327909643, 21.15680484681963], [-99.1119063149847, 21.156350522727408], [-99.11225963089616, 21.155812687374212], [-99.11261259005167, 21.155481908740658], [-99.11279154681029, 21.15386711665507], [-99.11255853480209, 21.152748664088275], [-99.11220763974454, 21.151878508881595], [-99.11168084270102, 21.150842449383457], [-99.1110947531582, 21.150137594256595], [-99.11121434992194, 21.148895420498974], [-99.11168578492628, 21.1482289280929], [-99.11274396223807, 21.148516961533723], [-99.11438803931611, 21.14822374700142], [-99.1163854690084, 21.148261326296694], [-99.1183814429459, 21.147760207291125], [-99.1197907478025, 21.147550271170132], [-99.1231981480813, 21.147626441368296], [-99.12425497879686, 21.14741716469401], [-99.12489979989843, 21.146918643597267], [-99.1256629030045, 21.146709941628075], [-99.12654372047552, 21.146583874650602], [-99.12748431154986, 21.146830614017528], [-99.12854434689723, 21.147781532652683], [-99.12925169672599, 21.148650281417687], [-99.12925445853026, 21.14964475717602], [-99.12960992417507, 21.150721395818906], [-99.13025854831011, 21.151590258350947], [-99.13108295650349, 21.15229301577029], [-99.13143693777292, 21.152830976078114], [-99.13243643878869, 21.153119004928566], [-99.13366930184148, 21.152826438342107], [-99.13543099349128, 21.15257421636647], [-99.13648678777761, 21.1519919352143], [-99.13748429741584, 21.15157551445649], [-99.14029972940013, 21.150036528132887], [-99.1418226013565, 21.14845876117485], [-99.14234940395124, 21.14779467329426], [-99.14299095567699, 21.146177298883355], [-99.1435165547148, 21.14509884248931], [-99.14427914495337, 21.144724310843028], [-99.14551382821934, 21.145094641841816], [-99.14651486219738, 21.145921262073152], [-99.14716320328925, 21.146665750509356], [-99.14834073053886, 21.14757485907861], [-99.14975143916016, 21.147861911210608], [-99.15057313489876, 21.147611535316035], [-99.15133462910416, 21.14686404396929], [-99.1529776363878, 21.146238963520712], [-99.1547397048237, 21.146152286837975], [-99.15755387106239, 21.1442815226313], [-99.15849264989107, 21.143906542869324], [-99.15925605977478, 21.14382199911783], [-99.16001736730118, 21.143033032324087], [-99.16048433725393, 21.142037525489123], [-99.16153747755384, 21.140626359301187], [-99.16235811921592, 21.140044434710248], [-99.16359006644623, 21.139503032035403], [-99.16511745923741, 21.139541077642114], [-99.16717427607846, 21.139826546416277], [-99.16834872199122, 21.13969960508182], [-99.17033833205072, 21.137208925284813], [-99.17163099562774, 21.1373303149837], [-99.17462904270786, 21.13806936464509], [-99.17586208044547, 21.137900800895675], [-99.17726915360171, 21.137027404257122], [-99.1774417774413, 21.135866779289508], [-99.17737995580255, 21.13487243963397], [-99.17796323328918, 21.133545123133736], [-99.17860382238743, 21.13176186815998], [-99.17918714700868, 21.130801629843987], [-99.1795414662188, 21.12922836584651], [-99.18012956697332, 21.12852499203894], [-99.18060190114798, 21.126582595849545], [-99.18210695674836, 21.124999567785647], [-99.18286921640738, 21.124583426341932], [-99.18345487670648, 21.12404338312911], [-99.18398049592368, 21.123089110255563], [-99.18462409832043, 21.12230030688073], [-99.18532760308113, 21.12188429178516], [-99.19099824023363, 21.12219983792044], [-99.1918793179502, 21.1224914143574], [-99.19246802570596, 21.122078415441173], [-99.19481978453206, 21.121834418214476], [-99.1965239732567, 21.122044704971536], [-99.1986992064633, 21.121883145729818], [-99.20075941864962, 21.120520382778942], [-99.20152434557664, 21.120149093143283], [-99.20270020282643, 21.120027035913893], [-99.20364120021566, 21.11978029994919], [-99.20499347801214, 21.119617139809353], [-99.20558248344446, 21.119038446332695], [-99.20628878385922, 21.118584202867556], [-99.2069942197154, 21.118544079587785], [-99.20782021628877, 21.117054736483066], [-99.20923371982799, 21.115690692509922], [-99.20970539360623, 21.114987534629048], [-99.2098246540005, 21.114159500823916], [-99.20959150660396, 21.113206591755453], [-99.20906567545609, 21.1116733767422], [-99.20947890276891, 21.11080446327], [-99.21283597752232, 21.10745609839621], [-99.21501299041513, 21.106300434964087], [-99.21689410095964, 21.10613812095652], [-99.21895061961835, 21.106431631620545], [-99.2202434902006, 21.10651672160315], [-99.22130175706087, 21.106352918313227], [-99.22236083940963, 21.10577498500325], [-99.22377060300826, 21.106191550831834], [-99.22494446613152, 21.107021823898684], [-99.22582365968478, 21.108265708135992], [-99.2272339388204, 21.108433770827553], [-99.22987857906928, 21.108562501252198], [-99.23076092125676, 21.108191279072525], [-99.23211155992227, 21.10881473745859], [-99.2329884586757, 21.11130095258403], [-99.23310333213504, 21.11270916708487], [-99.23421922735906, 21.113166565540435], [-99.23569044657884, 21.11221652352335], [-99.2368093009546, 21.111100238120468], [-99.23810376894497, 21.110356945665302], [-99.23981096063596, 21.10891030658394], [-99.24134301949901, 21.10680076742758], [-99.24193274895094, 21.105725000872866], [-99.24342894101567, 21.103725097247107], [-99.24460387555509, 21.104016873663284], [-99.24536883348323, 21.103521150294213], [-99.24607418601103, 21.103480865070644], [-99.24713487386471, 21.10195029485836], [-99.2483691706258, 21.10191084029282], [-99.25136869037362, 21.1030044162141], [-99.25231642127949, 21.103486008409813], [-99.25279334230436, 21.103891989470604], [-99.25338682500258, 21.10425492526074], [-99.25455775878163, 21.10411355916594], [-99.2557325109455, 21.10417866862], [-99.2567289870936, 21.1041225041181], [-99.25805241865498, 21.1058790129204], [-99.2596661331345, 21.107465945363078], [-99.26073813405428, 21.10831740810734], [-99.26168746014564, 21.108881540288852], [-99.2622794520897, 21.109161851009553], [-99.26286914776615, 21.10931826969835], [-99.26317165847594, 21.10980944467573], [-99.2640013765837, 21.110251427661513], [-99.2652904401517, 21.110149529177253], [-99.26641501876247, 21.11066970454868], [-99.26741537056891, 21.110819959915453], [-99.27055374117683, 21.112342642338124], [-99.27197859502057, 21.11323005128285], [-99.27251734051443, 21.113800281645524], [-99.27270563766545, 21.114458385564046], [-99.27266081295964, 21.115202603664834], [-99.27232189065161, 21.115909926357222], [-99.2717467640389, 21.116538175402443], [-99.2705439767092, 21.118125919602825], [-99.27061954755027, 21.119033563911877], [-99.27110655871361, 21.119976346608464], [-99.27147009173888, 21.120590515420115], [-99.27224430198495, 21.12119852257796], [-99.27266958657925, 21.121976994490865], [-99.2733782180504, 21.122214208021692], [-99.27438711790346, 21.122818682598012], [-99.2761038985111, 21.12361905652659], [-99.27680869241257, 21.123649773160697], [-99.27721167053043, 21.123230635564703], [-99.27737227026357, 21.122402060354215], [-99.27718471235835, 21.12178525904783], [-99.2774634162645, 21.120996216274758], [-99.27792120080473, 21.12036971256939], [-99.27874254370516, 21.120357360529983], [-99.2799899774825, 21.121164754197167], [-99.28247099487035, 21.12203617752262], [-99.28343670073174, 21.12346741008177], [-99.28447499515246, 21.125641087516293], [-99.2842194865091, 21.12766903295045], [-99.28387981958348, 21.128335081034265], [-99.28336027759423, 21.128797298746942], [-99.28273882732101, 21.130087210498964], [-99.28275349225044, 21.13087184191397], [-99.2832946590569, 21.13156592481463], [-99.28418245697718, 21.131965625438045], [-99.28465260414536, 21.131999846244995], [-99.2850532647862, 21.131456801296665], [-99.2858661678889, 21.13099015403174], [-99.28692070785839, 21.13089162906042], [-99.28758619599876, 21.13195559450923], [-99.28785490708293, 21.133769091106085], [-99.28894505017394, 21.135570184397597], [-99.28954029375227, 21.136015582519576], [-99.29010981509289, 21.136805106283205], [-99.29116650844865, 21.13746811441237], [-99.29404295772854, 21.139581219150838], [-99.29580387423529, 21.141321158731877], [-99.29639101385872, 21.141569844759367], [-99.29926867921762, 21.14136383161601], [-99.3010309538488, 21.14024634391422], [-99.30238187345941, 21.13970845718976], [-99.30291020217454, 21.140164156806513], [-99.30343830227709, 21.1411582000346], [-99.30402471167558, 21.143146128590896], [-99.30449413815266, 21.14405732650876], [-99.30666608483041, 21.14637703826338], [-99.30795776481516, 21.147205656303207], [-99.30877997452752, 21.147164491563743], [-99.31071831682489, 21.146336834027487], [-99.3126564542938, 21.146006087977266], [-99.31342004851959, 21.145633595693514], [-99.31588740561885, 21.143315220917884], [-99.31735598756879, 21.14207325610725], [-99.31823704265467, 21.141576537926948], [-99.31947045899763, 21.14103848712255], [-99.3215847728434, 21.140417803191443], [-99.32281821703232, 21.139714083730176], [-99.32375813528631, 21.13863759403656], [-99.32411076148719, 21.137685211683465], [-99.3246401770574, 21.134579485767176], [-99.32563865585072, 21.13391710897139], [-99.32609559516037, 21.133702405867137], [-99.32773560159512, 21.132502064796853], [-99.32922145127759, 21.131184648654713], [-99.33080716261499, 21.13027387836775], [-99.33163111979383, 21.129967401458142], [-99.33275307019835, 21.129924272841112], [-99.33352084052348, 21.13004749816024], [-99.33399351724346, 21.13037845126536], [-99.33428884249605, 21.130460923382337], [-99.33499753167902, 21.130542772992634], [-99.33570605502844, 21.13041733151582], [-99.33611915082665, 21.130085045820817], [-99.33724184265314, 21.13095395518968], [-99.33836407072913, 21.1312424502127], [-99.33892862831576, 21.131763426028588], [-99.33896909482795, 21.13197291362803], [-99.33855783032647, 21.13304955221953], [-99.33932114216626, 21.133463755035017], [-99.33943850075201, 21.133919290841163], [-99.3399668508837, 21.134747573717068], [-99.34108249225518, 21.13528604141246], [-99.34266797784119, 21.13553467089247], [-99.34337260367546, 21.135866027102505], [-99.34401847613627, 21.13640443033894], [-99.34478183281625, 21.136735785833295], [-99.34554521745166, 21.136901493627896], [-99.34807020112052, 21.13797836640617], [-99.34789392397677, 21.138765164333776], [-99.3504189606298, 21.139800590166832], [-99.35082984871114, 21.141457051514706], [-99.35018376040236, 21.142368060551632], [-99.35059478084708, 21.14290642493287], [-99.3502423466018, 21.143568982742565], [-99.351123165648, 21.144273013759513], [-99.35159273113955, 21.146592050569723], [-99.34906667995688, 21.152762154789336], [-99.36010747882271, 21.162038483600476], [-99.35869770390542, 21.164937248986046], [-99.35787540062118, 21.165185711612214], [-99.3567594309796, 21.16526852350229], [-99.35593711621279, 21.16559979850978], [-99.35558465381526, 21.16626236609], [-99.35511473720554, 21.166676465217325], [-99.35429241092174, 21.167007732336273], [-99.35347003515027, 21.167835925936604], [-99.35382240289019, 21.168374277865503], [-99.3516491583698, 21.168415611358228], [-99.35164903754733, 21.169575115723593], [-99.35059176304647, 21.169699300714694], [-99.35041545505472, 21.170568920393894], [-99.34835964066671, 21.170693039548883], [-99.34706754032662, 21.169823326938214], [-99.34700892119824, 21.168953694269938], [-99.34465942412298, 21.16920198026026], [-99.34606859834706, 21.17276342761073], [-99.34571607522415, 21.173425974912163], [-99.34483498899553, 21.173508726842847], [-99.34577438101138, 21.1764489724431], [-99.34489307982695, 21.177856872279666], [-99.34436423069563, 21.179099154129016], [-99.34495140880169, 21.180631403688007], [-99.34553870054599, 21.181459666641015], [-99.34594978530478, 21.182205092703715], [-99.34712442664188, 21.18365455475514], [-99.34794672884414, 21.184358591936316], [-99.34965016207683, 21.185228316515655], [-99.3510599649866, 21.185476849085042], [-99.35223482868416, 21.185435485800898], [-99.35364472975407, 21.184648727136242], [-99.35417345960659, 21.184110401273248], [-99.35476089062682, 21.184027593733123], [-99.35581821348418, 21.184565953978378], [-99.35705175316075, 21.185394184445588], [-99.35752168346029, 21.185601241606253], [-99.35840282602416, 21.185642655069334], [-99.35940146546177, 21.185477009537895], [-99.36145748925958, 21.18489723531968], [-99.36222112739522, 21.18543555994246], [-99.35987130570737, 21.1876717761902], [-99.36010616298938, 21.190280650629326], [-99.36169219387165, 21.192599627599243], [-99.36856548689396, 21.19616067100092], [-99.36774303993909, 21.19794137769532], [-99.35440629634225, 21.20990928721857], [-99.35458249783899, 21.210613272136737], [-99.35475874021931, 21.210820328961827], [-99.35540499218175, 21.21123444691069], [-99.35563998062311, 21.21156573562935], [-99.3551699229677, 21.211979834706923], [-99.35446480819752, 21.212890855417463], [-99.35381846007093, 21.213553410822026], [-99.35234947881051, 21.21491991912285], [-99.35099788651497, 21.21719745376212], [-99.35035140166063, 21.21881244060942], [-99.35023379503495, 21.219682058506386], [-99.35023371876763, 21.22038603914549], [-99.35058616306792, 21.221297088479442], [-99.35134995184012, 21.22183545785043], [-99.3522312808665, 21.222166774597046], [-99.35281881067542, 21.222663720525382], [-99.35199609960364, 21.223740369533665], [-99.35099713504835, 21.224485722695626], [-99.35058575190875, 21.22518968570233], [-99.35029186951921, 21.22601788478187], [-99.34946916840418, 21.226680415606342], [-99.34870524877215, 21.227094482070527], [-99.34789920285793, 21.226996898267068], [-99.34694173028382, 21.232767628565135], [-99.34594287679421, 21.23206358191067], [-99.34653060058378, 21.231235410280107], [-99.3451205685801, 21.22957888688607], [-99.34600211617533, 21.228543685717682], [-99.3456496647648, 21.227756859260325], [-99.34423921056654, 21.229247533687072], [-99.34335748744991, 21.231317990763273], [-99.3421236102587, 21.23065531140379], [-99.34112464691242, 21.230820858350295], [-99.33994958089987, 21.229951115570813], [-99.33918560980882, 21.23040654999011], [-99.34130058340938, 21.232891405710127], [-99.34265215043077, 21.232601657653717], [-99.34206443302831, 21.233222763051483], [-99.34159427608549, 21.233595414135536], [-99.34018388503026, 21.23417502190943], [-99.33953749220358, 21.234216364173342], [-99.33836216045142, 21.234671750190312], [-99.33765692298336, 21.235127184543163], [-99.33706907743996, 21.23624519993426], [-99.33689260080911, 21.23719762198596], [-99.33736244489747, 21.238564228529846], [-99.336245587009, 21.24026192462837], [-99.33477659912296, 21.239640573465003], [-99.333366132532, 21.240178714359182], [-99.33136807376135, 21.240426879058873], [-99.33054565314114, 21.23922584167585], [-99.33001705531393, 21.238066258909093], [-99.32813728760901, 21.235415660545875], [-99.32396591149698, 21.232640364683014], [-99.32296656377366, 21.23400671368256], [-99.32038137830656, 21.23284666289297], [-99.32073426630825, 21.231811473710685], [-99.32026435376052, 21.231231620473334], [-99.32067615206046, 21.22969951607888], [-99.31973627991302, 21.228746860894315], [-99.32067699026035, 21.226966410342083], [-99.32091242037646, 21.22568273013295], [-99.32255785628335, 21.225061921503443], [-99.3257313732016, 21.223074841597192], [-99.32473335700801, 21.21996884500585], [-99.3254974112942, 21.219182189798715], [-99.32549770751724, 21.21810551098422], [-99.3233829221572, 21.216614304532854], [-99.32285442669249, 21.215578926714514], [-99.32185576498627, 21.214998965333226], [-99.32138616601294, 21.213549487466704], [-99.31927111845924, 21.213217729058055], [-99.31509722986641, 21.220008086130914], [-99.30704590598938, 21.224105518283533], [-99.30469395244009, 21.227997405612893], [-99.3035776864192, 21.227582943103542], [-99.30081564341472, 21.22832742687459], [-99.29952316111925, 21.227788645556835], [-99.29846559486786, 21.22753981240148], [-99.29564517915233, 21.22741456484174], [-99.2988157860309, 21.23275769133303], [-99.29857985237618, 21.23470391389141], [-99.29699142711058, 21.2386373700028], [-99.2948163730153, 21.240251592737142], [-99.29604983126461, 21.241535779615727], [-99.29651542024654, 21.251226050589082], [-99.3000997217641, 21.25263526937384], [-99.29998041756514, 21.25661065014961], [-99.30297733786647, 21.257605497943793], [-99.30033017855997, 21.263112234913255], [-99.29968213532688, 21.26654909385448], [-99.29827145167852, 21.266714248998305], [-99.29492216115443, 21.264808157343413], [-99.29286531166068, 21.264269046663866], [-99.29262960179612, 21.2655112749076], [-99.29539151473399, 21.266588985960208], [-99.29638990330763, 21.26828718317282], [-99.29580155784987, 21.26952928749908], [-99.29115656752676, 21.272798969288345], [-99.2874550236928, 21.27002297022572], [-99.28381488619033, 21.2627331540644], [-99.28498380993359, 21.27478414957036], [-99.2890360997633, 21.281452934425193], [-99.28521385719938, 21.284143035813198], [-99.27816377287405, 21.2776798366164], [-99.26975442600352, 21.283597408299034], [-99.27069435952129, 21.284508925058326], [-99.27034099971269, 21.285544008488888], [-99.27075039161677, 21.288815653752895], [-99.26892778129893, 21.28927022850041], [-99.26886794521798, 21.290885209340615], [-99.26927836749158, 21.29254184543856], [-99.26957117274804, 21.294281240337238], [-99.267335287548, 21.297303037454974], [-99.26745215223212, 21.298379773291984], [-99.26692270179407, 21.29891782871738], [-99.26580558420697, 21.29912428207568], [-99.26374762013143, 21.29966149563125], [-99.26409984323809, 21.300407079251247], [-99.26392296671993, 21.30115237142851], [-99.2622744798121, 21.304588528813113], [-99.26344781874145, 21.308191895936393], [-99.26397629684459, 21.30914462868038], [-99.26497490031296, 21.310428899768866], [-99.26520901101865, 21.312002624926006], [-99.26373931363682, 21.311794769026278], [-99.26262266713273, 21.311172992720593], [-99.26320983053454, 21.3122914020954], [-99.26297414201785, 21.313036659824807], [-99.26050517476675, 21.312496933781965], [-99.25950485415795, 21.31365585382934], [-99.26044442130897, 21.315271400944855], [-99.25879792697857, 21.315601737433855], [-99.25803269420284, 21.31684360582079], [-99.25738543189505, 21.317547204096645], [-99.2565618661669, 21.318126463982612], [-99.2540331091287, 21.318828922633347], [-99.2557914732445, 21.326325273804965], [-99.25708412304438, 21.327609763983705], [-99.25431982074669, 21.328560551370106], [-99.25326107381694, 21.32901542119698], [-99.25231985846783, 21.32955317788922], [-99.25178979914078, 21.330670930987324], [-99.25037793360579, 21.331498256982794], [-99.2489078342082, 21.33158014650765], [-99.24667268600686, 21.33244832485979], [-99.24585012697656, 21.331619578696568], [-99.2431460775772, 21.330623932344402], [-99.24137980048705, 21.333314414471477], [-99.23808347659133, 21.337287534035948], [-99.23755285459937, 21.33890216724724], [-99.23866985541638, 21.339234234249776], [-99.24072624304665, 21.341347588085757], [-99.24148995376574, 21.34225913880595], [-99.24577718006155, 21.349218945563234], [-99.24506983919159, 21.35124758730165], [-99.24495161791324, 21.351992895338952], [-99.244480200134, 21.35315207282908], [-99.24453766637812, 21.35480852387661], [-99.2441239692147, 21.35729286831394], [-99.24488567513083, 21.360813248131773], [-99.24282387989611, 21.364870083160604], [-99.23552475495586, 21.37186335837082], [-99.2364612879397, 21.377123126408776], [-99.23510543366906, 21.38055920882363], [-99.23233907253521, 21.382544894130046], [-99.23263078570464, 21.38523677138309], [-99.23145406762553, 21.385525778390566], [-99.23074725693293, 21.3865605103249], [-99.22974639247686, 21.38751219911292], [-99.22727552398126, 21.387800203778323], [-99.2257451709051, 21.388792874329095], [-99.22427483697692, 21.38850186143923], [-99.22133298538763, 21.389162102397012], [-99.21997630501006, 21.392970753254545], [-99.22009274614153, 21.39421315296176], [-99.21973946335346, 21.394544149649846], [-99.21932751449741, 21.394709457329036], [-99.21903313695792, 21.39495767984243], [-99.21749739513545, 21.40125077399875], [-99.21755138013594, 21.40613721634684], [-99.21866408370683, 21.41131439036779], [-99.22318877008513, 21.417074008488513], [-99.22465338068938, 21.423742170607124], [-99.22412336597677, 21.424238678820355], [-99.22394653680817, 21.42456982119717], [-99.22353446964296, 21.42477654931427], [-99.22335767786981, 21.42506628106421], [-99.22288661154802, 21.425438601471072], [-99.22411338550187, 21.434798223101446], [-99.22610964347007, 21.43952050160671], [-99.22792800867515, 21.44585760507171], [-99.22409903221087, 21.449995661518702], [-99.21680156808515, 21.450196876380698], [-99.21180068365052, 21.448950395957603], [-99.2067402869662, 21.448407682044106], [-99.20279704702976, 21.448776849049985], [-99.19920461802906, 21.451175337250078], [-99.19531701680117, 21.45427743798799], [-99.19266969657332, 21.453446704115702], [-99.19097122455744, 21.44644676742845], [-99.18685298942825, 21.445531677328145], [-99.1837340896181, 21.4455285276327], [-99.17885366498878, 21.442417728769342], [-99.17685888230923, 21.437694877074417], [-99.16944769546907, 21.435285065929698], [-99.16939103497376, 21.433628598643505], [-99.16451248366694, 21.42964776079768], [-99.15662798389847, 21.429514397081235], [-99.15739216097322, 21.43005363067975], [-99.1351584360526, 21.46269856838374], [-99.12575226517563, 21.45618461254908], [-99.12498759732458, 21.45593510626342], [-99.08188755775687, 21.437398599872164], [-99.09835183955661, 21.43506905834559], [-99.09941680909084, 21.407465841582145], [-99.09965286207247, 21.40688847401662], [-99.09994789539685, 21.406476233288053], [-99.10030187802228, 21.406559219625787], [-99.10154078799668, 21.40722102894528], [-99.1020717729898, 21.40726297798151], [-99.10230773752113, 21.407634645559337], [-99.10277969612193, 21.408047879229414], [-99.10372368680946, 21.40796656636675], [-99.10401848214939, 21.41081405977401], [-99.11646738935796, 21.4022056540781], [-99.12531555794095, 21.384225596132058], [-99.11310486687191, 21.370553114842718], [-99.11717469853657, 21.366968201109803], [-99.11906208609423, 21.365196162746386], [-99.1205955312978, 21.36317610838984], [-99.122482893422, 21.36260065112692], [-99.12613953150749, 21.3604179685814], [-99.1270241606942, 21.35959372811594], [-99.1292649949813, 21.355676314987527], [-99.13085713777345, 21.353284867446607], [-99.13126985603394, 21.352212497549107], [-99.13150564444199, 21.35118119160568], [-99.13156452112445, 21.35031473876015], [-99.13185929443287, 21.349407286440545], [-99.13309769747804, 21.348748459178474], [-99.13486685291161, 21.348007680903102], [-99.13563355656997, 21.348214835128925], [-99.1371668694339, 21.347968928196803], [-99.1397617309712, 21.34776540830214], [-99.14141290662666, 21.347106960717518], [-99.14259232771829, 21.346736840758837], [-99.14377163692137, 21.345830296102854], [-99.14318166487232, 21.34463305719583], [-99.1431814574191, 21.34356022404525], [-99.14347592831312, 21.341538654859207], [-99.14329882713878, 21.34058942444444], [-99.14676085988273, 21.33736426946756], [-99.1417095289155, 21.33350671196629], [-99.1413006671765, 21.33168412019204], [-99.13947825500813, 21.33139190653441], [-99.13806860420537, 21.33035481654498], [-99.13801266287652, 21.328491262508702], [-99.13919025305137, 21.327457518908155], [-99.13789836848966, 21.326337757277184], [-99.13507527841624, 21.326789585849625], [-99.13360742142945, 21.32542109501382], [-99.13249355592755, 21.323307669112374], [-99.13209209836127, 21.323123101920633], [-99.12607705887936, 21.315152532047804], [-99.12481134586098, 21.31074980311078], [-99.12075603545681, 21.309874542989995], [-99.11541187664301, 21.306305637882634], [-99.10865155145541, 21.30588170593909], [-99.10718313573837, 21.30509272986317], [-99.10532116931206, 21.294074660130267], [-99.10438174838188, 21.29341067962646], [-99.10520687110342, 21.292210997340405], [-99.10180487369162, 21.28794055142021], [-99.10027618282831, 21.28810387308237], [-99.09980427249371, 21.289014194652406], [-99.09868765937873, 21.288846842707812], [-99.09798074605729, 21.289673976806835], [-99.09603940651316, 21.29045778971991], [-99.09404070300602, 21.290454682482878], [-99.09092538407437, 21.290284148135786], [-99.08757376512673, 21.290734343049422], [-99.08639625956478, 21.29168490850565], [-99.08545631183809, 21.29135210862471], [-99.08221778693374, 21.29412139356007], [-99.07980696621483, 21.29440732183583], [-99.07910360499558, 21.293329478165504], [-99.0770497060142, 21.29146258433058], [-99.07422929055627, 21.290795298930146], [-99.07241390635063, 21.287272307292202], [-99.06325820487554, 21.28009248368539], [-99.06264666612934, 21.279539933645886], [-99.06258748462258, 21.280200054940284], [-99.06193924946741, 21.27966263960802], [-99.06152680912031, 21.279125584206923], [-99.0607016043278, 21.27895926121959], [-99.0602299788391, 21.279082323305865], [-99.05964031852601, 21.279576570638866], [-99.05952233030438, 21.279823967448973], [-99.05952212921767, 21.280360389292813], [-99.05905020188993, 21.281267449157514], [-99.0588140950798, 21.282092347454768], [-99.0579884952807, 21.28291632826433], [-99.05716298303084, 21.283492725750538], [-99.05657370211811, 21.28295538205602], [-99.05592532841922, 21.282789312607818], [-99.05607490315133, 21.282294506914536], [-99.04657474139913, 21.2699523122489], [-99.05230709407526, 21.263444230451753], [-99.05232647668113, 21.260385286127708], [-99.05207664043492, 21.25923054036805], [-99.05153100219869, 21.257913553222018], [-99.05111028482442, 21.257173938033592], [-99.05098324797761, 21.2564312488647], [-99.0510292286996, 21.255438742850263], [-99.05083548852203, 21.254076735807875], [-99.05110205625772, 21.25196589280399], [-99.05092001048831, 21.2515131195796], [-99.05056017256848, 21.250938203139015], [-99.07315139786053, 21.241265794405802], [-99.07503702549822, 21.238660055238462], [-99.0741004562391, 21.236794977506506], [-99.07551290427733, 21.235720652765966], [-99.0753397790338, 21.23410532386303], [-99.07622235776782, 21.23352704071407], [-99.07622543305206, 21.231953417454676], [-99.07370298522208, 21.229754392433268], [-99.07148091265026, 21.224284344912707], [-99.06596232800094, 21.221914445976626], [-99.06478489215631, 21.223030511813995], [-99.06302314755109, 21.22253050766941], [-99.06219772906498, 21.223895638006326], [-99.06031880667948, 21.223229755049474], [-99.05896375408452, 21.224966637168357], [-99.05455923191258, 21.223799263022734], [-99.05655919753757, 21.22276756119609], [-99.05509422756415, 21.22086001762234], [-99.05382909193021, 21.221969842057618], [-99.05355597754634, 21.20531486846367], [-99.05483280387755, 21.204144109717515], [-99.05559076806021, 21.203722810540803], [-99.05656706934052, 21.202017841495202], [-99.05690976029895, 21.20127021904938], [-99.05761378802613, 21.201221488822938], [-99.05730423258541, 21.19998470133388], [-99.05723326238358, 21.199034749693233], [-99.05669046489295, 21.197924414796955], [-99.05586210528885, 21.197437095778778], [-99.05533476302328, 21.19752529958458], [-99.05456671833439, 21.19716134531806], [-99.05367114757841, 21.19601336590361], [-99.0525423419029, 21.194991829500918], [-99.05135590373298, 21.19405355833937], [-99.05047258991175, 21.193856131078768], [-99.04964002703359, 21.193038148291567], [-99.04892064839125, 21.1918883005936], [-99.04897352157387, 21.191433066288084], [-99.04878359885394, 21.190360350319015], [-99.04810597753917, 21.187887352236356], [-99.04780766445128, 21.18751845746156], [-99.04767805343177, 21.18656911372824], [-99.04784834348129, 21.186112652595853], [-99.04778486385354, 21.185741303601525], [-99.04806620310436, 21.184787665243363], [-99.0487632591723, 21.18420169275282], [-99.04875477113184, 21.183540426040445], [-99.04862993174268, 21.182963045169423], [-99.04891762682185, 21.182505355234035], [-99.04915192032739, 21.18246157048894], [-99.0493750696792, 21.181549872713127], [-99.04901275507315, 21.180768301950952], [-99.04906403237777, 21.180189079467127], [-99.04929460774264, 21.179855990208775], [-99.04882125435364, 21.179571597075743], [-99.04834365983002, 21.178956569050186], [-99.04816065183161, 21.178421130346553], [-99.04815428809236, 21.177925179950844], [-99.04802945579368, 21.17734779823923], [-99.04749051733958, 21.176526735110873], [-99.04759255041547, 21.175326961197815], [-99.04711073457841, 21.17438129558775], [-99.04716148712549, 21.173760744008177], [-99.04738675604746, 21.173014364834405], [-99.04779396074879, 21.172720766549393], [-99.04818313383397, 21.17102197341963], [-99.04841104525791, 21.170482238845313], [-99.04868757804383, 21.169156634617735], [-99.049210579226, 21.168737817518814], [-99.0499139248108, 21.168647790246112], [-99.05044010617308, 21.1684769447767], [-99.05066906746075, 21.168019865503307], [-99.05142845313758, 21.167722571272293], [-99.05207468648436, 21.167757137435537], [-99.05248346195445, 21.16758751543678], [-99.05241519573735, 21.16684420422936], [-99.0524664551205, 21.166264979796], [-99.05427656729503, 21.165501976512253], [-99.05415172178527, 21.16492459849772], [-99.05378942279737, 21.16414303639899], [-99.05378250920727, 21.163605756164245], [-99.05413150903482, 21.163354087142014], [-99.05399975161038, 21.162239428557594], [-99.05381514853174, 21.16158000713517], [-99.05392669374896, 21.161124154154937], [-99.05485148814209, 21.159998412306834], [-99.05520260647766, 21.159912058047865], [-99.05637761311498, 21.15998239216817], [-99.05766095624591, 21.159348887092957], [-99.05882262972321, 21.15838597280077], [-99.06065398193292, 21.155818724285496], [-99.06129722563331, 21.154533150161885], [-99.0627068699806, 21.154406562133452], [-99.06441199451854, 21.155025342112076], [-99.06935160208907, 21.157047617238124], [-99.07034933498802, 21.156631591538396], [-99.07205302887266, 21.15662874592773], [-99.07258474121659, 21.157870955798035], [-99.07252837615928, 21.15886553144674], [-99.07206046745394, 21.15973648683466], [-99.06895285083118, 21.16231073999388], [-99.06649061020131, 21.16455238317336], [-99.06537832803834, 21.166253110220254], [-99.0641468665041, 21.16724960042724], [-99.06338395804273, 21.167623771228257], [-99.06173744548538, 21.16700488732193], [-99.0605034578257, 21.166924001621243], [-99.05985842961148, 21.167463713736105], [-99.05962523913979, 21.16825138413068], [-99.06039266994628, 21.169824746171773], [-99.06151206288165, 21.171148917144134], [-99.06186651303224, 21.171977077992484], [-99.0619862384806, 21.172929927394843], [-99.06257668055343, 21.174172071439585], [-99.06357687141728, 21.17475056165682], [-99.0643410776305, 21.174915064384724], [-99.06522201780727, 21.17474787977665], [-99.06598486057915, 21.174332264444153], [-99.06792063978718, 21.173003107176314], [-99.06997566760445, 21.172419588893423], [-99.07062117445437, 21.172087020953178], [-99.07302969725903, 21.171917242350432], [-99.07373564342171, 21.172288983835873], [-99.07426592886112, 21.17290963888436], [-99.07497208284501, 21.173364248077498], [-99.07563466737764, 21.173562326776853], [-99.07645750017586, 21.1733152325992], [-99.0773397142791, 21.172736940552664], [-99.0779291945188, 21.17166121936189], [-99.07816639951335, 21.170502088916717], [-99.07769738233631, 21.170045782949565], [-99.07705215542815, 21.16958918229019], [-99.07499853666911, 21.16846763703098], [-99.07400057708325, 21.168176078869823], [-99.07235717212338, 21.16755213042467], [-99.07177070892143, 21.167095608844814], [-99.07165446922001, 21.166474237547526], [-99.07183215735168, 21.165729130140694], [-99.07312664060046, 21.16457179596324], [-99.07430265562168, 21.163911191998366], [-99.07630143629832, 21.163003486150803], [-99.07688975494024, 21.162507528208955], [-99.07759690854498, 21.16130776825155], [-99.07753914138509, 21.160810732731782], [-99.07730501167435, 21.160396227018996], [-99.07718843145031, 21.159940505066047], [-99.07742449511271, 21.159361135079685], [-99.07842392877829, 21.158865855049736], [-99.0795405018497, 21.15853640908772], [-99.08030403310494, 21.158537667929167], [-99.08141988388773, 21.15858091307735], [-99.08230008904589, 21.158996470480577], [-99.0839437560078, 21.1594546771671], [-99.08464934455827, 21.159041705991232], [-99.08506165566386, 21.158421199377557], [-99.08570897317857, 21.157759659692744], [-99.08600373285341, 21.15718037252566], [-99.08676928581954, 21.156104903049595], [-99.08970929358814, 21.15428749406528], [-99.09112084666859, 21.153213031342293], [-99.09241239489624, 21.1535049520564], [-99.09364468403335, 21.154086651433406], [-99.09605176639403, 21.154587347648903], [-99.09722647358645, 21.15454775689648], [-99.09804901537304, 21.154383380532774], [-99.09893006284072, 21.154343324963566]]]}}, {"type": "Feature", "id": 11, "properties": {"id": 11, "municipio": 11, "nombre": "Pedro Escobedo", "cve_mun": "011", "clave_entidad": 22}, "geometry": {"type": "Polygon", "coordinates": [[[-100.27269572837024, 20.397225506507198], [-100.27779952608921, 20.397482640519392], [-100.27844289472617, 20.399931488026567], [-100.27973108038933, 20.403086655749323], [-100.28008315865765, 20.403004234450666], [-100.28049367641223, 20.403212323978508], [-100.28078574935357, 20.404830834685804], [-100.28113760344782, 20.40503883007061], [-100.28113682405314, 20.406034552217033], [-100.28013842162372, 20.40731912459558], [-100.28019673235868, 20.407775589716177], [-100.28125140912438, 20.409561251335923], [-100.28101636745694, 20.41001725556559], [-100.28066433913703, 20.410016702693092], [-100.28031159319174, 20.410928894163177], [-100.27813947711611, 20.412502025929214], [-100.27931207056388, 20.41358258083297], [-100.2795461390534, 20.414371230743402], [-100.27989768748343, 20.414994111315792], [-100.2802493365115, 20.415492525817484], [-100.28071840001047, 20.415908146870482], [-100.27889899071485, 20.41656909776102], [-100.2783704629834, 20.417149100688356], [-100.2863371264484, 20.434711074831164], [-100.29372473804858, 20.44364217044166], [-100.29700734051679, 20.449206411010827], [-100.29900322849191, 20.44833807271834], [-100.29906107795225, 20.44962428490237], [-100.29700657024026, 20.45036807478503], [-100.29208842084404, 20.45036080873738], [-100.28866831854067, 20.44790487187139], [-100.28339520217189, 20.44649127201906], [-100.27282768696163, 20.45033101400211], [-100.2597340519866, 20.457445573612418], [-100.26049519746964, 20.45947978481408], [-100.26231486090818, 20.459192394651676], [-100.26383928848635, 20.46093743378952], [-100.2599061282867, 20.46188513459248], [-100.25650259359446, 20.461257080115097], [-100.25620990292178, 20.460426812951926], [-100.25579895067945, 20.460550581940776], [-100.25556468664823, 20.460010832636573], [-100.25427329350703, 20.46021607787588], [-100.25081211595723, 20.45855059369808], [-100.24781841779104, 20.459043265243434], [-100.25027724428708, 20.465478275780164], [-100.25080294365972, 20.46813445497925], [-100.25337607511388, 20.478179100862658], [-100.24919892883291, 20.48817067768067], [-100.24684989136125, 20.489162335679804], [-100.24602708765136, 20.490156629716157], [-100.24049553530185, 20.50350624333393], [-100.23209944178078, 20.50432095495582], [-100.22957011116345, 20.508838611730546], [-100.22892192308865, 20.51103632692846], [-100.22016443118305, 20.519442279434458], [-100.22168824525443, 20.521892978614172], [-100.22209613378446, 20.52467348952751], [-100.22409050518013, 20.526461220422135], [-100.23008133776086, 20.52485418173755], [-100.23261282294517, 20.531585293397065], [-100.22166541704472, 20.535160868279483], [-100.2206637112906, 20.535458000522], [-100.22060699776911, 20.535297079735454], [-100.22005571760468, 20.53547095187263], [-100.22018932331615, 20.535834392469592], [-100.21814694151641, 20.536463954232257], [-100.21761221527747, 20.5367171801419], [-100.20197691939676, 20.534471054595095], [-100.19255026587817, 20.53341146347191], [-100.19390590143412, 20.529514240181488], [-100.19519684881804, 20.53018068138571], [-100.20642204122953, 20.522071174181477], [-100.20339369689397, 20.51748956716557], [-100.1772700863297, 20.525351603049263], [-100.1753610789606, 20.527913432086446], [-100.17923298951166, 20.532961454859848], [-100.18055531359467, 20.529842238675595], [-100.18456608983377, 20.532108856076274], [-100.18070819008099, 20.53450407110845], [-100.18226957148714, 20.537220824201494], [-100.18305242485914, 20.54050107915007], [-100.18380817832552, 20.542790024755472], [-100.18369854811, 20.542808825639888], [-100.1840962353273, 20.544047110367085], [-100.18422182698988, 20.544001293661957], [-100.18620230517698, 20.551081819374616], [-100.18688656493782, 20.553190173664717], [-100.19111642271486, 20.55207863998771], [-100.19995861828237, 20.572550463906293], [-100.19660822737804, 20.574452281945167], [-100.19361977060642, 20.568969741704006], [-100.1908681212913, 20.5622844401996], [-100.17542117638196, 20.562708679862208], [-100.16925081366848, 20.565143325898315], [-100.16355307499614, 20.56558730771308], [-100.16126099956567, 20.566578012264163], [-100.15832376957403, 20.56694491352083], [-100.15497442781322, 20.567933184601983], [-100.14440566285458, 20.565834688620892], [-100.1411155166266, 20.566490913843943], [-100.1367076728097, 20.56818170117884], [-100.10598852563326, 20.56864624634238], [-100.10592590634803, 20.56591006567988], [-100.09524738830288, 20.564801692058463], [-100.09539573914901, 20.579240685144427], [-100.09198959319478, 20.578858443552445], [-100.08752476362402, 20.57917869063461], [-100.08441224383495, 20.578838560651135], [-100.0753112434671, 20.577071640647546], [-100.07610460860289, 20.562593590716975], [-100.07727927076671, 20.562596757010027], [-100.07912725152411, 20.549241767694728], [-100.0847064873811, 20.549215170586912], [-100.08525457580086, 20.53946635220935], [-100.08132578801906, 20.5366345231608], [-100.0744635368232, 20.532591420784385], [-100.07086976629229, 20.532184825996765], [-100.06877411158212, 20.529464056695094], [-100.0678381038314, 20.527801846318468], [-100.0665511531422, 20.52613166477654], [-100.06625850529393, 20.525059088026257], [-100.06561605605594, 20.52343916538907], [-100.06533321095995, 20.518417984488753], [-100.06557358206342, 20.515846215593953], [-100.06528222736921, 20.51480813440199], [-100.06488012619816, 20.51065792500897], [-100.06190048449751, 20.50384509495541], [-100.06219700527546, 20.502476721384266], [-100.06908346917643, 20.494322133911957], [-100.0683216895338, 20.493656173947507], [-100.06726505329607, 20.493611758269292], [-100.06732792626099, 20.49166185588118], [-100.06274848158276, 20.49181506907692], [-100.05999091506996, 20.491060493160372], [-100.05916757636165, 20.491722032225667], [-100.05822709060513, 20.492258763630907], [-100.05383064947003, 20.489300421781728], [-100.0533039642331, 20.48855207877193], [-100.05271617100792, 20.488882330403804], [-100.05189587428279, 20.488174635049596], [-100.05160076907961, 20.48887914101055], [-100.04937146067873, 20.488208885245765], [-100.04878375333189, 20.488497632916573], [-100.04807562941345, 20.49011375152539], [-100.04596089471951, 20.49068852060159], [-100.04144099693094, 20.490467922050875], [-100.04079388815454, 20.49104690952534], [-100.04251459163481, 20.48312708889669], [-100.04498278428798, 20.48197251330498], [-100.0470993841117, 20.480526449004866], [-100.04815198528017, 20.48231361421584], [-100.04960759252491, 20.48320655716886], [-100.05736449388688, 20.48408257177521], [-100.0605389181345, 20.482058464209572], [-100.06505794604458, 20.482569011306186], [-100.06693545635419, 20.483030635361885], [-100.06740880714842, 20.48128932511127], [-100.0684697832962, 20.479259204191887], [-100.06941695093775, 20.475527630437586], [-100.07252568911582, 20.47665645264737], [-100.07346908114008, 20.474667472824304], [-100.07536091517781, 20.468241544762474], [-100.07530404111543, 20.467370078204176], [-100.0761266624504, 20.466957414269025], [-100.07770750795233, 20.46887030476275], [-100.08397705866163, 20.474322540289364], [-100.08398043494871, 20.472662914543978], [-100.08539626433242, 20.469181472316553], [-100.0852220232834, 20.4682682070042], [-100.08715935821861, 20.46810741594572], [-100.08791949862322, 20.46956161897961], [-100.09085255252849, 20.470482192194318], [-100.0931371738279, 20.472811696489046], [-100.09281151126297, 20.459409314632236], [-100.09246140818811, 20.458371121187945], [-100.09299375606957, 20.456297982570437], [-100.09258537965208, 20.455052180953654], [-100.08971213745232, 20.453716871659427], [-100.09295563667655, 20.445925167095528], [-100.09559612305411, 20.446181057407447], [-100.10200547230178, 20.439808168229387], [-100.10353066889736, 20.44014403459915], [-100.10552346318573, 20.441476866256327], [-100.1072828788815, 20.442103734592], [-100.10992261152035, 20.442732823814794], [-100.11197626567396, 20.442945483991377], [-100.11514650561541, 20.44233111496702], [-100.1238880650664, 20.443887997558328], [-100.12558704597231, 20.445551788512926], [-100.13146662129095, 20.439342536997927], [-100.13340309060568, 20.439430190538925], [-100.13405055660206, 20.43831150783208], [-100.1318796501688, 20.438057332782602], [-100.13117608298901, 20.437682217292164], [-100.13064770434653, 20.437805408678948], [-100.13017880675274, 20.437472348041098], [-100.12971252546687, 20.435645636234614], [-100.12842410762667, 20.434148843765804], [-100.12789998109405, 20.431865588418002], [-100.12690215875035, 20.431987620907172], [-100.12607537518012, 20.434931421905787], [-100.12624826322217, 20.43671593694492], [-100.12624591006998, 20.438043626856476], [-100.12547946859527, 20.440033291763882], [-100.12477339405827, 20.441068820839472], [-100.12383441776343, 20.441066511695134], [-100.12148757410766, 20.44072879385111], [-100.12921279331415, 20.419463127467523], [-100.13266843929631, 20.423122680018594], [-100.12930835998267, 20.431869021259075], [-100.13440437761534, 20.43731658897815], [-100.1366450036515, 20.431098402360522], [-100.13729057653386, 20.431058454673252], [-100.14156755119363, 20.41456677720361], [-100.15792004105917, 20.4153481316561], [-100.18789472475198, 20.373957469379107], [-100.19488063551493, 20.369947595537614], [-100.19646907622061, 20.366465739816224], [-100.19969775794048, 20.36037316519747], [-100.25378419254861, 20.358152657396044], [-100.25542301002517, 20.361723567089037], [-100.25295748269603, 20.363835219455098], [-100.25817160527994, 20.370316531413373], [-100.25065965760527, 20.374203462923944], [-100.25165048437671, 20.38067748975836], [-100.25135488973743, 20.383000302791775], [-100.25182284603046, 20.384370312818568], [-100.2480687939727, 20.384031805200205], [-100.24366869902649, 20.384438862838447], [-100.24343465000373, 20.383857595368983], [-100.23387301510144, 20.383549751639695], [-100.23023163701073, 20.3874014749311], [-100.23016953983333, 20.390471576482742], [-100.23421443249008, 20.393217374340164], [-100.23873276185829, 20.392229907891743], [-100.24571428141493, 20.391910550856945], [-100.2457128056883, 20.39336266497753], [-100.24711848683016, 20.395647054712658], [-100.25069372358865, 20.399138415314965], [-100.2523341676955, 20.401464653512868], [-100.25362545261689, 20.4008026371347], [-100.25315917512222, 20.3976905939205], [-100.26596335848667, 20.394478566850584], [-100.26614047928726, 20.395079415148693], [-100.2691916485757, 20.394152989020338], [-100.2690046851927, 20.393576576869506], [-100.27009758512173, 20.39358796996288], [-100.2707386274336, 20.393500306604032], [-100.27086494385405, 20.39394309660193], [-100.27153958631325, 20.39370731057931], [-100.27269572837024, 20.397225506507198]]]}}, {"type": "Feature", "id": 12, "properties": {"id": 12, "municipio": 12, "nombre": "Peñamiller", "cve_mun": "012", "clave_entidad": 22}, "geometry": {"type": "Polygon", "coordinates": [[[-99.68932370590176, 21.092481488057654], [-99.69203744599307, 21.08064519837853], [-99.68069981499308, 21.076598183371807], [-99.67994696899305, 21.07684532137216], [-99.67969504599307, 21.076667152371996], [-99.67954786199311, 21.07632679837141], [-99.67962256899307, 21.076213598371158], [-99.67939703099309, 21.076133075371015], [-99.67850815399312, 21.076615721371798], [-99.67832923099309, 21.076606736371826], [-99.67885169199307, 21.07593839837068], [-99.67643701499308, 21.075076306369276], [-99.68440126199297, 21.06969559836045], [-99.68426523099302, 21.06960179836023], [-99.68530423099297, 21.06910182935949], [-99.68886104684394, 21.04966934323214], [-99.69358309214564, 21.02215276343947], [-99.65756687844166, 21.014769791180573], [-99.6672291435873, 21.003879670902645], [-99.68102972784897, 20.984711135325398], [-99.68682200399356, 20.989073475481238], [-99.68723863123867, 20.98841419600469], [-99.69228652699258, 20.990005185740028], [-99.69416924731864, 20.981874149967044], [-99.69898631401223, 20.966525259385186], [-99.70446076062393, 20.96596934364014], [-99.71187474114454, 20.965627683263282], [-99.71969224292653, 20.949835927129076], [-99.7206315061939, 20.950087569309325], [-99.7218077805898, 20.950092269180807], [-99.72339808443135, 20.949768099399215], [-99.72357306681651, 20.949975365627285], [-99.72392507401437, 20.950100708501623], [-99.72439558357884, 20.950102580336065], [-99.72504369922582, 20.949939901163148], [-99.72581293315484, 20.949281933988484], [-99.72887151737396, 20.94925273165314], [-99.7292113421204, 20.951113196036797], [-99.72961434059941, 20.952354201197863], [-99.72943470662196, 20.952807944219447], [-99.72919741711442, 20.953096204203113], [-99.7291304791571, 20.954252726552518], [-99.72930286413374, 20.954831800324644], [-99.73047627657277, 20.95524956577687], [-99.73082627409185, 20.955664082301862], [-99.73076369286366, 20.956200915021505], [-99.7302230469936, 20.957810022486633], [-99.73027259120022, 20.95913225853433], [-99.73067649095017, 20.96024932127638], [-99.7321993855205, 20.96116421383726], [-99.73414268676618, 20.960841327631886], [-99.73484821177993, 20.960885403713373], [-99.7353170240406, 20.961135119945116], [-99.73648531695486, 20.962296468144633], [-99.7363059811492, 20.962708905044295], [-99.73571462547524, 20.963161045932562], [-99.73536084834876, 20.963283604241436], [-99.73518266185063, 20.96353078972778], [-99.73529655102595, 20.964068313215463], [-99.73559006972059, 20.964152087991433], [-99.73693715053652, 20.964983620969775], [-99.73893269936957, 20.965611097020126], [-99.73959349883913, 20.963630609424413], [-99.7399510049679, 20.96297097928714], [-99.74025370769887, 20.961732744435373], [-99.74014841411835, 20.95995584779606], [-99.74021211097306, 20.95925376255111], [-99.74004053998684, 20.958550763787823], [-99.73992979710563, 20.957558805185307], [-99.73906220598695, 20.95544843420155], [-99.73900885078642, 20.954663266141473], [-99.73919219312243, 20.95367245015534], [-99.7389012801659, 20.953216867515255], [-99.73908059832604, 20.952804427977075], [-99.73955398772996, 20.952393131732777], [-99.74003512722797, 20.950866393927285], [-99.74027870783908, 20.94966924212222], [-99.74075294514935, 20.9491340049641], [-99.74111156126492, 20.948309122015182], [-99.74106135656416, 20.947069536913897], [-99.74969623687115, 20.94863140424998], [-99.78915947731558, 20.9543285141863], [-99.81143924336712, 21.009031302906156], [-99.81755208265298, 21.023132594683386], [-99.8174660383766, 21.027512219946306], [-99.83227035880857, 21.002680625004775], [-99.83321977289998, 21.00136376811282], [-99.83375658707592, 21.000168509061805], [-99.84239254805746, 21.0119944625952], [-99.84884525742585, 21.015254044924255], [-99.8528776781615, 21.019863419563833], [-99.8571996432917, 21.025300733632363], [-99.86025847476239, 21.034416591751754], [-99.86514956670518, 21.034270361645326], [-99.86874786383349, 21.03280267045413], [-99.8698693047784, 21.032230351519733], [-99.8708156551575, 21.031409134244015], [-99.87164189086101, 21.031000465019247], [-99.8722920731886, 21.03050818222178], [-99.87253541519647, 21.02914591529629], [-99.8788208629641, 21.03103977867288], [-99.88315218794523, 21.035071506385442], [-99.88209320699328, 21.03502443318831], [-99.88167794458901, 21.035600672511055], [-99.88167412328916, 21.036261790757287], [-99.88178894979211, 21.036758269236646], [-99.88208174857986, 21.037007787743136], [-99.88213820797228, 21.03742130632575], [-99.882076258355, 21.037958144975445], [-99.88166194344979, 21.038369104835212], [-99.88036539936887, 21.03869262088658], [-99.8804182676946, 21.039725938366868], [-99.8801220562946, 21.040054886090548], [-99.87929896626417, 21.039926454602316], [-99.87864445880959, 21.04116251568522], [-99.87904992813684, 21.0422803985196], [-99.87827842674835, 21.04339186376422], [-99.88063429304856, 21.043074129222827], [-99.8818117445164, 21.04299788954419], [-99.88316502525353, 21.043046559366648], [-99.88563452969363, 21.043431831619504], [-99.88663116078126, 21.044098359627803], [-99.88739414109513, 21.044474554825626], [-99.89027507253817, 21.04494443906359], [-99.89086096749051, 21.04540212390912], [-99.89184890504852, 21.04759745069007], [-99.89472739910357, 21.048521956738135], [-99.89525447062914, 21.04897931000713], [-99.89566243425762, 21.04968394997051], [-99.89583452664885, 21.05046996897804], [-99.89588915228822, 21.05121403840461], [-99.89629689071505, 21.051959996027147], [-99.89706056026108, 21.05221200292425], [-99.8977639746678, 21.052711610214644], [-99.89846669162387, 21.053335173394558], [-99.89911009396178, 21.054041059085737], [-99.89981305641223, 21.054623296526493], [-99.90063396419842, 21.05516483743644], [-99.90233695110936, 21.055835012482564], [-99.90310300625065, 21.055673805327263], [-99.90293226560539, 21.054639878018662], [-99.90258217517598, 21.05410084860517], [-99.90217672986874, 21.052941711235604], [-99.90212137298252, 21.0523216040464], [-99.90218372034418, 21.051702122056625], [-99.90878891536005, 21.049257861674086], [-99.90789720664097, 21.050864638638256], [-99.90747968904806, 21.051854133938015], [-99.90812058075566, 21.0530144997536], [-99.90923527381645, 21.053640170686286], [-99.90953048964342, 21.05347646499952], [-99.91041281992203, 21.053563749743894], [-99.91111628316091, 21.054063299825064], [-99.91140755063601, 21.05460200116992], [-99.91179718011276, 21.05861216130842], [-99.91220639900106, 21.059110159387608], [-99.91290964347873, 21.05965119613282], [-99.91408607243712, 21.059781150245577], [-99.91461415972857, 21.060073161293417], [-99.91508270582538, 21.060488821067164], [-99.91613430973118, 21.061899224361248], [-99.91683256752631, 21.063349095761353], [-99.91694661880166, 21.064010821787164], [-99.91752718090443, 21.06546007467553], [-99.91834775350537, 21.066084163651002], [-99.92157739618817, 21.067464547589424], [-99.92257479756157, 21.068048212470472], [-99.92193372680329, 21.066887909686866], [-99.92206417600123, 21.06457463420907], [-99.92119179816652, 21.06266935542712], [-99.92084640670366, 21.061262659157265], [-99.9216869936324, 21.058250622640745], [-99.92139978012727, 21.056968190698072], [-99.9225245933134, 21.05577573496613], [-99.92417928995938, 21.054544698268742], [-99.9245358084643, 21.053926736107638], [-99.92524385079933, 21.053599837285603], [-99.92536926011988, 21.052195585680376], [-99.92614180435247, 21.050836002146585], [-99.93628672913776, 21.046714815048713], [-99.93644551718293, 21.060888523952112], [-99.9381997962713, 21.06300481621129], [-99.93966496067813, 21.064169248288376], [-99.9400584940464, 21.0676008409088], [-99.94016731482705, 21.06925420850162], [-99.94039674624113, 21.070371024047272], [-99.9408045361256, 21.071158182266373], [-99.94133071509691, 21.07182197921956], [-99.94358352926274, 21.06881701648823], [-99.94512245756147, 21.067213309882895], [-99.94707335028686, 21.06561166877319], [-99.94741745525943, 21.067307535566822], [-99.9486049460207, 21.065371465165846], [-99.94954907001427, 21.06492169308814], [-99.9490244209729, 21.063968687360596], [-99.95736622783359, 21.05582906544103], [-99.95713582643764, 21.054877551442786], [-99.95778864386448, 21.053847800708844], [-99.96050516157136, 21.052084549882423], [-99.96162636787533, 21.0515116343498], [-99.96344793969772, 21.052057825511948], [-99.96386378602219, 21.051316121102406], [-99.96527793255402, 21.05099255265346], [-99.96563620954377, 21.050002639012046], [-99.96575692717143, 21.049424753156316], [-99.96634887392034, 21.04876655313585], [-99.96782445772175, 21.04794747910532], [-99.96900033678365, 21.04815981598918], [-99.96959226402133, 21.04750160531648], [-99.970356662585, 21.047629321967403], [-99.97124560930983, 21.046435403341334], [-99.97254028481136, 21.04644175132425], [-99.9740744069138, 21.04566417938842], [-99.97655922481353, 21.04311447079427], [-99.9912180746648, 21.042028368193876], [-100.0110605509779, 21.039849695687124], [-100.01099806437904, 21.04056304145952], [-100.01022925672353, 21.041304882101183], [-100.00899009645522, 21.04196302589153], [-100.00803941911862, 21.043737203728185], [-100.0072710060625, 21.04439641200107], [-100.01630445032319, 21.050117699826192], [-100.01641983741872, 21.050572371508856], [-100.01730110971035, 21.050863511876294], [-100.01776645261282, 21.051938617287693], [-100.01870721385517, 21.052105951473848], [-100.01893578563988, 21.053387131728005], [-100.02099647529643, 21.05326771261032], [-100.02146648453174, 21.05343398840095], [-100.02080897324944, 21.054947019421366], [-100.02005340029513, 21.055780165686546], [-100.02030977777692, 21.057884942731416], [-100.02008433129151, 21.05883724038888], [-100.02038735720978, 21.059743442593234], [-100.02157313568213, 21.060765601657216], [-100.02118143475113, 21.062710978993696], [-100.02072426452115, 21.063995898755994], [-100.02221020034462, 21.065635068585], [-100.0236499743344, 21.068514108177478], [-100.02432914600419, 21.071730558199405], [-100.0239424908751, 21.074171679357775], [-100.02408058294225, 21.076194885452015], [-100.0251660073326, 21.078476058723133], [-100.02453897778517, 21.08081805853093], [-100.02549909648734, 21.082751168760726], [-100.02621615667309, 21.083901487783173], [-100.02664229133602, 21.085343655294913], [-100.02801264240352, 21.087149073521513], [-100.0286835929157, 21.089539260988232], [-100.02940071199819, 21.090689563305247], [-100.02979213120473, 21.094487011045985], [-100.0268090979934, 21.09596019328333], [-100.02718070336768, 21.097816005431277], [-100.03065339985352, 21.098238858595824], [-100.02894261385319, 21.103418857432587], [-100.02819864265119, 21.105408764701693], [-100.02750838731828, 21.106902396583074], [-100.02627644002048, 21.10716149173972], [-100.02528340806839, 21.107790245665115], [-100.02435251229491, 21.108748952432958], [-100.02371469229227, 21.109622364070106], [-100.0230218558713, 21.110868110489616], [-100.02220682165559, 21.111660493739436], [-100.02156939632715, 21.112575209552663], [-100.02063509519544, 21.113203405275435], [-100.02081983726266, 21.114028038318306], [-100.02071357730628, 21.115144514779246], [-100.02043053283295, 21.116221277132446], [-100.02013826807313, 21.11638918544876], [-100.01968597164398, 21.11816983977591], [-100.01898511011456, 21.11863065235492], [-100.01846521553777, 21.11954429363607], [-100.01788275971509, 21.120086661298416], [-100.01789363728768, 21.12116076132197], [-100.01702098502284, 21.122077588385718], [-100.01622424907785, 21.124687653571023], [-100.01500424464373, 21.12614470799714], [-100.0144255085644, 21.127058868897826], [-100.01402314408772, 21.127971436738584], [-100.01349359118787, 21.127934898439033], [-100.01254665062542, 21.127323706483608], [-100.01125112958957, 21.127128802062842], [-100.0101924468819, 21.127097017774243], [-100.00943438530598, 21.12772356881895], [-100.00914874238828, 21.128552445287184], [-100.00839108496353, 21.129220303654083], [-100.00824108134921, 21.130613119116692], [-100.00868082146897, 21.131717277912085], [-100.00897056956299, 21.1342142505602], [-100.01051216239992, 21.135481153549588], [-100.01063683624454, 21.13618239137964], [-100.0102986374205, 21.137631472167676], [-100.00938078560783, 21.139912074730667], [-100.01118125900346, 21.142930114750904], [-100.01012884470165, 21.144119501988914], [-100.00979020988335, 21.145527269818036], [-100.00938319132288, 21.145985401004385], [-100.00945156923986, 21.14693503699572], [-100.0089874106232, 21.14755894262576], [-100.00805159256976, 21.148063142740575], [-100.00781930106632, 21.148354438157998], [-100.00782387719573, 21.148808865086973], [-100.00848567361352, 21.150290263819986], [-100.00837098345178, 21.150580502205155], [-100.00204198299554, 21.158652473532346], [-100.00240186339205, 21.15935160903934], [-100.00316923831198, 21.15963393827958], [-100.00417017787127, 21.15974890779684], [-100.0051752732529, 21.16027698651183], [-100.00641393612828, 21.160637699785724], [-100.00747993163655, 21.161371793268316], [-100.00574068546466, 21.16386633525353], [-100.00417033180058, 21.16561567107797], [-100.00242849334646, 21.16786231288522], [-100.00227239120667, 21.16988815816043], [-100.00246002122338, 21.17100198757654], [-100.00282284090676, 21.171990300367906], [-100.00354226735672, 21.173347250597125], [-100.00012296188982, 21.17841834329925], [-100.00080762887433, 21.18217189594465], [-100.00210113250046, 21.182118991797797], [-100.00227176607376, 21.181539049906426], [-100.01136392313902, 21.18804086293803], [-100.01466824249725, 21.189388556766666], [-100.0045616034275, 21.196030224486258], [-99.98647056641069, 21.21727233823859], [-99.97838052697303, 21.21888731824947], [-99.957219821877, 21.21521782671154], [-99.9559346690296, 21.21093619570085], [-99.9563006812915, 21.207009765502484], [-99.95403457295002, 21.204348278308693], [-99.95125187623364, 21.20784447545582], [-99.95001104583541, 21.207361267193317], [-99.95006615405656, 21.212109365624396], [-99.944922482583, 21.209847887339194], [-99.94340868802362, 21.20610521039618], [-99.94358417170879, 21.206020892721707], [-99.94340009666287, 21.205362027834557], [-99.94573300070675, 21.203645984976156], [-99.94300236878698, 21.20148444485086], [-99.94405246660234, 21.1956518135895], [-99.93961134512266, 21.19305287141849], [-99.93494559287316, 21.19136445403675], [-99.93435941985787, 21.191535379676075], [-99.93341755583538, 21.191462036350014], [-99.93259188464094, 21.191263670171207], [-99.93135077618307, 21.19073902834198], [-99.93081583075458, 21.190248755051442], [-99.92933856403543, 21.189643825161], [-99.92880930506274, 21.18964900335408], [-99.92644428847227, 21.188557215452846], [-99.92503105226078, 21.18840584276461], [-99.92444440615574, 21.188535445807823], [-99.92279217632505, 21.188056042878916], [-99.92167203536596, 21.187819199224734], [-99.92015484431467, 21.18886629164897], [-99.9160784211599, 21.187254193073255], [-99.91501991575075, 21.187264464160474], [-99.91376577216802, 21.185583614280166], [-99.9091198416398, 21.185344943169067], [-99.90868629267072, 21.184893975044655], [-99.90128085563224, 21.18462001881602], [-99.89980281950669, 21.18197672670633], [-99.89620824825214, 21.179006952804198], [-99.89319595831405, 21.17438195243199], [-99.87785981347712, 21.162532313495657], [-99.87084426292326, 21.16366767952036], [-99.87031419842188, 21.16366605448807], [-99.86954929847104, 21.16353977233799], [-99.86896133740483, 21.163372719498003], [-99.86849166922613, 21.163123405871872], [-99.86707741730073, 21.163242980934612], [-99.86531053906178, 21.163237518174917], [-99.86495992326982, 21.162782005826884], [-99.86378301256175, 21.16261310836567], [-99.86343083771044, 21.16240546022197], [-99.8607795819122, 21.16256244102597], [-99.85960166698655, 21.162558757193544], [-99.85900563794628, 21.16371361281382], [-99.85753120866683, 21.164039477642664], [-99.85417309931985, 21.16419413683225], [-99.84981935084144, 21.163436702560137], [-99.84929362411012, 21.162732727783983], [-99.84852848767866, 21.162647660621065], [-99.84160785204475, 21.15795717400621], [-99.8366685054717, 21.15670175276447], [-99.8185863313855, 21.166143443175606], [-99.81558122709318, 21.16633984153574], [-99.81370855669363, 21.170368106708775], [-99.81239072864912, 21.171920765863717], [-99.81139440845568, 21.172873347473928], [-99.80928352137965, 21.17453057420738], [-99.80664439377036, 21.17643667294896], [-99.8058814824342, 21.176809971538425], [-99.8050602537471, 21.17734875419632], [-99.80312238681805, 21.17784784744077], [-99.80006775930946, 21.17826586331412], [-99.79620638839815, 21.18391331332095], [-99.79585538794848, 21.183540275691477], [-99.795268500533, 21.18320772238901], [-99.79397449055175, 21.182913995632322], [-99.79291745696543, 21.1824145327181], [-99.7922727597292, 21.181916516640577], [-99.79162644012548, 21.181666364875912], [-99.79022088649756, 21.180422036043836], [-99.7885849113015, 21.178391946465233], [-99.78764518812797, 21.17797548898127], [-99.78564522432237, 21.177555250081085], [-99.78517345806178, 21.177636192161447], [-99.78464360786501, 21.17759298896865], [-99.78405540184784, 21.17746695114116], [-99.78329185660068, 21.177133722791222], [-99.78193545810967, 21.177376736703508], [-99.78179442996188, 21.179242779020004], [-99.78009214628759, 21.179989391513644], [-99.77933030668083, 21.180817423425637], [-99.7778633713606, 21.181687747611296], [-99.77610185413279, 21.182268999536532], [-99.77563266413445, 21.18264177411476], [-99.77516545491106, 21.183800199010875], [-99.77534373991008, 21.18458561711725], [-99.77534551542122, 21.185288568362104], [-99.77575824727614, 21.18582557388218], [-99.7765830911955, 21.186651481204898], [-99.77676065355497, 21.187147446876573], [-99.78094666369478, 21.192393282353287], [-99.77953702308547, 21.19272599330003], [-99.77871529211039, 21.193140602687574], [-99.77801236125075, 21.194051250583406], [-99.77777906618924, 21.19475451597513], [-99.77736840339544, 21.195044517088785], [-99.77672779543737, 21.19736098139273], [-99.7763772590943, 21.198188451820652], [-99.77637946140679, 21.199056801758918], [-99.7757434310291, 21.203192661570228], [-99.77563069901873, 21.20509491685289], [-99.77610373314, 21.206210739868947], [-99.77575118326679, 21.206252559580303], [-99.7749281129843, 21.206170952851025], [-99.77416350621962, 21.20596521447277], [-99.77328166245944, 21.205883677304286], [-99.77192992534917, 21.205926801321027], [-99.7708722726371, 21.206052232177168], [-99.77028513436468, 21.20630109654827], [-99.76946371436081, 21.206881063441866], [-99.76881769124631, 21.207088648876958], [-99.76811258196611, 21.20717225739407], [-99.76764442258033, 21.207999862062827], [-99.76752850954746, 21.208661613368395], [-99.76717677017757, 21.209034215665145], [-99.76694278807199, 21.2094893669628], [-99.76629818044756, 21.21027584361069], [-99.76471444359684, 21.211601062229327], [-99.76448004326052, 21.211890810168153], [-99.76389327690733, 21.21230505334585], [-99.76318803813437, 21.21234729203351], [-99.762600861535, 21.212596130647672], [-99.76219042291383, 21.213010146820526], [-99.76213245272419, 21.213341020845665], [-99.7614283177963, 21.213838102993527], [-99.75972442993334, 21.21412967164859], [-99.75837421053217, 21.214834290811723], [-99.75708066470898, 21.21467047575168], [-99.75684654327874, 21.21508426386309], [-99.75584878115683, 21.215705732269235], [-99.75573271112432, 21.21632612654364], [-99.75520488074535, 21.216822969370266], [-99.75450011168783, 21.21707192298716], [-99.7537964267464, 21.217775724920315], [-99.7532087190341, 21.21781778126692], [-99.75291599822319, 21.21831433498643], [-99.7522109229657, 21.218439228975125], [-99.75186049730343, 21.219390702436694], [-99.75144961710636, 21.219639293149108], [-99.7509796599617, 21.219763902307555], [-99.74933660840536, 21.220965001695763], [-99.74922050763077, 21.221585392040502], [-99.7489869385722, 21.222247270664237], [-99.74787327873352, 21.223613134385303], [-99.74769867828977, 21.224357642849853], [-99.74699550851732, 21.225309518595555], [-99.74676182722291, 21.225930044187034], [-99.74635111391072, 21.226261323349], [-99.74611713832842, 21.2267577977086], [-99.74611839587806, 21.227295349401942], [-99.74582524665782, 21.22762649100912], [-99.7455325790454, 21.228164382784392], [-99.74565140477492, 21.228701798461852], [-99.74588741519615, 21.22907367733808], [-99.74406555451948, 21.22928252940397], [-99.74336147467419, 21.229862239576132], [-99.74289176548449, 21.23011087764939], [-99.74136591541487, 21.231229068766904], [-99.74095651015081, 21.232139237500583], [-99.74001830369608, 21.23317405152794], [-99.7384922109914, 21.234209517487855], [-99.7383167007081, 21.234581865618583], [-99.70262093089337, 21.230652595899205], [-99.6837140554382, 21.221572670507733], [-99.68505281098196, 21.211936704437438], [-99.68510635282719, 21.209676679474903], [-99.6864782743274, 21.197953139252363], [-99.69164735646284, 21.19528930063641], [-99.69428370062528, 21.194030226251297], [-99.71621997818905, 21.182622876625356], [-99.7148632828559, 21.174561475050588], [-99.71125890255071, 21.167854385468377], [-99.71545128919679, 21.166383866759016], [-99.71539355994594, 21.166218385265324], [-99.71545567494951, 21.165764190733974], [-99.71563441710512, 21.16547571214447], [-99.71569623881066, 21.165062829253245], [-99.71487868359071, 21.164068062681483], [-99.71388386105775, 21.163155209954972], [-99.71318353686831, 21.16224352810417], [-99.71283513687099, 21.161539815330773], [-99.71248967269742, 21.160422983895945], [-99.71190481527078, 21.15984226143196], [-99.7116733388067, 21.159262952797416], [-99.71126370870807, 21.15888949455502], [-99.71014468614146, 21.158885005171708], [-99.70689155366829, 21.160813623257052], [-99.70624229242435, 21.161017407749476], [-99.70578284472627, 21.159363191569348], [-99.7061382867954, 21.15907543637614], [-99.69457309222018, 21.137545481956007], [-99.70177686568647, 21.11844693404911], [-99.688306838158, 21.116532428752027], [-99.68873452744187, 21.09819104486438], [-99.68995126225822, 21.092784030982916], [-99.68932370590176, 21.092481488057654]]]}}, {"type": "Feature", "id": 13, "properties": {"id": 13, "municipio": 13, "nombre": "Pinal de Amoles", "cve_mun": "013", "clave_entidad": 22}, "geometry": {"type": "Polygon", "coordinates": [[[-99.68886104684394, 21.04966934323214], [-99.68530423099297, 21.06910182935949], [-99.68426523099302, 21.06960179836023], [-99.68440126199297, 21.06969559836045], [-99.67643701499308, 21.075076306369276], [-99.67885169199307, 21.07593839837068], [-99.67832923099309, 21.076606736371826], [-99.67850815399312, 21.076615721371798], [-99.67939703099309, 21.076133075371015], [-99.67962256899307, 21.076213598371158], [-99.67954786199311, 21.07632679837141], [-99.67969504599307, 21.076667152371996], [-99.67994696899305, 21.07684532137216], [-99.68069981499308, 21.076598183371807], [-99.69203744599307, 21.08064519837853], [-99.68932370590176, 21.092481488057654], [-99.68995126225822, 21.092784030982916], [-99.68873452744187, 21.09819104486438], [-99.688306838158, 21.116532428752027], [-99.70177686568647, 21.11844693404911], [-99.69457309222018, 21.137545481956007], [-99.7061382867954, 21.15907543637614], [-99.70578284472627, 21.159363191569348], [-99.70624229242435, 21.161017407749476], [-99.70689155366829, 21.160813623257052], [-99.71014468614146, 21.158885005171708], [-99.71126370870807, 21.15888949455502], [-99.7116733388067, 21.159262952797416], [-99.71190481527078, 21.15984226143196], [-99.71248967269742, 21.160422983895945], [-99.71283513687099, 21.161539815330773], [-99.71318353686831, 21.16224352810417], [-99.71388386105775, 21.163155209954972], [-99.71487868359071, 21.164068062681483], [-99.71569623881066, 21.165062829253245], [-99.71563441710512, 21.16547571214447], [-99.71545567494951, 21.165764190733974], [-99.71539355994594, 21.166218385265324], [-99.71545128919679, 21.166383866759016], [-99.71125890255071, 21.167854385468377], [-99.7148632828559, 21.174561475050588], [-99.71621997818905, 21.182622876625356], [-99.69428370062528, 21.194030226251297], [-99.69164735646284, 21.19528930063641], [-99.6864782743274, 21.197953139252363], [-99.68510635282719, 21.209676679474903], [-99.68505281098196, 21.211936704437438], [-99.6837140554382, 21.221572670507733], [-99.69000384227984, 21.235260688783814], [-99.69878933242234, 21.241468119622976], [-99.70042936555208, 21.251635352195162], [-99.70004949581418, 21.25922775551903], [-99.68003986617052, 21.263476687435396], [-99.67811508787408, 21.26928294618333], [-99.67770203475806, 21.269406881603093], [-99.67728969186646, 21.26969678131179], [-99.67676610553609, 21.271604686902716], [-99.6760606368146, 21.272433584091218], [-99.676477073014, 21.273097987423665], [-99.6757133967728, 21.274134262408847], [-99.67547794006148, 21.2743414082044], [-99.67199346044502, 21.27471020799751], [-99.6712853084975, 21.27491671582959], [-99.67051894773991, 21.275330598033634], [-99.66993001776775, 21.27578620728178], [-99.66951887103426, 21.27636652810614], [-99.66916786125886, 21.277195876021363], [-99.67011747335727, 21.27819294423392], [-99.67000298984668, 21.279064103160163], [-99.67077429919249, 21.27981198015431], [-99.67077764342848, 21.280600315316747], [-99.67154896482543, 21.28134818831269], [-99.67173116718722, 21.28251018194712], [-99.67109880073265, 21.286658442141157], [-99.670749281091, 21.288111011117127], [-99.66951342000903, 21.288278662951644], [-99.66892576050834, 21.28873455305406], [-99.66880932653667, 21.289313623146644], [-99.66881109520793, 21.290099212399497], [-99.66816650841898, 21.29142349022051], [-99.66752033358588, 21.29204487007327], [-99.66681463529464, 21.29237692664699], [-99.66328325644524, 21.29275541451409], [-99.66234242856862, 21.293253261815583], [-99.66216581728425, 21.293253577230047], [-99.66075656177316, 21.294909967662086], [-99.65711032652328, 21.29665298356831], [-99.65587401776216, 21.29665514988918], [-99.6547545602539, 21.2962436332731], [-99.65381216818707, 21.29603853693453], [-99.65293006942193, 21.296494883677056], [-99.65181442193645, 21.297861263923213], [-99.65075965386801, 21.300178514487865], [-99.64993624098902, 21.300593380692984], [-99.64869926264286, 21.300264737306776], [-99.64646172641665, 21.300103152567292], [-99.64552365345463, 21.301965356651095], [-99.64258664684857, 21.30519536083731], [-99.64135214538533, 21.306107054901272], [-99.64029962944205, 21.30962330420914], [-99.64118646555312, 21.311399754845688], [-99.64083499281467, 21.312268627315916], [-99.64001078266959, 21.312311341950366], [-99.64001265783006, 21.313220974021398], [-99.63971886080128, 21.313510889946077], [-99.6397233747598, 21.31570227593689], [-99.63795749406265, 21.315953272653392], [-99.63689926218903, 21.3167406043871], [-99.63601698687145, 21.31719686579122], [-99.63519300694074, 21.31740493645665], [-99.63448635126447, 21.31732340085256], [-99.63407427262652, 21.31736541694871], [-99.63313160367301, 21.31707751408131], [-99.63236823895129, 21.318112423457976], [-99.63295812847835, 21.318648983287467], [-99.63442998242155, 21.318563904374592], [-99.63525574099984, 21.319265460729483], [-99.63366987700896, 21.321211349403505], [-99.63280281287884, 21.329234078012725], [-99.63740651571611, 21.334436291696647], [-99.63799878135954, 21.33608919475624], [-99.64124146800258, 21.337944429242686], [-99.61287965812713, 21.34993865452173], [-99.61211279815988, 21.349278251182703], [-99.61140607846816, 21.349279307377977], [-99.6100525350698, 21.349818833820745], [-99.60881600098959, 21.349944706030012], [-99.60763912299709, 21.350483952275233], [-99.60705247424961, 21.351725226054995], [-99.60564037685924, 21.352471538933514], [-99.60475831954244, 21.353217070657898], [-99.60434733974338, 21.35392056788861], [-99.6033476267609, 21.35474895728122], [-99.60152530463554, 21.35665354724436], [-99.60028937463032, 21.357151480969183], [-99.59940844984702, 21.358558537237315], [-99.5890902441958, 21.352081391104623], [-99.58230597964042, 21.345309532835362], [-99.5843078185112, 21.345017450574396], [-99.58589508570319, 21.34336144159213], [-99.587483024936, 21.342118889590886], [-99.58777648660111, 21.3415396320826], [-99.6008304216688, 21.330564489002633], [-99.58123854270256, 21.305534774765206], [-99.57947191652286, 21.305330336148153], [-99.58182151853744, 21.302060825145716], [-99.58982108865453, 21.297750027128274], [-99.58404292464988, 21.29263067583133], [-99.5752034357124, 21.287184243309678], [-99.5742023310953, 21.2869787717126], [-99.56890706488929, 21.288846013709005], [-99.56043121348952, 21.289765880832018], [-99.55713485961397, 21.290017826202295], [-99.55748857657963, 21.290348196553133], [-99.55254552668897, 21.291759695371624], [-99.55048546357612, 21.292051452843708], [-99.55036838134136, 21.292506408907222], [-99.55078264428063, 21.293994461073584], [-99.55025351733568, 21.294491227258153], [-99.54913464998602, 21.294285739025376], [-99.54836842254454, 21.293666375305005], [-99.54707312601714, 21.293585111967012], [-99.54625004013397, 21.294371623487205], [-99.54483828035491, 21.295200120727152], [-99.54436817636557, 21.295820847732443], [-99.54472299011717, 21.29693685041003], [-99.54407573588722, 21.29718563985135], [-99.5426039062717, 21.297187229533062], [-99.54224916551115, 21.296112569763846], [-99.54218769505935, 21.29425198753215], [-99.54064566335747, 21.29265697606401], [-99.54082085153995, 21.29203496675381], [-99.54123269341275, 21.29149644062987], [-99.54170432552819, 21.291165499330994], [-99.54217637562179, 21.290959033502848], [-99.54253051741036, 21.29083530246661], [-99.54323936048623, 21.290753807180547], [-99.54165186109404, 21.289952394913477], [-99.53876307416834, 21.286937069720477], [-99.5377036551281, 21.28710357156458], [-99.53587820590516, 21.28673333933625], [-99.52814538583948, 21.266326516778395], [-99.52530550043727, 21.264965999513457], [-99.5237637779124, 21.26256560966633], [-99.52090763417564, 21.253286908213905], [-99.52356157278378, 21.25062673566473], [-99.5257544726242, 21.25360579856], [-99.53083047412021, 21.250524522610295], [-99.53011873794512, 21.249324194325624], [-99.52969897568208, 21.246464831871933], [-99.52886819831144, 21.244850251904012], [-99.52862909389978, 21.24356574323336], [-99.52868801370846, 21.243482673704236], [-99.52690537934023, 21.238844302536364], [-99.52417825716033, 21.234622963445737], [-99.52233944906556, 21.231269831327722], [-99.5222703960365, 21.22646106825793], [-99.5224438819512, 21.22463653012336], [-99.52326852852313, 21.223390671287856], [-99.52379962480514, 21.22305762291318], [-99.52362150089316, 21.222643527208024], [-99.52048834852056, 21.221905524052847], [-99.50806627184245, 21.21493135832597], [-99.50794270648797, 21.212195538757864], [-99.5130620583652, 21.20177687714755], [-99.51700804853938, 21.1957140452664], [-99.51481912835325, 21.194185801596838], [-99.51487728491469, 21.193729628974452], [-99.51405064227984, 21.193939039000377], [-99.51345955201846, 21.1937747308417], [-99.5131044332548, 21.193443988983283], [-99.51345830443948, 21.193152884555243], [-99.50978650911556, 21.188560580164715], [-99.51173403835844, 21.187602109855217], [-99.5121482960353, 21.187974160489762], [-99.5133300132109, 21.188095502875054], [-99.51469204145599, 21.189750268994654], [-99.5149228237922, 21.187013535944327], [-99.51970179421315, 21.184099198530543], [-99.52088374098503, 21.184344857922962], [-99.52088280404641, 21.183888837316296], [-99.52123672258399, 21.183639173472343], [-99.52176956281652, 21.18421817389658], [-99.52253715387153, 21.18405033837066], [-99.52353879610517, 21.182804012646223], [-99.52477834328081, 21.182344731004196], [-99.52655047443457, 21.182340056451345], [-99.52755450779742, 21.182254486521835], [-99.52855880177148, 21.182293279791587], [-99.53033049227079, 21.182081283782647], [-99.53257695416748, 21.182904412968117], [-99.53334461375088, 21.182777985087657], [-99.53411324935693, 21.183107573497683], [-99.53470494121585, 21.183562004381933], [-99.5367727099668, 21.18368079614319], [-99.53842788161111, 21.18421524815092], [-99.53913791499177, 21.184752255048856], [-99.54008858796834, 21.18727851717274], [-99.54233144160945, 21.186401806433153], [-99.54999556146907, 21.179581791251675], [-99.54869556321997, 21.179378119451258], [-99.54810208503349, 21.178136068716796], [-99.5473316884475, 21.17701887447259], [-99.54679923883735, 21.176647237132205], [-99.54614635107625, 21.17523951648917], [-99.54502130346944, 21.1739989188099], [-99.5440742083369, 21.17308947724737], [-99.5404655853221, 21.1705704937471], [-99.53975245474825, 21.168582517197578], [-99.53921960334075, 21.168003572667143], [-99.53844869716723, 21.166596139319733], [-99.53768130510663, 21.16680550153968], [-99.53501609420199, 21.16341324890963], [-99.53365258610717, 21.161053881408183], [-99.53035393840203, 21.16524982384794], [-99.5274633535216, 21.16695722259594], [-99.52645673842599, 21.165757639398436], [-99.5268099113744, 21.1651763126589], [-99.52627634300346, 21.164224217475006], [-99.52497754160419, 21.164517837328678], [-99.52385429573582, 21.164023308837493], [-99.52379428768465, 21.163567442362066], [-99.52296765402075, 21.163693980007828], [-99.52296876699688, 21.164232914565225], [-99.52338204264151, 21.164148917963672], [-99.52403294759982, 21.164727604065813], [-99.52308912171418, 21.165310474060593], [-99.5222036696002, 21.16556153243397], [-99.52125863898458, 21.165564001341178], [-99.52054952611763, 21.1654000235088], [-99.5244389985583, 21.161161258825647], [-99.52396529523236, 21.16058210870697], [-99.52207572429357, 21.16079434224555], [-99.52172058199135, 21.160422159443936], [-99.52301849887503, 21.159713999821854], [-99.52148233080342, 21.159051330076768], [-99.51947399694838, 21.15875635515989], [-99.51640319404649, 21.158541925219886], [-99.51232778528257, 21.158034680400693], [-99.510970233533, 21.158156028642775], [-99.50919913199674, 21.158193421382993], [-99.50494313760898, 21.158558132873644], [-99.5024024421968, 21.15802555802142], [-99.49744173664253, 21.158286615350235], [-99.4964330743894, 21.155843145130845], [-99.49926301770304, 21.153224370411742], [-99.4994387751315, 21.152477710565673], [-99.49719577033311, 21.15314656715713], [-99.49530640418553, 21.15344141428313], [-99.49383052735368, 21.153776686373188], [-99.49282735613144, 21.154235163563175], [-99.49276605908021, 21.153033062251087], [-99.49358918197709, 21.15104111926057], [-99.49406002627562, 21.15016937198133], [-99.49476717563358, 21.149338501258864], [-99.49677617171609, 21.149872504837894], [-99.4970145976028, 21.151032711208018], [-99.49902188926372, 21.150654639684756], [-99.4984880785331, 21.14945371025003], [-99.49582562458475, 21.146889943998225], [-99.49682740760548, 21.145726685014274], [-99.49552465560286, 21.143864325624925], [-99.49552333244927, 21.143159560498166], [-99.49374887527404, 21.141671456332215], [-99.49251379754806, 21.144410631472514], [-99.49216038266289, 21.144908976193317], [-99.48949941289769, 21.14304987112917], [-99.49002969406523, 21.142385275435036], [-99.48979278596774, 21.142012736200115], [-99.49002771045559, 21.141307398303887], [-99.49079580895994, 21.141512820947884], [-99.49144403535165, 21.140765020631097], [-99.4913822974859, 21.13931417568544], [-99.49221113325464, 21.14043149840837], [-99.4936261278189, 21.13918433708648], [-99.49398107205411, 21.139515125390055], [-99.4943350106837, 21.139306974525915], [-99.49421450166723, 21.138022102648314], [-99.49362373242207, 21.137899176047064], [-99.49344587638475, 21.137526497476063], [-99.49244311997717, 21.13815079841313], [-99.49179306750544, 21.1379036388036], [-99.49079083683976, 21.138818127877443], [-99.48996224954469, 21.137825168107273], [-99.4917254974133, 21.133302073940587], [-99.48976772299419, 21.128373433625494], [-99.4887051269823, 21.128541829336513], [-99.48817428216188, 21.1288747660346], [-99.4878210394444, 21.129456015949337], [-99.4874667370073, 21.1294568687246], [-99.48758415805737, 21.129083472551624], [-99.48705089666042, 21.12808978518841], [-99.48339337303295, 21.130088476041035], [-99.4812628264833, 21.12744028282363], [-99.48061129362047, 21.126322482969986], [-99.47901798815415, 21.126906643447956], [-99.47807436251358, 21.127572177721298], [-99.47387444491184, 21.123311909631862], [-99.47175113048317, 21.124726376690134], [-99.47187015255308, 21.125265044534284], [-99.47051358489509, 21.126180234970764], [-99.47063253981958, 21.126884691830398], [-99.4685066822207, 21.12664087875789], [-99.46762003086603, 21.126103966795007], [-99.46720563848184, 21.12548305683852], [-99.46714484396932, 21.124446766149315], [-99.46743834446335, 21.12361693401868], [-99.46637595936097, 21.12370229209712], [-99.46507821202387, 21.124492933737756], [-99.46360165191666, 21.124288997747446], [-99.46371788981939, 21.12316938989955], [-99.46288950053147, 21.122134833766317], [-99.46206009708645, 21.12047841712389], [-99.46359518303706, 21.120392034227546], [-99.46418537733967, 21.120224868130897], [-99.4648357235467, 21.120720878882608], [-99.46607592186162, 21.120842429083243], [-99.46755133218481, 21.120383031449535], [-99.4666047697871, 21.11930730635034], [-99.4661298953183, 21.117815929189437], [-99.4657139372865, 21.11624150172797], [-99.46553479109731, 21.11503964945978], [-99.46565128606098, 21.11408586782089], [-99.46429215892316, 21.11342563890286], [-99.46311051877852, 21.11297228407631], [-99.46257809485367, 21.112351627688817], [-99.46127872142351, 21.112105811879122], [-99.46039184345913, 21.111361573459966], [-99.46003568543915, 21.110201568309723], [-99.45814422468574, 21.108920621833846], [-99.4569606986332, 21.107264965107568], [-99.45595572120267, 21.106479507460428], [-99.4543024245221, 21.106400250765105], [-99.45323974218897, 21.106444050801095], [-99.4524714139975, 21.10594825233566], [-99.44645385815647, 21.108987752396377], [-99.441680300365, 21.114884949171827], [-99.4400271641538, 21.11497138374223], [-99.43010811918376, 21.10304726298709], [-99.43169529049257, 21.1015529974482], [-99.43210678361378, 21.10084749602054], [-99.43198923716334, 21.100308159055487], [-99.43028462259522, 21.09931301640526], [-99.42981439440884, 21.09889828050486], [-99.42934418897609, 21.09806863400725], [-99.42934422731335, 21.097280306417225], [-99.42993204664465, 21.096865182138835], [-99.43063741718176, 21.096574484990484], [-99.43116643983615, 21.09644981480608], [-99.43181303032787, 21.09603466207813], [-99.4321069420394, 21.095578150448134], [-99.43245964051572, 21.094789688466598], [-99.43257722027963, 21.094001315898527], [-99.43298869320702, 21.093129848413696], [-99.43345893587247, 21.092424320871533], [-99.43381161842055, 21.091718837905656], [-99.4339291951878, 21.09059853677946], [-99.43351777846217, 21.089436950473967], [-99.43334146857524, 21.08852421787983], [-99.43334149161285, 21.08752843498796], [-99.43387048732293, 21.08703033823246], [-99.43457580132936, 21.086905589120036], [-99.43498722948085, 21.087195863279277], [-99.43528110431399, 21.087735128904466], [-99.43551620197383, 21.088606344968337], [-99.43663292575474, 21.089892081526674], [-99.4374558357585, 21.08980879596888], [-99.43774971897874, 21.089476747517182], [-99.4378084916292, 21.088854359346424], [-99.43751460171778, 21.087526770615995], [-99.43745581938663, 21.086074611870806], [-99.43780846957267, 21.08553508443769], [-99.43839621967747, 21.085161422409467], [-99.43886641274102, 21.084497371043625], [-99.43851375555897, 21.08383366318612], [-99.43763213277973, 21.08346060958579], [-99.43675051449267, 21.082921587464433], [-99.43639787148074, 21.08196743808244], [-99.43669174328731, 21.080847062939167], [-99.43733824782383, 21.0790211966766], [-99.43769087787719, 21.077527376742754], [-99.43816104919559, 21.076655872172125], [-99.43874876488213, 21.07636519112821], [-99.44010051161011, 21.076157166999298], [-99.44062944887884, 21.07582501351915], [-99.44092328732467, 21.075078049838183], [-99.44092344773739, 21.073957781729472], [-99.44057025661135, 21.073045125481556], [-99.44021760776678, 21.071800545945383], [-99.44045265835443, 21.070472733759292], [-99.44080525401193, 21.069601271897803], [-99.44127538437422, 21.068771249665108], [-99.44180429213186, 21.068397601744586], [-99.44256833816813, 21.068314335950767], [-99.4433326331477, 21.068438439553542], [-99.44397909758092, 21.068645606787886], [-99.44562463552653, 21.068893809110882], [-99.44662368153165, 21.068519930977256], [-99.4469174950885, 21.068063393965627], [-99.44674113149011, 21.067150673992725], [-99.44679981993464, 21.065905916973076], [-99.44726988861976, 21.06482693257943], [-99.44779876996267, 21.06449475731568], [-99.448621505592, 21.06445287841288], [-99.44985565167416, 21.064908689937706], [-99.45067836585739, 21.065115735534917], [-99.45167745485848, 21.06511525836361], [-99.45361671116294, 21.0645334196536], [-99.45614362507507, 21.063992746516092], [-99.45731888321215, 21.06341126010449], [-99.45808276203299, 21.062788493016026], [-99.45931664708829, 21.061377142829144], [-99.46137321487325, 21.05992384369302], [-99.46225468538263, 21.059881867013804], [-99.46407643417247, 21.060046812430844], [-99.46525170699131, 21.05988018132381], [-99.46595681702473, 21.059506358645272], [-99.46748443890488, 21.05817776304676], [-99.46807193015712, 21.057430582030406], [-99.46830678118506, 21.05643466142855], [-99.4686592684118, 21.055978053195364], [-99.47018696652933, 21.055271797815088], [-99.47130338894559, 21.055063675987157], [-99.47177353663764, 21.05510487511918], [-99.47312512940749, 21.055560426204696], [-99.47383034897939, 21.055518519032127], [-99.47430036375779, 21.055144808170912], [-99.47447651993869, 21.05460531628077], [-99.47424127439038, 21.053817135681815], [-99.47288935029802, 21.052199826858335], [-99.47288913465783, 21.05128702636959], [-99.47353546329757, 21.051079172839508], [-99.47418188149923, 21.05124473522983], [-99.47476959096838, 21.051617786553997], [-99.47529849951617, 21.05182490910099], [-99.4760623505046, 21.051616971979733], [-99.47735495529916, 21.05103527483567], [-99.4784714474237, 21.05111753682316], [-99.47923542879133, 21.051407476376845], [-99.48035194819741, 21.05157270771613], [-99.48229103578093, 21.05140545493923], [-99.4829372504457, 21.05086563884048], [-99.48281947664411, 21.050035900354963], [-99.48217295595762, 21.049538443752002], [-99.48035121282796, 21.049000272006655], [-99.47888204560985, 21.048461851604614], [-99.47817673927041, 21.04779845382344], [-99.47747135083924, 21.046803125502535], [-99.47717723363488, 21.045600076624265], [-99.4777059463411, 21.04514333718602], [-99.47964497771017, 21.045059097872834], [-99.48040881162105, 21.04493412367263], [-99.48187766737954, 21.044518240588143], [-99.48270015557178, 21.044061289631127], [-99.4836401813305, 21.043687237013852], [-99.48552035097039, 21.0433540254582], [-99.48610781500312, 21.0429802017477], [-99.48599005759158, 21.042233446726655], [-99.48540223949134, 21.0414870154071], [-99.48452078253993, 21.041197182725362], [-99.48240542064859, 21.0409081764845], [-99.48170012314714, 21.04020330141335], [-99.48134716911612, 21.03879284357323], [-99.48169956348002, 21.03829471794287], [-99.48234577414513, 21.037920868105765], [-99.48305082548902, 21.037837412925242], [-99.48404423054042, 21.037111246791895], [-99.48481352825449, 21.037877707856047], [-99.48534244058415, 21.038209272936818], [-99.48622412283467, 21.039245938370456], [-99.4869293685092, 21.039743339856372], [-99.4877520225313, 21.03990872866159], [-99.48845707969954, 21.03982525095458], [-99.48869192460725, 21.039285703238072], [-99.48998176038825, 21.03119405555268], [-99.49250827363376, 21.031482671269412], [-99.49391858091218, 21.032062511460328], [-99.49687332495911, 21.032582605319593], [-99.49926587082157, 21.03371812466614], [-99.50108740280172, 21.034048642660764], [-99.50208612599768, 21.033798916551888], [-99.50378829488105, 21.029897430141194], [-99.50513866685509, 21.027780317296664], [-99.50760573922098, 21.026658067298243], [-99.50766418260622, 21.025994165516277], [-99.50443237979155, 21.025291655153385], [-99.50349262620826, 21.025541120792422], [-99.5022588122483, 21.025459111657497], [-99.50172994454952, 21.02521058035528], [-99.50161203756365, 21.024256381326403], [-99.50190552689821, 21.023633788105094], [-99.50343280760659, 21.023093204379375], [-99.5049014008063, 21.022718617719345], [-99.50566515375957, 21.02271800507514], [-99.50660527102062, 21.022966191661624], [-99.50719296534838, 21.02338062360938], [-99.50795687611308, 21.023711927608296], [-99.50819162628581, 21.023172353849517], [-99.50819139352649, 21.022674463328325], [-99.50754458429778, 21.021471755882917], [-99.50748558510578, 21.02093242221093], [-99.50754348987941, 21.019106774965014], [-99.508776433306, 21.01744612920511], [-99.50883479071453, 21.016616262869398], [-99.50865815765074, 21.015786589555926], [-99.50883338502155, 21.01362891727625], [-99.50936210474013, 21.013628481933647], [-99.5097142882017, 21.013005827071634], [-99.50947884989809, 21.012051730068446], [-99.51018356353792, 21.011553255691055], [-99.5132958059556, 21.00897820818773], [-99.51364833706873, 21.009102381860973], [-99.51582123148077, 21.007814303468475], [-99.51546746625691, 21.0052836612072], [-99.51681804245456, 21.004286712315675], [-99.51552352682819, 21.000055753162663], [-99.5164631156077, 20.999681555348758], [-99.51728569938301, 20.999929756830873], [-99.5176966690805, 20.99951448938018], [-99.51746139966485, 20.998933820985453], [-99.51834224728509, 20.998435160382197], [-99.51881195045132, 20.9980198388662], [-99.51986903131275, 20.99756250657414], [-99.5203975153112, 20.9976035134618], [-99.52157222341238, 20.99706310015714], [-99.52204186712673, 20.996564788092027], [-99.52339239162347, 20.99569226133448], [-99.52374454640564, 20.995194050979674], [-99.5243905364976, 20.994944518204647], [-99.52568222159326, 20.993947554448127], [-99.52609300670866, 20.993283321777316], [-99.52591652603012, 20.99282708379971], [-99.52714990913456, 20.99261849063452], [-99.52744337978281, 20.99224480002197], [-99.52773633257799, 20.99099979970009], [-99.5283234365451, 20.990542852433475], [-99.52844036635115, 20.98962994257303], [-99.5286162053022, 20.989007414128157], [-99.52902688950961, 20.98821870178892], [-99.52984862236583, 20.987263638059694], [-99.53131700022986, 20.987220757903685], [-99.53184526550507, 20.986639381908827], [-99.53219731975436, 20.986058172763574], [-99.53272596652859, 20.986099157807313], [-99.53325427455584, 20.985600759388053], [-99.53384155045448, 20.985475720884775], [-99.5342521450314, 20.984604014594954], [-99.53607242176693, 20.983813916573627], [-99.53701220464268, 20.983854485938913], [-99.53759987926635, 20.984351798038478], [-99.53812854850294, 20.98443425730759], [-99.53842230210874, 20.984599912263636], [-99.53942080090391, 20.984557445789054], [-99.54071274579493, 20.984224224847463], [-99.5412407376253, 20.98331089354759], [-99.54259082920962, 20.982147782055296], [-99.54282522020401, 20.981359216690223], [-99.54382346168285, 20.981026271233073], [-99.54417557259413, 20.980611001710272], [-99.55498110246224, 20.978773986772968], [-99.55515653056896, 20.97777801551608], [-99.55991310346548, 20.976859971022094], [-99.56196712152796, 20.974907596323167], [-99.56343780095432, 20.977810286562544], [-99.56461299864975, 20.97847279820352], [-99.56584644885532, 20.978554363463832], [-99.56631609724306, 20.97830487717116], [-99.56731477345576, 20.978677103773258], [-99.56860661070326, 20.97838522519135], [-99.56907669133469, 20.978592069498617], [-99.57195417639737, 20.978049329718203], [-99.57213121831137, 20.979003406450424], [-99.57436428772795, 20.980369930975694], [-99.57841725147927, 20.980779917529656], [-99.57971037996008, 20.981857075300752], [-99.58264689214792, 20.981853436885526], [-99.58552639988423, 20.983301967846497], [-99.58811064633063, 20.983215704984122], [-99.59321793570663, 20.980719644620105], [-99.59809307969425, 20.981128062100538], [-99.60173428584724, 20.980915707388682], [-99.60291001623331, 20.981743902361522], [-99.60384911148638, 20.98116174585141], [-99.60901606937175, 20.979785374645303], [-99.61177787888226, 20.980984694886462], [-99.61295426700886, 20.982476675274338], [-99.61401185651808, 20.98280708444204], [-99.61454000867764, 20.982474441074658], [-99.61659654375764, 20.98325970006807], [-99.61730081523005, 20.982760893499048], [-99.61800603725581, 20.98313317630944], [-99.6192975298769, 20.98250898334492], [-99.62170554974573, 20.982463945273796], [-99.62164520183721, 20.98113634122927], [-99.62270148680764, 20.980429467315627], [-99.62881181374755, 20.982079864141188], [-99.62934014935148, 20.981871607370888], [-99.63169032382187, 20.982531852630434], [-99.63280770244886, 20.983650368518052], [-99.63615612390332, 20.9841015534394], [-99.63985795609568, 20.985340404547266], [-99.64969575875462, 20.984204477728458], [-99.6672291435873, 21.003879670902645], [-99.65756687844166, 21.014769791180573], [-99.69358309214564, 21.02215276343947], [-99.68886104684394, 21.04966934323214]]]}}, {"type": "Feature", "id": 14, "properties": {"id": 14, "municipio": 14, "nombre": "Querétaro", "cve_mun": "014", "clave_entidad": 22}, "geometry": {"type": "Polygon", "coordinates": [[[-100.33973160157957, 20.641017860858515], [-100.33994733217355, 20.63986433142427], [-100.34023319533364, 20.638911267351528], [-100.34000334337617, 20.637520602292778], [-100.33977556195678, 20.636859547677794], [-100.33754884009456, 20.62708828532183], [-100.33682073001542, 20.627227176126365], [-100.33684560679924, 20.627328618111218], [-100.33654387390818, 20.62739193385472], [-100.3363959211843, 20.626726807789126], [-100.33710026118506, 20.626579068685903], [-100.33707908138636, 20.626488890838942], [-100.33816288121193, 20.62621624841237], [-100.33832685650698, 20.62576326920847], [-100.33866222991513, 20.625329288604945], [-100.33855230264756, 20.6253098135542], [-100.33873053986763, 20.624944806731065], [-100.33891866503518, 20.623893125685072], [-100.33789342935894, 20.623693282639316], [-100.33747766682494, 20.623506784224052], [-100.33700737751195, 20.623084327621395], [-100.33671832696638, 20.62250534991058], [-100.33666943357487, 20.621988521125452], [-100.33672587367512, 20.621274383801172], [-100.33663966943286, 20.620674277361413], [-100.33625059033575, 20.619798712191916], [-100.33556282595434, 20.618920937727882], [-100.33538758470164, 20.618082112310752], [-100.33589266666687, 20.618052500022824], [-100.33605033333355, 20.618745500022797], [-100.33613783333355, 20.61876033335612], [-100.33618566666688, 20.618664833356107], [-100.3361055000002, 20.618575333356084], [-100.3360115194799, 20.617983681875327], [-100.33693816860934, 20.617837491606277], [-100.33685689126331, 20.61766421231289], [-100.33658740304888, 20.617709209450297], [-100.33591270368473, 20.61464957705988], [-100.3369058921057, 20.61324611383369], [-100.33757392981533, 20.614099192989464], [-100.33843506762868, 20.614298053632467], [-100.33898638696387, 20.614180855571096], [-100.33932573678888, 20.613895907674245], [-100.33937216591401, 20.613581609895594], [-100.33979983665972, 20.61300688271938], [-100.33987888765822, 20.61268555629951], [-100.34021083665279, 20.612206429253625], [-100.34058855887314, 20.61192118157196], [-100.34089648006677, 20.612020427461275], [-100.34133549201127, 20.611680497617012], [-100.34126902064435, 20.61134900726099], [-100.34143274259709, 20.610801168605477], [-100.34121226619673, 20.61058605918942], [-100.34114638211813, 20.610390076916815], [-100.3417625373919, 20.610179767246102], [-100.34179647632006, 20.609775224106826], [-100.34228109689941, 20.60940557702986], [-100.34258691630967, 20.609265430643593], [-100.34359041670402, 20.609151481676214], [-100.34439370685075, 20.608808712730514], [-100.3450979409831, 20.60886421473364], [-100.34531205573208, 20.608627659903416], [-100.3456273635244, 20.608510019914327], [-100.3458191803534, 20.60870501984238], [-100.34603206327742, 20.608635605956003], [-100.34647894243503, 20.608715691605006], [-100.34687447807438, 20.60868550756936], [-100.34724924989128, 20.60857869403663], [-100.34784732045026, 20.608700509955128], [-100.3474197360424, 20.60713189813244], [-100.3456081136222, 20.60737638092664], [-100.3454620694932, 20.606657042213293], [-100.34525202861403, 20.6067083648247], [-100.34521428523935, 20.606234364265358], [-100.34554531553806, 20.606166290248474], [-100.34535009275015, 20.605856130546936], [-100.34599115903204, 20.60578790122329], [-100.34549339117608, 20.604418581148554], [-100.34573227348336, 20.604339931354342], [-100.34565382374093, 20.60410289242474], [-100.34555408555745, 20.603988985329853], [-100.34547859759535, 20.603621430049106], [-100.34510635874467, 20.60367401449518], [-100.3448804003013, 20.603346024745388], [-100.3442708810701, 20.603454658040913], [-100.34390048020771, 20.60303293096966], [-100.3429768358671, 20.601305544017357], [-100.3427768031068, 20.600171048294516], [-100.34297131605229, 20.599785584639488], [-100.34293967078736, 20.59874012291164], [-100.34238260309536, 20.59665303251649], [-100.3413943560626, 20.59380589397213], [-100.34046949102158, 20.59199718952583], [-100.33969428680243, 20.591565036363253], [-100.33897299023383, 20.59129733653403], [-100.33896514858102, 20.59118898672559], [-100.3392328303785, 20.59114851907799], [-100.33915930204748, 20.590968404164283], [-100.3391929667038, 20.5905661212392], [-100.33934542007988, 20.590411359349652], [-100.33916831807355, 20.58994069305612], [-100.34230606767244, 20.589313340681837], [-100.34186023251738, 20.589174510859667], [-100.34137825969592, 20.58888012003412], [-100.3410900122598, 20.588591001727806], [-100.34083392105117, 20.58813901792804], [-100.34069778883328, 20.587485092928283], [-100.3407838084189, 20.58693333960115], [-100.34088560759126, 20.58664345597379], [-100.3413053927691, 20.586409829660443], [-100.3434212609607, 20.58594621984626], [-100.34392628379449, 20.58610039616989], [-100.34459222910337, 20.58675923548098], [-100.34496855975124, 20.587007009219032], [-100.34581390891678, 20.5873708372223], [-100.34651364164522, 20.587505422443314], [-100.34819794279126, 20.587537475839756], [-100.35122556747423, 20.588067198475038], [-100.35222827877445, 20.588016451387965], [-100.3534475052236, 20.58759812078796], [-100.35436474577007, 20.586933706589402], [-100.35499666802319, 20.586043409913213], [-100.35539237318129, 20.585292732920536], [-100.35540132980627, 20.585084876870905], [-100.34965783001608, 20.584757115339755], [-100.34881896965184, 20.583937028676417], [-100.34811609944803, 20.58467201732042], [-100.34787792314897, 20.584827454178797], [-100.34679499005749, 20.585129498456862], [-100.34530192562326, 20.583996029652184], [-100.34548412440724, 20.583097968738116], [-100.34537660416844, 20.58235800041304], [-100.34548536332319, 20.582110972825244], [-100.3468820471653, 20.581488040291635], [-100.34674059035727, 20.58098096767394], [-100.34547581631574, 20.57934658148369], [-100.34573504755063, 20.579233896865126], [-100.34242034008724, 20.576296419138185], [-100.33918287587939, 20.57384838007958], [-100.33862238314249, 20.57368784086053], [-100.33816175301611, 20.5736688168952], [-100.33801794307927, 20.5734034188248], [-100.3331794463384, 20.570500105227563], [-100.33307047520307, 20.57062064813032], [-100.33175200477501, 20.569853850281103], [-100.33061565727273, 20.568758150334055], [-100.33083138124977, 20.56874519941889], [-100.32942537067142, 20.56735117426149], [-100.32913887583454, 20.56659901306796], [-100.32882423718995, 20.56671661490384], [-100.3288467651198, 20.56637539863388], [-100.32918538302796, 20.5661537187086], [-100.32908249798515, 20.56611159573524], [-100.32930904911218, 20.56527192887812], [-100.32954796560512, 20.563506154946722], [-100.3296982006696, 20.560880547849617], [-100.33108819438401, 20.562439572801246], [-100.3321443661637, 20.5619345673321], [-100.33228166030416, 20.561969648194115], [-100.3323048554148, 20.562224687492762], [-100.33360712170492, 20.56354947456077], [-100.33525042334611, 20.56368813489933], [-100.33537799458036, 20.56432858263872], [-100.3372864260307, 20.564551003616284], [-100.35045234020562, 20.56093903641706], [-100.34927336826425, 20.559638265200622], [-100.34872772588197, 20.558910743924567], [-100.3485842007111, 20.558541458739704], [-100.34585612311169, 20.556414792158154], [-100.3453278214209, 20.55272937805767], [-100.34571839613312, 20.552952503715296], [-100.35967033178382, 20.550398575601278], [-100.35844790160726, 20.530366323017965], [-100.36201784091229, 20.528906251725793], [-100.36208264557084, 20.528246663230924], [-100.36231985026149, 20.527835797054635], [-100.36296624928573, 20.527304035367425], [-100.36384536315609, 20.52681515090532], [-100.36466374796699, 20.52657335369564], [-100.36827923175741, 20.526392307868736], [-100.38170826976545, 20.52344632782451], [-100.38235622510553, 20.523809837950353], [-100.38418010313653, 20.529524329331217], [-100.38594282055584, 20.535856979217066], [-100.38605337072859, 20.535883889781925], [-100.38825656985401, 20.543760433865863], [-100.38963885928587, 20.5479352549632], [-100.39181236010768, 20.555341788529084], [-100.39558454634178, 20.555114183188966], [-100.395647660529, 20.55524846334341], [-100.39682599240295, 20.555310433086554], [-100.40646830329642, 20.555566389681132], [-100.40764138362535, 20.554584356399527], [-100.40867998426384, 20.55415807230118], [-100.41111125467626, 20.553793005711842], [-100.41134988157512, 20.554030154750986], [-100.41158068353127, 20.554746023684665], [-100.41228715743537, 20.557730367428096], [-100.41216987544405, 20.55793346444937], [-100.41172675847967, 20.55831321011591], [-100.41199444466196, 20.560678059566424], [-100.41193569801275, 20.56073108561474], [-100.41195138787538, 20.561782896507243], [-100.41097793260099, 20.56283824633479], [-100.40952056100102, 20.56195488616575], [-100.40961839173038, 20.56354903207299], [-100.41043595573552, 20.563942973360792], [-100.41201476142189, 20.562187580287755], [-100.41274321909894, 20.56322533305591], [-100.41332160997055, 20.56360228087165], [-100.41691935960404, 20.559221573590964], [-100.41705887413964, 20.55941705958222], [-100.41711056455358, 20.56206158815246], [-100.42135594159315, 20.56059818731983], [-100.42163836636833, 20.560647606025686], [-100.42363275372597, 20.5599795199073], [-100.42387204531342, 20.562492409335093], [-100.42354475340562, 20.562623806617967], [-100.42409256367225, 20.56752339221355], [-100.42435523701148, 20.567912187129988], [-100.42491982469004, 20.57076033330262], [-100.42507176665897, 20.57112034216583], [-100.42537481811647, 20.57137821446834], [-100.42572876729668, 20.571534774526775], [-100.42620224186251, 20.571537383465223], [-100.42742867725117, 20.571198160215733], [-100.4280123171446, 20.571184183680217], [-100.42845904015562, 20.571443168289548], [-100.42867230240354, 20.57170713336203], [-100.43104801713466, 20.576407005058773], [-100.43152589948699, 20.577655532579865], [-100.43197083695962, 20.580471093474515], [-100.43358867965158, 20.588568230685244], [-100.43361923679957, 20.589057699734905], [-100.43342347094574, 20.589428058947306], [-100.43342664932841, 20.589957369956714], [-100.43927873568116, 20.58964846665251], [-100.44171185372265, 20.589760463439816], [-100.46358095396012, 20.592277598879132], [-100.46835912056662, 20.59258149007978], [-100.47538233435453, 20.593259472016587], [-100.48276839498577, 20.594113865694876], [-100.48435221526378, 20.594382384296537], [-100.48493798203195, 20.594416114731633], [-100.48616594294393, 20.5943177588319], [-100.48669475858664, 20.594476030279857], [-100.48862935841363, 20.59369702423717], [-100.48877492300944, 20.594049091821358], [-100.48916335401857, 20.596087414598955], [-100.48930835228873, 20.596245476514184], [-100.4894373612331, 20.596275875107935], [-100.49072141848578, 20.595450187960285], [-100.49130722438892, 20.595327783761537], [-100.4913632594612, 20.59619540114203], [-100.49106802345045, 20.597062107400014], [-100.49240729628372, 20.599585374748187], [-100.49246203045377, 20.600907377154556], [-100.49345482993942, 20.60177741115974], [-100.4937444780079, 20.602852168958613], [-100.4943266330091, 20.604010294860412], [-100.49443958084521, 20.605456368823514], [-100.49572410273646, 20.60669890912379], [-100.49613052280431, 20.607897884117847], [-100.49723848849548, 20.609470422771516], [-100.49600516340202, 20.610789126534222], [-100.49658748711991, 20.611905932718503], [-100.49723025297133, 20.61236196275835], [-100.49769654650315, 20.613106696344005], [-100.49787090869948, 20.61356152874516], [-100.49809842585921, 20.615916663652126], [-100.49880105451496, 20.615918450990005], [-100.49909206059608, 20.616538809867876], [-100.49944314233419, 20.616622317103502], [-100.50031944766525, 20.61732677368059], [-100.5010816835661, 20.616956930937246], [-100.50143171944255, 20.61741220262038], [-100.5017240186047, 20.617578172339787], [-100.50336292130683, 20.617788840788997], [-100.50294991902155, 20.618903114728973], [-100.50294933920718, 20.619109652690003], [-100.50306621436151, 20.619192562517405], [-100.50429595393948, 20.61915434391664], [-100.50558240183759, 20.61977718382643], [-100.50593383917564, 20.61973675453943], [-100.5095007021622, 20.62152186455797], [-100.51160627043078, 20.62239453026915], [-100.51412039080664, 20.623763862118736], [-100.52780597631867, 20.629951650532366], [-100.52645555260051, 20.63131159247892], [-100.52726520962175, 20.635155101160006], [-100.52924840315686, 20.638133916157255], [-100.52959889693264, 20.638465200198745], [-100.53703710928677, 20.63806947630224], [-100.53797459961656, 20.63786510430329], [-100.54823052207827, 20.634707805608336], [-100.55139493276874, 20.633806135458904], [-100.55180125176197, 20.63525278424828], [-100.55339672631797, 20.63717091387304], [-100.55515371862374, 20.64814101360247], [-100.55741553175903, 20.656834246102314], [-100.55825214442433, 20.658271681866808], [-100.55827020820978, 20.66000635543674], [-100.56178728158977, 20.670834979246067], [-100.56523605022124, 20.669478950303308], [-100.56594311150789, 20.669740409979923], [-100.5662988092778, 20.670395072644876], [-100.57555893871815, 20.66789483466554], [-100.57777921272194, 20.670253887330016], [-100.58175335004282, 20.674103511620313], [-100.58350578123104, 20.676213686631293], [-100.5842581343961, 20.680263212811134], [-100.58413504190545, 20.682906558103987], [-100.58366290174351, 20.684475238309833], [-100.58336694969105, 20.685837743097647], [-100.5831905669167, 20.686126529499337], [-100.58254202336718, 20.687983993723844], [-100.58212983197399, 20.68893320002681], [-100.58171884937627, 20.689345427957395], [-100.58107345599353, 20.68979848478362], [-100.58109318637179, 20.692616974771155], [-100.58169588538092, 20.694097921970712], [-100.58289169410928, 20.69615118324573], [-100.58420449461758, 20.698161951822087], [-100.58570175775925, 20.700955653983403], [-100.59044585992496, 20.71094501835169], [-100.5912787038854, 20.711969237394573], [-100.59263812855838, 20.71282290621747], [-100.59335359002577, 20.71384830069458], [-100.59342375595129, 20.71492152714538], [-100.59407700026384, 20.71561710525149], [-100.59663647719948, 20.717099817153063], [-100.59657920685278, 20.717203475123284], [-100.59606110399046, 20.71795097444632], [-100.59542134432785, 20.718411329752023], [-100.59378574399958, 20.71908867511554], [-100.59203676234908, 20.7200557290335], [-100.5905832993539, 20.721143161752014], [-100.58877669951639, 20.722193239041278], [-100.58796594997067, 20.72302634380405], [-100.5873919820206, 20.723980488588847], [-100.58514241179103, 20.726931104695893], [-100.58469123276132, 20.728254802709188], [-100.5839279859252, 20.728304353713302], [-100.5832258522923, 20.728518079930577], [-100.5828204468961, 20.728934621421296], [-100.58259307812102, 20.729472853022195], [-100.57274941428288, 20.731516979394478], [-100.56953059358813, 20.732458563234744], [-100.56536807496964, 20.733163030000462], [-100.55973710640437, 20.733924453814048], [-100.5567438611064, 20.73420398225416], [-100.55142169444667, 20.736033321776752], [-100.54895432817308, 20.73610101007261], [-100.54842283446722, 20.74619516279113], [-100.54867914446321, 20.749308093299213], [-100.54976711611339, 20.751044804774875], [-100.550668095114, 20.752158359074652], [-100.55288160722637, 20.75437952752268], [-100.55623708868004, 20.758044491645666], [-100.55863854389412, 20.760930425068853], [-100.5619740707081, 20.76684855405903], [-100.56239489873107, 20.76738486201436], [-100.56334300896096, 20.774672554753494], [-100.56306689345328, 20.77571960440869], [-100.56187908684495, 20.781911672501653], [-100.56183149112118, 20.78600114064821], [-100.55961994367128, 20.787368210791872], [-100.55956828109147, 20.787786179624245], [-100.55971157958867, 20.789286110895784], [-100.56086928675995, 20.79143044776755], [-100.55936753766551, 20.799971152649313], [-100.5587699764217, 20.802582613546047], [-100.55846914184563, 20.80440691176032], [-100.56331045526728, 20.80709117161633], [-100.56393560177139, 20.812672885116523], [-100.56430706916377, 20.81375228091679], [-100.56508878542482, 20.814742289392232], [-100.56621836430745, 20.81543519849405], [-100.56729415821059, 20.816420933601172], [-100.56934681172515, 20.819478588598727], [-100.56962079718376, 20.821727599360656], [-100.5680335557676, 20.82179235087531], [-100.56668729800094, 20.822187370545578], [-100.56424218561654, 20.823683070881717], [-100.56256304697973, 20.825251097775695], [-100.56222017389845, 20.825840168887098], [-100.56328743343589, 20.826325384794156], [-100.56278528968454, 20.827918091883344], [-100.56101008602525, 20.827317949312565], [-100.55920395066478, 20.828345396206757], [-100.55844291311378, 20.828565005857403], [-100.55464410993957, 20.830038412016666], [-100.5468669664182, 20.83282067510926], [-100.54341515829722, 20.83395507188858], [-100.53751202015657, 20.836251051083174], [-100.53523645953966, 20.837368428385226], [-100.53383397333822, 20.83793089437142], [-100.53144283735452, 20.839175044620113], [-100.52549034809898, 20.84205544632064], [-100.52462988111276, 20.84336111349077], [-100.51161760122058, 20.84980454176835], [-100.5100958460307, 20.85028506836943], [-100.50952821251522, 20.850646594710653], [-100.50758696635924, 20.851261344957244], [-100.50264681510124, 20.852528122655873], [-100.50293217402944, 20.85447912294834], [-100.50548351947117, 20.862330105364375], [-100.50600341304603, 20.86440646991753], [-100.5074511587787, 20.86934902370234], [-100.50932595714974, 20.870600902190528], [-100.50272605435416, 20.87513872993193], [-100.50089377748135, 20.877662241733425], [-100.4995920389927, 20.87977295512863], [-100.49846564408142, 20.88209178445231], [-100.49699216269802, 20.88297232198375], [-100.49176472366416, 20.890639526765824], [-100.4917212276142, 20.891558038417067], [-100.49150259729541, 20.8925624612233], [-100.49070598961363, 20.894200860144785], [-100.48950512230536, 20.896303893387827], [-100.48841006808269, 20.897696145283945], [-100.48724430769637, 20.89838009861004], [-100.48572337337471, 20.898943865867434], [-100.48449735272159, 20.89954520235212], [-100.48438905314964, 20.900109979963133], [-100.48374904786768, 20.90055705330551], [-100.48403203207579, 20.90693665920509], [-100.48205422863258, 20.919268402243578], [-100.47243978724046, 20.9240897336229], [-100.459321527412, 20.92402345256883], [-100.453214673726, 20.92177717201438], [-100.45316676598243, 20.919412190938996], [-100.45354914055085, 20.912941757166468], [-100.4533791222919, 20.911571960787033], [-100.45409351060576, 20.909583554549467], [-100.45430632997251, 20.899799537730757], [-100.45247176879765, 20.899199114503805], [-100.44317394606325, 20.89573946112155], [-100.4419361338684, 20.895631365275054], [-100.4382631122224, 20.89417993667025], [-100.43299725886278, 20.89249997316012], [-100.42738728526463, 20.891366963156937], [-100.4258464589151, 20.89072049498478], [-100.4250801252889, 20.890647540741682], [-100.42461072937698, 20.890737413158686], [-100.42105972792088, 20.88953427242866], [-100.41833529727018, 20.888486669147508], [-100.41727475860432, 20.888417694796097], [-100.41490275417638, 20.887323502306266], [-100.41443133219683, 20.88728820320088], [-100.41419257896688, 20.887082838093953], [-100.41429944788835, 20.886413803223665], [-100.41406272430977, 20.886333581218842], [-100.4133011459654, 20.88655257385706], [-100.41318683890091, 20.886762749082635], [-100.41083379040606, 20.886836503296824], [-100.40971981924078, 20.88710199812001], [-100.40772386658287, 20.887421195720947], [-100.4041485514395, 20.8883459372481], [-100.39753073750934, 20.8903966129672], [-100.39447817797112, 20.890896845449795], [-100.39165025778205, 20.89072641021845], [-100.38333437454109, 20.889670152438356], [-100.37550597660801, 20.889650056350824], [-100.36262611296047, 20.890281122108693], [-100.359563485026, 20.890155004902194], [-100.35386070702495, 20.89056458788941], [-100.35275251779662, 20.891205158995447], [-100.35221828672672, 20.890920175036435], [-100.35180570353681, 20.890883922483077], [-100.35074844545734, 20.89102311286161], [-100.33744452773493, 20.89090686686353], [-100.336856715419, 20.890956336072783], [-100.33353061466097, 20.8908262927923], [-100.33224932658332, 20.882474850562133], [-100.33438920505795, 20.87760016705686], [-100.3352802398207, 20.875300851647925], [-100.33729379760716, 20.870869785879076], [-100.34410695391101, 20.861504677839438], [-100.34420061833156, 20.861601056905062], [-100.34600809494034, 20.859540667376354], [-100.34608926625336, 20.859650694562575], [-100.346698509691, 20.85983561425764], [-100.34757286146628, 20.859605142777426], [-100.34784311678642, 20.85970012934537], [-100.34824497586392, 20.859430463654082], [-100.34880108720239, 20.85968580716072], [-100.34910652641047, 20.85951627240599], [-100.34584062640015, 20.855099551123168], [-100.3481021250367, 20.847513585042666], [-100.37012169725595, 20.838510461633685], [-100.37013580343442, 20.833067436514785], [-100.371308010209, 20.83202593764621], [-100.37244083568775, 20.829921007698122], [-100.37327693807306, 20.829006404298152], [-100.3766476239195, 20.82782076459855], [-100.37745427729897, 20.82713900099934], [-100.37779120185668, 20.82661232825686], [-100.37808799470085, 20.826361510565793], [-100.37812510107223, 20.8260834207947], [-100.37876249158334, 20.82538042800195], [-100.38069695256665, 20.823777153449075], [-100.38253049071241, 20.822865762866563], [-100.38344263960163, 20.821444604599222], [-100.38375517069032, 20.81867772189629], [-100.38431399618506, 20.81743331334877], [-100.39009458491735, 20.81373912461763], [-100.39149585841365, 20.812006811477975], [-100.39557553627611, 20.8094893525838], [-100.40042674846072, 20.80671933255335], [-100.40440367063029, 20.8059437821992], [-100.40643160566475, 20.805832309717715], [-100.40619009187841, 20.805332913795944], [-100.40594603015411, 20.805206182848185], [-100.40630426920843, 20.804889321179335], [-100.40723956049946, 20.80480034580856], [-100.40706836882117, 20.803661232473697], [-100.40668410686592, 20.80366438422444], [-100.40652113790345, 20.803087557013296], [-100.40603383947139, 20.80263082784015], [-100.40598262414849, 20.802482189784506], [-100.40617425828748, 20.802394797765455], [-100.40600180450804, 20.80196033007385], [-100.40528037165488, 20.800502764104035], [-100.40517863153403, 20.800571351106676], [-100.40509635356719, 20.799564754752822], [-100.40522655011819, 20.798743869651798], [-100.40301603697553, 20.79851578983168], [-100.40313325084925, 20.78732869490785], [-100.40106131654257, 20.783101973847845], [-100.4024685773599, 20.78007769690681], [-100.39767386955157, 20.778456825930295], [-100.39645859596271, 20.777624306842817], [-100.38253162459762, 20.772784172393333], [-100.38877888788241, 20.754144263161603], [-100.38377451077439, 20.745602400434603], [-100.38536714304291, 20.73145147016787], [-100.38524033075325, 20.7314321650699], [-100.38545059975453, 20.72921263936796], [-100.3854739046158, 20.7240563283648], [-100.38699230371334, 20.716315555032512], [-100.38767124501595, 20.70925456683295], [-100.38708088108476, 20.70521211095426], [-100.38735962002333, 20.69789235499232], [-100.387678756712, 20.696893789398654], [-100.38770883453358, 20.6961437282477], [-100.36790743591172, 20.69240618897082], [-100.36785542209863, 20.692627935628682], [-100.36022164663403, 20.690680558847408], [-100.36275921634778, 20.686358042139798], [-100.36260250137138, 20.686277974957044], [-100.36044861842672, 20.686392108824116], [-100.35721590198109, 20.685963638293742], [-100.35929717648533, 20.681671864738416], [-100.35619673513003, 20.680756744476067], [-100.35415252307378, 20.680510829441697], [-100.35071614540846, 20.677256159736952], [-100.35153576859737, 20.675332249997396], [-100.35206161762889, 20.672552401533764], [-100.35213514706292, 20.671472251718388], [-100.35192319061605, 20.66857170985622], [-100.3428400060171, 20.667082036991275], [-100.34286314330085, 20.664561336082237], [-100.34431958362694, 20.640871526457875], [-100.33973160157957, 20.641017860858515]]]}}, {"type": "Feature", "id": 15, "properties": {"id": 15, "municipio": 15, "nombre": "San Joaquín", "cve_mun": "015", "clave_entidad": 22}, "geometry": {"type": "Polygon", "coordinates": [[[-99.37245538851514, 21.073019104873623], [-99.37128022609515, 21.07243825330107], [-99.37051644741611, 21.071898879321367], [-99.36992900364848, 21.07131800859061], [-99.36940024051955, 21.070944591847965], [-99.36809203355678, 21.07024614026017], [-99.36603291361551, 21.06689089992937], [-99.36588067705759, 21.065075699365394], [-99.36609301638525, 21.063915761161436], [-99.36676894167785, 21.062459450374586], [-99.36746233534667, 21.061911649638112], [-99.36832291024, 21.060906850555273], [-99.36901708604299, 21.060400339592018], [-99.37006867994516, 21.060177416174866], [-99.37226154140593, 21.061341179453056], [-99.37314676168374, 21.061616532165818], [-99.37355806064015, 21.061651424275126], [-99.37453906452328, 21.060809948373052], [-99.3761048890249, 21.059876718161362], [-99.37678946731803, 21.058874624208975], [-99.37729492219862, 21.05771009227555], [-99.37727738211268, 21.05680158092385], [-99.37702288695375, 21.05577284598723], [-99.37660203865057, 21.0552424101901], [-99.3754244439136, 21.055012948637685], [-99.37296312873909, 21.055133974514845], [-99.37249957462114, 21.05543036336561], [-99.3713750555808, 21.054910886964162], [-99.37059363749387, 21.053931663752017], [-99.3701569115842, 21.05257529041134], [-99.36841264600868, 21.050330494529106], [-99.36739433404024, 21.049231019255252], [-99.36657180701893, 21.049161203041017], [-99.36450993683923, 21.04869757216707], [-99.36402654692128, 21.047961534883154], [-99.36377850611588, 21.04726314657687], [-99.36364377555115, 21.04635645433098], [-99.36380064493855, 21.045362612555206], [-99.36425704377749, 21.044694581977932], [-99.36457553107248, 21.042954673763727], [-99.36272212325659, 21.04112459912403], [-99.3631174996669, 21.040333593893536], [-99.36357467995295, 21.039706861111643], [-99.36432423553492, 21.039034273203736], [-99.36653249278169, 21.03796721400943], [-99.36727884902237, 21.03712942861488], [-99.3681338664541, 21.03576628574708], [-99.36919181943206, 21.036432212972525], [-99.37013263124051, 21.03684878325765], [-99.37136786335141, 21.037224116979612], [-99.37242795777334, 21.037142274480487], [-99.37331157595403, 21.036977103092763], [-99.37513673219871, 21.036979188381874], [-99.37613643959848, 21.03739579205689], [-99.37625324450015, 21.037728299962417], [-99.37625111283381, 21.038476143082395], [-99.37636732691826, 21.039016385028702], [-99.37683774998861, 21.039224650645966], [-99.37713296161229, 21.038934154310553], [-99.37725390511557, 21.037812522216225], [-99.37749118166452, 21.03718958432666], [-99.37820158496446, 21.035819330722543], [-99.37855601611554, 21.035404257295724], [-99.37938132933645, 21.035031254581693], [-99.38020546497118, 21.035073716326544], [-99.38103135771652, 21.03449297147981], [-99.38061536425248, 21.035863562191484], [-99.38208701889671, 21.035948275997228], [-99.38456513431916, 21.034039815149864], [-99.38468787653777, 21.032253428639738], [-99.38515910123934, 21.032170843690732], [-99.38639196799252, 21.033418558210673], [-99.38768734246668, 21.03337841369053], [-99.38785820492198, 21.035455942315494], [-99.38803321856268, 21.036037785223403], [-99.38850215240252, 21.036786126981706], [-99.38891118057083, 21.037908326312454], [-99.38920016494244, 21.039861336069194], [-99.38983935059515, 21.04289533992075], [-99.3909007384463, 21.04235593371269], [-99.39190269150357, 21.04198305468884], [-99.39355377141818, 21.041070729141346], [-99.39503023743347, 21.039410365981304], [-99.39644666637317, 21.0381653983141], [-99.39821587749297, 21.037086960220506], [-99.39951226736217, 21.03667278474432], [-99.40045472612216, 21.03650753128176], [-99.401039355292, 21.03804534202047], [-99.4015099197944, 21.03821199215251], [-99.40215922813785, 21.03758942562951], [-99.40357513640144, 21.036510586515185], [-99.40416533197786, 21.035971048839606], [-99.40493314334812, 21.035057758428213], [-99.40575904828997, 21.034435348230517], [-99.40682022472268, 21.033896251742775], [-99.40829329504834, 21.033440631154328], [-99.40900000682673, 21.033358202098302], [-99.40935434582568, 21.032943065793877], [-99.4090616150055, 21.032319588717296], [-99.40882918288251, 21.03115605859656], [-99.40918756246572, 21.02920369256572], [-99.4096606193431, 21.02841474510761], [-99.41178067867959, 21.028167433174048], [-99.41460989310254, 21.026882067746058], [-99.41696626578965, 21.02630253090497], [-99.41784966007488, 21.026178676411806], [-99.41873369302533, 21.0258055369126], [-99.41944153391356, 21.0252660509549], [-99.42032885170484, 21.023604954301963], [-99.4205662453596, 21.022857318270205], [-99.42080512276436, 21.021528027357384], [-99.42021823338013, 21.020821219087647], [-99.41880599963551, 21.020591908661707], [-99.41934179935306, 21.018244545449576], [-99.41975579425628, 21.017497065359404], [-99.42111029068579, 21.017290513546584], [-99.42052469183898, 21.016085144369164], [-99.42087832164114, 21.01591926510908], [-99.4207041734432, 21.014963598417435], [-99.4221159138937, 21.015380228767455], [-99.4415408804501, 21.015894452373], [-99.44483585765768, 21.016561636929744], [-99.46019627759779, 21.018317112076254], [-99.4614374440627, 21.016157474630905], [-99.46137981093617, 21.015617331528066], [-99.46008587868117, 21.015117947973316], [-99.45897295323199, 21.01270752384727], [-99.45897438752978, 21.01208432433906], [-99.45873930743937, 21.011917985242576], [-99.4584459369058, 21.011502327696814], [-99.45838841245622, 21.01092063641113], [-99.45850729206391, 21.010422153253202], [-99.45844919321335, 21.01008974179974], [-99.45756794763791, 21.0093413253616], [-99.45686234167067, 21.009008487389647], [-99.45503879893462, 21.008467166578217], [-99.45450911694314, 21.00842526372594], [-99.453450142428, 21.008175266343873], [-99.45362896891845, 21.007219812701386], [-99.45416262276358, 21.00555830431148], [-99.45381361847095, 21.003771557229065], [-99.45417193434317, 21.001569821264216], [-99.45417300140312, 21.0011128074632], [-99.45388209239451, 20.99965847300012], [-99.45353116263114, 20.998702658334484], [-99.4533576930738, 20.99737304269429], [-99.45324298899622, 20.996085013557018], [-99.45330496129918, 20.994755558001984], [-99.45313169368758, 20.993342847892198], [-99.4533119658506, 20.991764191837778], [-99.45366812563657, 20.990476483079696], [-99.45431769012126, 20.989562894001235], [-99.45467151007333, 20.98927230549132], [-99.45561215539367, 20.98972995322088], [-99.45649337071094, 20.990436837038185], [-99.45737517132828, 20.990894435615974], [-99.45819888721385, 20.991019617077555], [-99.46043423098844, 20.99156117350871], [-99.46107595684015, 20.9940543905862], [-99.46154445082176, 20.995093357655854], [-99.46219019340305, 20.99584160768997], [-99.46313090232906, 20.99629921235663], [-99.46518967496013, 20.996634818187157], [-99.4663674243844, 20.996633577551492], [-99.46790234235944, 20.99459871058957], [-99.4683747955685, 20.99389269749175], [-99.46867048361865, 20.99326967191988], [-99.46914246458319, 20.992771390142334], [-99.47079585273745, 20.99036264689846], [-99.47044372825998, 20.98990542794351], [-99.47044520928957, 20.98924068087308], [-99.47097676773949, 20.988410054865682], [-99.4709195753414, 20.987662180187204], [-99.47044918980359, 20.98745417286627], [-99.4697431036607, 20.98737066627908], [-99.4688045716606, 20.985957522548482], [-99.46833466015735, 20.985541775585748], [-99.46816089107126, 20.98429526857793], [-99.46775096128783, 20.9833809941065], [-99.46651764212714, 20.98221694011356], [-99.46640190242762, 20.981344386941476], [-99.4664623491215, 20.9806381278987], [-99.46616939560288, 20.980056294368215], [-99.46587832204261, 20.97864352496893], [-99.4665268245797, 20.978145358052956], [-99.4661177666657, 20.976857157535616], [-99.46647490834123, 20.975070861086387], [-99.46676991334743, 20.974738665458204], [-99.46671256115205, 20.97407388124825], [-99.46747986421991, 20.97307722081413], [-99.46712690189527, 20.972952387235], [-99.46624400652576, 20.97307647207082], [-99.46583459000705, 20.97195445700364], [-99.46577667956153, 20.971538952975177], [-99.4661305290114, 20.971206794450108], [-99.46660024856052, 20.971249216770545], [-99.46701364800109, 20.97104114378538], [-99.46784174435035, 20.969172034500495], [-99.46825349960268, 20.96925537501834], [-99.46848926789373, 20.969089328464023], [-99.4685495146635, 20.968466161551337], [-99.46737235653673, 20.968548548991084], [-99.46684300022035, 20.96842358813206], [-99.4670796112993, 20.96788362220088], [-99.46737460118374, 20.96755142553624], [-99.46737534942403, 20.967219051025506], [-99.46720002176266, 20.96667883575549], [-99.46749500907015, 20.966346638885], [-99.46802491867392, 20.966222316981725], [-99.4680847931047, 20.96576533728473], [-99.46849812402044, 20.965142381519264], [-99.46879273286594, 20.96497636973085], [-99.46938148363715, 20.964852078740208], [-99.4698529106796, 20.96456152914418], [-99.47003084391203, 20.963938430856306], [-99.47026706573268, 20.963564647842816], [-99.47073820916336, 20.96339873631625], [-99.47085682817011, 20.96298333687131], [-99.47056537649463, 20.961736760168602], [-99.47021359995705, 20.961154897434014], [-99.4699812811966, 20.959783713367617], [-99.46968807773642, 20.959326524484464], [-99.47039607210992, 20.95849600356691], [-99.46980799735069, 20.95832946974803], [-99.46933872933421, 20.957664441525683], [-99.46881015550052, 20.957207111077146], [-99.46857860242955, 20.95550354918891], [-99.46840300509047, 20.9550879748472], [-99.46840412483485, 20.9545894124086], [-99.46852237076686, 20.954340201657327], [-99.46840599113739, 20.953758474946568], [-99.46864285438278, 20.95309386582866], [-99.46864471952496, 20.952262928243915], [-99.46911787862362, 20.95118299020935], [-99.46900149940318, 20.9506012636875], [-99.46970927165356, 20.949853839252746], [-99.47024181370874, 20.948524651577863], [-99.47059550732041, 20.948234030989543], [-99.47077684949389, 20.946073695950577], [-99.47066223032677, 20.94470257903509], [-99.47090287021102, 20.942334543036043], [-99.47196380776914, 20.94150422219475], [-99.47237871919596, 20.940133412253104], [-99.47232182028702, 20.93926089282535], [-99.47285356627049, 20.938264071940043], [-99.47403296404681, 20.937059883896655], [-99.473918140127, 20.935771862030457], [-99.47368426853622, 20.93510697685831], [-99.4742172768174, 20.933528494473318], [-99.47421897927255, 20.93282204194491], [-99.47504252181221, 20.932822662177777], [-99.47663278708764, 20.93203415745187], [-99.47739781420236, 20.931951485508204], [-99.47951765296352, 20.931121697466335], [-99.48040034125876, 20.931039075339353], [-99.48104805311148, 20.930790136825397], [-99.48181396849587, 20.93029197600853], [-99.48269700842518, 20.930043154431328], [-99.48399128648778, 20.930002278520814], [-99.48781357709554, 20.930959764025935], [-99.48816605164723, 20.931209217460037], [-99.4886368980873, 20.931126351989928], [-99.48904820826102, 20.931375832008772], [-99.48928275476732, 20.931749867046545], [-99.49004681013876, 20.93212415422021], [-99.49057631779091, 20.932124405075115], [-99.4909284506837, 20.93254004010755], [-99.49075081321035, 20.933080066347927], [-99.49145615294287, 20.933371196581426], [-99.49345694266162, 20.933205960298093], [-99.49480916683582, 20.9333729623204], [-99.49692759189577, 20.93341523392652], [-99.49916313059872, 20.933582383994228], [-99.50180993311552, 20.93395740121235], [-99.50328055186017, 20.934082632653737], [-99.50598604084561, 20.93454070164565], [-99.5069868981308, 20.93420870614091], [-99.50804708055763, 20.93362744593536], [-99.50845917011863, 20.933502957343816], [-99.50904759813568, 20.93346162562316], [-99.51110968493884, 20.93196672247613], [-99.51169758230152, 20.93217458438357], [-99.51252168065945, 20.932008716600127], [-99.51322898540083, 20.931344209590343], [-99.51422980466533, 20.93101217225729], [-99.51505379681558, 20.93084625817944], [-99.51570192998089, 20.93034790882332], [-99.51717564207424, 20.928852697880355], [-99.5180003368812, 20.928312849096002], [-99.51982683900903, 20.926900819168903], [-99.52106357220045, 20.926236439381793], [-99.52177065443804, 20.92565499137479], [-99.52253766205484, 20.92449190292074], [-99.52483565325375, 20.92258139382181], [-99.52589614931742, 20.921750744683905], [-99.52695593747508, 20.921294009777117], [-99.52701631388975, 20.920463090305937], [-99.5273119285549, 20.919673778546034], [-99.52760684554357, 20.919258386974352], [-99.52772542911835, 20.918759856245085], [-99.52778564632112, 20.918012029867025], [-99.52743344844158, 20.917596471538292], [-99.52643468645145, 20.916889915312588], [-99.52573046078952, 20.915975698377427], [-99.52614419426861, 20.914937139204376], [-99.52608715262535, 20.913981547688312], [-99.52485506444485, 20.912236248557054], [-99.52550191865818, 20.91236106513682], [-99.52691483105825, 20.91177978610894], [-99.52691823779728, 20.909951727409872], [-99.52733071035625, 20.909577913862226], [-99.52721375634533, 20.909203962074052], [-99.52639067249969, 20.908954464478335], [-99.52603748333875, 20.909037424032707], [-99.5249796554791, 20.908538615454802], [-99.52498066915537, 20.90799850690394], [-99.52368700010032, 20.907748866386374], [-99.5214023253312, 20.902762583315912], [-99.52234372123698, 20.90263821852462], [-99.52287406616959, 20.902139809158143], [-99.5251099344055, 20.90180806185421], [-99.5277591679996, 20.900603909070522], [-99.52864172286593, 20.90047949471341], [-99.52940694042813, 20.900188859238675], [-99.53034846576661, 20.899981357153226], [-99.53252622168061, 20.899234031294743], [-99.53311496238405, 20.898943338579297], [-99.53364435046848, 20.898943458339385], [-99.53393875720782, 20.898777336930593], [-99.53464581310845, 20.898112743956347], [-99.5357082626207, 20.89607717892601], [-99.53670647767882, 20.897032965500312], [-99.53605885632034, 20.897365204757314], [-99.53594069063354, 20.89765600754834], [-99.53588059463323, 20.89836229073322], [-99.53605600680136, 20.898943983163196], [-99.53646707910758, 20.899317990504898], [-99.53787707046668, 20.9002738544473], [-99.54028660624212, 20.901479175226125], [-99.54165639605483, 20.903274156920745], [-99.54228544939325, 20.902102735617213], [-99.54352100407313, 20.9019367587026], [-99.54375702044041, 20.90152133030389], [-99.54381708040479, 20.90081504538617], [-99.54346604745712, 20.89973477136438], [-99.54358405423066, 20.899527057225534], [-99.5441724828422, 20.899402513865244], [-99.54423283119775, 20.898530041678708], [-99.54388048997328, 20.898197609819334], [-99.54435265366031, 20.897283658133674], [-99.54511717069143, 20.89736687400878], [-99.54605843806988, 20.89728392641179], [-99.54676564868183, 20.896494644261168], [-99.54723685461191, 20.896120792661076], [-99.54823736231486, 20.895788561348372], [-99.54864952832948, 20.895539337945944], [-99.54947464070248, 20.89458387407606], [-99.55030073805024, 20.893046751939114], [-99.55136201945456, 20.89155120154658], [-99.55165724058612, 20.890886489267377], [-99.55219069389999, 20.88847684069986], [-99.55260410248158, 20.88747976651933], [-99.553663988855, 20.88677359064134], [-99.55542972333824, 20.88602593303138], [-99.55631300084976, 20.88540281703108], [-99.55690212579104, 20.884821216909998], [-99.55772768102304, 20.883533340519552], [-99.55837753825764, 20.881788431538066], [-99.56049484201797, 20.881788593184233], [-99.56119924635836, 20.882619575930097], [-99.56219861415626, 20.88291046598987], [-99.56466828105233, 20.883242970101417], [-99.56631408588994, 20.883866237624982], [-99.56760589965826, 20.88511256522092], [-99.56831325717968, 20.88419867102276], [-99.56913732483783, 20.88378322207266], [-99.5706672931503, 20.883284684711597], [-99.57131386006778, 20.883533970261027], [-99.5718441697107, 20.882910772951217], [-99.57378555963517, 20.88257839571298], [-99.57413915539382, 20.882121379411476], [-99.57519780716413, 20.882121365893283], [-99.57543274180642, 20.88232909524914], [-99.57590351078736, 20.882162899888147], [-99.5774318462356, 20.88270296875275], [-99.5779025504511, 20.88257831455361], [-99.57831367824399, 20.8829522206563], [-99.57978371974623, 20.883159897130692], [-99.58007646909876, 20.88403236320005], [-99.58184078435748, 20.884115368455756], [-99.58272368941016, 20.883658305069087], [-99.58513274418362, 20.8852369131731], [-99.58542386864482, 20.887231126380115], [-99.58541471207127, 20.89342156234481], [-99.58491262171825, 20.896078240880364], [-99.58599781036199, 20.89686987725725], [-99.58635060582, 20.896952941220015], [-99.58711574885476, 20.89662050367434], [-99.58741051594865, 20.89616346600012], [-99.58764664453192, 20.895581793653243], [-99.58788210319095, 20.89545713260773], [-99.58870538844478, 20.895581694281145], [-99.58899966524037, 20.895457026005108], [-99.58970675886108, 20.8945844783922], [-99.59005991166094, 20.894418255793877], [-99.59105970863827, 20.894501241171763], [-99.59153001891977, 20.89466737446783], [-99.59276441642807, 20.894750290226533], [-99.59282264137084, 20.89516574794619], [-99.59270363697445, 20.896121331157357], [-99.59276168421152, 20.896661428245935], [-99.59264327267573, 20.89720154657366], [-99.59305412134975, 20.897824693605656], [-99.59364172981074, 20.898240085035326], [-99.59411158287536, 20.89873858247819], [-99.59411116985872, 20.899029407662606], [-99.59405164122133, 20.899527972685863], [-99.5938159451069, 20.89981882800248], [-99.5928744569195, 20.90006822413373], [-99.59310888237164, 20.900940689489033], [-99.59310813383975, 20.901397695764423], [-99.59287136537067, 20.902436385885295], [-99.59266310356907, 20.9049371374595], [-99.59457605223727, 20.90351639450653], [-99.60110308178008, 20.90513571328221], [-99.60803991405108, 20.90833345261541], [-99.63968431271864, 20.910650377805656], [-99.64862939928422, 20.907239824332958], [-99.6510975025468, 20.90960681972369], [-99.66248901620753, 20.930706453812512], [-99.66795433070476, 20.93726767517397], [-99.67059238664966, 20.94092590916678], [-99.68142424468488, 20.9410816936071], [-99.68146199629449, 20.943114932159023], [-99.680185865986, 20.944239947317666], [-99.67959769826437, 20.944198789482098], [-99.67777339028328, 20.94461539885911], [-99.67659585338286, 20.945530137074353], [-99.67606609768384, 20.945779738591526], [-99.67577133054009, 20.94644465060223], [-99.67535913785674, 20.946818814591353], [-99.67371152058328, 20.9469859991848], [-99.67218131616374, 20.947443917914512], [-99.67112143764038, 20.94831700385479], [-99.67047319581133, 20.949439117297814], [-99.67017802059856, 20.950519477161627], [-99.67029506079953, 20.951225685223115], [-99.67076465682682, 20.95247178012406], [-99.67129373608913, 20.953011562208722], [-99.67164536637637, 20.954590088799375], [-99.67158589245076, 20.955296399897108], [-99.671643841465, 20.956293460796523], [-99.67193730926127, 20.957124199130995], [-99.67228995599515, 20.95758099089607], [-99.67264230973255, 20.958370146952685], [-99.67252392266096, 20.959159584495957], [-99.6730525175839, 20.96028099866328], [-99.67340517532661, 20.960737787662026], [-99.67375651921039, 20.96269021787083], [-99.67393159275686, 20.964351934851955], [-99.67428426303744, 20.9648087214848], [-99.67422479896132, 20.96551503243588], [-99.67334043053592, 20.967426665493736], [-99.67322171161454, 20.968590013041418], [-99.67322101533692, 20.96937937909082], [-99.67380455889938, 20.972568226844004], [-99.6512015805191, 20.979694596207956], [-99.64420004995905, 20.978035962931372], [-99.64969575875462, 20.984204477728458], [-99.63985795609568, 20.985340404547266], [-99.63615612390332, 20.9841015534394], [-99.63280770244886, 20.983650368518052], [-99.63169032382187, 20.982531852630434], [-99.62934014935148, 20.981871607370888], [-99.62881181374755, 20.982079864141188], [-99.62270148680764, 20.980429467315627], [-99.62164520183721, 20.98113634122927], [-99.62170554974573, 20.982463945273796], [-99.6192975298769, 20.98250898334492], [-99.61800603725581, 20.98313317630944], [-99.61730081523005, 20.982760893499048], [-99.61659654375764, 20.98325970006807], [-99.61454000867764, 20.982474441074658], [-99.61401185651808, 20.98280708444204], [-99.61295426700886, 20.982476675274338], [-99.61177787888226, 20.980984694886462], [-99.60901606937175, 20.979785374645303], [-99.60384911148638, 20.98116174585141], [-99.60291001623331, 20.981743902361522], [-99.60173428584724, 20.980915707388682], [-99.59809307969425, 20.981128062100538], [-99.59321793570663, 20.980719644620105], [-99.58811064633063, 20.983215704984122], [-99.58552639988423, 20.983301967846497], [-99.58264689214792, 20.981853436885526], [-99.57971037996008, 20.981857075300752], [-99.57841725147927, 20.980779917529656], [-99.57436428772795, 20.980369930975694], [-99.57213121831137, 20.979003406450424], [-99.57195417639737, 20.978049329718203], [-99.56907669133469, 20.978592069498617], [-99.56860661070326, 20.97838522519135], [-99.56731477345576, 20.978677103773258], [-99.56631609724306, 20.97830487717116], [-99.56584644885532, 20.978554363463832], [-99.56461299864975, 20.97847279820352], [-99.56343780095432, 20.977810286562544], [-99.56196712152796, 20.974907596323167], [-99.55991310346548, 20.976859971022094], [-99.55515653056896, 20.97777801551608], [-99.55498110246224, 20.978773986772968], [-99.54417557259413, 20.980611001710272], [-99.54382346168285, 20.981026271233073], [-99.54282522020401, 20.981359216690223], [-99.54259082920962, 20.982147782055296], [-99.5412407376253, 20.98331089354759], [-99.54071274579493, 20.984224224847463], [-99.53942080090391, 20.984557445789054], [-99.53842230210874, 20.984599912263636], [-99.53812854850294, 20.98443425730759], [-99.53759987926635, 20.984351798038478], [-99.53701220464268, 20.983854485938913], [-99.53607242176693, 20.983813916573627], [-99.5342521450314, 20.984604014594954], [-99.53384155045448, 20.985475720884775], [-99.53325427455584, 20.985600759388053], [-99.53272596652859, 20.986099157807313], [-99.53219731975436, 20.986058172763574], [-99.53184526550507, 20.986639381908827], [-99.53131700022986, 20.987220757903685], [-99.52984862236583, 20.987263638059694], [-99.52902688950961, 20.98821870178892], [-99.5286162053022, 20.989007414128157], [-99.52844036635115, 20.98962994257303], [-99.5283234365451, 20.990542852433475], [-99.52773633257799, 20.99099979970009], [-99.52744337978281, 20.99224480002197], [-99.52714990913456, 20.99261849063452], [-99.52591652603012, 20.99282708379971], [-99.52609300670866, 20.993283321777316], [-99.52568222159326, 20.993947554448127], [-99.5243905364976, 20.994944518204647], [-99.52374454640564, 20.995194050979674], [-99.52339239162347, 20.99569226133448], [-99.52204186712673, 20.996564788092027], [-99.52157222341238, 20.99706310015714], [-99.5203975153112, 20.9976035134618], [-99.51986903131275, 20.99756250657414], [-99.51881195045132, 20.9980198388662], [-99.51834224728509, 20.998435160382197], [-99.51746139966485, 20.998933820985453], [-99.5176966690805, 20.99951448938018], [-99.51728569938301, 20.999929756830873], [-99.5164631156077, 20.999681555348758], [-99.51552352682819, 21.000055753162663], [-99.51681804245456, 21.004286712315675], [-99.51546746625691, 21.0052836612072], [-99.51582123148077, 21.007814303468475], [-99.51364833706873, 21.009102381860973], [-99.5132958059556, 21.00897820818773], [-99.51018356353792, 21.011553255691055], [-99.50947884989809, 21.012051730068446], [-99.5097142882017, 21.013005827071634], [-99.50936210474013, 21.013628481933647], [-99.50883338502155, 21.01362891727625], [-99.50865815765074, 21.015786589555926], [-99.50883479071453, 21.016616262869398], [-99.508776433306, 21.01744612920511], [-99.50754348987941, 21.019106774965014], [-99.50748558510578, 21.02093242221093], [-99.50754458429778, 21.021471755882917], [-99.50819139352649, 21.022674463328325], [-99.50819162628581, 21.023172353849517], [-99.50795687611308, 21.023711927608296], [-99.50719296534838, 21.02338062360938], [-99.50660527102062, 21.022966191661624], [-99.50566515375957, 21.02271800507514], [-99.5049014008063, 21.022718617719345], [-99.50343280760659, 21.023093204379375], [-99.50190552689821, 21.023633788105094], [-99.50161203756365, 21.024256381326403], [-99.50172994454952, 21.02521058035528], [-99.5022588122483, 21.025459111657497], [-99.50349262620826, 21.025541120792422], [-99.50443237979155, 21.025291655153385], [-99.50766418260622, 21.025994165516277], [-99.50760573922098, 21.026658067298243], [-99.50513866685509, 21.027780317296664], [-99.50378829488105, 21.029897430141194], [-99.50208612599768, 21.033798916551888], [-99.50108740280172, 21.034048642660764], [-99.49926587082157, 21.03371812466614], [-99.49687332495911, 21.032582605319593], [-99.49391858091218, 21.032062511460328], [-99.49250827363376, 21.031482671269412], [-99.48998176038825, 21.03119405555268], [-99.48869192460725, 21.039285703238072], [-99.48845707969954, 21.03982525095458], [-99.4877520225313, 21.03990872866159], [-99.4869293685092, 21.039743339856372], [-99.48622412283467, 21.039245938370456], [-99.48534244058415, 21.038209272936818], [-99.48481352825449, 21.037877707856047], [-99.48404423054042, 21.037111246791895], [-99.48305082548902, 21.037837412925242], [-99.48234577414513, 21.037920868105765], [-99.48169956348002, 21.03829471794287], [-99.48134716911612, 21.03879284357323], [-99.48170012314714, 21.04020330141335], [-99.48240542064859, 21.0409081764845], [-99.48452078253993, 21.041197182725362], [-99.48540223949134, 21.0414870154071], [-99.48599005759158, 21.042233446726655], [-99.48610781500312, 21.0429802017477], [-99.48552035097039, 21.0433540254582], [-99.4836401813305, 21.043687237013852], [-99.48270015557178, 21.044061289631127], [-99.48187766737954, 21.044518240588143], [-99.48040881162105, 21.04493412367263], [-99.47964497771017, 21.045059097872834], [-99.4777059463411, 21.04514333718602], [-99.47717723363488, 21.045600076624265], [-99.47747135083924, 21.046803125502535], [-99.47817673927041, 21.04779845382344], [-99.47888204560985, 21.048461851604614], [-99.48035121282796, 21.049000272006655], [-99.48217295595762, 21.049538443752002], [-99.48281947664411, 21.050035900354963], [-99.4829372504457, 21.05086563884048], [-99.48229103578093, 21.05140545493923], [-99.48035194819741, 21.05157270771613], [-99.47923542879133, 21.051407476376845], [-99.4784714474237, 21.05111753682316], [-99.47735495529916, 21.05103527483567], [-99.4760623505046, 21.051616971979733], [-99.47529849951617, 21.05182490910099], [-99.47476959096838, 21.051617786553997], [-99.47418188149923, 21.05124473522983], [-99.47353546329757, 21.051079172839508], [-99.47288913465783, 21.05128702636959], [-99.47288935029802, 21.052199826858335], [-99.47424127439038, 21.053817135681815], [-99.47447651993869, 21.05460531628077], [-99.47430036375779, 21.055144808170912], [-99.47383034897939, 21.055518519032127], [-99.47312512940749, 21.055560426204696], [-99.47177353663764, 21.05510487511918], [-99.47130338894559, 21.055063675987157], [-99.47018696652933, 21.055271797815088], [-99.4686592684118, 21.055978053195364], [-99.46830678118506, 21.05643466142855], [-99.46807193015712, 21.057430582030406], [-99.46748443890488, 21.05817776304676], [-99.46595681702473, 21.059506358645272], [-99.46525170699131, 21.05988018132381], [-99.46407643417247, 21.060046812430844], [-99.46225468538263, 21.059881867013804], [-99.46137321487325, 21.05992384369302], [-99.45931664708829, 21.061377142829144], [-99.45808276203299, 21.062788493016026], [-99.45731888321215, 21.06341126010449], [-99.45614362507507, 21.063992746516092], [-99.45361671116294, 21.0645334196536], [-99.45167745485848, 21.06511525836361], [-99.45067836585739, 21.065115735534917], [-99.44985565167416, 21.064908689937706], [-99.448621505592, 21.06445287841288], [-99.44779876996267, 21.06449475731568], [-99.44726988861976, 21.06482693257943], [-99.44679981993464, 21.065905916973076], [-99.44674113149011, 21.067150673992725], [-99.4469174950885, 21.068063393965627], [-99.44662368153165, 21.068519930977256], [-99.44562463552653, 21.068893809110882], [-99.44397909758092, 21.068645606787886], [-99.4433326331477, 21.068438439553542], [-99.44256833816813, 21.068314335950767], [-99.44180429213186, 21.068397601744586], [-99.44127538437422, 21.068771249665108], [-99.44080525401193, 21.069601271897803], [-99.44045265835443, 21.070472733759292], [-99.44021760776678, 21.071800545945383], [-99.44057025661135, 21.073045125481556], [-99.44092344773739, 21.073957781729472], [-99.44092328732467, 21.075078049838183], [-99.44062944887884, 21.07582501351915], [-99.44010051161011, 21.076157166999298], [-99.43874876488213, 21.07636519112821], [-99.43816104919559, 21.076655872172125], [-99.43769087787719, 21.077527376742754], [-99.43733824782383, 21.0790211966766], [-99.43669174328731, 21.080847062939167], [-99.43639787148074, 21.08196743808244], [-99.43675051449267, 21.082921587464433], [-99.43763213277973, 21.08346060958579], [-99.43851375555897, 21.08383366318612], [-99.43886641274102, 21.084497371043625], [-99.43839621967747, 21.085161422409467], [-99.43780846957267, 21.08553508443769], [-99.43745581938663, 21.086074611870806], [-99.43751460171778, 21.087526770615995], [-99.4378084916292, 21.088854359346424], [-99.43774971897874, 21.089476747517182], [-99.4374558357585, 21.08980879596888], [-99.43663292575474, 21.089892081526674], [-99.43551620197383, 21.088606344968337], [-99.43528110431399, 21.087735128904466], [-99.43498722948085, 21.087195863279277], [-99.43457580132936, 21.086905589120036], [-99.43387048732293, 21.08703033823246], [-99.43334149161285, 21.08752843498796], [-99.43334146857524, 21.08852421787983], [-99.43351777846217, 21.089436950473967], [-99.4339291951878, 21.09059853677946], [-99.43381161842055, 21.091718837905656], [-99.43345893587247, 21.092424320871533], [-99.43298869320702, 21.093129848413696], [-99.43257722027963, 21.094001315898527], [-99.43245964051572, 21.094789688466598], [-99.4321069420394, 21.095578150448134], [-99.43181303032787, 21.09603466207813], [-99.43116643983615, 21.09644981480608], [-99.43063741718176, 21.096574484990484], [-99.42993204664465, 21.096865182138835], [-99.42934422731335, 21.097280306417225], [-99.42934418897609, 21.09806863400725], [-99.42981439440884, 21.09889828050486], [-99.43028462259522, 21.09931301640526], [-99.43198923716334, 21.100308159055487], [-99.43210678361378, 21.10084749602054], [-99.43169529049257, 21.1015529974482], [-99.43010811918376, 21.10304726298709], [-99.42963785280777, 21.103213399555287], [-99.4290500245424, 21.103296595753896], [-99.42758046322949, 21.103297122849902], [-99.42705143684525, 21.103048364028158], [-99.42552324193841, 21.10105732961046], [-99.42417128588319, 21.1008088409407], [-99.41923338851939, 21.10296794757857], [-99.4181751935491, 21.10388106797724], [-99.41764605458188, 21.1046280623741], [-99.41688177153215, 21.10541661478757], [-99.41623508709073, 21.105914693405833], [-99.41458911676068, 21.1061226137596], [-99.41376617702814, 21.105915385792912], [-99.4033004888891, 21.11587575644699], [-99.39712812904051, 21.11459073514534], [-99.39618945517998, 21.107454444177367], [-99.39513133771422, 21.107454620396307], [-99.39242762603286, 21.106210309311347], [-99.39042932076384, 21.10509033335643], [-99.38831359972163, 21.103596928004137], [-99.3891954341334, 21.103306379879815], [-99.38990117627293, 21.102186029026672], [-99.39048935707329, 21.101024200125938], [-99.39125372183796, 21.1003602376361], [-99.39184151322195, 21.100277179167513], [-99.39360494728278, 21.10048436581452], [-99.39442779564709, 21.10081616588988], [-99.39630865331394, 21.101396731990306], [-99.3969552763469, 21.10131363890051], [-99.39736681478117, 21.10106462067442], [-99.39748453026635, 21.1004837251773], [-99.39713211482437, 21.099446510567333], [-99.39695600255887, 21.09857522883863], [-99.39701508025698, 21.09745495973535], [-99.39742671694121, 21.096791030681995], [-99.39889649174442, 21.09571199806856], [-99.39930821907053, 21.09463315375966], [-99.39919094170685, 21.093512916494124], [-99.39883857386724, 21.092309740144703], [-99.39819232259917, 21.09110661588611], [-99.3981925367044, 21.090276793859033], [-99.39836917846138, 21.089073520024574], [-99.39819323310354, 21.087579871711803], [-99.39596002201475, 21.086501488336058], [-99.3952548478189, 21.086003710406846], [-99.39454984270559, 21.084925053430446], [-99.39443284557449, 21.082974987847404], [-99.39484492230292, 21.08065141794521], [-99.39443390719529, 21.079240783054676], [-99.39355225850487, 21.078743044180527], [-99.39272960669089, 21.078826129196596], [-99.39155399417642, 21.079324191316722], [-99.39049587611213, 21.0795732396213], [-99.3896732627211, 21.079282951896655], [-99.38914439629893, 21.07899258057512], [-99.38855693358968, 21.078162829094264], [-99.38838127634617, 21.076129781184946], [-99.38844035853238, 21.075175476119725], [-99.38891115972321, 21.073225331332686], [-99.38926402386875, 21.072478445438858], [-99.38932303308687, 21.07173159592846], [-99.38926451506275, 21.07094326984566], [-99.38902966201078, 21.07023794802335], [-99.38861852986109, 21.069449664735533], [-99.38803105392435, 21.068785874885908], [-99.38761987612352, 21.0681635539297], [-99.3873850353803, 21.06745822941444], [-99.38667996600368, 21.067001904169665], [-99.3857983964326, 21.067126472156602], [-99.38503431902309, 21.067375497716533], [-99.38368228475888, 21.06837141779026], [-99.38227161528789, 21.068952419447623], [-99.38138989094097, 21.069450386245563], [-99.38050825495286, 21.069699400856962], [-99.37950893275587, 21.070321840427816], [-99.37780376921437, 21.07243800233562], [-99.37692200924783, 21.0729359462633], [-99.37492374873314, 21.073060513391063], [-99.37245538851514, 21.073019104873623]]]}}, {"type": "Feature", "id": 16, "properties": {"id": 16, "municipio": 16, "nombre": "San Juan del Río", "cve_mun": "016", "clave_entidad": 22}, "geometry": {"type": "Polygon", "coordinates": [[[-99.97039331011185, 20.49108770986754], [-99.96842618498847, 20.486190456479157], [-99.96796508617636, 20.484697229866367], [-99.96674619940202, 20.48245413428599], [-99.96689291345184, 20.476659087540867], [-99.9608940789907, 20.469791006946043], [-99.95980046114637, 20.466016833438008], [-99.96238319802002, 20.46499787047394], [-99.96337986359951, 20.464838447923334], [-99.9649603947175, 20.46505522988627], [-99.96549520867653, 20.463568137725915], [-99.96561976711928, 20.46211992487433], [-99.9668141114586, 20.45765612302249], [-99.96855031129192, 20.450297690059127], [-99.96761464019264, 20.45000211686395], [-99.96568304312368, 20.44974178065273], [-99.9632136906498, 20.4515480814917], [-99.96297515349184, 20.452374599290152], [-99.96262010537332, 20.45307619470587], [-99.96191233890008, 20.45402399987308], [-99.96114790579101, 20.454598851947857], [-99.96067654877744, 20.4551341221137], [-99.96038112346044, 20.455629084662522], [-99.9603199928549, 20.45612550297066], [-99.96055215952433, 20.4565409440907], [-99.95679591412073, 20.457966561557754], [-99.95430853704866, 20.451906647031493], [-99.95220787698584, 20.445059334613923], [-99.94912001498571, 20.44070628860522], [-99.94831964598565, 20.43998061160356], [-99.9497826309858, 20.440018750603826], [-99.9502643229858, 20.439964458603658], [-99.95004667698583, 20.43849699660067], [-99.94811252298567, 20.438788165601252], [-99.94760998498568, 20.439335134602352], [-99.93907239986005, 20.431584719649592], [-99.93746896898529, 20.43239988858824], [-99.93528799998529, 20.432969427589335], [-99.91322835398489, 20.444464104612326], [-99.9130517302883, 20.44485420488874], [-99.91300657035197, 20.4531340033344], [-99.91247985985291, 20.453047784604784], [-99.91241292743558, 20.454579166024466], [-99.91305611426529, 20.45479034207352], [-99.9129598446839, 20.461703586707763], [-99.91189122582742, 20.464304878544514], [-99.90445707878955, 20.463304255403223], [-99.88689379563263, 20.461408383501325], [-99.87784330635175, 20.46656459564189], [-99.87463301629398, 20.464514461626393], [-99.87357671614696, 20.46483858271455], [-99.86830274946777, 20.46513431657219], [-99.86702544227121, 20.46313845699703], [-99.86393968053673, 20.459846926775334], [-99.86218453331367, 20.459462430483647], [-99.86077845576763, 20.459494295458907], [-99.86013699168336, 20.45899312897114], [-99.85849757281908, 20.458857786653066], [-99.85294883943196, 20.466106562380823], [-99.84667404733918, 20.46722282886816], [-99.84549441069566, 20.46858096451993], [-99.86249794370084, 20.49057914487189], [-99.86603222232776, 20.48304557945261], [-99.86678955192264, 20.483795904240722], [-99.86816568916011, 20.489021681634743], [-99.86751956079664, 20.489307134106518], [-99.8669929834632, 20.48917938229504], [-99.86352866449802, 20.490480817932884], [-99.86253099014472, 20.49076387506865], [-99.83449023656418, 20.4866801395009], [-99.83059020081316, 20.478085361837337], [-99.8381654278272, 20.451085145645624], [-99.84269042512504, 20.41293288990302], [-99.84210208026833, 20.412780544077417], [-99.84250037476204, 20.40987960357065], [-99.84331652635281, 20.409779041481155], [-99.84626785600595, 20.382216697044043], [-99.8411153838312, 20.378880862368423], [-99.83245255972857, 20.358022987059094], [-99.83814856433608, 20.35148072091782], [-99.8389200423726, 20.35615882850022], [-99.84183300594948, 20.363455161351084], [-99.84827424838795, 20.364113376343802], [-99.8491173102009, 20.36196766100575], [-99.84842342826494, 20.36105370913876], [-99.84820581003609, 20.359439446640128], [-99.84510099430801, 20.35925579954286], [-99.84625252337824, 20.361247777909774], [-99.84303000968508, 20.36110476349633], [-99.84063153139468, 20.35505224972549], [-99.84104268635451, 20.354971958108738], [-99.84138698890992, 20.355677087925685], [-99.84180464829244, 20.35497645135798], [-99.84291438553252, 20.355355218246945], [-99.84249716366867, 20.356014501097643], [-99.84407754541111, 20.356230596897387], [-99.8454005529095, 20.358637178502015], [-99.84692321493718, 20.358770190831812], [-99.84577515692533, 20.35644736658064], [-99.84958499851197, 20.35646969500581], [-99.85047799196313, 20.355151439229953], [-99.84451640271304, 20.35350350082105], [-99.84529955641909, 20.35148152548367], [-99.85160843482981, 20.353545055278317], [-99.8540532594983, 20.349547524703944], [-99.85237682416927, 20.347304380850577], [-99.85184847731334, 20.347384013856665], [-99.85108008702129, 20.347999905799547], [-99.85049269594845, 20.348120548493775], [-99.84611123310658, 20.346730036890495], [-99.8463586425499, 20.345490726834033], [-99.83643168122786, 20.3419580156222], [-99.8328919360223, 20.338586919123347], [-99.82684584901183, 20.339460737645737], [-99.82555965482925, 20.333621412440756], [-99.82321934898373, 20.32219225982018], [-99.82548177062233, 20.313313630961293], [-99.83371351581994, 20.305132365430907], [-99.83742870863617, 20.308463170509754], [-99.83576496750824, 20.310645322596883], [-99.83756577688474, 20.312144936725534], [-99.8354336584087, 20.314282949240656], [-99.83705958523826, 20.315698809181747], [-99.83516180691304, 20.31783820968706], [-99.8368498499999, 20.318923566752943], [-99.83719435385264, 20.3251708151124], [-99.84835623616014, 20.322589672165655], [-99.84900774822421, 20.321931751176688], [-99.84909312488206, 20.319368003035702], [-99.84734596524183, 20.318323779599435], [-99.84682249848542, 20.30674020914338], [-99.84535114818941, 20.307351937366867], [-99.83366523745734, 20.298597339086484], [-99.84183720234233, 20.290415370987013], [-99.8376471415176, 20.287702207304406], [-99.83249059651912, 20.287754238578675], [-99.83513989719447, 20.276636424799193], [-99.84301939654596, 20.283435266244158], [-99.85732144117219, 20.268899246801695], [-99.85980995669773, 20.26959938172848], [-99.86221224465713, 20.2704930048193], [-99.87144492472912, 20.27567700395517], [-99.8721669546726, 20.274755296927083], [-99.87279334297891, 20.273684432817767], [-99.87319291554415, 20.272510050221374], [-99.87342922138903, 20.27147077804439], [-99.87667229352475, 20.271271264142296], [-99.88008802423312, 20.273085296682595], [-99.89793018810008, 20.279893021058328], [-99.90061821270514, 20.281427835746214], [-99.90778077213055, 20.285238490543147], [-99.90810954536124, 20.285011709563037], [-99.9089233816995, 20.284707506363095], [-99.90996668526789, 20.28447312718376], [-99.91054773037722, 20.284499111685182], [-99.91155628471462, 20.285023483487354], [-99.9126698203934, 20.2849882630859], [-99.91430813323976, 20.28520407173216], [-99.91536722926956, 20.284754951839485], [-99.91607978192224, 20.283807624675408], [-99.91714424661822, 20.282820866776405], [-99.91814721679269, 20.28212327375145], [-99.91862085456751, 20.281629568882487], [-99.92021212677136, 20.28068703565079], [-99.92010405357006, 20.279776563405274], [-99.92065650948668, 20.27725673087818], [-99.92118622837556, 20.277011475715877], [-99.92159671646498, 20.27697235921342], [-99.92278197771728, 20.27561400542335], [-99.92395855843121, 20.275124119528744], [-99.9240233253593, 20.2745040991127], [-99.92428698987526, 20.273881389888246], [-99.92415120860781, 20.27342948202812], [-99.92415698146566, 20.27285049840297], [-99.92535562983545, 20.272169613243012], [-99.92621098172518, 20.27083390392598], [-99.92643531319136, 20.26925579389097], [-99.92723212241522, 20.268857601499437], [-99.92757803172391, 20.268820139334988], [-99.92842841386955, 20.26895222482295], [-99.92871764966084, 20.268909122008395], [-99.92889947827196, 20.268795324576963], [-99.929091913027, 20.26834890795685], [-99.92938595527745, 20.268056356520255], [-99.92983083879857, 20.267835613417162], [-99.92877959161532, 20.249839085897307], [-99.92368507518216, 20.24968729035937], [-99.92233503073437, 20.249969428023647], [-99.92857560245805, 20.240904586395725], [-99.93128412998018, 20.23947173379935], [-99.92670787763771, 20.233222719888307], [-99.92697963924634, 20.232515504519675], [-99.9293358334326, 20.232788208422413], [-99.92979293561922, 20.232303738099564], [-99.93121668658547, 20.231525814850396], [-99.93314831036808, 20.230675426451942], [-99.93417599354727, 20.230473074497585], [-99.93595672917525, 20.230711886596353], [-99.93689749674412, 20.230143679359365], [-99.93771208492394, 20.22872878362648], [-99.9392399906687, 20.227182667702802], [-99.94086880086238, 20.226311589443384], [-99.94201640098106, 20.22593651255606], [-99.94336806863922, 20.225273542529422], [-99.94392377113363, 20.225086139519888], [-99.94998813981033, 20.225510271025584], [-99.95157170890941, 20.237223016698863], [-99.95096049038784, 20.23982533421799], [-99.95490419762184, 20.249813478738517], [-99.95824566278607, 20.255538473807796], [-99.96230454458599, 20.25378137685028], [-99.96527127975777, 20.255906129294374], [-99.96958690805336, 20.25787240443873], [-99.97016784804038, 20.258371712376317], [-99.97185571357635, 20.25949711949264], [-99.97452541500957, 20.262075099192597], [-99.97457880285843, 20.262613024431918], [-99.97498125493539, 20.26340089681652], [-99.97526456354824, 20.26439494182902], [-99.97531556195742, 20.265181000084883], [-99.9750178897057, 20.265675756540272], [-99.97588578296761, 20.266796887317458], [-99.97564628877656, 20.267333302213373], [-99.97574829341121, 20.268905417640887], [-99.97632969340715, 20.26936334648758], [-99.97679314248269, 20.269903381377098], [-99.9773757440191, 20.27023723979178], [-99.97718965148061, 20.271311579948577], [-99.97812134734889, 20.271895376468603], [-99.97853777085196, 20.271235794715494], [-99.9797707181298, 20.270952620621678], [-99.981061047716, 20.270793804633637], [-99.98171177089583, 20.270135416019702], [-99.98244170789518, 20.267326838295116], [-99.98398693524607, 20.265018714312507], [-99.98492852394038, 20.26456858802739], [-99.98612381755822, 20.262093231373175], [-99.98578583134623, 20.260685352568633], [-99.9865152620026, 20.257918115282344], [-99.98653426832927, 20.25593305002137], [-99.98507429335095, 20.255470671325888], [-99.98344138488444, 20.25471789270308], [-99.98094937751569, 20.251934170797586], [-99.98061146374519, 20.25052627756766], [-99.97974840751948, 20.24890889836048], [-99.97964280417021, 20.247708983505543], [-99.97982965476896, 20.2465519284848], [-99.98060378880037, 20.24523245777884], [-99.98067587793051, 20.243826666838537], [-99.97848211764929, 20.240506776488616], [-99.97810519259495, 20.237986836207213], [-99.97810235606518, 20.237489883516265], [-99.97856672376113, 20.236575811105556], [-99.97897168086772, 20.235537873685335], [-99.97979081401182, 20.235077092421726], [-99.98084140419358, 20.234035030332226], [-99.98130977805374, 20.233824967388433], [-99.98207376094793, 20.233985741457484], [-99.98295299672859, 20.23377304691275], [-99.98494862042556, 20.233760266794494], [-99.98612394676042, 20.234001214344413], [-99.98647945558969, 20.234578731216136], [-99.98695211899265, 20.235114080810533], [-99.98742096465992, 20.234986827033236], [-99.98794611524245, 20.234445068629817], [-99.98829493881712, 20.23386302826715], [-99.98852565353914, 20.233157504286183], [-99.98852254562523, 20.232619140245554], [-99.98904601029841, 20.23178749057638], [-99.98963031724202, 20.231328175287302], [-99.9934386819113, 20.230144028407516], [-99.99348944402865, 20.22877703449174], [-99.99641226765624, 20.226728845440654], [-99.99845947848767, 20.22551457218989], [-99.99951761764113, 20.225797605692236], [-100.00068975290674, 20.225500094958356], [-100.00197368801138, 20.22424932581236], [-100.00395897142684, 20.222497010824437], [-100.00430552151737, 20.2215422292229], [-100.00582488334443, 20.220414141274468], [-100.00687544254683, 20.219413345518166], [-100.0086943129053, 20.21931862822059], [-100.00980133399884, 20.217944720201785], [-100.01049801007406, 20.216656322557476], [-100.01224590130066, 20.214491334133893], [-100.01259410083634, 20.21382642507574], [-100.01809265336914, 20.210767033835555], [-100.01802632451025, 20.209483637779098], [-100.01943056861197, 20.20877033698894], [-100.02007066563755, 20.20785500358046], [-100.02077042835502, 20.20710492964809], [-100.02241358381525, 20.207094064470215], [-100.02388415900882, 20.207664122528254], [-100.02482211425642, 20.207492249837266], [-100.02558302076295, 20.20715589136514], [-100.02587097227106, 20.20624287430873], [-100.02693076311029, 20.206815632501915], [-100.03996877930946, 20.21803449628971], [-100.0376938050939, 20.22032752455049], [-100.03583110083981, 20.222866247180878], [-100.03554544492602, 20.224151986237494], [-100.04402625441024, 20.22889897880243], [-100.0452526868226, 20.22789677474176], [-100.04618819057102, 20.227310664941886], [-100.04764706811517, 20.225934151614634], [-100.0518376339851, 20.229715799789094], [-100.05359045073934, 20.228420069533595], [-100.04893137920327, 20.224807290863918], [-100.05021516117858, 20.223597597648553], [-100.0513866560747, 20.223216929510375], [-100.05279495021668, 20.223165953786175], [-100.05367170696523, 20.22258020500853], [-100.0547227292169, 20.221703371379178], [-100.0556594424544, 20.221324272981107], [-100.05671044488238, 20.220447428200742], [-100.06006780374757, 20.222370949130934], [-100.06748600863858, 20.226047296609117], [-100.06872188848361, 20.22657716581297], [-100.06802540320075, 20.227824362289045], [-100.06651345834283, 20.230071085088955], [-100.05679651502658, 20.243762641474277], [-100.07372691676318, 20.247704831709424], [-100.0757858195593, 20.24839459880868], [-100.08364854075515, 20.257078096893675], [-100.08452615245054, 20.256616426545904], [-100.08552566845253, 20.25685792273934], [-100.08652677965526, 20.25734788044732], [-100.08741102441458, 20.257921476374154], [-100.08782619000559, 20.258581178893863], [-100.0947690940639, 20.261017204852187], [-100.09273238716128, 20.263806207117035], [-100.09045945538548, 20.2663897809615], [-100.08644093503293, 20.271428918377946], [-100.08289077177646, 20.27629905092298], [-100.07765700652573, 20.284203979382877], [-100.07596777176886, 20.28632777849421], [-100.0783365885236, 20.289500122762124], [-100.08016306260332, 20.290481320862163], [-100.08268857199882, 20.290587947983475], [-100.08208031143883, 20.296472833904524], [-100.07802833933893, 20.2964182388347], [-100.07727240270408, 20.29758305911482], [-100.07546217060677, 20.299169328062522], [-100.07776297212915, 20.300851273756525], [-100.07812003083454, 20.30159422342643], [-100.07895714305852, 20.303948935641774], [-100.07926025106238, 20.305437690805512], [-100.07997202953189, 20.30655088098456], [-100.08091631949489, 20.3072897299479], [-100.08221347379194, 20.308108935723006], [-100.08333500851761, 20.309012184534787], [-100.08346943636349, 20.31166166882419], [-100.0838908481472, 20.313273823950155], [-100.08395700725447, 20.3144329211208], [-100.08295977267166, 20.314605544300065], [-100.08255136133477, 20.315022526529095], [-100.08226278162196, 20.315811386697437], [-100.08215169728258, 20.316806071157842], [-100.08655600912509, 20.316775255168555], [-100.08637504402625, 20.316031092848167], [-100.08607689988764, 20.31532916406222], [-100.08595306565017, 20.314336123788717], [-100.08653337464017, 20.31325532411007], [-100.08728504708445, 20.311427890215853], [-100.08780208385102, 20.309643512296464], [-100.08773430103435, 20.308235951355545], [-100.08677772843212, 20.305592235446028], [-100.08647720990471, 20.304517606665357], [-100.08728144024492, 20.301737308407365], [-100.08809470398164, 20.300364981070107], [-100.08891275399631, 20.299738048311934], [-100.09037775677793, 20.299272218512368], [-100.09037535321863, 20.298899519723463], [-100.0912566470548, 20.29897615054074], [-100.09202237940443, 20.299343479888396], [-100.09702357199069, 20.300881904198516], [-100.09728540792496, 20.301141477529914], [-100.0966699608511, 20.303058966851687], [-100.09604785237704, 20.302914520544114], [-100.09517644300712, 20.305330559045924], [-100.09442302297637, 20.305520702130032], [-100.09361979810518, 20.307905942643167], [-100.09489997658655, 20.309619417334734], [-100.09311876277886, 20.314600063233932], [-100.11193857487365, 20.314324732797758], [-100.11269516899797, 20.314395152723534], [-100.12546395399846, 20.31731309072567], [-100.13064536899876, 20.31861686072662], [-100.13062706199877, 20.318734429726682], [-100.13300670799882, 20.319333413727122], [-100.13304447699879, 20.319278906727106], [-100.13537863099897, 20.320185383727768], [-100.13551926199891, 20.319768860727496], [-100.13583135399894, 20.319224736727108], [-100.13607846199893, 20.318961121726883], [-100.13719299999907, 20.318131690726258], [-100.13772347699904, 20.3178985987261], [-100.14329315399935, 20.32323282972994], [-100.14348284599937, 20.32297861372979], [-100.14472366199942, 20.322392244729407], [-100.1462555379995, 20.32230993672935], [-100.14721527699948, 20.32257469072954], [-100.14862187699956, 20.321862029729033], [-100.14870485433951, 20.321918716021496], [-100.1483155907772, 20.322377630400847], [-100.14972952097415, 20.323029806355258], [-100.15073210125242, 20.323643593736318], [-100.1516178055553, 20.32434106216146], [-100.15527132045598, 20.326136178555593], [-100.15704194901025, 20.327406831046083], [-100.15833850503185, 20.32805980395035], [-100.15934200772678, 20.328797767978656], [-100.16275879175096, 20.330304593960943], [-100.16335094673852, 20.33100418500438], [-100.16406314807985, 20.332075585945592], [-100.16506641563481, 20.332772104428336], [-100.16630460711771, 20.333466862032203], [-100.16778204861421, 20.334780999275186], [-100.16831609069301, 20.33556382982396], [-100.1697380157745, 20.337333894230856], [-100.17062041305427, 20.337534341476893], [-100.1712667344983, 20.337570907498666], [-100.17179704238801, 20.337815400570847], [-100.17250528021292, 20.3383070271867], [-100.17280211834529, 20.3387603283937], [-100.17415263244102, 20.338708771116178], [-100.17486088141581, 20.33920038756768], [-100.17557203861308, 20.340106096605165], [-100.17598344661606, 20.340144412158566], [-100.17385070140917, 20.34591668709565], [-100.17298274286523, 20.347786737712063], [-100.17233637874482, 20.347750180185816], [-100.17011228917414, 20.348884982922687], [-100.1720042453197, 20.35065149629382], [-100.17377239066366, 20.351507859984224], [-100.17436496948832, 20.35224881517818], [-100.17721571528905, 20.356699811912534], [-100.18116688917269, 20.358906208226063], [-100.183398641733, 20.358847906414045], [-100.18677366768183, 20.3616354649431], [-100.1902248254465, 20.361767410466932], [-100.19104380758354, 20.36094273859679], [-100.19238901287281, 20.363384143291263], [-100.1937481752472, 20.36395256981177], [-100.19646907622061, 20.366465739816224], [-100.19488063551493, 20.369947595537614], [-100.18789472475198, 20.373957469379107], [-100.15792004105917, 20.4153481316561], [-100.14156755119363, 20.41456677720361], [-100.13729057653386, 20.431058454673252], [-100.1366450036515, 20.431098402360522], [-100.13440437761534, 20.43731658897815], [-100.12930835998267, 20.431869021259075], [-100.13266843929631, 20.423122680018594], [-100.12921279331415, 20.419463127467523], [-100.12148757410766, 20.44072879385111], [-100.12383441776343, 20.441066511695226], [-100.12477339405827, 20.441068820839472], [-100.12547946859527, 20.440033291763882], [-100.12624591006998, 20.438043626856476], [-100.12624826322217, 20.43671593694492], [-100.12607537518012, 20.434931421905787], [-100.12690215875035, 20.431987620907172], [-100.12789998109405, 20.431865588418002], [-100.12842410762667, 20.434148843765804], [-100.12971252546687, 20.435645636234614], [-100.13017880675274, 20.437472348041098], [-100.13064770434653, 20.437805408678948], [-100.13117608298901, 20.437682217292164], [-100.13187965016878, 20.438057332782602], [-100.13405055660206, 20.43831150783208], [-100.13340309060568, 20.439430190538925], [-100.13146662129095, 20.439342536997927], [-100.12558704597231, 20.445551788512926], [-100.1238880650664, 20.443887997558328], [-100.11514650561541, 20.44233111496702], [-100.11197626567396, 20.442945483991377], [-100.10992261152035, 20.442732823814794], [-100.1072828788815, 20.442103734592], [-100.10552346318573, 20.441476866256327], [-100.10353066889736, 20.44014403459915], [-100.10200547230178, 20.439808168229387], [-100.09559612305411, 20.446181057407447], [-100.09295563667655, 20.445925167095528], [-100.08971213745232, 20.453716871659427], [-100.09258537965208, 20.455052180953654], [-100.09299375606957, 20.456297982570437], [-100.09246140818811, 20.458371121187945], [-100.09281151126297, 20.459409314632236], [-100.0931371738279, 20.472811696489046], [-100.09085255252849, 20.470482192194318], [-100.08791949862322, 20.46956161897961], [-100.08715935821861, 20.46810741594572], [-100.0852220232834, 20.4682682070042], [-100.08539626433242, 20.469181472316553], [-100.08398043494871, 20.472662914543978], [-100.08397705866163, 20.474322540289364], [-100.07770750795233, 20.46887030476275], [-100.0761266624504, 20.466957414269025], [-100.07530404111543, 20.467370078204176], [-100.07536091517781, 20.468241544762474], [-100.07346908114008, 20.474667472824304], [-100.07252568911582, 20.47665645264737], [-100.06941695093775, 20.475527630437586], [-100.0684697832962, 20.479259204191887], [-100.06740880714842, 20.48128932511127], [-100.06693545635419, 20.483030635361885], [-100.06505794604458, 20.482569011306186], [-100.0605389181345, 20.482058464209572], [-100.05736449388688, 20.48408257177521], [-100.04960759252491, 20.48320655716886], [-100.04815198528017, 20.48231361421584], [-100.0470993841117, 20.480526449004866], [-100.04498278428798, 20.48197251330498], [-100.04251459163481, 20.48312708889669], [-100.04079388815454, 20.49104690952534], [-100.04144099693094, 20.490467922050875], [-100.04596089471951, 20.49068852060159], [-100.04807562941345, 20.49011375152539], [-100.04878375333189, 20.488497632916573], [-100.04937146067873, 20.488208885245765], [-100.05160076907961, 20.48887914101055], [-100.05189587428279, 20.488174635049596], [-100.05271617100792, 20.488882330403804], [-100.0533039642331, 20.48855207877193], [-100.05383064947003, 20.489300421781728], [-100.05822709060513, 20.492258763630907], [-100.05916757636165, 20.491722032225667], [-100.05999091506996, 20.491060493160372], [-100.06274848158276, 20.49181506907692], [-100.06732792626099, 20.49166185588118], [-100.06726505329607, 20.493611758269292], [-100.0683216895338, 20.493656173947507], [-100.06908346917643, 20.494322133911957], [-100.06219700527546, 20.502476721384266], [-100.06190048449751, 20.50384509495541], [-100.06488012619816, 20.51065792500897], [-100.06528222736921, 20.51480813440199], [-100.06557358206342, 20.515846215593953], [-100.06533321095995, 20.518417984488753], [-100.06561605605594, 20.52343916538907], [-100.06625850529393, 20.525059088026257], [-100.05814428077713, 20.533375769556233], [-100.06342197836173, 20.532618822753], [-100.06707866818128, 20.540587684231596], [-100.04554909588938, 20.545185767212637], [-100.0455235379939, 20.545722474740426], [-100.03880841499037, 20.546905227591264], [-100.03649784599023, 20.54738802759227], [-100.03647393799027, 20.5472084585919], [-100.03461183098996, 20.54625171958979], [-100.03416275391933, 20.5412785995381], [-100.0343159793829, 20.540940170417166], [-100.03648610327757, 20.540580075319568], [-100.03597093140493, 20.537927609002246], [-100.03415304635348, 20.538165531115897], [-100.0327544431512, 20.523874956526424], [-100.03110439606918, 20.525852550836657], [-100.02928703031827, 20.526007621445007], [-100.02764429443063, 20.5264120790356], [-100.02341884592055, 20.527712256284357], [-100.01936853564416, 20.529137555141336], [-100.01249456087167, 20.532781687350436], [-100.01382896876083, 20.535604661331934], [-100.00661432372618, 20.536886838051505], [-99.99528936079804, 20.515830054629646], [-99.99482221497497, 20.51549606032716], [-99.98987579955173, 20.520392824488546], [-99.98765767950272, 20.51864067959632], [-99.99826215817625, 20.495065484109215], [-99.97039331011185, 20.49108770986754]]]}}, {"type": "Feature", "id": 17, "properties": {"id": 17, "municipio": 17, "nombre": "Tequisquiapan", "cve_mun": "017", "clave_entidad": 22}, "geometry": {"type": "Polygon", "coordinates": [[[-99.97039331011185, 20.49108770986754], [-99.99826215817625, 20.495065484109215], [-99.98765767950272, 20.51864067959632], [-99.98987579955173, 20.520392824488546], [-99.99482221497497, 20.51549606032716], [-99.99528936079804, 20.515830054629646], [-100.00661432372618, 20.536886838051505], [-100.01382896876083, 20.535604661331934], [-100.01249456087167, 20.532781687350436], [-100.01936853564416, 20.529137555141336], [-100.02341884592055, 20.527712256284357], [-100.02764429443063, 20.5264120790356], [-100.02928703031827, 20.526007621445007], [-100.03110439606918, 20.525852550836657], [-100.0327544431512, 20.523874956526424], [-100.03415304635348, 20.538165531115897], [-100.03597093140493, 20.537927609002246], [-100.03648610327757, 20.540580075319568], [-100.0343159793829, 20.540940170417166], [-100.03416275391933, 20.5412785995381], [-100.03461183098996, 20.54625171958979], [-100.03647393799027, 20.5472084585919], [-100.03649784599023, 20.54738802759227], [-100.03880841499037, 20.546905227591264], [-100.0455235379939, 20.545722474740426], [-100.04554909588938, 20.545185767212637], [-100.06707866818128, 20.540587684231596], [-100.06342197836173, 20.532618822753], [-100.05814428077713, 20.533375769556233], [-100.06625850529393, 20.525059088026257], [-100.0665511531422, 20.52613166477654], [-100.0678381038314, 20.527801846318468], [-100.06877411158212, 20.529464056695094], [-100.07086976629229, 20.532184825996765], [-100.0744635368232, 20.532591420784385], [-100.08132578801906, 20.5366345231608], [-100.08525457580086, 20.53946635220935], [-100.0847064873811, 20.549215170586912], [-100.07912725152411, 20.549241767694728], [-100.07727927076671, 20.562596757010027], [-100.07610460860289, 20.562593590716975], [-100.0753112434671, 20.577071640647546], [-100.06376012636224, 20.57517791420638], [-100.06530136427153, 20.58454243690196], [-100.06551184389764, 20.58996673011227], [-100.06361830577961, 20.607136284119605], [-100.06401477898814, 20.610284724651727], [-100.0640105612474, 20.611236850074086], [-100.06349711250712, 20.621252248063087], [-100.06631326731228, 20.620895326018076], [-100.06725143502261, 20.620900531952866], [-100.07761176806858, 20.62513883430375], [-100.07964757693391, 20.64253692128408], [-100.06231834119073, 20.649064924641248], [-100.02906228532427, 20.64962178706799], [-100.02917784833511, 20.6499950349332], [-100.01304650518695, 20.650605173639274], [-100.00441395158558, 20.652914156185954], [-100.00507240952012, 20.650144350356832], [-100.00819716680375, 20.64672668830433], [-100.01654881294262, 20.641725010009054], [-100.0158083998212, 20.63708408278484], [-100.01281251641264, 20.63814291991578], [-99.97851705550858, 20.635785939324094], [-99.97611933593751, 20.634446641864624], [-99.97551016803479, 20.633716381354116], [-99.97486782137307, 20.63329992722822], [-99.9740491757449, 20.632965170549912], [-99.9731700291775, 20.632960576547934], [-99.97176481768382, 20.63270536190912], [-99.97123875457599, 20.632454744071715], [-99.97136000853722, 20.631753102457886], [-99.9708334744093, 20.63158510153962], [-99.97107194775032, 20.63088407445408], [-99.96872758687978, 20.630871772128707], [-99.96638203149088, 20.631065984026858], [-99.96163948854692, 20.630214724876762], [-99.95566838620857, 20.628984993163993], [-99.95626556739403, 20.620448404303744], [-99.95589823090461, 20.620868018106723], [-99.95489799791643, 20.62152420887203], [-99.95360584723994, 20.621930188608726], [-99.95290049181659, 20.62225700440703], [-99.95067333370093, 20.6220361683028], [-99.94955815013401, 20.62223622328958], [-99.94861801861659, 20.62260295911082], [-99.94738619633887, 20.622678075754923], [-99.94714584470019, 20.62379435458498], [-99.94667179508295, 20.62474357740817], [-99.9450963067321, 20.623243361788493], [-99.94129955073589, 20.620404428236597], [-99.93837161073405, 20.619640840962152], [-99.93305013811938, 20.627969947154295], [-99.93229350717995, 20.62688877910087], [-99.93177494732461, 20.625146723867193], [-99.92760762044625, 20.62586548718795], [-99.92939381853475, 20.631838339607924], [-99.91836230460977, 20.63305141978631], [-99.90580544551531, 20.612850281690058], [-99.90077288347261, 20.61099598928974], [-99.90214758473037, 20.606243957519904], [-99.89460284339184, 20.602799910828924], [-99.89708979666618, 20.598386393175492], [-99.89416705884477, 20.596794061656286], [-99.89722662592098, 20.584228500457055], [-99.89652634640153, 20.58364431846241], [-99.89505823726918, 20.584090103487362], [-99.89423406328304, 20.584705700749314], [-99.89118355361228, 20.58489053325376], [-99.88894435890472, 20.585374843809337], [-99.88859346017672, 20.586945622051694], [-99.88689496055149, 20.586644619734127], [-99.88664656972136, 20.58912698634578], [-99.88582302931754, 20.589618349691847], [-99.88476289108573, 20.590480746271307], [-99.88470124846405, 20.59101854017796], [-99.88440602739375, 20.59138918910865], [-99.8839937837036, 20.59171766336482], [-99.88381488424946, 20.592254681302254], [-99.8839281902789, 20.59295923281915], [-99.8843334741604, 20.593872715706684], [-99.8843299926812, 20.594493694175704], [-99.88409432086975, 20.59469913611328], [-99.88344360646057, 20.595729833746617], [-99.88326516568671, 20.59618405398093], [-99.8833203088615, 20.596805420425483], [-99.88290990830464, 20.596802703995632], [-99.88290804865531, 20.59713389250478], [-99.87998220705022, 20.596120895134153], [-99.87863375313388, 20.596111939808814], [-99.87804653363163, 20.59627363734108], [-99.87740302374624, 20.59602095679136], [-99.87664132260971, 20.5959330877483], [-99.87605902210807, 20.59522540739221], [-99.87583341649443, 20.593650697194057], [-99.87566034728326, 20.593152741684808], [-99.87461608799438, 20.591199970117636], [-99.875847246565, 20.591208177172675], [-99.8731548905678, 20.590403613566107], [-99.87185360164376, 20.590726233156946], [-99.87079738225604, 20.590884769361725], [-99.86511440401469, 20.59018424092773], [-99.86434081615617, 20.589849536750286], [-99.85703215578516, 20.590377989477748], [-99.85656194574288, 20.59058180695923], [-99.85579668249095, 20.5911148269548], [-99.85579980032759, 20.590576642330152], [-99.85615947137319, 20.589212865401525], [-99.85149059669725, 20.58553791696359], [-99.84765550350618, 20.579674295859633], [-99.84725774311991, 20.57751874809765], [-99.84498995692857, 20.574356792265267], [-99.84898461333151, 20.572935070680494], [-99.85319706181203, 20.574371379223624], [-99.85498041734601, 20.57011923772574], [-99.85721631780643, 20.568685384250266], [-99.85809654833287, 20.56852574477537], [-99.85880164038788, 20.56824071420483], [-99.85991705495236, 20.567958455571762], [-99.86115113230667, 20.567428588446266], [-99.86267066596092, 20.568225453878647], [-99.86430816472601, 20.568898898467676], [-99.86477402134221, 20.56944024137902], [-99.86974436001468, 20.569929150461533], [-99.87111320092953, 20.557725091180235], [-99.85637945553951, 20.551250065054916], [-99.85279137738837, 20.55341991391688], [-99.85126793720492, 20.55332673700119], [-99.85518587427681, 20.544824859556417], [-99.85641714570019, 20.544750420056477], [-99.8567700000904, 20.544545811487552], [-99.85683076891604, 20.54417361794426], [-99.85724199031864, 20.54401080517124], [-99.85753503420868, 20.54401279267405], [-99.85835340088104, 20.54439094617493], [-99.86093290916696, 20.54428420543644], [-99.86163788607348, 20.543999166667582], [-99.86205005579758, 20.543670746736876], [-99.86258397115711, 20.542556536694356], [-99.86258778638248, 20.541894152868966], [-99.86247367089538, 20.541355174381344], [-99.86172036385922, 20.539859662953663], [-99.86131202435968, 20.539525697734653], [-99.86054965494591, 20.53960334304872], [-99.85984445645877, 20.539929775911588], [-99.85925599081239, 20.54033979792939], [-99.85895313705878, 20.542035173058718], [-99.85818620062062, 20.54289938991141], [-99.8573642446393, 20.543142220695486], [-99.85648559805584, 20.543053457586456], [-99.8557813358493, 20.543214278492993], [-99.85519308702932, 20.543582888347622], [-99.85472157180853, 20.544035091226153], [-99.85436703115849, 20.54452948901401], [-99.85413403936751, 20.544279500505006], [-99.85401850672453, 20.543988909918742], [-99.8530250491047, 20.54348534143774], [-99.85261768224228, 20.5429857592776], [-99.85162568391335, 20.542233787852247], [-99.84969451738624, 20.54172380527367], [-99.84917237106671, 20.54080942300522], [-99.84852841367984, 20.540680820923303], [-99.84840950250147, 20.54096981357507], [-99.84840659516122, 20.541466602883737], [-99.84822883286311, 20.541796593943868], [-99.84804840381295, 20.542581975008943], [-99.84657712647171, 20.543606929705614], [-99.84575441733189, 20.543973903542422], [-99.84534026587828, 20.544633478908278], [-99.84486896071769, 20.545044256935757], [-99.84463160438905, 20.545539439333286], [-99.84415980781911, 20.546033013795544], [-99.8428100786026, 20.54631355764832], [-99.84193093135613, 20.546307519395764], [-99.8412874440638, 20.546096092794034], [-99.84076410937102, 20.54538868018228], [-99.84023735733916, 20.545260853960674], [-99.8397091386191, 20.545381421063503], [-99.83877261089604, 20.545167967283913], [-99.83754181299518, 20.545159483477878], [-99.83654373458509, 20.545442403520468], [-99.83595518317385, 20.545852349074764], [-99.83531023057593, 20.545889295073863], [-99.83455051777106, 20.545511436337097], [-99.83134007231024, 20.543294960821978], [-99.82829266265341, 20.543232406034814], [-99.8254819245273, 20.54279883742266], [-99.82431174137645, 20.542459472925255], [-99.8225033509929, 20.54103921683099], [-99.82045232001164, 20.540983478458653], [-99.8185733589708, 20.54154993801022], [-99.81692731285332, 20.542366418735007], [-99.81581575816148, 20.54202740707983], [-99.81623053427245, 20.541285099252434], [-99.81635051064518, 20.540830529157894], [-99.81612009430805, 20.54016649345738], [-99.8158288129921, 20.539874640069474], [-99.8151257725427, 20.539828299916444], [-99.81525353929477, 20.53809034964897], [-99.8146081084387, 20.538210016483518], [-99.8147343720971, 20.53672046248992], [-99.81286400336408, 20.53587927939968], [-99.81240044667315, 20.535006589668185], [-99.81506837083033, 20.52997441901265], [-99.81466015540515, 20.52964033913445], [-99.8151908563641, 20.529105855068472], [-99.81532967585001, 20.525546327715603], [-99.81480451933018, 20.52517002420374], [-99.8127220664312, 20.520684030884652], [-99.81191427586513, 20.518608273460764], [-99.81402889504643, 20.517795146452094], [-99.81479143981421, 20.51767630890191], [-99.81626119119558, 20.516900018960296], [-99.81678958513749, 20.516738126138325], [-99.8172636441239, 20.515872029329728], [-99.81761799369285, 20.515419103425604], [-99.81820598180862, 20.515092019930186], [-99.8181536500128, 20.51405662201524], [-99.81833044580543, 20.513892257516655], [-99.82367056095447, 20.51264620339054], [-99.82673102648242, 20.51043189236765], [-99.8267350006708, 20.509769501556175], [-99.82821651843635, 20.5070059420152], [-99.83106691182758, 20.500691384721666], [-99.83124714020104, 20.499947415702174], [-99.83148472293836, 20.499410850549097], [-99.83363424307431, 20.49267737599231], [-99.83334721805333, 20.49168175769832], [-99.83449023656418, 20.4866801395009], [-99.86253099014472, 20.49076387506865], [-99.86352866449802, 20.490480817932884], [-99.8669929834632, 20.48917938229504], [-99.86751956079664, 20.489307134106518], [-99.86816568916011, 20.489021681634743], [-99.86678955192264, 20.483795904240722], [-99.86603222232776, 20.48304557945261], [-99.86249794370084, 20.49057914487189], [-99.84549441069566, 20.46858096451993], [-99.84667404733918, 20.46722282886816], [-99.85294883943196, 20.466106562380823], [-99.85849757281908, 20.458857786653066], [-99.86013699168336, 20.45899312897114], [-99.86077845576763, 20.459494295458907], [-99.86218453331367, 20.459462430483647], [-99.86393968053673, 20.459846926775334], [-99.86702544227121, 20.46313845699703], [-99.86830274946777, 20.46513431657219], [-99.87357671614696, 20.46483858271455], [-99.87463301629398, 20.464514461626393], [-99.87784330635175, 20.46656459564189], [-99.88689379563263, 20.461408383501325], [-99.90445707878955, 20.463304255403223], [-99.91189122582742, 20.464304878544514], [-99.9129598446839, 20.461703586707763], [-99.91305611427202, 20.45479034158937], [-99.91241292743558, 20.454579166024466], [-99.91247985985291, 20.453047784604784], [-99.91300657035197, 20.4531340033344], [-99.9130517302883, 20.44485420488874], [-99.91322835398489, 20.444464104612326], [-99.93528799998529, 20.432969427589335], [-99.93746896898529, 20.43239988858824], [-99.93907239998539, 20.431584719586656], [-99.94760998498568, 20.439335134602352], [-99.94811252298567, 20.438788165601252], [-99.95004667698583, 20.43849699660067], [-99.9502643229858, 20.439964458603658], [-99.9497826309858, 20.440018750603826], [-99.94831964598565, 20.43998061160356], [-99.94912001498571, 20.44070628860522], [-99.95220787698584, 20.445059334613923], [-99.95430853704866, 20.451906647031493], [-99.95679591412073, 20.457966561557754], [-99.96055215952433, 20.4565409440907], [-99.9603199928549, 20.45612550297066], [-99.96038112346044, 20.455629084662522], [-99.96067654877744, 20.4551341221137], [-99.96114790579101, 20.454598851947857], [-99.96191233890008, 20.45402399987308], [-99.96262010537332, 20.45307619470587], [-99.96297515349184, 20.452374599290152], [-99.9632136906498, 20.4515480814917], [-99.96568304312368, 20.44974178065273], [-99.96761464019264, 20.45000211686395], [-99.96855031129192, 20.450297690059127], [-99.9668141114586, 20.45765612302249], [-99.96561976711928, 20.46211992487433], [-99.96549520867653, 20.463568137725915], [-99.9649603947175, 20.46505522988627], [-99.96337986359951, 20.464838447923334], [-99.96238319802002, 20.46499787047394], [-99.95980046114637, 20.466016833438008], [-99.9608940789907, 20.469791006946043], [-99.96689291345184, 20.476659087540867], [-99.96674619940202, 20.48245413428599], [-99.96796508617636, 20.484697229866367], [-99.96842618498847, 20.486190456479157], [-99.97039331011185, 20.49108770986754]]]}}, {"type": "Feature", "id": 18, "properties": {"id": 18, "municipio": 18, "nombre": "Tolimán", "cve_mun": "018", "clave_entidad": 22}, "geometry": {"type": "Polygon", "coordinates": [[[-100.09209976613771, 20.930920799591377], [-100.06449940089782, 20.935636123451047], [-100.06108570968249, 20.93628220546617], [-100.07211675039605, 20.941660721242762], [-100.0768154890498, 20.942961976200476], [-100.0768110217966, 20.943953619287292], [-100.0739553859341, 20.95121345833932], [-100.0723603972591, 20.95277667328303], [-100.06835354356936, 20.954453323285186], [-100.06971166229467, 20.966193919875202], [-100.0718256686815, 20.966946854333518], [-100.0730568861865, 20.967819896621414], [-100.07457660946787, 20.969933751915544], [-100.07762193855582, 20.972880547095876], [-100.07630804122408, 20.977296032629287], [-100.0728210191486, 20.980958370204977], [-100.0695168653807, 20.983175267309726], [-100.07021767611, 20.984293930585178], [-100.07291065640034, 20.987156626425694], [-100.07366809896706, 20.988771347016293], [-100.07354727928204, 20.989473249248068], [-100.07330974055172, 20.989968051303343], [-100.07271887407327, 20.99054396263974], [-100.07224677542891, 20.99087247182559], [-100.07165234900263, 20.992233427242976], [-100.07041830990511, 20.99193884176856], [-100.06850973089463, 20.9942125534369], [-100.06023940468786, 21.005116505574893], [-100.06094006874143, 21.00627652112181], [-100.06169199596351, 21.00908952399302], [-100.06286241232785, 21.010458184969938], [-100.06385445963149, 21.012239247841066], [-100.06408658671745, 21.012942687345088], [-100.06413862552017, 21.014430402102597], [-100.06407658139248, 21.015132555426074], [-100.06466116217857, 21.015961490791156], [-100.06518842118268, 21.016459621147124], [-100.0661245246745, 21.017620636600228], [-100.06729786791834, 21.01836948802356], [-100.06845078689751, 21.023622012884434], [-100.06708679426983, 21.025971267934295], [-100.0617687169393, 21.030865021969728], [-100.05848252826212, 21.028908602794157], [-100.05754221817361, 21.02865654916566], [-100.05654211699154, 21.028610822072388], [-100.05571796546056, 21.02868982342277], [-100.05501053890917, 21.0289759323988], [-100.05342413406045, 21.02847308418464], [-100.05242863802495, 21.027435693007806], [-100.05078553234861, 21.026478056228306], [-100.048317535032, 21.025764641049282], [-100.04809028471637, 21.024028219168915], [-100.04626898494848, 21.02344161364781], [-100.04456362936696, 21.023227381391177], [-100.04344841400288, 21.02264390828388], [-100.04109974730024, 21.021600364422387], [-100.03980862904989, 21.020892115754386], [-100.03810507156582, 21.020305950493785], [-100.03563958754117, 21.019096521566347], [-100.03393980884046, 21.017725260242084], [-100.03270719778706, 21.017099859239366], [-100.03112751414243, 21.015233280108568], [-100.02919109008482, 21.014150123246225], [-100.0184856504032, 21.01356364483617], [-100.01842379464603, 21.014183152974905], [-100.01748222367598, 21.01422010204262], [-100.01882799667514, 21.01575517478635], [-100.01929486535832, 21.016542412014086], [-100.01970089260124, 21.01774256233453], [-100.01892132730822, 21.02075528454907], [-100.01738528673374, 21.022029068506992], [-100.0151380956945, 21.024332521871855], [-100.01366285171164, 21.02519336102679], [-100.01307181683829, 21.025727759462246], [-100.01253698122378, 21.02679957436702], [-100.01199686107826, 21.028945674856196], [-100.01128649725138, 21.029810067699117], [-100.01221721365424, 21.03200435985672], [-100.01244244471508, 21.034071394306938], [-100.01237954537427, 21.034897493635903], [-100.01190453376742, 21.035762988270324], [-100.01166590963355, 21.036422987911948], [-100.01177690176344, 21.037787054665888], [-100.0110605509779, 21.039849695687124], [-99.9912180746648, 21.042028368193876], [-99.97655922481353, 21.04311447079427], [-99.9740744069138, 21.04566417938842], [-99.97254028481136, 21.04644175132425], [-99.97124560930983, 21.046435403341334], [-99.970356662585, 21.047629321967403], [-99.96959226402133, 21.04750160531648], [-99.96900033678365, 21.04815981598918], [-99.96782445772175, 21.04794747910532], [-99.96634887392034, 21.04876655313585], [-99.96575692717143, 21.049424753156316], [-99.96563620954377, 21.050002639012046], [-99.96527793255402, 21.05099255265346], [-99.96386378602219, 21.051316121102406], [-99.96344793969772, 21.052057825511948], [-99.96162636787533, 21.0515116343498], [-99.96050516157136, 21.052084549882423], [-99.95778864386448, 21.053847800708844], [-99.95713582643764, 21.054877551442786], [-99.95736622783359, 21.05582906544103], [-99.9490244209729, 21.063968687360596], [-99.94954907001427, 21.06492169308814], [-99.9486049460207, 21.065371465165846], [-99.94741745525943, 21.067307535566822], [-99.94707335028686, 21.06561166877319], [-99.94512245756147, 21.067213309882895], [-99.94358352926274, 21.06881701648823], [-99.94133071509691, 21.07182197921956], [-99.9408045361256, 21.071158182266373], [-99.94039674624113, 21.070371024047272], [-99.94016731482705, 21.06925420850162], [-99.9400584940464, 21.0676008409088], [-99.93966496067813, 21.064169248288376], [-99.9381997962713, 21.06300481621129], [-99.93644551718293, 21.060888523952112], [-99.93628672913776, 21.046714815048713], [-99.92614180435247, 21.050836002146585], [-99.92536926011988, 21.052195585680376], [-99.92524385079933, 21.053599837285603], [-99.9245358084643, 21.053926736107638], [-99.92417928995938, 21.054544698268742], [-99.9225245933134, 21.05577573496613], [-99.92139978012727, 21.056968190698072], [-99.9216869936324, 21.058250622640745], [-99.92084640670366, 21.061262659157265], [-99.92119179816652, 21.06266935542712], [-99.92206417600123, 21.06457463420907], [-99.92193372680329, 21.066887909686866], [-99.92257479756157, 21.068048212470472], [-99.92157739618817, 21.067464547589424], [-99.91834775350537, 21.066084163651002], [-99.91752718090443, 21.06546007467553], [-99.91694661880166, 21.064010821787164], [-99.91683256752631, 21.063349095761353], [-99.91613430973118, 21.061899224361248], [-99.91508270582538, 21.060488821067164], [-99.91461415972857, 21.060073161293417], [-99.91408607243712, 21.059781150245577], [-99.91290964347873, 21.05965119613282], [-99.91220639900106, 21.059110159387608], [-99.91179718011276, 21.05861216130842], [-99.91140755063601, 21.05460200116992], [-99.91111628316091, 21.054063299825064], [-99.91041281992203, 21.053563749743894], [-99.90953048964342, 21.05347646499952], [-99.90923527381645, 21.053640170686286], [-99.90812058075566, 21.0530144997536], [-99.90747968904806, 21.051854133938015], [-99.90789720664097, 21.050864638638256], [-99.90878891536005, 21.049257861674086], [-99.90218372034418, 21.051702122056625], [-99.90212137298252, 21.0523216040464], [-99.90217672986874, 21.052941711235604], [-99.90258217517598, 21.05410084860517], [-99.90293226560539, 21.054639878018662], [-99.90310300625065, 21.055673805327263], [-99.90233695110936, 21.055835012482564], [-99.90063396419842, 21.05516483743644], [-99.89981305641223, 21.054623296526493], [-99.89911009396178, 21.054041059085737], [-99.89846669162387, 21.053335173394558], [-99.8977639746678, 21.052711610214644], [-99.89706056026108, 21.05221200292425], [-99.89629689071505, 21.051959996027147], [-99.89588915228822, 21.05121403840461], [-99.89583452664885, 21.05046996897804], [-99.89566243425762, 21.04968394997051], [-99.89525447062914, 21.04897931000713], [-99.89472739910357, 21.048521956738135], [-99.89184890504852, 21.04759745069007], [-99.89086096749051, 21.04540212390912], [-99.89027507253817, 21.04494443906359], [-99.88739414109513, 21.044474554825626], [-99.88663116078126, 21.044098359627803], [-99.88563452969363, 21.043431831619504], [-99.88316502525353, 21.043046559366648], [-99.8818117445164, 21.04299788954419], [-99.88063429304856, 21.043074129222827], [-99.87827842674835, 21.04339186376422], [-99.87904992813684, 21.0422803985196], [-99.87864445880959, 21.04116251568522], [-99.87929896626417, 21.039926454602316], [-99.8801220562946, 21.040054886090548], [-99.8804182676946, 21.039725938366868], [-99.88036539936887, 21.03869262088658], [-99.88166194344979, 21.038369104835212], [-99.882076258355, 21.037958144975445], [-99.88213820797228, 21.03742130632575], [-99.88208174857986, 21.037007787743136], [-99.88178894979211, 21.036758269236646], [-99.88167412328916, 21.036261790757287], [-99.88167794458901, 21.035600672511055], [-99.88209320699328, 21.03502443318831], [-99.88315218794523, 21.035071506385442], [-99.8788208629641, 21.03103977867288], [-99.87253541519647, 21.02914591529629], [-99.8722920731886, 21.03050818222178], [-99.87164189086101, 21.031000465019247], [-99.8708156551575, 21.031409134244015], [-99.8698693047784, 21.032230351519733], [-99.86874786383349, 21.03280267045413], [-99.86514956670518, 21.034270361645326], [-99.86025847476239, 21.034416591751754], [-99.8571996432917, 21.025300733632363], [-99.8528776781615, 21.019863419563833], [-99.84884525742585, 21.015254044924255], [-99.84239254805746, 21.0119944625952], [-99.83375658707592, 21.000168509061805], [-99.83321977289998, 21.00136376811282], [-99.83227035880857, 21.002680625004775], [-99.8174660383766, 21.027512219946306], [-99.81755208265298, 21.023132594683386], [-99.81143924336712, 21.009031302906156], [-99.78915947731558, 20.9543285141863], [-99.7969936861251, 20.952515840389257], [-99.79894216011708, 20.95132908257018], [-99.80624988853386, 20.949016993234288], [-99.80179771264933, 20.936924482054017], [-99.79579711364633, 20.92800441684158], [-99.79605998418475, 20.92366710747122], [-99.79010582005995, 20.91681321073386], [-99.83222386529906, 20.923837810633405], [-99.8739186651592, 20.923411620939184], [-99.86967460967021, 20.90516520642081], [-99.87467217027415, 20.905192834085295], [-99.88143621086415, 20.90477545426899], [-99.86149165200224, 20.887103221098023], [-99.84382992753157, 20.871796849553345], [-99.83871813149396, 20.871395721767012], [-99.8242995834783, 20.874039718544307], [-99.80596077127625, 20.864386519157133], [-99.80685446841501, 20.862490962390027], [-99.81004855474403, 20.859327989186426], [-99.81218115869062, 20.856695906094266], [-99.8126529279468, 20.85645074815358], [-99.8131267697319, 20.855875018684284], [-99.81425776223732, 20.853608918314098], [-99.81479114091572, 20.85290956631296], [-99.8160927234224, 20.851553559189302], [-99.816331956567, 20.850893798603582], [-99.81674802654616, 20.850152429674893], [-99.82238831594648, 20.841053097030123], [-99.82063292306621, 20.839803158933037], [-99.82028030325577, 20.839801096861997], [-99.81835198717508, 20.83801292548497], [-99.8177086228753, 20.83751327957139], [-99.81554192846798, 20.836260872983637], [-99.81343663101694, 20.834595569967952], [-99.81285388168364, 20.83380700102137], [-99.81056558231184, 20.833214977737946], [-99.80968823586724, 20.832548625408883], [-99.8088667972168, 20.832337151764563], [-99.80787375558378, 20.831380844024014], [-99.80716620371912, 20.831748558319923], [-99.80557609522079, 20.832276324632666], [-99.80367818493679, 20.825736006445357], [-99.80385840972845, 20.825117232739288], [-99.8002164970948, 20.815632535877235], [-99.79933745530758, 20.815255375468404], [-99.79857699312704, 20.814713627092996], [-99.79764447699077, 20.8135096741719], [-99.79817859102847, 20.812686407955454], [-99.79841758436517, 20.812067990473782], [-99.79925048999749, 20.810461368455567], [-99.79960883622935, 20.80955440082106], [-99.80178815359022, 20.80874095018842], [-99.80173386257401, 20.80803813261368], [-99.80308870408588, 20.807509008293156], [-99.80356086329775, 20.807181235354122], [-99.80409125352581, 20.80693645405825], [-99.8043871369545, 20.806607629713586], [-99.80509929460825, 20.805496140988982], [-99.8052204741024, 20.80491833756055], [-99.80516643111069, 20.804174199648585], [-99.80557851053321, 20.804052680048645], [-99.80599320574457, 20.803517943639083], [-99.80629195583832, 20.80273457879808], [-99.80652776332464, 20.80261200992665], [-99.80735086550301, 20.802534249841255], [-99.81064013962465, 20.802719028940135], [-99.81164028684134, 20.80251832616301], [-99.8121703870973, 20.80231484226096], [-99.81347001827018, 20.80120678993118], [-99.81517883939316, 20.800431722987124], [-99.81570866827613, 20.800269550027647], [-99.81635522864185, 20.80023203127111], [-99.81694148179429, 20.80044209381311], [-99.82237984215828, 20.79518463411105], [-99.82314748225171, 20.79456927672406], [-99.83312089130965, 20.7874370839002], [-99.85879512856532, 20.78745978833961], [-99.86009280023904, 20.786599324425254], [-99.86098193222045, 20.78528200439248], [-99.8616350709144, 20.784128644014665], [-99.86217489602043, 20.782272159899104], [-99.86635028123077, 20.771675661860943], [-99.87391930231423, 20.76324674052397], [-99.87785583163594, 20.763103278507213], [-99.87914907134581, 20.762945139781657], [-99.88498448698842, 20.75950619951759], [-99.88846345422483, 20.757211217114854], [-99.89759783463337, 20.752013030263953], [-99.89782755841156, 20.752923367931203], [-99.89905745090704, 20.753549865175597], [-99.89811341366982, 20.75428855525899], [-99.89792606381157, 20.756229691137765], [-99.89944824890468, 20.75710570177406], [-99.90080156328688, 20.756699794105014], [-99.90050457010828, 20.757276702095968], [-99.90097281331168, 20.75756848778981], [-99.90097068740046, 20.75794037715592], [-99.89908493750652, 20.759004563500437], [-99.89423345215941, 20.765052631500794], [-99.89499707434553, 20.76505678219027], [-99.89558305032766, 20.765307899029192], [-99.8971041299454, 20.76639053184813], [-99.89792507732123, 20.76664291382424], [-99.89804492804805, 20.766230339792283], [-99.89805014050084, 20.765321277173733], [-99.89858448559309, 20.764332434635545], [-99.89935165236642, 20.763716750735078], [-99.90135304720903, 20.762983762139935], [-99.90252901151608, 20.7627834932831], [-99.9036476459323, 20.7623349742928], [-99.90529539285637, 20.761806648172556], [-99.9114182239065, 20.759360113770626], [-99.9118909247629, 20.75886677080349], [-99.9143627859129, 20.758012179246773], [-99.91747701559834, 20.757822116026905], [-99.91853590326095, 20.75753847480904], [-99.9197696106278, 20.757503684946656], [-99.92794159309764, 20.756183104087924], [-99.9297647030607, 20.755779434964197], [-99.93093874170276, 20.755909541273844], [-99.94010744471701, 20.75488284978429], [-99.94105037030334, 20.754309219418534], [-99.9508558395475, 20.754979443386766], [-99.95103093310439, 20.755186946930383], [-99.95655208132278, 20.755215071083846], [-99.96581983620031, 20.757617210126476], [-99.96699718317194, 20.75712726163117], [-99.96603839380094, 20.76071742371067], [-99.9653822219556, 20.762614918685045], [-99.96053554546651, 20.768251555846035], [-99.95940229900265, 20.77146891096835], [-99.96004449907822, 20.772215945069753], [-99.9605205925535, 20.77106134646065], [-99.96163317079898, 20.77172810613554], [-99.96221729866339, 20.772350874095434], [-99.96256624254349, 20.77301377671857], [-99.9637991756902, 20.77314394787836], [-99.96466850116556, 20.77537967914872], [-99.96472308935184, 20.77616506156759], [-99.9642967881563, 20.779014101170734], [-99.96353398306269, 20.77884497984244], [-99.96288757289648, 20.778883048475272], [-99.96276811090426, 20.77925434045307], [-99.96300046068676, 20.779751367899028], [-99.96287639642972, 20.780990387852885], [-99.96033583290894, 20.783704800247158], [-99.95974242854093, 20.784817484504128], [-99.95891512682488, 20.78572237721182], [-99.95773466756378, 20.786749443552672], [-99.95678852283532, 20.787901654342523], [-99.95649191130632, 20.788437330928744], [-99.9563092616611, 20.789634729092512], [-99.95418655156112, 20.79107020921173], [-99.9541827878765, 20.79177265613373], [-99.95406108140257, 20.792557146766956], [-99.95382342341304, 20.79305179729886], [-99.95181903178056, 20.794322565804453], [-99.94665387598461, 20.793387100995343], [-99.94716298312049, 20.797026009706336], [-99.94790824660274, 20.800459514593918], [-99.94817258927363, 20.805915310742403], [-99.94774881506444, 20.808227149769344], [-99.94765906716329, 20.813970381395325], [-99.97418999696816, 20.819434402208156], [-100.0081813032877, 20.825756289704906], [-100.01610602895985, 20.82744662126837], [-100.0088741341926, 20.840015213034597], [-100.0071455154138, 20.844882832923023], [-100.00884818753539, 20.845221487830095], [-100.0093771152592, 20.845223997468743], [-100.01073190001975, 20.84461060938705], [-100.01149405664673, 20.844986102058805], [-100.01196257319702, 20.845318882480466], [-100.0123719120505, 20.845734022993643], [-100.01254617293014, 20.846148051956604], [-100.01213027278021, 20.847055138852674], [-100.01336547460241, 20.846854369979646], [-100.01365809880096, 20.847103673978317], [-100.01465474425595, 20.847604219187087], [-100.01605769422457, 20.849139682232426], [-100.01700108735793, 20.848524309120908], [-100.01717210697161, 20.849599445016068], [-100.01811204158089, 20.849686497655004], [-100.01870259934782, 20.849110780372566], [-100.02070020922972, 20.849244093988265], [-100.02175303166105, 20.85028202418873], [-100.0222221929685, 20.850490816320757], [-100.0228101110424, 20.85045223848396], [-100.02381507892132, 20.849258630375406], [-100.02405218038223, 20.84884653057682], [-100.02446579452294, 20.848393931697334], [-100.02499674590564, 20.847983198096127], [-100.02564181344052, 20.848275439867198], [-100.02616833612291, 20.848773730449203], [-100.02692512471297, 20.85026477628663], [-100.02692211118685, 20.850884567616763], [-100.02721315823364, 20.851464402409242], [-100.02984288813684, 20.854575599558842], [-100.03048699350012, 20.855074418113393], [-100.03095478270458, 20.85557242058125], [-100.0315990954991, 20.85602991521589], [-100.0309427989125, 20.858051581679362], [-100.03064592987899, 20.858670015906117], [-100.03087823240516, 20.859249571489855], [-100.0312794771278, 20.86135875496122], [-100.03092282931715, 20.862183515306803], [-100.0299778144411, 20.863129520026074], [-100.02909316580384, 20.863745236912727], [-100.02891563459043, 20.86399233778891], [-100.02873569985876, 20.864735270556306], [-100.02832966358356, 20.865740572471328], [-100.0270157116601, 20.86790896969379], [-100.02695412368894, 20.868487168092518], [-100.02712604534727, 20.869397010384834], [-100.02717980903222, 20.87043026586205], [-100.02735213589074, 20.87125746893537], [-100.02740630341829, 20.872208085397983], [-100.02787333700836, 20.872871370753874], [-100.02863808046506, 20.872750946636188], [-100.02987805959044, 20.871599707745855], [-100.03087731449077, 20.871604316796166], [-100.03334745330139, 20.871326444018454], [-100.03387865561808, 20.870874362340395], [-100.03523395363983, 20.870178138232284], [-100.03652649898142, 20.87030801948144], [-100.0369925756015, 20.871177874768673], [-100.03699039861073, 20.871632386200027], [-100.03716357178804, 20.872294300117083], [-100.03774880052832, 20.872834136577996], [-100.03815966830521, 20.872959973658265], [-100.03991656776178, 20.874331550226607], [-100.0414999082516, 20.875123837408317], [-100.0419086233719, 20.875704175713356], [-100.04214060475786, 20.876366350248784], [-100.04266767422742, 20.876781943806414], [-100.04208246864417, 20.87781249151559], [-100.04160968729964, 20.878422405404606], [-100.04108016968051, 20.878504139399602], [-100.0389608524371, 20.879162536123836], [-100.0434617967423, 20.886381861826777], [-100.04387480735303, 20.886009827503944], [-100.04499729325829, 20.884603427814767], [-100.04541228691937, 20.883692741295757], [-100.04629876736117, 20.88249300776706], [-100.04600888776507, 20.881373653545314], [-100.04612924664663, 20.88062808096954], [-100.04642646781474, 20.879758577880118], [-100.04765839713676, 20.880548440832154], [-100.04960037362804, 20.8801381744564], [-100.05123096001242, 20.88082862956046], [-100.05255626525336, 20.886536713801583], [-100.05683546819789, 20.889158970203642], [-100.05742313752063, 20.88920290546593], [-100.05771341985313, 20.88998927233964], [-100.06123544762536, 20.891120530769996], [-100.07372813017751, 20.88901444574645], [-100.07475896814024, 20.89032455672228], [-100.07528680939019, 20.890615994650645], [-100.07610600978894, 20.891486909851658], [-100.07615078870649, 20.894584535379977], [-100.07667248634061, 20.896238808029377], [-100.07725485897669, 20.89748035691127], [-100.0782482675943, 20.898847617475127], [-100.07900668703282, 20.900172534826034], [-100.07935631668026, 20.900876160331187], [-100.07958835190597, 20.901579266175126], [-100.08081849139838, 20.902617161576647], [-100.0811076673994, 20.903692206579006], [-100.08180678200445, 20.905140744019516], [-100.082509055263, 20.905887210645876], [-100.08356487917371, 20.906470029801707], [-100.08456264770712, 20.906887392296365], [-100.08702897761987, 20.90764155746277], [-100.0876735877302, 20.908139956277793], [-100.08784723937927, 20.908760195644827], [-100.08790273854548, 20.90950381595028], [-100.08813519508136, 20.910124311192124], [-100.0886021299936, 20.910911022598064], [-100.08924694259196, 20.911368116478606], [-100.08977598280147, 20.91141171673011], [-100.09050655678023, 20.911280210904774], [-100.09209976613771, 20.930920799591377]]]}}]}