{"type": "FeatureCollection", "name": "qro_distritos_federales_ine", "crs": {"type": "name", "properties": {"name": "urn:ogc:def:crs:OGC:1.3:CRS84"}}, "features": [{"type": "Feature", "id": 1, "properties": {"id": 1, "distrito_f": 1, "nombre": "Distrito Federal 1", "clave_entidad": 22}, "geometry": {"type": "Polygon", "coordinates": [[[-99.99826215817625, 20.495065484109215], [-99.98765767950272, 20.51864067959632], [-99.98987579955173, 20.520392824488546], [-99.99482221497497, 20.51549606032716], [-99.99528936079804, 20.515830054629646], [-100.00661432372618, 20.536886838051505], [-100.01382896876083, 20.535604661331934], [-100.01249456087167, 20.532781687350436], [-100.01936853564416, 20.529137555141336], [-100.02341884592055, 20.527712256284357], [-100.02764429443063, 20.5264120790356], [-100.02928703031827, 20.526007621445007], [-100.03110439606918, 20.525852550836657], [-100.0327544431512, 20.523874956526424], [-100.03415304635348, 20.538165531115897], [-100.03597093140493, 20.537927609002246], [-100.03648610327757, 20.540580075319568], [-100.0343159793829, 20.540940170417166], [-100.03416275391933, 20.5412785995381], [-100.03461183098996, 20.54625171958979], [-100.03647393799027, 20.5472084585919], [-100.03649784599023, 20.54738802759227], [-100.03880841499037, 20.546905227591264], [-100.0455235379939, 20.545722474740426], [-100.04554909588938, 20.545185767212637], [-100.06707866818128, 20.540587684231596], [-100.06342197836173, 20.532618822753], [-100.05814428077713, 20.533375769556233], [-100.06625850529393, 20.525059088026257], [-100.0665511531422, 20.52613166477654], [-100.0678381038314, 20.527801846318468], [-100.06877411158212, 20.529464056695094], [-100.07086976629229, 20.532184825996765], [-100.0744635368232, 20.532591420784385], [-100.08132578801906, 20.5366345231608], [-100.08525457580086, 20.53946635220935], [-100.0847064873811, 20.549215170586912], [-100.07912725152411, 20.549241767694728], [-100.07727927076671, 20.562596757010027], [-100.07610460860289, 20.562593590716975], [-100.0753112434671, 20.577071640647546], [-100.08441224383495, 20.578838560651135], [-100.08752476362402, 20.57917869063461], [-100.09198959319478, 20.578858443552445], [-100.09539573914901, 20.579240685144427], [-100.09524738830288, 20.564801692058463], [-100.10592590634803, 20.56591006567988], [-100.10598852563326, 20.56864624634238], [-100.1367076728097, 20.56818170117884], [-100.1411155166266, 20.566490913843943], [-100.14440566285458, 20.565834688620985], [-100.15497442781322, 20.567933184601983], [-100.15832376957403, 20.56694491352083], [-100.16126099956567, 20.566578012264163], [-100.16355307499614, 20.56558730771308], [-100.16925081366848, 20.565143325898315], [-100.17542117638196, 20.562708679862208], [-100.1908681212913, 20.5622844401996], [-100.19361977060642, 20.568969741704006], [-100.19660822737804, 20.574452281945167], [-100.20216855324259, 20.58397437464666], [-100.20152260506268, 20.58413927149116], [-100.19940961052772, 20.584260802591448], [-100.198645900552, 20.58454983448528], [-100.19388040270482, 20.588811205426], [-100.19387783629583, 20.58972275722762], [-100.19188271384415, 20.589637187584035], [-100.18744747414404, 20.601439901339056], [-100.18694305961209, 20.60330068905181], [-100.1891208604127, 20.60530405050462], [-100.18945782544586, 20.609024924975767], [-100.18458419530087, 20.61396195100333], [-100.18923548058024, 20.633222440194228], [-100.19016643172506, 20.63616553012321], [-100.19444516300304, 20.638574448895348], [-100.19695788152397, 20.642762607680066], [-100.19079392067732, 20.66351287586545], [-100.18405736199934, 20.678585710982617], [-100.18328724617118, 20.68094639048231], [-100.17778517336933, 20.69510916913976], [-100.16632430196418, 20.698117361652105], [-100.16385706415576, 20.69832088255136], [-100.15740172394251, 20.69669522716894], [-100.1572818903396, 20.697482296389822], [-100.1576336393665, 20.697690003986004], [-100.15510778664603, 20.69785187618051], [-100.1586800420262, 20.7012549427781], [-100.16953614736437, 20.704337180105934], [-100.16690111874023, 20.7215699247031], [-100.16572770351301, 20.721112430936014], [-100.16355599864706, 20.72057058486299], [-100.15961771176417, 20.721517692470616], [-100.16282244753788, 20.730223643438265], [-100.18266807376496, 20.73340088531608], [-100.18141478655947, 20.740318613855866], [-100.18451937919751, 20.74347180595295], [-100.18504003270107, 20.746331435344715], [-100.18914725213874, 20.748160002819777], [-100.19055120791869, 20.750316403287307], [-100.19212422137656, 20.7550833257634], [-100.19516227880192, 20.761260853597054], [-100.19145613442335, 20.76295483005054], [-100.18710499825399, 20.764150670652715], [-100.18698308054243, 20.765724985019784], [-100.18650851267338, 20.767340263194228], [-100.18022097010069, 20.767580372199255], [-100.18094741291466, 20.780757260002215], [-100.18365308918288, 20.779807947670538], [-100.18718345200766, 20.778113885284395], [-100.18519144367819, 20.77603955626429], [-100.18949201056516, 20.772026202401932], [-100.20001256267187, 20.770920998046694], [-100.20009010936334, 20.78567136855891], [-100.20665580952256, 20.79156294890582], [-100.2054754334726, 20.79346744769035], [-100.20559053186217, 20.794379117772415], [-100.20746750788106, 20.795707244657088], [-100.2104085260968, 20.817007353627183], [-100.2113342525605, 20.82260189569127], [-100.21098083374817, 20.822891512930862], [-100.2103911102703, 20.8236366150057], [-100.210154043587, 20.824382130311854], [-100.21027050952306, 20.824796597149337], [-100.2105049659524, 20.825045470411766], [-100.21085762992485, 20.825045883927153], [-100.21209303673055, 20.82463299710703], [-100.21315113315339, 20.82459279298316], [-100.21407357593019, 20.831513157315438], [-100.21130886506572, 20.832297179869755], [-100.21148412169948, 20.832711713601608], [-100.21265821461807, 20.833293138652127], [-100.21312759523484, 20.83362514497173], [-100.21330328991203, 20.833873945330037], [-100.21294769108444, 20.834992223047752], [-100.213063850635, 20.835530985042837], [-100.21323922405611, 20.83590408363193], [-100.21347327224403, 20.836318682509305], [-100.21382499305088, 20.836691983496863], [-100.21517150220127, 20.838806603151422], [-100.22827275188656, 20.86525506816758], [-100.23444840991061, 20.864267101319722], [-100.23450699882396, 20.86435002604392], [-100.27209560728629, 20.85502062348189], [-100.26518386932874, 20.86993046453661], [-100.2589969710449, 20.875849949619585], [-100.25722394961286, 20.87982587244597], [-100.25055296208897, 20.89129656088227], [-100.2383288618475, 20.91282967357473], [-100.23550231273595, 20.914318435802212], [-100.23402768027711, 20.916098544422535], [-100.23432063215142, 20.91655459323279], [-100.23284697739705, 20.917920371637006], [-100.23425485919722, 20.919413350188425], [-100.22760234369086, 20.922058213991402], [-100.22619305581918, 20.921145229893376], [-100.20504977655715, 20.93210135768974], [-100.20016679624874, 20.932468468094815], [-100.19670033825281, 20.931014134792587], [-100.18510809606764, 20.93278121774231], [-100.18123578887207, 20.929254396450833], [-100.18110616096784, 20.93356324616428], [-100.14969198254666, 20.934886503733242], [-100.14770326354808, 20.931154523308592], [-100.14216752252521, 20.933342064307972], [-100.13004758775779, 20.934234529519287], [-100.12905877198959, 20.93066964932632], [-100.13224843877691, 20.92636568519453], [-100.13119293920654, 20.925328155573762], [-100.11873335686829, 20.922241606861377], [-100.09209976613771, 20.930920799591377], [-100.06449940089796, 20.93563612362442], [-100.06108570968264, 20.936282205639454], [-100.07211675039613, 20.941660721415317], [-100.07681548904988, 20.942961976372757], [-100.07681102179664, 20.943953619459492], [-100.07395538593418, 20.95121345851035], [-100.07236039725919, 20.95277667345388], [-100.06835354356946, 20.95445332345585], [-100.06971166229475, 20.966193920044056], [-100.07182566868156, 20.96694685450228], [-100.07305688618658, 20.967819896789994], [-100.07457660946793, 20.96993375208386], [-100.07762193855584, 20.972880547263745], [-100.0763080412241, 20.977296032796524], [-100.07282101914868, 20.98095837037166], [-100.06951686538075, 20.98317526747605], [-100.07021767611, 20.984293930585178], [-100.07291065640034, 20.987156626425694], [-100.07366809896706, 20.988771347016293], [-100.07354727928204, 20.989473249248068], [-100.07330974055172, 20.989968051303343], [-100.07271887407327, 20.99054396263974], [-100.07224677542891, 20.99087247182559], [-100.07165234900263, 20.992233427242976], [-100.07041830990511, 20.99193884176856], [-100.06850973089463, 20.9942125534369], [-100.06023940468786, 21.005116505574893], [-100.06094006874143, 21.00627652112181], [-100.06169199596351, 21.00908952399302], [-100.06286241232785, 21.010458184969938], [-100.06385445963149, 21.012239247841066], [-100.06408658671745, 21.012942687345088], [-100.06413862552017, 21.014430402102597], [-100.06407658139248, 21.015132555426074], [-100.06466116217857, 21.015961490791156], [-100.06518842118268, 21.016459621147124], [-100.0661245246745, 21.017620636600228], [-100.06729786791834, 21.01836948802356], [-100.06845078689751, 21.023622012884434], [-100.06708679426983, 21.025971267934295], [-100.0617687169393, 21.030865021969728], [-100.05848252826212, 21.028908602794157], [-100.05754221817361, 21.02865654916566], [-100.05654211699154, 21.028610822072388], [-100.05571796546056, 21.02868982342277], [-100.05501053890917, 21.0289759323988], [-100.05342413406045, 21.02847308418464], [-100.05242863802495, 21.027435693007806], [-100.05078553234861, 21.026478056228306], [-100.048317535032, 21.025764641049282], [-100.04809028471637, 21.024028219168915], [-100.04626898494864, 21.023441613808174], [-100.04456362936713, 21.02322738155153], [-100.04344841400307, 21.02264390844433], [-100.04109974730042, 21.021600364583012], [-100.03980862905009, 21.020892115915196], [-100.03810507156602, 21.020305950654695], [-100.03563958754138, 21.019096521727434], [-100.0339398088407, 21.017725260403346], [-100.03270719778729, 21.01709985940072], [-100.03112751414268, 21.015233280270202], [-100.02919109008506, 21.014150123407948], [-100.0184856504035, 21.013563644998065], [-100.01842379464634, 21.014183153136713], [-100.01748222367627, 21.014220102204423], [-100.01882799667544, 21.01575517494788], [-100.01929486535859, 21.01654241217553], [-100.0197008926015, 21.01774256249579], [-100.0189213273085, 21.02075528470989], [-100.01738528673403, 21.022029068667532], [-100.0151380956948, 21.02433252203212], [-100.01366285171196, 21.02519336118697], [-100.01307181683862, 21.025727759622338], [-100.0125369812241, 21.02679957452692], [-100.01199686107857, 21.028945675015745], [-100.01128649725167, 21.02981006785857], [-100.01221721365457, 21.03200436001582], [-100.01244244471539, 21.034071394465762], [-100.01237954537456, 21.034897493794634], [-100.01190453376742, 21.035762988270324], [-100.01166590963355, 21.036422987911948], [-100.01177690176344, 21.037787054665888], [-100.0110605509779, 21.039849695687124], [-100.01099806437934, 21.040563041617343], [-100.01022925672386, 21.041304882258924], [-100.00899009645552, 21.04196302604918], [-100.00803941911893, 21.043737203885563], [-100.00727100606281, 21.044396412158363], [-100.01630445032319, 21.050117699826192], [-100.01641983741872, 21.050572371508856], [-100.01730110971035, 21.050863511876294], [-100.01776645261282, 21.051938617287693], [-100.01870721385517, 21.052105951473848], [-100.01893578563988, 21.053387131728005], [-100.02099647529643, 21.05326771261032], [-100.02146648453174, 21.05343398840095], [-100.02080897324944, 21.054947019421366], [-100.02005340029513, 21.055780165686546], [-100.02030977777692, 21.057884942731416], [-100.02008433129151, 21.05883724038888], [-100.02038735720978, 21.059743442593234], [-100.02157313568213, 21.060765601657216], [-100.02118143475113, 21.062710978993696], [-100.02072426452115, 21.063995898755994], [-100.02221020034462, 21.065635068585], [-100.0236499743344, 21.068514108177478], [-100.02432914600419, 21.071730558199405], [-100.0239424908751, 21.074171679357775], [-100.02408058294225, 21.076194885452015], [-100.0251660073328, 21.07847605887537], [-100.02453897778517, 21.08081805853093], [-100.02549909648734, 21.082751168760726], [-100.02621615667309, 21.083901487783173], [-100.02664229133602, 21.085343655294913], [-100.02801264240352, 21.087149073521513], [-100.0286835929157, 21.089539260988232], [-100.02940071199819, 21.090689563305247], [-100.02979213120473, 21.094487011045985], [-100.0268090979934, 21.09596019328333], [-100.02718070336768, 21.097816005431277], [-100.03065339985352, 21.098238858595824], [-100.02894261385319, 21.103418857432587], [-100.02819864265119, 21.105408764701693], [-100.02750838731828, 21.106902396583074], [-100.02627644002048, 21.10716149173972], [-100.02528340806839, 21.107790245665115], [-100.02435251229491, 21.108748952432958], [-100.02371469229227, 21.109622364070106], [-100.0230218558713, 21.110868110489616], [-100.02220682165559, 21.111660493739436], [-100.02156939632715, 21.112575209552663], [-100.02063509519544, 21.113203405275435], [-100.02081983726266, 21.114028038318306], [-100.02071357730628, 21.115144514779246], [-100.02043053283295, 21.116221277132446], [-100.02013826807313, 21.11638918544876], [-100.01968597164398, 21.11816983977591], [-100.01898511011456, 21.11863065235492], [-100.01846521553777, 21.11954429363607], [-100.01788275971509, 21.120086661298416], [-100.01789363728768, 21.12116076132197], [-100.01702098502284, 21.122077588385718], [-100.01622424907785, 21.124687653571023], [-100.01500424464373, 21.12614470799714], [-100.0144255085644, 21.127058868897826], [-100.01402314408772, 21.127971436738584], [-100.01349359118787, 21.127934898439033], [-100.01254665062542, 21.127323706483608], [-100.01125112958957, 21.127128802062842], [-100.0101924468819, 21.127097017774243], [-100.00943438530598, 21.12772356881895], [-100.00914874238828, 21.128552445287184], [-100.00839108496353, 21.129220303654083], [-100.00824108134944, 21.130613119261064], [-100.00868082146897, 21.131717277912085], [-100.00897056956299, 21.1342142505602], [-100.01051216239992, 21.135481153549588], [-100.01063683624454, 21.13618239137964], [-100.0102986374205, 21.137631472167676], [-100.00938078560783, 21.139912074730667], [-100.01118125900346, 21.142930114750904], [-100.01012884470165, 21.144119501988914], [-100.00979020988335, 21.145527269818036], [-100.00938319132288, 21.145985401004385], [-100.00945156923986, 21.14693503699572], [-100.0089874106232, 21.14755894262576], [-100.00805159256976, 21.148063142740575], [-100.00781930106632, 21.148354438157998], [-100.00782387719573, 21.148808865086973], [-100.00848567361352, 21.150290263819986], [-100.00837098345178, 21.150580502205155], [-100.00204198299554, 21.158652473532346], [-100.00240186339205, 21.15935160903934], [-100.00316923831198, 21.15963393827958], [-100.00417017787127, 21.15974890779684], [-100.0051752732529, 21.16027698651183], [-100.00641393612828, 21.160637699785724], [-100.00747993163655, 21.161371793268316], [-100.00574068546466, 21.16386633525353], [-100.00417033180058, 21.16561567107797], [-100.00242849334646, 21.16786231288522], [-100.00227239120667, 21.16988815816043], [-100.00246002122338, 21.17100198757654], [-100.00282284090676, 21.171990300367906], [-100.00354226735672, 21.173347250597125], [-100.00012296188982, 21.17841834329925], [-100.00080762887433, 21.18217189594465], [-100.00210113250046, 21.182118991797797], [-100.00227176607376, 21.181539049906426], [-100.01136392313902, 21.18804086293803], [-100.01466824249725, 21.189388556766666], [-100.0045616034275, 21.196030224486258], [-99.98647056641069, 21.21727233823859], [-99.97838052697303, 21.21888731824947], [-99.957219821877, 21.21521782671154], [-99.9559346690296, 21.21093619570085], [-99.9563006812915, 21.207009765502484], [-99.95403457295002, 21.204348278308693], [-99.95125187623364, 21.20784447545582], [-99.95001104583541, 21.207361267193317], [-99.95006615405656, 21.212109365624396], [-99.944922482583, 21.209847887339194], [-99.94340868802362, 21.20610521039618], [-99.94358417170879, 21.206020892721707], [-99.94340009666287, 21.205362027834557], [-99.94573300070675, 21.203645984976156], [-99.94300236878698, 21.20148444485086], [-99.94405246660234, 21.1956518135895], [-99.93961134512266, 21.19305287141849], [-99.93494559287316, 21.19136445403675], [-99.93435941985787, 21.191535379676075], [-99.93341755583538, 21.191462036350014], [-99.93259188464094, 21.191263670171207], [-99.93135077618307, 21.19073902834198], [-99.93081583075458, 21.190248755051442], [-99.92933856403543, 21.189643825161], [-99.92880930506274, 21.18964900335408], [-99.92644428847227, 21.188557215452846], [-99.92503105226078, 21.18840584276461], [-99.92444440615574, 21.188535445807823], [-99.92279217632505, 21.188056042878916], [-99.92167203536596, 21.187819199224734], [-99.92015484431467, 21.18886629164897], [-99.9160784211599, 21.187254193073255], [-99.91501991575075, 21.187264464160474], [-99.91376577216802, 21.185583614280166], [-99.9091198416398, 21.185344943169067], [-99.90868629267072, 21.184893975044655], [-99.90128085563224, 21.18462001881602], [-99.89980281950669, 21.18197672670633], [-99.89620824825214, 21.179006952804198], [-99.89319595831405, 21.17438195243199], [-99.87785981347712, 21.162532313495657], [-99.8708442629238, 21.163667679659945], [-99.87031419842243, 21.163666054627562], [-99.86954929847158, 21.163539772477566], [-99.86896133740538, 21.16337271963768], [-99.8684916692267, 21.16312340601155], [-99.8670774173013, 21.163242981074283], [-99.86531053906234, 21.1632375183146], [-99.86495992327036, 21.162782005966648], [-99.86378301256231, 21.162613108505525], [-99.86343083771101, 21.162405460361736], [-99.86077958191275, 21.162562441165736], [-99.8596016669871, 21.162558757333308], [-99.85900563794684, 21.16371361295332], [-99.85753120866741, 21.164039477782147], [-99.85417309932042, 21.164194136971833], [-99.84981935084203, 21.163436702699816], [-99.84929362411069, 21.162732727923743], [-99.84852848767923, 21.16264766076084], [-99.84160785204533, 21.157957174146702], [-99.8366685054723, 21.156701752905136], [-99.8185863313855, 21.166143443175606], [-99.81558122709318, 21.16633984153574], [-99.81370855669363, 21.170368106708775], [-99.81239072864912, 21.171920765863717], [-99.81139440845568, 21.172873347473928], [-99.80928352137965, 21.17453057420738], [-99.80664439377036, 21.17643667294896], [-99.8058814824342, 21.176809971538425], [-99.8050602537471, 21.17734875419632], [-99.80312238681805, 21.17784784744077], [-99.80006775930946, 21.17826586331412], [-99.79620638839815, 21.18391331332095], [-99.79585538794908, 21.183540275828083], [-99.7952685005336, 21.1832077225257], [-99.79397449055234, 21.18291399576919], [-99.79291745696604, 21.182414532854978], [-99.7922727597298, 21.18191651677755], [-99.79162644012608, 21.18166636501288], [-99.79022088649816, 21.180422036180982], [-99.7885849113021, 21.178391946602652], [-99.78764518812855, 21.177975489118772], [-99.78564522432298, 21.177555250218685], [-99.78517345806237, 21.17763619229896], [-99.7846436078656, 21.17759298910625], [-99.78405540184843, 21.177466951278756], [-99.78329185660128, 21.177133722928815], [-99.78193545811027, 21.177376736841104], [-99.78179442996188, 21.179242779020004], [-99.78009214628759, 21.179989391513644], [-99.77933030668083, 21.180817423425637], [-99.7778633713606, 21.181687747611296], [-99.77610185413279, 21.182268999536532], [-99.77563266413445, 21.18264177411476], [-99.77516545491106, 21.183800199010875], [-99.77534373991008, 21.18458561711725], [-99.77534551542122, 21.185288568362104], [-99.77575824727614, 21.18582557388218], [-99.7765830911955, 21.186651481204898], [-99.77676065355497, 21.187147446876573], [-99.78094666369478, 21.192393282353287], [-99.77953702308547, 21.19272599330003], [-99.77871529211039, 21.193140602687574], [-99.77801236125075, 21.194051250583406], [-99.77777906618924, 21.19475451597513], [-99.77736840339544, 21.195044517088785], [-99.77672779543737, 21.19736098139273], [-99.7763772590943, 21.198188451820652], [-99.77637946140679, 21.199056801758918], [-99.7757434310291, 21.203192661570228], [-99.77563069901873, 21.20509491685289], [-99.77610373314, 21.206210739868947], [-99.77575118326679, 21.206252559580303], [-99.7749281129843, 21.206170952851025], [-99.77416350621962, 21.20596521447277], [-99.77328166245944, 21.205883677304286], [-99.77192992534917, 21.205926801321027], [-99.7708722726371, 21.206052232177168], [-99.77028513436468, 21.20630109654827], [-99.76946371436081, 21.206881063441866], [-99.76881769124631, 21.207088648876958], [-99.76811258196611, 21.20717225739407], [-99.76764442258033, 21.207999862062827], [-99.76752850954746, 21.208661613368395], [-99.76717677017757, 21.209034215665145], [-99.76694278807199, 21.2094893669628], [-99.76629818044756, 21.21027584361069], [-99.76471444359684, 21.211601062229327], [-99.76448004326052, 21.211890810168153], [-99.76389327690733, 21.21230505334585], [-99.76318803813437, 21.21234729203351], [-99.762600861535, 21.212596130647672], [-99.76219042291383, 21.213010146820526], [-99.76213245272419, 21.213341020845665], [-99.7614283177963, 21.213838102993527], [-99.75972442993334, 21.21412967164859], [-99.75837421053217, 21.214834290811723], [-99.75708066470898, 21.21467047575168], [-99.75684654327874, 21.21508426386309], [-99.75584878115683, 21.215705732269235], [-99.75573271112432, 21.21632612654364], [-99.75520488074535, 21.216822969370266], [-99.75450011168783, 21.21707192298716], [-99.7537964267464, 21.217775724920315], [-99.7532087190341, 21.21781778126692], [-99.75291599822319, 21.21831433498643], [-99.7522109229657, 21.218439228975125], [-99.75186049730343, 21.219390702436694], [-99.75144961710636, 21.219639293149108], [-99.7509796599617, 21.219763902307555], [-99.74933660840536, 21.220965001695763], [-99.74922050763077, 21.221585392040502], [-99.7489869385722, 21.222247270664237], [-99.74787327873352, 21.223613134385303], [-99.74769867828977, 21.224357642849853], [-99.74699550851732, 21.225309518595555], [-99.74676182722291, 21.225930044187034], [-99.74635111391072, 21.226261323349], [-99.74611713832842, 21.2267577977086], [-99.74611839587806, 21.227295349401942], [-99.74582524665782, 21.22762649100912], [-99.7455325790454, 21.228164382784392], [-99.74565140477492, 21.228701798461852], [-99.74588741519615, 21.22907367733808], [-99.74406555451948, 21.22928252940397], [-99.74336147467419, 21.229862239576132], [-99.74289176548449, 21.23011087764939], [-99.74136591541487, 21.231229068766904], [-99.74095651015081, 21.232139237500583], [-99.74001830369608, 21.23317405152794], [-99.7384922109914, 21.234209517487855], [-99.7383167007081, 21.234581865618583], [-99.70262093089337, 21.230652595899205], [-99.68371405543763, 21.221572670376723], [-99.69000384227984, 21.235260688783814], [-99.69878933242234, 21.241468119622976], [-99.70042936555208, 21.251635352195162], [-99.70004949581418, 21.25922775551903], [-99.68003986617052, 21.263476687435396], [-99.67811508787408, 21.26928294618333], [-99.67770203475806, 21.269406881603093], [-99.67728969186646, 21.26969678131179], [-99.67676610553609, 21.271604686902716], [-99.6760606368146, 21.272433584091218], [-99.676477073014, 21.273097987423665], [-99.6757133967728, 21.274134262408847], [-99.67547794006148, 21.2743414082044], [-99.67199346044502, 21.27471020799751], [-99.6712853084975, 21.27491671582959], [-99.67051894773991, 21.275330598033634], [-99.66993001776775, 21.27578620728178], [-99.66951887103426, 21.27636652810614], [-99.66916786125886, 21.277195876021363], [-99.67011747335727, 21.27819294423392], [-99.67000298984668, 21.279064103160163], [-99.67077429919249, 21.27981198015431], [-99.67077764342848, 21.280600315316747], [-99.67154896482543, 21.28134818831269], [-99.67173116718722, 21.28251018194712], [-99.67109880073265, 21.286658442141157], [-99.670749281091, 21.288111011117127], [-99.67252229454981, 21.291167421461285], [-99.67306117328255, 21.295135730477085], [-99.67808627983976, 21.30422266607255], [-99.68109149429614, 21.305333347980337], [-99.69341899422231, 21.314653830716964], [-99.70431709873348, 21.31686467325014], [-99.70525212873946, 21.31405119505289], [-99.7056966771338, 21.313403431071368], [-99.7075653080002, 21.314545831055668], [-99.71073476900017, 21.315048815055718], [-99.71349678500026, 21.314770477055564], [-99.71421112300021, 21.31401004605562], [-99.71516867700022, 21.313757985055627], [-99.71891104600023, 21.313917292055592], [-99.73725312300024, 21.31288496905561], [-99.73658303100024, 21.31174469205562], [-99.7360084000002, 21.310955215055575], [-99.73553946200022, 21.310497815055633], [-99.73487676900027, 21.30948435405559], [-99.7347129230002, 21.309521754055513], [-99.73476136900022, 21.30926253805555], [-99.73425053800023, 21.30828053805564], [-99.73380392300022, 21.303981692055462], [-99.7341611540003, 21.301443923055388], [-99.75242473800019, 21.29178340005533], [-99.75549289200022, 21.292147969055232], [-99.75688606200029, 21.292077815055258], [-99.75789356900027, 21.292140369055247], [-99.76299770800026, 21.29817338505542], [-99.76533920000027, 21.301434892055436], [-99.76572347700018, 21.3033504150555], [-99.76690684600031, 21.30345840005554], [-99.76794507700025, 21.30480080005549], [-99.77026360000023, 21.306760400055452], [-99.77119369200028, 21.307451154055503], [-99.77235510800027, 21.308023554055552], [-99.77244536900027, 21.308596985055587], [-99.77218627700024, 21.309261369055573], [-99.7752978620002, 21.31089330805563], [-99.77904156900027, 21.31267598505568], [-99.77942652300032, 21.312723231055656], [-99.77993480000028, 21.313028169055684], [-99.78073878500028, 21.314523062055628], [-99.78108612300022, 21.315513954055653], [-99.78400309200028, 21.32014956905571], [-99.78779083100022, 21.32962172305593], [-99.78487840000031, 21.32786850805587], [-99.78490772300025, 21.330148154055916], [-99.78478629200023, 21.3313011230559], [-99.78430809200027, 21.332517708056017], [-99.77788787700028, 21.342263615056126], [-99.77756527700026, 21.34323543105612], [-99.77782375773607, 21.343247351209758], [-99.77763234361933, 21.34398608182527], [-99.77728064035963, 21.344482756135424], [-99.7771651113385, 21.345309902476757], [-99.7772853332892, 21.346302124076303], [-99.77722938161361, 21.34741863467873], [-99.77729077394119, 21.348410936423605], [-99.77711523693209, 21.34878332101436], [-99.7760011427795, 21.350232069793513], [-99.77547313250754, 21.350811679213802], [-99.77394685292207, 21.352136925992856], [-99.77353797545996, 21.353295260613926], [-99.77324507145121, 21.353791847768036], [-99.77277523956312, 21.354123274406543], [-99.77183441191417, 21.354331281854087], [-99.77148192933254, 21.35453849980733], [-99.77130805202053, 21.355572467279583], [-99.77154507533403, 21.356233741533906], [-99.77154886142783, 21.357722315146958], [-99.77131530416013, 21.358425566845348], [-99.77084692324897, 21.35933587816701], [-99.77014318837958, 21.360246500954496], [-99.7697336321629, 21.361156731214088], [-99.76914713939392, 21.36190179698189], [-99.76862052289877, 21.36306027584489], [-99.76874018386523, 21.363845756492893], [-99.76986754675553, 21.36756570832879], [-99.76986828042048, 21.367855152936478], [-99.77004637374627, 21.36847515684729], [-99.77028225988953, 21.368681589999525], [-99.77075308852267, 21.36872231229295], [-99.77210578619619, 21.36847240729362], [-99.77269429519025, 21.36851296626643], [-99.77351890678126, 21.368842650009146], [-99.77593296339292, 21.369459613986773], [-99.776346234626, 21.369996590658104], [-99.77564578648789, 21.37218905976813], [-99.77547138979891, 21.373016283383198], [-99.77577007462561, 21.374752546466787], [-99.77577177931991, 21.37541413270114], [-99.77589159715279, 21.376240954780275], [-99.77624881873427, 21.377853088264338], [-99.77595545153805, 21.378184283423113], [-99.77566549282288, 21.37983864995314], [-99.77566709132604, 21.380458886689365], [-99.77490614696234, 21.38203119547626], [-99.77467246502148, 21.38269310139631], [-99.77455657987946, 21.383396196236767], [-99.7747940921721, 21.38422285834986], [-99.7751489817265, 21.384925312341874], [-99.77644767296655, 21.386494808353447], [-99.7766262466637, 21.38728019868377], [-99.77709863476555, 21.387899788155625], [-99.77686452642321, 21.388396300399002], [-99.77680685490931, 21.388851220918895], [-99.77710345249783, 21.389760495854823], [-99.77728524833317, 21.391786356362225], [-99.77722886277616, 21.392737465335525], [-99.77687897424822, 21.393978422218165], [-99.77623332891096, 21.39464089555098], [-99.77505812506526, 21.395345438919847], [-99.77494180778292, 21.395883137042162], [-99.77488593900277, 21.397040990476235], [-99.77465180960141, 21.397537499761537], [-99.77424314304994, 21.39881988065028], [-99.7734587165756, 21.40004965192596], [-99.77351486753017, 21.400463173460047], [-99.77339108909288, 21.401412731552423], [-99.77320742088531, 21.402527196174812], [-99.77278445994173, 21.404259970482943], [-99.77206951721615, 21.40566041918138], [-99.77212566696522, 21.40607394095974], [-99.77265266229638, 21.406449016448384], [-99.77300265917033, 21.40690564719726], [-99.7736481051944, 21.407157487583927], [-99.77453097610028, 21.40708022745232], [-99.77506117761597, 21.40695949987828], [-99.77559217692017, 21.40671482186622], [-99.77606248943883, 21.406758998568794], [-99.77977596913074, 21.414755863671495], [-99.77976457444507, 21.416532459838397], [-99.77993575440281, 21.417359851555105], [-99.77945480465229, 21.41896833404482], [-99.77903824121564, 21.419709531800017], [-99.77826950298848, 21.42032464123569], [-99.77755878958055, 21.42106405261715], [-99.77642988942101, 21.422792549878338], [-99.77530389112061, 21.42406656201174], [-99.77494692122356, 21.42468415918748], [-99.77464771274386, 21.425467378115428], [-99.77464318472575, 21.4261697531127], [-99.77499243799184, 21.426750325541352], [-99.77551978242307, 21.427084072470304], [-99.77686942924888, 21.42762939756153], [-99.7781589281667, 21.42838093567333], [-99.77938404401591, 21.429999745999396], [-99.77895843764557, 21.43214569162439], [-99.77913122455655, 21.432725185553647], [-99.7800092138643, 21.43343289816597], [-99.78047828986513, 21.433683640181805], [-99.78065320152396, 21.43393260344341], [-99.78035691815553, 21.434261354315357], [-99.77981814942744, 21.435704216182966], [-99.77939677458221, 21.437189104383272], [-99.77897936722253, 21.438054250237066], [-99.77968088321046, 21.43876089491253], [-99.77956135888714, 21.439049395801142], [-99.77719122091672, 21.44163805883452], [-99.77624983994224, 21.44163234976533], [-99.77624797950571, 21.441921562381513], [-99.77706319221868, 21.44324867257651], [-99.77804352705887, 21.44635343765549], [-99.77804113995496, 21.446725282128394], [-99.77786197212211, 21.44713737368276], [-99.77691126203001, 21.448577731348575], [-99.77541209516623, 21.452948309577792], [-99.77511416677245, 21.45352494818806], [-99.77475819306368, 21.45397728083701], [-99.77487401316257, 21.45426720777379], [-99.77475313720193, 21.45476228554791], [-99.77468817509049, 21.455712196962594], [-99.77480266618674, 21.45620870399449], [-99.77479947336182, 21.456704496318387], [-99.77509022746348, 21.457243390897908], [-99.77573271159281, 21.457991007117602], [-99.77637732718574, 21.458408092559015], [-99.77702088470794, 21.45899043938409], [-99.77713591736656, 21.459404312318], [-99.77701663797211, 21.45965149534856], [-99.7767205617694, 21.45993892460608], [-99.77595293705552, 21.460347447146138], [-99.77518451020224, 21.460879914282593], [-99.77435563651622, 21.4616599166593], [-99.77364391069679, 21.462523262467105], [-99.77346471256622, 21.462935349496696], [-99.77310258255908, 21.464337947037613], [-99.77286506831693, 21.464667043628285], [-99.77251039486319, 21.464912791910336], [-99.77203376017712, 21.465818879190454], [-99.77226381029585, 21.466646631654623], [-99.77255537605882, 21.467061581721328], [-99.77384281146172, 21.468184983566267], [-99.77413225553181, 21.46893045835374], [-99.77395145434218, 21.4695904416072], [-99.77400790621702, 21.469962642759707], [-99.77424382928703, 21.469881440370045], [-99.77453992991526, 21.469594015083608], [-99.77560157751034, 21.469228598491526], [-99.77642570655226, 21.46919227675429], [-99.77671914714435, 21.46931800727627], [-99.77689303565873, 21.46973223611624], [-99.77641641385102, 21.470638335025985], [-99.7755259877988, 21.47183114669445], [-99.77457377248332, 21.47347807212988], [-99.77403641223536, 21.47467301908648], [-99.77338374017901, 21.475495405807067], [-99.77366121751697, 21.478100097431096], [-99.77254651376805, 21.477556194927814], [-99.77371208251444, 21.479339932670396], [-99.77365003650456, 21.479835366317346], [-99.77388437864919, 21.480002059562686], [-99.77440766058399, 21.480996856777924], [-99.77427718765195, 21.482979305963255], [-99.77438824424446, 21.48401291774121], [-99.77420982206756, 21.484301057558703], [-99.77379678324353, 21.484463820372618], [-99.77326656881556, 21.48454323540833], [-99.77302902374066, 21.484872332416828], [-99.7729664409914, 21.48545039742375], [-99.77272756171502, 21.485986073528387], [-99.77266417814366, 21.48668808608282], [-99.7728370121238, 21.487267581578735], [-99.77312968771652, 21.48751726479859], [-99.77436164868365, 21.488144506385574], [-99.77477310211458, 21.488229637196312], [-99.77500639621584, 21.488561591740165], [-99.77470175273169, 21.49017112609403], [-99.77428284739474, 21.491242839505254], [-99.77504293001721, 21.49203248092925], [-99.77533057201904, 21.493067160853684], [-99.7756794654529, 21.49373035403457], [-99.77661746773116, 21.494314477826137], [-99.77744041222194, 21.49448472605973], [-99.77780503613465, 21.494732896872314], [-99.7774584995686, 21.49709044132638], [-99.77704898353487, 21.498125097400575], [-99.77517342666223, 21.50172681792285], [-99.77446761900005, 21.5022660653285], [-99.7727635853246, 21.50413083576001], [-99.77217864674579, 21.505662057836858], [-99.77170949571266, 21.506490123473647], [-99.77041472359315, 21.5072375377227], [-99.7681175768501, 21.507946060893467], [-99.76717589132917, 21.50848585755747], [-99.76611739070249, 21.509398041257132], [-99.76553003640635, 21.510143688826222], [-99.76394200311272, 21.511429257233814], [-99.76341334289697, 21.51209206461726], [-99.76247282879443, 21.51304528488718], [-99.7612950165045, 21.51350293088509], [-99.76011591722526, 21.513547277385214], [-99.75875974323907, 21.51346788089954], [-99.75775864750767, 21.51388354149983], [-99.75687752252568, 21.515001970097572], [-99.75658453092716, 21.515622848350656], [-99.7565280912295, 21.5164912329946], [-99.75623797229815, 21.518104389277596], [-99.75553728160934, 21.520462737327517], [-99.75500902933672, 21.52129089920703], [-99.75406732790368, 21.52187196996936], [-99.75312526175561, 21.522329000755988], [-99.75235912304083, 21.522454848804937], [-99.75171138003694, 21.52274579501876], [-99.74923736163952, 21.523578519110437], [-99.75090582066657, 21.529693691875032], [-99.7532705832862, 21.53183805368603], [-99.75339375909643, 21.533656949405046], [-99.75298242838088, 21.534154066466872], [-99.75251165277194, 21.534485942547438], [-99.75192199195249, 21.534487336879472], [-99.75276136715598, 21.53932271937724], [-99.7521123841583, 21.539200235797367], [-99.7514639157668, 21.53924311323941], [-99.75128784259383, 21.539532944970347], [-99.75134835404131, 21.54007028919513], [-99.75164378979184, 21.540276317337803], [-99.75230860155014, 21.540299308237845], [-99.75288157211169, 21.540108019132372], [-99.75371926722062, 21.544281878931052], [-99.75313159459851, 21.544986140912748], [-99.74744758194468, 21.578365005781126], [-99.71363429774235, 21.572569805395297], [-99.70906832094964, 21.57203853957377], [-99.70655716507395, 21.570948549098894], [-99.704921312969, 21.56890870380103], [-99.69862798512871, 21.5721985354833], [-99.68285852305348, 21.571433505201806], [-99.67294994656535, 21.56948188813213], [-99.66679356070051, 21.576987026657754], [-99.66592317929478, 21.575284540614383], [-99.66012793185733, 21.569485974125335], [-99.65927131410287, 21.566337177960236], [-99.65471773477967, 21.560508731954002], [-99.64982458490798, 21.55314787876805], [-99.64657574524487, 21.546876921297223], [-99.64381388813365, 21.545321668556273], [-99.6398228794522, 21.53639864584471], [-99.63749457389831, 21.532781100692596], [-99.63184240921171, 21.523481727290836], [-99.60643140826022, 21.49317330793948], [-99.60343042357484, 21.49213348403676], [-99.602281345425, 21.491280484091234], [-99.6013487235065, 21.490031586221782], [-99.60022757712416, 21.48993798704738], [-99.59918095233084, 21.488274696040907], [-99.59745307157179, 21.483835845750576], [-99.5770605451651, 21.473923248410728], [-99.57355141601465, 21.466343559247584], [-99.5654027446922, 21.456968101450272], [-99.55790939622138, 21.45151939232908], [-99.55337707331269, 21.45112224758549], [-99.5455210980009, 21.446098706797404], [-99.5295157248093, 21.437702631127507], [-99.52396371586596, 21.434200283129066], [-99.52628964774469, 21.428234203154364], [-99.52310765792338, 21.428237342960426], [-99.52063130285282, 21.427082022740603], [-99.51727090645298, 21.425762111208176], [-99.51520772079024, 21.42510248612452], [-99.51149217183884, 21.42237697873768], [-99.50877957346655, 21.420601483365846], [-99.5074234696078, 21.419858434044603], [-99.5027668779731, 21.418373974274488], [-99.49952672838597, 21.4188728800746], [-99.49239883455722, 21.420449883044554], [-99.48933589408638, 21.42144462140062], [-99.48804083970624, 21.42264469456729], [-99.48557381623594, 21.430171795758678], [-99.48445641336362, 21.432322697686732], [-99.48304298932437, 21.433150695113067], [-99.48174657204497, 21.433151647644543], [-99.48050962011965, 21.43369006321355], [-99.47738601544364, 21.43327882009964], [-99.47544162580495, 21.43352826380977], [-99.47408734325836, 21.434645577559348], [-99.47267387593803, 21.435514836134875], [-99.4710830227772, 21.435763990116715], [-99.47020028873034, 21.436601987677008], [-99.47280215447604, 21.438455326506116], [-99.4751064483028, 21.439523985950377], [-99.4701741432381, 21.446316630208166], [-99.46586553323876, 21.445707890458173], [-99.46061347773272, 21.44522549883751], [-99.45754446830568, 21.444820025057968], [-99.45211387159316, 21.443841760248276], [-99.44821754591847, 21.442983485349675], [-99.4468018613908, 21.443028375881827], [-99.44438913473974, 21.444894643515497], [-99.43590842519285, 21.449462809655028], [-99.43454998034858, 21.448970054404526], [-99.43034706750178, 21.444391621885014], [-99.42904588594615, 21.44331994007699], [-99.42774395644236, 21.44200021681829], [-99.42549424168436, 21.439401235666793], [-99.42454632271848, 21.438080644144513], [-99.422948897751, 21.436554887777024], [-99.4204035271486, 21.43366716004165], [-99.41939682850145, 21.4323880140504], [-99.41839127355173, 21.431480908785343], [-99.41762193141106, 21.430655924957126], [-99.41661702233887, 21.429955501481007], [-99.41549240850597, 21.428676604516433], [-99.41484305614101, 21.42851275173959], [-99.41248407585203, 21.428683545707305], [-99.41142292678538, 21.428892675808058], [-99.40959420633084, 21.428855518376064], [-99.40841385441207, 21.42865151208352], [-99.40646485014008, 21.42782915409949], [-99.40552167139923, 21.42803797993451], [-99.40493398779512, 21.428783406104692], [-99.40363008523744, 21.431803466487775], [-99.40262824278061, 21.434953199393583], [-99.40180348397523, 21.43826814335828], [-99.40186292379717, 21.439220469713387], [-99.40257202924008, 21.441206512161937], [-99.40174615361984, 21.4420781639066], [-99.40074293915374, 21.442329064567186], [-99.39861825139026, 21.442334191563276], [-99.39785126165383, 21.442957212097923], [-99.39720240708299, 21.443828416397693], [-99.39690803928535, 21.44560982744447], [-99.39720367120266, 21.44689288263291], [-99.39803029375003, 21.447677720751052], [-99.39850288300508, 21.448670465608828], [-99.39773587737169, 21.44933489734915], [-99.39696903519369, 21.450413442459123], [-99.39667431342643, 21.451366618413875], [-99.39649793879776, 21.45306492123974], [-99.39602612063813, 21.45397710821979], [-99.39614472369817, 21.45534341071091], [-99.39738533553164, 21.45799078540711], [-99.39844851067919, 21.459686108332754], [-99.3985671769364, 21.461135230999474], [-99.39839053442486, 21.462170947830185], [-99.3985681775526, 21.463495693110115], [-99.39626645478053, 21.464370865344915], [-99.39544022957246, 21.46478695838276], [-99.39402358586037, 21.46487316108157], [-99.39313806634752, 21.46462679738507], [-99.39237040023121, 21.463841797789662], [-99.39107161833397, 21.46338934404748], [-99.38995015357655, 21.463557637576624], [-99.38906503534132, 21.464387954963286], [-99.3895380407861, 21.46654024913115], [-99.38877110911079, 21.467784403278856], [-99.3882407978586, 21.4704774067764], [-99.38617553320968, 21.472842706005714], [-99.38470081432797, 21.47607625160227], [-99.38375682720263, 21.47773491070438], [-99.38263549318178, 21.47868997719521], [-99.38210488979303, 21.48092743246029], [-99.38405447392259, 21.48531254537551], [-99.3835235612177, 21.486597537539776], [-99.38393734876227, 21.488211628817293], [-99.38523704110277, 21.490776122146027], [-99.38700916973976, 21.493546556068623], [-99.38736490783505, 21.497811110677578], [-99.3871884656698, 21.49975786564638], [-99.3864212301817, 21.500670715167143], [-99.38423612961577, 21.499102173637596], [-99.38405877156924, 21.49839858999083], [-99.38275985180202, 21.498401604346927], [-99.38163819971454, 21.498859726141905], [-99.38087080641428, 21.49935843562349], [-99.3790996621996, 21.49977662514177], [-99.37709267577488, 21.501396269403557], [-99.37591227964617, 21.50309683344575], [-99.37337420630533, 21.506249868268174], [-99.3730792346351, 21.507244411735712], [-99.37331582066798, 21.5088175148616], [-99.37307991135329, 21.509894747561518], [-99.37296228256288, 21.5117171197994], [-99.37319879033916, 21.512958930369216], [-99.3733173338195, 21.51469794509255], [-99.37296338141046, 21.51602391283589], [-99.3724912087762, 21.516894620257986], [-99.37225529169987, 21.518013262482327], [-99.37136997041735, 21.519754538993794], [-99.37066163273762, 21.520874241238246], [-99.37036667387632, 21.522117247516963], [-99.37237518623807, 21.52513576301827], [-99.37544617413093, 21.52603985548998], [-99.37739517320851, 21.526905049302183], [-99.37845874315158, 21.52897318379764], [-99.37857727967024, 21.530422310794595], [-99.37857765908875, 21.53170606303978], [-99.37721990913842, 21.53353127401259], [-99.37674859978743, 21.53754925441212], [-99.37645450264917, 21.54177388417935], [-99.37651456945828, 21.545335121974432], [-99.37639697404882, 21.547198899988693], [-99.3750979819499, 21.54852702248241], [-99.37099061389019, 21.549937696525145], [-99.36957531559672, 21.550519345769985], [-99.36450482358256, 21.553009984038354], [-99.36338377485805, 21.553260278079556], [-99.36214442711567, 21.553428125251852], [-99.35942760693342, 21.553020173768164], [-99.35783218328183, 21.552485943273318], [-99.35706426551731, 21.552322109580274], [-99.35588319791151, 21.552200425408437], [-99.35346160135707, 21.55179179412624], [-99.35104129909215, 21.551879187299484], [-99.34968280935806, 21.551633787839034], [-99.34873715736961, 21.55122222788982], [-99.34714094573808, 21.550357187440387], [-99.3456043150618, 21.549698710474058], [-99.34365298141746, 21.54846226634051], [-99.3420559959774, 21.54726646908838], [-99.338861586918, 21.544668135116318], [-99.33465545978667, 21.538723175377744], [-99.33293998240997, 21.537279473699286], [-99.32892153999056, 21.53550922272572], [-99.32756263725221, 21.53501560911151], [-99.32626327206282, 21.534728571101454], [-99.32484525599482, 21.534193702318724], [-99.31958884496969, 21.53304550710208], [-99.31793786528789, 21.533833825988598], [-99.31528229126897, 21.534169139241516], [-99.31345245514045, 21.534213625444753], [-99.31244817744872, 21.53388463448831], [-99.30931513003839, 21.531947036880865], [-99.30807485519722, 21.531659756590766], [-99.30618780366345, 21.532489695542335], [-99.3048335896947, 21.53402148697834], [-99.30336100643143, 21.53542944701902], [-99.3021248910396, 21.5370023598409], [-99.2990029464791, 21.540025200947404], [-99.29806136096407, 21.541349571317458], [-99.29729960456326, 21.543913807353565], [-99.29470718759256, 21.54623295176431], [-99.29353310833501, 21.547574529960613], [-99.2924697943438, 21.548239010721673], [-99.29182004529919, 21.548447223587996], [-99.2917018461468, 21.548695902870257], [-99.29081562900717, 21.549608528135973], [-99.290638414552, 21.549691664803625], [-99.28981150537113, 21.549775948419963], [-99.28933849357294, 21.551391833233843], [-99.28975178569694, 21.55188804368965], [-99.2901057994233, 21.553088354213944], [-99.2905780752904, 21.553874339149292], [-99.29128589637048, 21.557061774442353], [-99.29087227087044, 21.55760085721781], [-99.28945442086724, 21.55843159225379], [-99.28632402632707, 21.558022963594507], [-99.28514258306976, 21.5583563113836], [-99.28342943081017, 21.55898045022257], [-99.2821889658744, 21.559148232849648], [-99.28047580681387, 21.559730929937267], [-99.2774625128789, 21.561930862588838], [-99.27657614291917, 21.56280200099147], [-99.27545352079188, 21.56359070830527], [-99.27456712873298, 21.564461836084956], [-99.27403481481461, 21.566119187367846], [-99.27397557198528, 21.56653340161743], [-99.27409302151031, 21.56818966652566], [-99.27432868537475, 21.569680087321313], [-99.27462359711718, 21.57075629323527], [-99.27580417651477, 21.572866299386508], [-99.27668985232067, 21.57390009536033], [-99.27757480971636, 21.576797403995023], [-99.27781054028465, 21.578246406307425], [-99.27769193717727, 21.579406128011186], [-99.27810483651146, 21.581020475170593], [-99.27893162919587, 21.581723065908633], [-99.2795222651944, 21.58205335204628], [-99.28040811626836, 21.582838657470504], [-99.28076225417497, 21.583707691780084], [-99.28093885935654, 21.585405257786224], [-99.28123362551432, 21.58710262066555], [-99.28170560571236, 21.588882501138176], [-99.28188239358026, 21.59012453930217], [-99.28194017255457, 21.593727230434567], [-99.28182142659007, 21.59534247804648], [-99.28193906715606, 21.5967916735585], [-99.28111109695266, 21.599029308415226], [-99.28152400218787, 21.600892110486086], [-99.28081464489132, 21.601845787915398], [-99.28075517933863, 21.602881173161016], [-99.28028202480812, 21.60416573412887], [-99.28057691575394, 21.60561462594594], [-99.28110841568176, 21.606359118973703], [-99.28069427900263, 21.60780922465549], [-99.27951232645799, 21.608391003072253], [-99.27886246452564, 21.60814364232778], [-99.27744478416236, 21.607110765746402], [-99.275908901947, 21.60620230983226], [-99.27413635345104, 21.606122462320176], [-99.27230457949554, 21.60637398506222], [-99.26982211602993, 21.608283014321866], [-99.26852203439918, 21.608657852935167], [-99.26663063049281, 21.609986105993514], [-99.26527135882962, 21.61052666103642], [-99.26408932135448, 21.611108330568133], [-99.26113468527315, 21.61156859502065], [-99.25977571700095, 21.611446523414003], [-99.25753090739732, 21.610414787305825], [-99.25623106265026, 21.610251182207673], [-99.25451744750625, 21.61037809056774], [-99.25209463353798, 21.610754543810376], [-99.25079405517006, 21.611874649660532], [-99.24896180160296, 21.612747087360034], [-99.24748443157732, 21.612997797838194], [-99.2465387083882, 21.613496162720832], [-99.2452973545655, 21.61428484557038], [-99.24393760203226, 21.615404986782124], [-99.24251792936431, 21.6178089577921], [-99.2423978932144, 21.620749341287365], [-99.24180599937257, 21.622282437485865], [-99.24056422548657, 21.623568021529138], [-99.23884962475258, 21.62493711088949], [-99.23772637485168, 21.625642741869303], [-99.23547970188113, 21.627261037986532], [-99.23384855354475, 21.629210260431837], [-99.23313649456337, 21.630323329384577], [-99.23218828483745, 21.63143583648258], [-99.23136111672893, 21.631640311553944], [-99.22835032859834, 21.63163314309621], [-99.22675542282745, 21.631918332690127], [-99.22569031804699, 21.6326589396162], [-99.2249779045893, 21.633854547199636], [-99.22491515559541, 21.63496914490733], [-99.22497061698617, 21.636042740388127], [-99.22543466996206, 21.63852107703166], [-99.22519123466276, 21.640708700392075], [-99.22418110317737, 21.642646751956313], [-99.22353125442697, 21.642769042690958], [-99.22264248296926, 21.6437164912674], [-99.22246190804277, 21.644748227489206], [-99.22257681108981, 21.645698105910697], [-99.22233691569564, 21.646812271894376], [-99.22203908150067, 21.64759600130572], [-99.22103149409689, 21.64874958747285], [-99.21978452485078, 21.650852183091644], [-99.219429294123, 21.65114032445617], [-99.21788859630752, 21.652788031959766], [-99.21717518305785, 21.654231324068306], [-99.21728237895685, 21.657451966645894], [-99.21756881441807, 21.660053744185507], [-99.21780221111, 21.660880054289258], [-99.21821289182994, 21.66166551128238], [-99.21867928287297, 21.66344198841964], [-99.21861772823108, 21.664185001546056], [-99.21867440948851, 21.664887016934394], [-99.21766597880436, 21.666247014128203], [-99.2164834570054, 21.66669826628335], [-99.21512476088374, 21.666860067494923], [-99.21234718139564, 21.667513782160004], [-99.21075114174779, 21.668005253061253], [-99.2075056758429, 21.667336539611973], [-99.20567785293576, 21.666547485619848], [-99.20390795125212, 21.666088853280467], [-99.20219610206469, 21.665919358057117], [-99.19847804045673, 21.66533183753091], [-99.19688299464671, 21.665534169543164], [-99.19499138542183, 21.66610730133043], [-99.19185575832587, 21.6677919202714], [-99.19055342237242, 21.668696832458075], [-99.18860062685738, 21.669847748912677], [-99.18741516914554, 21.671083238992743], [-99.18587463820437, 21.672524217257195], [-99.18515828094607, 21.6746692424555], [-99.18562520294553, 21.67619809337708], [-99.18674157958576, 21.677769943483813], [-99.18944906035824, 21.680295561210848], [-99.19074635605105, 21.680835685227102], [-99.19228032305811, 21.68125255473093], [-99.19706002531127, 21.68233838799911], [-99.20077404470219, 21.684205815996368], [-99.20236497444131, 21.685242039039267], [-99.20324623340807, 21.686565455121794], [-99.20388855169665, 21.68867271014363], [-99.20382346946661, 21.690406590368], [-99.20257877248952, 21.691683322802422], [-99.20198486609584, 21.692631408734723], [-99.17635982273165, 21.671633399011355], [-99.16930848125183, 21.676533756776227], [-99.16367950018679, 21.680280135282036], [-99.16191149707873, 21.678744011134523], [-99.16842801220619, 21.67475230351663], [-99.16742963251527, 21.67288774332345], [-99.16696283651339, 21.671148951629963], [-99.16643505431743, 21.66994770632851], [-99.16643912044557, 21.668789507482213], [-99.16632424239197, 21.667837755634814], [-99.16638683709797, 21.66684520058529], [-99.16662878806453, 21.665274106718236], [-99.16698793315769, 21.663992935870606], [-99.16811734411688, 21.662176454090382], [-99.16853412849142, 21.66130910882947], [-99.16913111522697, 21.659615035072648], [-99.16872315857167, 21.657959160092233], [-99.16748934482116, 21.655845664731146], [-99.16666914508541, 21.653774833180314], [-99.16625789176253, 21.65307033024915], [-99.16596368496077, 21.65269711536851], [-99.16466619074849, 21.65190706869472], [-99.16395798166303, 21.6516152643874], [-99.16336914895491, 21.650992918706283], [-99.16279553456313, 21.64606867813467], [-99.1633904814559, 21.644953723049685], [-99.16493377549301, 21.64305584740739], [-99.16564543600512, 21.64235490305536], [-99.16641575226895, 21.641778235905477], [-99.1665959516569, 21.640951509462344], [-99.16624383326948, 21.640247192211792], [-99.16583218452169, 21.639666780001928], [-99.16565940148645, 21.638383921660353], [-99.17160749928865, 21.627358254814038], [-99.14438024269276, 21.607208611210744], [-99.14314235645234, 21.606418584163332], [-99.14243395586188, 21.60625077875637], [-99.14202402120972, 21.605256658293293], [-99.14107853086796, 21.60529488634487], [-99.14007487304212, 21.60508472497447], [-99.13960373383001, 21.604669505978972], [-99.13684725777972, 21.599158744549936], [-99.12876733995226, 21.59201263081158], [-99.1286750670296, 21.59027817636985], [-99.12627994014464, 21.58556608240657], [-99.13029821052649, 21.58243789133142], [-99.13343188563029, 21.563989773693315], [-99.13746786650621, 21.543335162415392], [-99.14270638237835, 21.536134665812153], [-99.14371742678034, 21.53033022289411], [-99.1398189682704, 21.52113891181682], [-99.13602881895758, 21.511408274281525], [-99.13062745351867, 21.500796060061873], [-99.13025933263754, 21.4938994885628], [-99.12997755433742, 21.48224788880304], [-99.10311731160098, 21.482917054746725], [-99.12610464531738, 21.457053686263578], [-99.12575226517555, 21.456184612453217], [-99.12498759732465, 21.455935106359284], [-99.08188755775687, 21.437398599872164], [-99.09835183955661, 21.43506905834559], [-99.09941680909084, 21.407465841582145], [-99.09965286207247, 21.40688847401662], [-99.09994789539685, 21.406476233288053], [-99.10030187802228, 21.406559219625787], [-99.10154078799668, 21.40722102894528], [-99.1020717729898, 21.40726297798151], [-99.10230773752113, 21.407634645559337], [-99.10277969612193, 21.408047879229414], [-99.10372368680946, 21.40796656636675], [-99.10401848214939, 21.41081405977401], [-99.11646738935796, 21.4022056540781], [-99.12531555794095, 21.384225596132058], [-99.11310486687191, 21.370553114842718], [-99.11717469853657, 21.366968201109803], [-99.11906208609423, 21.365196162746386], [-99.1205955312978, 21.36317610838984], [-99.122482893422, 21.36260065112692], [-99.12613953150749, 21.3604179685814], [-99.1270241606942, 21.35959372811594], [-99.1292649949813, 21.355676314987527], [-99.13085713777345, 21.353284867446607], [-99.13126985603394, 21.352212497549107], [-99.13150564444199, 21.35118119160568], [-99.13156452112445, 21.35031473876015], [-99.13185929443287, 21.349407286440545], [-99.13309769747804, 21.348748459178474], [-99.13486685291161, 21.348007680903102], [-99.13563355656997, 21.348214835128925], [-99.1371668694339, 21.347968928196803], [-99.1397617309712, 21.34776540830214], [-99.14141290662666, 21.347106960717518], [-99.14259232771829, 21.346736840758837], [-99.14377163692137, 21.345830296102854], [-99.14318166487232, 21.34463305719583], [-99.1431814574191, 21.34356022404525], [-99.14347592831312, 21.341538654859207], [-99.14329882713878, 21.34058942444444], [-99.14676085988273, 21.33736426946756], [-99.14170952891561, 21.33350671208067], [-99.14130066717661, 21.331684120306697], [-99.13947825500824, 21.331391906649067], [-99.13806860420549, 21.33035481665982], [-99.13801266287663, 21.328491262623903], [-99.13919025305148, 21.327457519023454], [-99.13789836848977, 21.326337757392654], [-99.13507527841634, 21.3267895859651], [-99.13360742142955, 21.32542109512947], [-99.13249355592765, 21.323307669228296], [-99.13209209836127, 21.323123101920633], [-99.12607705887936, 21.315152532047804], [-99.12481134586098, 21.31074980311078], [-99.12075603545681, 21.309874542989995], [-99.11541187664301, 21.306305637882634], [-99.10865155145541, 21.30588170593909], [-99.10718313573827, 21.305092729744448], [-99.10532116931198, 21.294074660009915], [-99.1043817483818, 21.293410679506025], [-99.10520687110333, 21.29221099721978], [-99.10180487369153, 21.28794055129896], [-99.10027618282822, 21.2881038729612], [-99.09980427249363, 21.28901419453133], [-99.09868765937864, 21.288846842586644], [-99.09798074605722, 21.289673976685847], [-99.09603940651309, 21.290457789599103], [-99.09404070300594, 21.290454682361982], [-99.0909253840743, 21.29028414801489], [-99.08757376512663, 21.290734342928623], [-99.08639625956472, 21.291684908384934], [-99.08545631183802, 21.291352108503993], [-99.08221778693365, 21.294121393439713], [-99.07980696621478, 21.294407321715482], [-99.07910360499551, 21.29332947804507], [-99.07704970601412, 21.291462584209874], [-99.07422929055622, 21.290795298809343], [-99.07241390635063, 21.287272307292202], [-99.06325820487554, 21.28009248368539], [-99.06264666612934, 21.279539933645886], [-99.06258748462258, 21.280200054940284], [-99.06193924946741, 21.27966263960802], [-99.06152680912031, 21.279125584206923], [-99.0607016043278, 21.27895926121959], [-99.0602299788391, 21.279082323305865], [-99.05964031852601, 21.279576570638866], [-99.05952233030438, 21.279823967448973], [-99.05952212921767, 21.280360389292813], [-99.05905020188993, 21.281267449157514], [-99.0588140950798, 21.282092347454768], [-99.0579884952807, 21.28291632826433], [-99.05716298303084, 21.283492725750538], [-99.05657370211811, 21.28295538205602], [-99.05592532841922, 21.282789312607818], [-99.05607490315133, 21.282294506914536], [-99.04657474139913, 21.2699523122489], [-99.05230709407526, 21.263444230451753], [-99.05232647668113, 21.260385286127708], [-99.05207664043492, 21.25923054036805], [-99.05153100219869, 21.257913553222018], [-99.05111028482442, 21.257173938033592], [-99.05098324797761, 21.2564312488647], [-99.0510292286996, 21.255438742850263], [-99.05083548852203, 21.254076735807875], [-99.05110205625772, 21.25196589280399], [-99.05092001048831, 21.2515131195796], [-99.05056017256848, 21.250938203139015], [-99.07315139786053, 21.241265794405802], [-99.07503702549828, 21.23866005536713], [-99.07410045623915, 21.236794977635448], [-99.07551290427739, 21.235720652895086], [-99.07533977903387, 21.234105323992324], [-99.07622235776788, 21.233527040843544], [-99.07622543305212, 21.23195341758433], [-99.07370298522214, 21.22975439256329], [-99.07148091265033, 21.22428434504363], [-99.06596232800099, 21.221914446107817], [-99.06478489215637, 21.22303051194492], [-99.06302314755115, 21.22253050780043], [-99.06219772906503, 21.223895638137247], [-99.0603188066795, 21.223229755180487], [-99.05896375408457, 21.2249666372991], [-99.05455923191262, 21.22379926315366], [-99.05655919753757, 21.22276756119609], [-99.05509422756415, 21.22086001762234], [-99.05382909193021, 21.221969842057618], [-99.05355597754634, 21.20531486846367], [-99.05483280387755, 21.204144109717515], [-99.05559076806021, 21.203722810540803], [-99.05656706934052, 21.202017841495202], [-99.05690976029895, 21.20127021904938], [-99.05761378802613, 21.201221488822938], [-99.05730423258541, 21.19998470133388], [-99.05723326238358, 21.199034749693233], [-99.05669046489295, 21.197924414796955], [-99.05586210528885, 21.197437095778778], [-99.05533476302328, 21.19752529958458], [-99.05456671833439, 21.19716134531806], [-99.05367114757841, 21.19601336590361], [-99.0525423419029, 21.194991829500918], [-99.05135590373298, 21.19405355833937], [-99.05047258991175, 21.193856131078768], [-99.04964002703359, 21.193038148291567], [-99.04892064839125, 21.1918883005936], [-99.04897352157387, 21.191433066288084], [-99.04878359885394, 21.190360350319015], [-99.04810597753917, 21.187887352236356], [-99.04780766445128, 21.18751845746156], [-99.04767805343177, 21.18656911372824], [-99.04784834348129, 21.186112652595853], [-99.04778486385354, 21.185741303601525], [-99.04806620310436, 21.184787665243363], [-99.0487632591723, 21.18420169275282], [-99.04875477113184, 21.183540426040445], [-99.04862993174268, 21.182963045169423], [-99.04891762682185, 21.182505355234035], [-99.04915192032739, 21.18246157048894], [-99.0493750696792, 21.181549872713127], [-99.04901275507315, 21.180768301950952], [-99.04906403237777, 21.180189079467127], [-99.04929460774264, 21.179855990208775], [-99.04882125435364, 21.179571597075743], [-99.04834365983002, 21.178956569050186], [-99.04816065183161, 21.178421130346553], [-99.04815428809236, 21.177925179950844], [-99.04802945579368, 21.17734779823923], [-99.04749051733958, 21.176526735110873], [-99.04759255041547, 21.175326961197815], [-99.04711073457841, 21.17438129558775], [-99.04716148712549, 21.173760744008177], [-99.04738675604746, 21.173014364834405], [-99.04779396074879, 21.172720766549393], [-99.04818313383397, 21.17102197341963], [-99.04841104525791, 21.170482238845313], [-99.04868757804383, 21.169156634617735], [-99.049210579226, 21.168737817518814], [-99.0499139248108, 21.168647790246112], [-99.05044010617308, 21.1684769447767], [-99.05066906746075, 21.168019865503307], [-99.05142845313758, 21.167722571272293], [-99.05207468648436, 21.167757137435537], [-99.05248346195445, 21.16758751543678], [-99.05241519573735, 21.16684420422936], [-99.0524664551205, 21.166264979796], [-99.05427656729503, 21.165501976512253], [-99.05415172178527, 21.16492459849772], [-99.05378942279737, 21.16414303639899], [-99.05378250920727, 21.163605756164245], [-99.05413150903482, 21.163354087142014], [-99.05399975161038, 21.162239428557594], [-99.05381514853174, 21.16158000713517], [-99.05392669374896, 21.161124154154937], [-99.05485148814209, 21.159998412306834], [-99.05520260647766, 21.159912058047865], [-99.05637761311498, 21.15998239216817], [-99.05766095624591, 21.159348887092957], [-99.05882262972321, 21.15838597280077], [-99.06065398193292, 21.155818724285496], [-99.06129722563331, 21.154533150161885], [-99.0627068699806, 21.154406562133452], [-99.06441199451854, 21.155025342112076], [-99.06935160208907, 21.157047617238124], [-99.07034933498802, 21.156631591538396], [-99.07205302887266, 21.15662874592773], [-99.07258474121659, 21.157870955798035], [-99.07252837615928, 21.15886553144674], [-99.07206046745394, 21.15973648683466], [-99.06895285083118, 21.16231073999388], [-99.06649061020131, 21.16455238317336], [-99.06537832803834, 21.166253110220254], [-99.0641468665041, 21.16724960042724], [-99.06338395804273, 21.167623771228257], [-99.06173744548538, 21.16700488732193], [-99.0605034578257, 21.166924001621243], [-99.05985842961148, 21.167463713736105], [-99.05962523913979, 21.16825138413068], [-99.06039266994628, 21.169824746171773], [-99.06151206288165, 21.171148917144134], [-99.06186651303224, 21.171977077992484], [-99.0619862384806, 21.172929927394843], [-99.06257668055343, 21.174172071439585], [-99.06357687141728, 21.17475056165682], [-99.0643410776305, 21.174915064384724], [-99.06522201780727, 21.17474787977665], [-99.06598486057915, 21.174332264444153], [-99.06792063978718, 21.173003107176314], [-99.06997566760445, 21.172419588893423], [-99.07062117445437, 21.172087020953178], [-99.07302969725903, 21.171917242350432], [-99.07373564342171, 21.172288983835873], [-99.07426592886112, 21.17290963888436], [-99.07497208284501, 21.173364248077498], [-99.07563466737764, 21.173562326776853], [-99.07645750017586, 21.1733152325992], [-99.0773397142791, 21.172736940552664], [-99.0779291945188, 21.17166121936189], [-99.07816639951335, 21.170502088916717], [-99.07769738233631, 21.170045782949565], [-99.07705215542815, 21.16958918229019], [-99.07499853666911, 21.16846763703098], [-99.07400057708325, 21.168176078869823], [-99.07235717212338, 21.16755213042467], [-99.07177070892143, 21.167095608844814], [-99.07165446922001, 21.166474237547526], [-99.07183215735168, 21.165729130140694], [-99.07312664060046, 21.16457179596324], [-99.07430265562168, 21.163911191998366], [-99.07630143629832, 21.163003486150803], [-99.07688975494024, 21.162507528208955], [-99.07759690854498, 21.16130776825155], [-99.07753914138509, 21.160810732731782], [-99.07730501167435, 21.160396227018996], [-99.07718843145031, 21.159940505066047], [-99.07742449511271, 21.159361135079685], [-99.07842392877829, 21.158865855049736], [-99.0795405018497, 21.15853640908772], [-99.08030403310494, 21.158537667929167], [-99.08141988388773, 21.15858091307735], [-99.08230008904589, 21.158996470480577], [-99.0839437560078, 21.1594546771671], [-99.08464934455827, 21.159041705991232], [-99.08506165566386, 21.158421199377557], [-99.08570897317857, 21.157759659692744], [-99.08600373285341, 21.15718037252566], [-99.08676928581954, 21.156104903049595], [-99.08970929358814, 21.15428749406528], [-99.09112084666859, 21.153213031342293], [-99.09241239489624, 21.1535049520564], [-99.09364468403335, 21.154086651433406], [-99.09605176639403, 21.154587347648903], [-99.09722647358645, 21.15454775689648], [-99.09804901537304, 21.154383380532774], [-99.09893006284072, 21.154343324963566], [-99.10175043073309, 21.15364363747684], [-99.10343938242055, 21.153780748716805], [-99.1040991672894, 21.15393707223288], [-99.10697338239753, 21.156011956949374], [-99.10756027046624, 21.15626129940178], [-99.11108327909643, 21.15680484681963], [-99.1119063149847, 21.156350522727408], [-99.11225963089616, 21.155812687374212], [-99.11261259005167, 21.155481908740658], [-99.11279154681029, 21.15386711665507], [-99.11255853480209, 21.152748664088275], [-99.11220763974454, 21.151878508881595], [-99.11168084270102, 21.150842449383457], [-99.1110947531582, 21.150137594256595], [-99.11121434992194, 21.148895420498974], [-99.11168578492628, 21.1482289280929], [-99.11274396223807, 21.148516961533723], [-99.11438803931611, 21.14822374700142], [-99.1163854690084, 21.148261326296694], [-99.1183814429459, 21.147760207291125], [-99.1197907478025, 21.147550271170132], [-99.1231981480813, 21.147626441368296], [-99.12425497879686, 21.14741716469401], [-99.12489979989843, 21.146918643597267], [-99.1256629030045, 21.146709941628075], [-99.12654372047552, 21.146583874650602], [-99.12748431154986, 21.146830614017528], [-99.12854434689723, 21.147781532652683], [-99.12925169672599, 21.148650281417687], [-99.12925445853026, 21.14964475717602], [-99.12960992417507, 21.150721395818906], [-99.13025854831011, 21.151590258350947], [-99.13108295650349, 21.15229301577029], [-99.13143693777292, 21.152830976078114], [-99.13243643878869, 21.153119004928566], [-99.13366930184148, 21.152826438342107], [-99.13543099349128, 21.15257421636647], [-99.13648678777761, 21.1519919352143], [-99.13748429741584, 21.15157551445649], [-99.14029972940013, 21.150036528132887], [-99.1418226013565, 21.14845876117485], [-99.14234940395124, 21.14779467329426], [-99.14299095567699, 21.146177298883355], [-99.1435165547148, 21.14509884248931], [-99.14427914495337, 21.144724310843028], [-99.14551382821934, 21.145094641841816], [-99.14651486219738, 21.145921262073152], [-99.14716320328925, 21.146665750509356], [-99.14834073053886, 21.14757485907861], [-99.14975143916016, 21.147861911210608], [-99.15057313489876, 21.147611535316035], [-99.15133462910416, 21.14686404396929], [-99.1529776363878, 21.146238963520712], [-99.1547397048237, 21.146152286837975], [-99.15755387106239, 21.1442815226313], [-99.15849264989107, 21.143906542869324], [-99.15925605977478, 21.14382199911783], [-99.16001736730118, 21.143033032324087], [-99.16048433725393, 21.142037525489123], [-99.16153747755384, 21.140626359301187], [-99.16235811921592, 21.140044434710248], [-99.16359006644623, 21.139503032035403], [-99.16511745923741, 21.139541077642114], [-99.16717427607846, 21.139826546416277], [-99.16834872199122, 21.13969960508182], [-99.17033833205072, 21.137208925284813], [-99.17163099562774, 21.1373303149837], [-99.17462904270786, 21.13806936464509], [-99.17586208044547, 21.137900800895675], [-99.17726915360171, 21.137027404257122], [-99.1774417774413, 21.135866779289508], [-99.17737995580255, 21.13487243963397], [-99.17796323328918, 21.133545123133736], [-99.17860382238743, 21.13176186815998], [-99.17918714700868, 21.130801629843987], [-99.1795414662188, 21.12922836584651], [-99.18012956697332, 21.12852499203894], [-99.18060190114798, 21.126582595849545], [-99.18210695674836, 21.124999567785647], [-99.18286921640738, 21.124583426341932], [-99.18345487670648, 21.12404338312911], [-99.18398049592368, 21.123089110255563], [-99.18462409832043, 21.12230030688073], [-99.18532760308113, 21.12188429178516], [-99.19099824023363, 21.12219983792044], [-99.1918793179502, 21.1224914143574], [-99.19246802570596, 21.122078415441173], [-99.19481978453206, 21.121834418214476], [-99.1965239732567, 21.122044704971536], [-99.1986992064633, 21.121883145729818], [-99.20075941864962, 21.120520382778942], [-99.20152434557664, 21.120149093143283], [-99.20270020282643, 21.120027035913893], [-99.20364120021566, 21.11978029994919], [-99.20499347801214, 21.119617139809353], [-99.20558248344446, 21.119038446332695], [-99.20628878385922, 21.118584202867556], [-99.2069942197154, 21.118544079587785], [-99.20782021628877, 21.117054736483066], [-99.20923371982799, 21.115690692509922], [-99.20970539360623, 21.114987534629048], [-99.2098246540005, 21.114159500823916], [-99.20959150660396, 21.113206591755453], [-99.20906567545609, 21.1116733767422], [-99.20947890276891, 21.11080446327], [-99.21283597752232, 21.10745609839621], [-99.21501299041513, 21.106300434964087], [-99.21689410095964, 21.10613812095652], [-99.21895061961835, 21.106431631620545], [-99.2202434902006, 21.10651672160315], [-99.22130175706087, 21.106352918313227], [-99.22236083940963, 21.10577498500325], [-99.22377060300826, 21.106191550831834], [-99.22494446613152, 21.107021823898684], [-99.22582365968478, 21.108265708135992], [-99.2272339388204, 21.108433770827553], [-99.22987857906928, 21.108562501252198], [-99.23076092125676, 21.108191279072525], [-99.23211155992227, 21.10881473745859], [-99.2329884586757, 21.11130095258403], [-99.23310333213504, 21.11270916708487], [-99.23421922735906, 21.113166565540435], [-99.23569044657884, 21.11221652352335], [-99.2368093009546, 21.111100238120468], [-99.23810376894497, 21.110356945665302], [-99.23981096063596, 21.10891030658394], [-99.24134301949901, 21.10680076742758], [-99.24193274895094, 21.105725000872866], [-99.24342894101567, 21.103725097247107], [-99.24460387555509, 21.104016873663284], [-99.24536883348323, 21.103521150294213], [-99.24607418601103, 21.103480865070644], [-99.24713487386471, 21.10195029485836], [-99.2483691706258, 21.10191084029282], [-99.25136869037362, 21.1030044162141], [-99.25231642127949, 21.103486008409813], [-99.25279334230436, 21.103891989470604], [-99.25338682500258, 21.10425492526074], [-99.25455775878163, 21.10411355916594], [-99.2557325109455, 21.10417866862], [-99.2567289870936, 21.1041225041181], [-99.25805241865498, 21.1058790129204], [-99.2596661331345, 21.107465945363078], [-99.26073813405428, 21.10831740810734], [-99.26168746014564, 21.108881540288852], [-99.2622794520897, 21.109161851009553], [-99.26286914776615, 21.10931826969835], [-99.26317165847594, 21.10980944467573], [-99.2640013765837, 21.110251427661513], [-99.2652904401517, 21.110149529177253], [-99.26641501876247, 21.11066970454868], [-99.26741537056891, 21.110819959915453], [-99.27055374117683, 21.112342642338124], [-99.27197859502057, 21.11323005128285], [-99.27251734051443, 21.113800281645524], [-99.27270563766545, 21.114458385564046], [-99.27266081295964, 21.115202603664834], [-99.27232189065161, 21.115909926357222], [-99.2717467640389, 21.116538175402443], [-99.2705439767092, 21.118125919602825], [-99.27061954755027, 21.119033563911877], [-99.27110655871361, 21.119976346608464], [-99.27147009173888, 21.120590515420115], [-99.27224430198495, 21.12119852257796], [-99.27266958657925, 21.121976994490865], [-99.2733782180504, 21.122214208021692], [-99.27438711790346, 21.122818682598012], [-99.2761038985111, 21.12361905652659], [-99.27680869241257, 21.123649773160697], [-99.27721167053043, 21.123230635564703], [-99.27737227026357, 21.122402060354215], [-99.27718471235835, 21.12178525904783], [-99.2774634162645, 21.120996216274758], [-99.27792120080473, 21.12036971256939], [-99.27874254370516, 21.120357360529983], [-99.2799899774825, 21.121164754197167], [-99.28247099487035, 21.12203617752262], [-99.28343670073174, 21.12346741008177], [-99.28447499515246, 21.125641087516293], [-99.2842194865091, 21.12766903295045], [-99.28387981958348, 21.128335081034265], [-99.28336027759423, 21.128797298746942], [-99.28273882732101, 21.130087210498964], [-99.28275349225044, 21.13087184191397], [-99.2832946590569, 21.13156592481463], [-99.28418245697718, 21.131965625438045], [-99.28465260414536, 21.131999846244995], [-99.2850532647862, 21.131456801296665], [-99.2858661678889, 21.13099015403174], [-99.28692070785839, 21.13089162906042], [-99.28758619599876, 21.13195559450923], [-99.28785490708293, 21.133769091106085], [-99.28894505017394, 21.135570184397597], [-99.28954029375227, 21.136015582519576], [-99.29010981509317, 21.13680510642705], [-99.29116650844894, 21.13746811455622], [-99.29404295772882, 21.13958121929432], [-99.29580387423557, 21.141321158875094], [-99.29639101385901, 21.141569844902573], [-99.2992686792179, 21.14136383175923], [-99.3010309538491, 21.14024634405762], [-99.3023818734597, 21.139708457333153], [-99.30291020217481, 21.1401641569499], [-99.30343830227737, 21.14115820017781], [-99.30402471167586, 21.143146128733928], [-99.30449413815296, 21.14405732665161], [-99.3066660848307, 21.146377038405785], [-99.30795776481544, 21.14720565644561], [-99.30877997452784, 21.147164491706146], [-99.3107183168252, 21.146336834169972], [-99.3126564542941, 21.146006088119847], [-99.31342004851992, 21.14563359583609], [-99.31588740561914, 21.143315221060824], [-99.31735598756909, 21.142073256250367], [-99.31823704265499, 21.141576538070066], [-99.31947045899793, 21.14103848726585], [-99.32158477284369, 21.14041780333474], [-99.32281821703262, 21.139714083873567], [-99.32375813528662, 21.13863759418014], [-99.3241107614875, 21.13768521182721], [-99.32464017705772, 21.134579485911384], [-99.32563865585105, 21.133917109115778], [-99.32609559516068, 21.133702406011434], [-99.32773560159544, 21.132502064941335], [-99.32922145127792, 21.131184648799366], [-99.33080716261532, 21.130273878512586], [-99.33163111979414, 21.12996740160307], [-99.33275307019868, 21.129924272986035], [-99.3335208405238, 21.13004749830517], [-99.3339935172438, 21.130378451410202], [-99.33428884249638, 21.130460923527174], [-99.33499753167936, 21.13054277313747], [-99.33570605502877, 21.130417331660656], [-99.33611915082697, 21.130085045965654], [-99.33700300808931, 21.127720619283828], [-99.33782860113665, 21.126351260885613], [-99.34066152275007, 21.124564244384153], [-99.34207776515929, 21.12344270160362], [-99.34272402928391, 21.119586135045527], [-99.34378383215233, 21.116019125492674], [-99.34372361538638, 21.114651114457185], [-99.34307294929732, 21.113284020685285], [-99.342600026365, 21.112621430326772], [-99.34135893693757, 21.11125524309572], [-99.34118062277626, 21.10984595438511], [-99.34206536884346, 21.108766687274233], [-99.34324549294945, 21.107894245962733], [-99.3444253538067, 21.10673159261294], [-99.34536691140116, 21.103123295939053], [-99.34607378078232, 21.1012565883619], [-99.34713636050736, 21.10108908682805], [-99.34808115040178, 21.101253427093773], [-99.34961686428899, 21.101997232364777], [-99.35032576069982, 21.102452139208918], [-99.35245171885208, 21.102987687700274], [-99.35434068329032, 21.10261152254358], [-99.35793961165214, 21.099910909021563], [-99.35894336548361, 21.099992176617366], [-99.35971227624763, 21.101441931019213], [-99.35983147355888, 21.102602550802867], [-99.36006863538238, 21.103638602364786], [-99.36060112870008, 21.10479853809095], [-99.3614868333669, 21.104879985466372], [-99.36567642142926, 21.102509889619046], [-99.36732909818313, 21.10205106273388], [-99.36886398071141, 21.101882624422075], [-99.37039907363275, 21.101921460362753], [-99.37234705972608, 21.101586451941095], [-99.3746479136575, 21.09996562036147], [-99.37629942233708, 21.098470266553324], [-99.37777521772713, 21.09830185134277], [-99.37866215435733, 21.09954402223054], [-99.37878181292203, 21.100994829913155], [-99.38078976600114, 21.10153023004661], [-99.38226558583355, 21.101361775442072], [-99.38362411234318, 21.10189829803959], [-99.38492342054651, 21.102269085533045], [-99.38831359972163, 21.103596928004137], [-99.3891954341334, 21.103306379879815], [-99.38990117627293, 21.102186029026672], [-99.39048935707329, 21.101024200125938], [-99.39125372183796, 21.1003602376361], [-99.39184151322195, 21.100277179167513], [-99.39360494728278, 21.10048436581452], [-99.39442779564709, 21.10081616588988], [-99.39630865331394, 21.101396731990306], [-99.3969552763469, 21.10131363890051], [-99.39736681478117, 21.10106462067442], [-99.39748453026635, 21.1004837251773], [-99.39713211482437, 21.099446510567333], [-99.39695600255887, 21.09857522883863], [-99.39701508025698, 21.09745495973535], [-99.39742671694121, 21.096791030681995], [-99.39889649174442, 21.09571199806856], [-99.39930821907053, 21.09463315375966], [-99.39919094170685, 21.093512916494124], [-99.39883857386724, 21.092309740144703], [-99.39819232259917, 21.09110661588611], [-99.3981925367044, 21.090276793859033], [-99.39836917846138, 21.089073520024574], [-99.39819323310354, 21.087579871711803], [-99.39596002201475, 21.086501488336058], [-99.3952548478189, 21.086003710406846], [-99.39454984270559, 21.084925053430446], [-99.39443284557449, 21.082974987847404], [-99.39484492230292, 21.08065141794521], [-99.39443390719529, 21.079240783054676], [-99.39355225850487, 21.078743044180527], [-99.39272960669089, 21.078826129196596], [-99.39155399417642, 21.079324191316722], [-99.39049587611213, 21.0795732396213], [-99.3896732627211, 21.079282951896655], [-99.38914439629893, 21.07899258057512], [-99.38855693358968, 21.078162829094264], [-99.38838127634617, 21.076129781184946], [-99.38844035853238, 21.075175476119725], [-99.38891115972321, 21.073225331332686], [-99.38926402386875, 21.072478445438858], [-99.38932303308687, 21.07173159592846], [-99.38926451506275, 21.07094326984566], [-99.38902966201078, 21.07023794802335], [-99.38861852986109, 21.069449664735533], [-99.38803105392435, 21.068785874885908], [-99.38761987612352, 21.0681635539297], [-99.3873850353803, 21.06745822941444], [-99.38667996600368, 21.067001904169665], [-99.3857983964326, 21.067126472156602], [-99.38503431902309, 21.067375497716533], [-99.38368228475888, 21.06837141779026], [-99.38227161528789, 21.068952419447623], [-99.38138989094097, 21.069450386245563], [-99.38050825495286, 21.069699400856962], [-99.37950893275587, 21.070321840427816], [-99.37780376921437, 21.07243800233562], [-99.37692200924783, 21.0729359462633], [-99.37492374873275, 21.07306051323773], [-99.37245538851475, 21.073019104720203], [-99.37128022609515, 21.07243825330107], [-99.37051644741611, 21.071898879321367], [-99.36992900364848, 21.07131800859061], [-99.36940024051955, 21.070944591847965], [-99.36809203355678, 21.07024614026017], [-99.36603291361551, 21.06689089992937], [-99.36588067705759, 21.065075699365394], [-99.36609301638525, 21.063915761161436], [-99.36676894167785, 21.062459450374586], [-99.36746233534667, 21.061911649638112], [-99.36832291024, 21.060906850555273], [-99.36901708604299, 21.060400339592018], [-99.37006867994516, 21.060177416174866], [-99.37226154140593, 21.061341179453056], [-99.37314676168374, 21.061616532165818], [-99.37355806064015, 21.061651424275126], [-99.37453906452328, 21.060809948373052], [-99.3761048890249, 21.059876718161362], [-99.37678946731803, 21.058874624208975], [-99.37729492219862, 21.05771009227555], [-99.37727738211268, 21.05680158092385], [-99.37702288695375, 21.05577284598723], [-99.37660203865057, 21.0552424101901], [-99.3754244439136, 21.055012948637685], [-99.37378330221013, 21.055079871174105], [-99.37296312873909, 21.055133974514845], [-99.37249957462114, 21.05543036336561], [-99.3713750555808, 21.054910886964162], [-99.37059363749387, 21.053931663752017], [-99.3701569115842, 21.05257529041134], [-99.36841264600868, 21.050330494529106], [-99.36739433404024, 21.049231019255252], [-99.36657180701893, 21.049161203041017], [-99.36450993683923, 21.04869757216707], [-99.36402654692128, 21.047961534883154], [-99.36377850611588, 21.04726314657687], [-99.36364377555115, 21.04635645433098], [-99.36380064493855, 21.045362612555206], [-99.36425704377749, 21.044694581977932], [-99.36457553107248, 21.042954673763727], [-99.36272212325659, 21.04112459912403], [-99.3631174996669, 21.040333593893536], [-99.36357467995295, 21.039706861111643], [-99.36432423553492, 21.039034273203736], [-99.36653249278169, 21.03796721400943], [-99.36727884902237, 21.03712942861488], [-99.36813386645449, 21.035766285905922], [-99.36813833035113, 21.034270529447923], [-99.3684368060057, 21.03285828192465], [-99.36849917778659, 21.03165349125382], [-99.36920987936762, 21.03020017968863], [-99.36991936518402, 21.029162334171676], [-99.36968555729395, 21.028580402088878], [-99.36845176300143, 21.02770646572622], [-99.36857764550366, 21.025377580534336], [-99.36890558078538, 21.024133216123975], [-99.3697802407629, 21.023871740272234], [-99.37131094407316, 21.024178354759172], [-99.3731387760115, 21.024686863705156], [-99.37686790829011, 21.02343070290408], [-99.37708648369617, 21.022601116594988], [-99.37717664510981, 21.021195215795522], [-99.37785865267772, 21.02006922730136], [-99.37955165542377, 21.01967098515049], [-99.38421702930361, 21.018317402763902], [-99.38495120466867, 21.016860099295602], [-99.38522275817533, 21.015740511405134], [-99.38496668535818, 21.01462919094463], [-99.38442228784075, 21.013770238752187], [-99.38377023189535, 21.013408674529185], [-99.38291915367367, 21.011852273326976], [-99.38346945689408, 21.009984767356794], [-99.38373142719637, 21.00836962711283], [-99.384350713051, 21.007038049845747], [-99.38573046584547, 21.005611935543484], [-99.38700973906596, 21.005054867689594], [-99.38921013351965, 21.003615854632915], [-99.38995299289233, 21.00261278638895], [-99.38987996950917, 21.001870376266883], [-99.38945123028905, 21.000927005916175], [-99.39076585679109, 20.99917140228212], [-99.3912886209783, 20.99891534039903], [-99.39197682910286, 20.99811966466396], [-99.39233190027221, 20.99526378470259], [-99.39281540332706, 20.992984207126355], [-99.39273836698781, 20.992035316775688], [-99.39330930548182, 20.991241477801417], [-99.39358155453967, 20.99016317106798], [-99.39309821696769, 20.989427210628484], [-99.39237882469808, 20.98861234036134], [-99.39201352708677, 20.9879158307534], [-99.3912957488483, 20.98718354793628], [-99.3913367532611, 20.986274111104716], [-99.39236857689744, 20.985059947689805], [-99.39264642766274, 20.98427071510464], [-99.39310011295765, 20.983478718580386], [-99.39332334961037, 20.982896886997036], [-99.39412869875855, 20.982099359855546], [-99.39517329428294, 20.981545918708598], [-99.39593604767236, 20.981575228683806], [-99.39609584906137, 20.98074653861308], [-99.39573295884851, 20.980173924860065], [-99.39548729326303, 20.979599466330914], [-99.39597871823707, 20.97773283912908], [-99.39596028130886, 20.976783026589274], [-99.39581981653733, 20.97558728088793], [-99.39447112404625, 20.97255164081611], [-99.39206676000092, 20.96949126851182], [-99.38868218452711, 20.96727242130967], [-99.3883137599432, 20.966410715677373], [-99.3883547789726, 20.96550127715631], [-99.3886366139256, 20.964918531167225], [-99.38903645639377, 20.964375241729005], [-99.39048558333643, 20.96352631741003], [-99.39123544209296, 20.962894908936853], [-99.39157346459103, 20.96218734880518], [-99.39164905944787, 20.960038099287743], [-99.39216048186356, 20.959203887215246], [-99.3926100940255, 20.958205409206553], [-99.39260128869707, 20.957751149656907], [-99.3924070715895, 20.956804096594556], [-99.39139003262869, 20.955746042121017], [-99.39095262072064, 20.95434840866024], [-99.39076241839129, 20.953607834917285], [-99.39097442208026, 20.952447855831693], [-99.39171142157666, 20.951155703488574], [-99.39262900912159, 20.9501085637772], [-99.39337959347112, 20.949518442441047], [-99.39401057161082, 20.948806271406028], [-99.39485190853001, 20.946851521298733], [-99.39668537227348, 20.944674610999705], [-99.39736930015872, 20.943672431060566], [-99.39829321823302, 20.942955632120242], [-99.40027346594933, 20.94230480305278], [-99.40151763041028, 20.939971889288024], [-99.4024904650552, 20.938758588214416], [-99.40312296165729, 20.938128976655502], [-99.40429083751631, 20.93790400407793], [-99.40569469534786, 20.937757915412277], [-99.40625348029788, 20.936966346334813], [-99.40649092610388, 20.93617717620887], [-99.40643407886037, 20.935429269390625], [-99.40584715712734, 20.934888586745995], [-99.40525780127508, 20.935261941161286], [-99.4044316542118, 20.936175177966394], [-99.40384262343566, 20.93642388570477], [-99.40290346981398, 20.935592015948828], [-99.40149598942601, 20.933887181372487], [-99.40102776980255, 20.932972673246745], [-99.40114868738787, 20.931767919860555], [-99.40173960565637, 20.93081291780003], [-99.40386208867506, 20.929153116834478], [-99.40428343327136, 20.928485664795076], [-99.40542481506785, 20.92802621896454], [-99.40675792834367, 20.927261602725004], [-99.4083928277781, 20.926946605728283], [-99.40973879378076, 20.92684270775816], [-99.41131348128793, 20.92644601686452], [-99.41202058897316, 20.926641371878514], [-99.41347002939695, 20.925833552874284], [-99.41527421613577, 20.925185336606106], [-99.41573244775503, 20.92464105691403], [-99.41512639724021, 20.923617934753175], [-99.41435426252029, 20.923093150132274], [-99.41357810381803, 20.922361880371433], [-99.4137858622027, 20.92099539072622], [-99.41410960598115, 20.920347885498305], [-99.41434394424329, 20.919521241670864], [-99.41422644267084, 20.91890089835673], [-99.41446057770696, 20.91745405501036], [-99.41440166063119, 20.91662705054754], [-99.41410823901595, 20.916089183921322], [-99.41363884498033, 20.915468406601068], [-99.41281752118388, 20.914723152711556], [-99.41223057162225, 20.913233946402162], [-99.412112969859, 20.912241481061457], [-99.4121714782246, 20.91178674069368], [-99.41275725057558, 20.90951340181907], [-99.41240512568012, 20.90872737879857], [-99.41205290329398, 20.90761058150111], [-99.41193539608581, 20.906907542072688], [-99.41205237210094, 20.905874020846387], [-99.41375269027627, 20.90459438001653], [-99.41498413121559, 20.90426512144124], [-99.4163328978366, 20.904060037069133], [-99.41815074792143, 20.903648776155997], [-99.4196166760236, 20.903113034358103], [-99.42213829929086, 20.902867960665425], [-99.42290053666915, 20.902496742362285], [-99.42395581626604, 20.90167105212455], [-99.4254802334001, 20.90084590291543], [-99.42682898701653, 20.90072342966952], [-99.42794323200384, 20.900766062504598], [-99.4311103601453, 20.90163795732731], [-99.43204862648875, 20.901556324096504], [-99.43257609299698, 20.900812679078427], [-99.43304474579577, 20.89969684717257], [-99.43421729105498, 20.89899526593951], [-99.43503872597621, 20.89994715101664], [-99.43562481503814, 20.89920356187545], [-99.43503759185734, 20.897466354338416], [-99.43439181579127, 20.895894465393454], [-99.43433242659152, 20.894240534765903], [-99.43573733388952, 20.888867033990593], [-99.4367915979315, 20.88622201309744], [-99.43866690025364, 20.88390865602259], [-99.4388115491584, 20.883172193026063], [-99.4395183645773, 20.882341813561997], [-99.44004805420563, 20.88192677052714], [-99.44151872913525, 20.881429608023737], [-99.44128426877909, 20.880681255891428], [-99.44069701843806, 20.879890965007288], [-99.44022785636002, 20.878643624827962], [-99.43981707767108, 20.87781195845841], [-99.43981875245649, 20.87619107069346], [-99.43958547062317, 20.874320562230885], [-99.43976291303008, 20.873323282488506], [-99.44094778417103, 20.871837903076152], [-99.44206161133607, 20.871466980668245], [-99.44276490476142, 20.870888879685257], [-99.44376018935861, 20.868037018484934], [-99.44381839753999, 20.867210146426522], [-99.44452123833858, 20.86580510399514], [-99.4448138959527, 20.86485443939332], [-99.44586820922515, 20.86291225542153], [-99.4465707713296, 20.86105239049428], [-99.44744977258311, 20.86026772115937], [-99.44815277104887, 20.859276131240208], [-99.44844519284271, 20.8579533396877], [-99.44832760456372, 20.857333016964557], [-99.44656828255734, 20.856338861362737], [-99.44604040806882, 20.855883493354813], [-99.44568824184135, 20.855097534780175], [-99.44539451143936, 20.85393951622023], [-99.44615603317061, 20.852782608788363], [-99.44779752899517, 20.852784325435792], [-99.44891191712466, 20.853736456845528], [-99.45166943654968, 20.85754318439752], [-99.45254923531428, 20.85824697140582], [-99.45366340840184, 20.85870290948798], [-99.45442553669741, 20.858662327788924], [-99.45536301258062, 20.857712290487466], [-99.4560659469641, 20.856720668944085], [-99.45706121213497, 20.854406239261994], [-99.45717787008162, 20.853414033742034], [-99.45653208754747, 20.851883567782842], [-99.45606277502547, 20.851345595272452], [-99.4557106653411, 20.850725044609447], [-99.45594477178915, 20.850063729962276], [-99.4564720181204, 20.849444052383515], [-99.45723380252615, 20.84890729815748], [-99.45764384308654, 20.848370194840957], [-99.45881602811637, 20.8479165305121], [-99.46028167669083, 20.848041996681104], [-99.46122003005304, 20.848663103530196], [-99.46209955951271, 20.848953375201077], [-99.46327236716408, 20.849492001540735], [-99.46432772263812, 20.8496997353431], [-99.4653829462728, 20.849700729121945], [-99.46690560019078, 20.847345391764424], [-99.46713959771286, 20.846601369171168], [-99.47001079549624, 20.844702065546787], [-99.47171021972584, 20.843835327702383], [-99.47258965333107, 20.844001505772546], [-99.47411377704292, 20.843961520033528], [-99.47540320741477, 20.843631887669357], [-99.47616477476315, 20.84292966403582], [-99.47757007394618, 20.840739518355914], [-99.47815575768018, 20.840037133230584], [-99.4788001469973, 20.839458836684358], [-99.48079330195957, 20.839584582508984], [-99.4823175978551, 20.839833951205183], [-99.4830790820463, 20.83909035086877], [-99.48454379427244, 20.838099251483847], [-99.48495312866534, 20.836817844896718], [-99.485714034225, 20.835371340097677], [-99.48665110362863, 20.83433844217772], [-99.48799897442358, 20.833926071342862], [-99.48881908449678, 20.83326518681047], [-99.48917038671942, 20.832769309526523], [-99.48916968721765, 20.831901029952803], [-99.48899317268709, 20.83107395576522], [-99.48828921684789, 20.830370496042555], [-99.48729209112929, 20.829542755070936], [-99.48611916295927, 20.828756210502025], [-99.48553233207258, 20.82788744819024], [-99.48500441185482, 20.82739085239278], [-99.48488666862943, 20.826729208258083], [-99.48488580189043, 20.82561284735941], [-99.48517816437638, 20.824703462318674], [-99.48564626665991, 20.823670181589645], [-99.48558707240464, 20.82292589251084], [-99.48570323255552, 20.82156154753202], [-99.48535014106686, 20.819742001593323], [-99.48534936864178, 20.818749680056282], [-99.48575871211219, 20.817550963297048], [-99.48681302504457, 20.816683548045756], [-99.49067950851662, 20.814453945996163], [-99.49132360723237, 20.81371021683522], [-99.49173326315399, 20.81296630030844], [-99.49231874162132, 20.812222521202546], [-99.49366567818139, 20.810941827805934], [-99.49354688089333, 20.809039786926338], [-99.49366323649026, 20.808006209900807], [-99.4939554799481, 20.807055463014095], [-99.49495120562383, 20.80635334042509], [-99.49600605337693, 20.806271458102923], [-99.4972368959622, 20.806396436429107], [-99.49811592293833, 20.806314407672303], [-99.49940497853666, 20.805984600693616], [-99.49963857616987, 20.805033800964125], [-99.49946175189213, 20.803875961696278], [-99.49905083241568, 20.803090067296704], [-99.49781951881955, 20.802386247063964], [-99.49699883737141, 20.802137544494325], [-99.49529936460543, 20.802218936855027], [-99.49225217849927, 20.80254733581151], [-99.4906699078141, 20.802628774802237], [-99.48961471607039, 20.802255809235554], [-99.48844143096706, 20.8007663785047], [-99.4889090111748, 20.799195579416693], [-99.49107473098738, 20.795972267527073], [-99.49283144489304, 20.79431978578215], [-99.49365111734356, 20.793410798940673], [-99.49441238572497, 20.792749843607147], [-99.49669674769045, 20.79146985347867], [-99.49839602801256, 20.791305756041456], [-99.50033104225669, 20.792671646881676], [-99.50202249283231, 20.794339523800303], [-99.50251593092821, 20.794581721170175], [-99.50281986567036, 20.794535803736743], [-99.50316644936646, 20.794303105715695], [-99.50328142757046, 20.793971352544386], [-99.50309754231728, 20.79293781881645], [-99.50285863908334, 20.792401223660804], [-99.50099172249483, 20.786163109762082], [-99.50022558576296, 20.78579514200558], [-99.49887347941643, 20.785596141775432], [-99.49698859793146, 20.78482086019893], [-99.49639557029526, 20.784038016357304], [-99.49585575085523, 20.782509935243606], [-99.49585145961507, 20.78193057457556], [-99.49660744475516, 20.780932926851264], [-99.49760228339625, 20.78047188025707], [-99.50024030170539, 20.779877047312297], [-99.5010586602923, 20.779375630860116], [-99.50129014423656, 20.778919040792648], [-99.50151762245589, 20.77792447293952], [-99.5017921075225, 20.775357010098038], [-99.501727230011, 20.77452969692173], [-99.50266144527228, 20.7738206691985], [-99.50359812019155, 20.773442699645383], [-99.50429931110506, 20.772983341909345], [-99.50517695239594, 20.77256432661543], [-99.50557899566813, 20.77136180113658], [-99.50528078690814, 20.770742787733862], [-99.5044529168695, 20.769961353730597], [-99.50361981046868, 20.76847640597431], [-99.50338002053789, 20.767815660514124], [-99.50354659764469, 20.766531754084223], [-99.50406853289272, 20.76565960413904], [-99.50541645026138, 20.76532058932324], [-99.50670769584134, 20.765271595479913], [-99.50858877997436, 20.76555017691536], [-99.50970431725078, 20.765543579890878], [-99.51162536341215, 20.763338812339786], [-99.51442950629244, 20.76145985440828], [-99.51571958616447, 20.761245257613403], [-99.51642130774736, 20.760868617399414], [-99.51711910576742, 20.76163190187848], [-99.51846600212693, 20.760971222263265], [-99.51910965954002, 20.760144698068217], [-99.51940120584518, 20.758739092721115], [-99.5198689212063, 20.757747066524146], [-99.52027833240345, 20.75704442988232], [-99.52138999432324, 20.75555664346498], [-99.52226858630999, 20.755350456499354], [-99.52320601483028, 20.755392382021018], [-99.52420241154917, 20.755806459395586], [-99.52455461159562, 20.756468221931268], [-99.5254337164035, 20.756758180379627], [-99.52648789866933, 20.75638669030057], [-99.527306432449, 20.754774651794353], [-99.52765686885789, 20.75374118922179], [-99.5287104148406, 20.75279083080475], [-99.52958849842007, 20.752129792179286], [-99.53029117084571, 20.751799422736173], [-99.53105216017292, 20.75122100311336], [-99.53286784807818, 20.750808560163545], [-99.53386338551717, 20.750436993111705], [-99.53591371220291, 20.750314075208923], [-99.53696800613262, 20.75010790914178], [-99.53784626766047, 20.749653563031213], [-99.53802169822976, 20.749364228854986], [-99.53825506656132, 20.748496070844084], [-99.53895719333964, 20.747710852287558], [-99.53971822171218, 20.747215088709], [-99.54024491234108, 20.74671920090436], [-99.54159194939908, 20.746389117960074], [-99.54323227454813, 20.746389945048183], [-99.54422842470203, 20.74659717322825], [-99.54569189537047, 20.74564691530709], [-99.54586677659229, 20.74490275942534], [-99.54586600604594, 20.744241211749042], [-99.5451030471876, 20.743041785684056], [-99.54516114936527, 20.742628346899167], [-99.54650577162595, 20.740272235992858], [-99.54668064333194, 20.739528079046412], [-99.54703130207503, 20.738825352827135], [-99.54761651985365, 20.73832947116012], [-99.54784986641901, 20.737502647358045], [-99.54784903945868, 20.736799752560593], [-99.5475553659721, 20.73613806534001], [-99.54737822215947, 20.734938925484897], [-99.54714318126489, 20.734318612003925], [-99.5469072718341, 20.732954056126633], [-99.54696488223507, 20.732127148629207], [-99.5472566071337, 20.731134966138356], [-99.54799946321788, 20.729308079697308], [-99.54693585833121, 20.728404138578796], [-99.54652145578602, 20.72795144613219], [-99.5459316028054, 20.727582596642307], [-99.54540172807407, 20.727378916967385], [-99.54475222467681, 20.72688627415999], [-99.54433495968335, 20.726061130866384], [-99.54456240366592, 20.72510789049649], [-99.54549515716967, 20.724274488321583], [-99.54519688462746, 20.723655542282444], [-99.54348321902775, 20.722176167942866], [-99.54336040652845, 20.721473376822487], [-99.54364271742723, 20.72002318453638], [-99.543401241944, 20.71915557902154], [-99.54298560036743, 20.718537345363654], [-99.54210009351372, 20.71788059289513], [-99.54104201451024, 20.717680120481507], [-99.53975137218097, 20.71777072757967], [-99.53927675462747, 20.7171114821412], [-99.53967298684712, 20.71520536887015], [-99.53966821894984, 20.714584625376304], [-99.53919518383792, 20.714132270450065], [-99.53837031597436, 20.713723437972263], [-99.53766442306502, 20.71352080304665], [-99.53678023638179, 20.713029553403857], [-99.53542177093003, 20.711920401497483], [-99.53510805175182, 20.70927367077018], [-99.53474926273965, 20.708406761763744], [-99.53433336978874, 20.70774712205674], [-99.53421282677353, 20.707334002908052], [-99.53356154876869, 20.70659301614409], [-99.53291185685417, 20.706058941692785], [-99.53208768076057, 20.705732843414737], [-99.53102969812379, 20.705532307054543], [-99.52956246988369, 20.70554115555325], [-99.52909484619397, 20.705792282591588], [-99.52839117279488, 20.70587925756428], [-99.52714866952093, 20.704562446977704], [-99.52632231424924, 20.703946639234506], [-99.52526183997959, 20.70341500245761], [-99.52408744543808, 20.703339276450553], [-99.52308629756457, 20.702890040339287], [-99.52196402410449, 20.701944903280683], [-99.52149045485409, 20.701409730864412], [-99.52084176452013, 20.700999758509585], [-99.51706395242044, 20.698125340869126], [-99.5154101541579, 20.69672808764118], [-99.51404825931073, 20.69512216035665], [-99.51268453117447, 20.693267922143946], [-99.51196635927018, 20.6914098498617], [-99.51061384171862, 20.69104538960684], [-99.50913963201747, 20.690102246546495], [-99.50849844777164, 20.68889667556329], [-99.50861425197239, 20.6874496056843], [-99.50849649104389, 20.686746619634654], [-99.50820282569448, 20.685795425043178], [-99.50761688903893, 20.68542288205591], [-99.50691394726903, 20.68517429455081], [-99.50615266987965, 20.68517374529013], [-99.50515704306332, 20.685048980166837], [-99.5045122646597, 20.6843456055003], [-99.50457005681999, 20.683477355743005], [-99.50527232604237, 20.682981702244035], [-99.50591621638074, 20.682692739825413], [-99.5059148514094, 20.681162890735823], [-99.5061484563687, 20.680460156844614], [-99.5094860720742, 20.680255806120975], [-99.51077403998487, 20.679925931595907], [-99.51106633122136, 20.67938862131371], [-99.5102447376433, 20.67744472734937], [-99.50889668806593, 20.67607931765793], [-99.50719721637871, 20.674589602515393], [-99.50573192493006, 20.673017345680478], [-99.50432565500799, 20.671941286574558], [-99.50379844481046, 20.671692813816886], [-99.50297867966897, 20.671692205853553], [-99.50104779624208, 20.673344651215075], [-99.50040386458683, 20.673550900452575], [-99.49981764221207, 20.67276485556145], [-99.49969947770117, 20.67152434559768], [-99.50040139119366, 20.670656585839232], [-99.50145490523515, 20.67011986709081], [-99.5032694313303, 20.66937697224675], [-99.50367876466517, 20.668757065944313], [-99.50350252569721, 20.668095378181928], [-99.50285743253723, 20.666937173343133], [-99.50233002716345, 20.666440611346196], [-99.5013927224135, 20.66590239170658], [-99.50092419650507, 20.665777995740537], [-99.50080656068802, 20.665157696366585], [-99.50080606513825, 20.664578832991808], [-99.50109804450983, 20.66366941205038], [-99.50150733644773, 20.66300816323686], [-99.5013896295901, 20.66230516928168], [-99.50162208975789, 20.66027932341853], [-99.50179706362323, 20.65949385503812], [-99.50507641018856, 20.660116502136635], [-99.5082975308346, 20.661069823342146], [-99.50882433555462, 20.66090480970949], [-99.5097024793306, 20.660781390417096], [-99.51005423634034, 20.661277806457583], [-99.5105230212416, 20.661691609225606], [-99.5115771263993, 20.661899082191375], [-99.5129230611238, 20.661114414336808], [-99.51344834801877, 20.659336840708153], [-99.51362279401438, 20.658055193453002], [-99.51326128436997, 20.654725727854323], [-99.51344006731341, 20.652952367817434], [-99.5137344260233, 20.652127831826125], [-99.51432028021743, 20.652169861393308], [-99.51502193124628, 20.65303697309683], [-99.51566465108027, 20.65411023594243], [-99.51683527311904, 20.654854221825342], [-99.5185344816389, 20.65485645631692], [-99.52070297976611, 20.65452931199172], [-99.52310570595318, 20.654284934338044], [-99.52410105275102, 20.654739919968588], [-99.5244504064574, 20.656101498176774], [-99.52597165341943, 20.657464563629357], [-99.52714320944227, 20.65767227556093], [-99.53260354428605, 20.650625936339367], [-99.53377544177553, 20.650586126468475], [-99.5347717559165, 20.650422355955655], [-99.53670610385484, 20.64988849567631], [-99.53664935689238, 20.64869228217863], [-99.53670921957068, 20.647867426637653], [-99.53712335336353, 20.645269402822915], [-99.53782807426603, 20.64419784344546], [-99.53917732448339, 20.64308580454247], [-99.54029101133511, 20.64275715764586], [-99.54152168315397, 20.642552380755994], [-99.5426933289709, 20.642636250631373], [-99.54515208337423, 20.643958998129346], [-99.54696846403921, 20.643878598393243], [-99.5537677315833, 20.64182394815687], [-99.55499679063209, 20.642732724093698], [-99.55634350838598, 20.64331164917247], [-99.55786774022361, 20.64265336769073], [-99.55880653866167, 20.641664472268637], [-99.56068272698124, 20.640676575672053], [-99.56267481907464, 20.64059619937829], [-99.56460899436911, 20.640020784663125], [-99.56579236922184, 20.64038607092214], [-99.56660392673705, 20.63913946116366], [-99.56694876569613, 20.638226839391578], [-99.56699898980705, 20.637150514158368], [-99.56757944477093, 20.636360576764687], [-99.57021696278925, 20.6360544038501], [-99.57162485064704, 20.63604559199296], [-99.57262047391139, 20.635832428239027], [-99.57366986082201, 20.634998145569472], [-99.57413392977836, 20.63433307210096], [-99.57447675407359, 20.633172138014043], [-99.57429620058042, 20.6325938807177], [-99.57436483971459, 20.631539208327368], [-99.57475725662786, 20.630255745569244], [-99.57569523113276, 20.629761715301214], [-99.577688064186, 20.628979984512874], [-99.57845074491794, 20.628114553333283], [-99.5791551484691, 20.627001585510897], [-99.57915666493236, 20.625805446705098], [-99.57880700813729, 20.624361491596204], [-99.57886721339449, 20.623082916574518], [-99.57910237361695, 20.62242320374493], [-99.57869419843661, 20.620937944939435], [-99.57887166773122, 20.61957699029366], [-99.57928308346638, 20.61850498478411], [-99.58022154445932, 20.61755722313185], [-99.58180352810446, 20.617270008789692], [-99.58344321340168, 20.617684020279803], [-99.58455534197046, 20.618386247836693], [-99.58619459200145, 20.619171448116305], [-99.58707217494926, 20.62007967292451], [-99.58918049098993, 20.620535304732574], [-99.59123421525821, 20.617649922010678], [-99.59187950885054, 20.616866820987862], [-99.5925245520757, 20.61628994830244], [-99.59328650320465, 20.615919407461988], [-99.59387320149085, 20.615136247511423], [-99.5941680226259, 20.61348665982618], [-99.59381694854925, 20.61315638156835], [-99.59352474377336, 20.61257867740006], [-99.59335003397496, 20.61171235317574], [-99.59299959850742, 20.610845873064857], [-99.59300047466044, 20.610103442266297], [-99.59335280304316, 20.609361322456287], [-99.59481795789905, 20.608702672400426], [-99.5959897469023, 20.608456217399745], [-99.59722096285161, 20.607467374490675], [-99.5978657572639, 20.607055467274893], [-99.5983931633832, 20.606849688254993], [-99.5989200969734, 20.607056369008482], [-99.60143926101362, 20.606646035930098], [-99.60237709538303, 20.606069372861743], [-99.60313892536676, 20.605740036107917], [-99.6040175335399, 20.605740761387544], [-99.60472087555566, 20.605328877352683], [-99.60536514095506, 20.605370649909766], [-99.60577484007777, 20.605659706357972], [-99.60682916888231, 20.60566056009717], [-99.60735655745445, 20.6054547541193], [-99.6081785535383, 20.603640583403628], [-99.60870749095339, 20.60199116026152], [-99.60970490302618, 20.600424598926278], [-99.61017400686926, 20.599930015776124], [-99.61070145914526, 20.59964170788094], [-99.611521547383, 20.599559857722156], [-99.61210769792733, 20.599147853075625], [-99.61240120740308, 20.59852938916187], [-99.61263644814807, 20.597622156787878], [-99.61269732308324, 20.595436159087114], [-99.61293216700545, 20.59490014107278], [-99.6145727617934, 20.594282709965082], [-99.61556874055071, 20.593994745029395], [-99.61668176888945, 20.59378935470749], [-99.61761925544015, 20.593418841934884], [-99.6194952565989, 20.59164664966324], [-99.62037490092652, 20.590533649980248], [-99.62154457255404, 20.5922255907293], [-99.62207152551707, 20.59239095571616], [-99.62336011599426, 20.59230938760844], [-99.62423819995058, 20.59276371852235], [-99.62464769757338, 20.593258960792635], [-99.62411993052602, 20.593918524501255], [-99.62353322437644, 20.5949492592644], [-99.623238628764, 20.596722629777567], [-99.62282717022084, 20.598207193699476], [-99.62393896438228, 20.599280382578378], [-99.62469922374038, 20.600477054631323], [-99.62616311707696, 20.60089053950001], [-99.6271582841088, 20.601468673037697], [-99.62873937647431, 20.601840970434314], [-99.63014464306715, 20.602336872945997], [-99.63207722383567, 20.602668129361298], [-99.63283832335881, 20.60303984452107], [-99.63471095793146, 20.604897131361703], [-99.63728803371627, 20.605063759485883], [-99.63810849878676, 20.604569324045016], [-99.63916306862589, 20.60428125964072], [-99.63980762427684, 20.60399293671733], [-99.64185753195439, 20.604159171358003], [-99.64320477914673, 20.60407748858535], [-99.6443184316169, 20.60317074026164], [-99.64525607702775, 20.602593849091445], [-99.64631103135176, 20.60181079163545], [-99.64830329060929, 20.600822033293234], [-99.65093838079824, 20.601607179910637], [-99.65158263807271, 20.601648780358655], [-99.65205108148484, 20.60181401998293], [-99.65281267951636, 20.601608204925856], [-99.65380827096185, 20.601773724368027], [-99.6550383443835, 20.601691887310192], [-99.65591689003753, 20.60173359524777], [-99.6566781659197, 20.601940221023867], [-99.65749826680086, 20.601816907407056], [-99.65808420394082, 20.60152848733528], [-99.65919774743935, 20.600621645776563], [-99.65973149904686, 20.600418463734556], [-99.66013630129632, 20.59872481143789], [-99.66042955262166, 20.59818876262889], [-99.66060575321247, 20.59752891786527], [-99.66095769266212, 20.596827914252877], [-99.66183714919094, 20.59559097428285], [-99.66230603621854, 20.5951375000367], [-99.66265784242098, 20.594601476183698], [-99.66406415237287, 20.593694746738205], [-99.66517713365643, 20.593447800394692], [-99.66640718998788, 20.59328339289941], [-99.66757858875982, 20.593242687135096], [-99.668398804118, 20.59287184884569], [-99.66904356606769, 20.592129716369232], [-99.66927846075193, 20.591222415451703], [-99.66980610502037, 20.590438982022853], [-99.67086093134924, 20.58953204222928], [-99.67156406807618, 20.589037400864886], [-99.67320445721634, 20.588254438398792], [-99.67630877256718, 20.5878020301857], [-99.67736299223546, 20.587761211530278], [-99.67806570971568, 20.587885229702298], [-99.67988090885353, 20.58846338203048], [-99.68058395998115, 20.588051196219414], [-99.67970697092886, 20.585617362376084], [-99.67882900487727, 20.5847921047303], [-99.67882918538582, 20.58450338488769], [-99.67906362556967, 20.584214757227073], [-99.67935655272741, 20.58404988925905], [-99.68082092630695, 20.58363799902705], [-99.68164115723764, 20.583102117157647], [-99.68240309142821, 20.58211250720334], [-99.68328202017435, 20.581329165700474], [-99.68339956572409, 20.58062803240307], [-99.6839857872114, 20.57963835100539], [-99.68433784777756, 20.578483600029788], [-99.68492369227188, 20.578112600797375], [-99.68556797611119, 20.577947848902827], [-99.68720708772155, 20.57906205840254], [-99.68761681649984, 20.57943341094009], [-99.68820230658847, 20.57968108547768], [-99.68902221282647, 20.57964011739625], [-99.6900173284241, 20.580465361822565], [-99.69077856169397, 20.580630594077846], [-99.6917155987091, 20.580589651241873], [-99.69224273589131, 20.580466082495626], [-99.69306246865935, 20.580755060026135], [-99.69417508720544, 20.580920386681957], [-99.69505368977266, 20.580631934275704], [-99.69575674806319, 20.58005470627686], [-99.69599136132001, 20.579353600757848], [-99.69593328693074, 20.57840493481873], [-99.694996974589, 20.577084795169846], [-99.69435290069833, 20.57687837128206], [-99.69400189920196, 20.576177087955642], [-99.69447089083026, 20.57522858244494], [-99.69493968292232, 20.5746512863025], [-99.6958771927197, 20.57362042724762], [-99.69669735855625, 20.57300198520115], [-99.69775113453139, 20.573620974980177], [-99.69880459081267, 20.57489988749143], [-99.69974150835182, 20.57502388456556], [-99.7006199260559, 20.57502412400045], [-99.7016741652256, 20.574735686473957], [-99.70196685257604, 20.574983236912626], [-99.7027865725411, 20.575272168886592], [-99.70378203699897, 20.575437404541272], [-99.7045432201046, 20.57568506772567], [-99.70524576905471, 20.576097695389635], [-99.7060069576197, 20.576345351954657], [-99.70647510050073, 20.5771291280251], [-99.70776292037698, 20.5783667922154], [-99.7089921095936, 20.57981066055672], [-99.70969470668604, 20.58018202358818], [-99.71168559492362, 20.580801125397517], [-99.71238847157676, 20.580512549842453], [-99.71233029534648, 20.57956389249097], [-99.71268257604771, 20.577336707865605], [-99.71315130421445, 20.57675936434424], [-99.71291719096982, 20.576429354196055], [-99.71537682469612, 20.576306089144865], [-99.71648944589667, 20.576430027233382], [-99.71889049852066, 20.57634794732233], [-99.72006177228431, 20.576224399463033], [-99.72105741787584, 20.57593583551892], [-99.72287308430138, 20.575152439003052], [-99.72439577848179, 20.574822684578336], [-99.72521557647224, 20.574987772980723], [-99.7265039680786, 20.574822951548757], [-99.72837816486819, 20.573998260110937], [-99.72902246636588, 20.57354463076235], [-99.72972548289644, 20.572554815474927], [-99.73007716972387, 20.571441226443845], [-99.73031154040287, 20.570987550891996], [-99.730370497754, 20.56962645972031], [-99.73054636648617, 20.568966551202934], [-99.7308978370007, 20.568554131740115], [-99.73083944599468, 20.56797669092193], [-99.73113243872258, 20.567275547749208], [-99.73160101934135, 20.56686313807354], [-99.73253790818592, 20.566986958446968], [-99.73359200376701, 20.56678082042073], [-99.73423627070547, 20.566285927322035], [-99.7347051133451, 20.56484237575801], [-99.73517380677272, 20.56393501257625], [-99.73656953953694, 20.564048741909044], [-99.7371557484943, 20.56392643165747], [-99.73727484325265, 20.563471567005976], [-99.73727662509602, 20.563057718557193], [-99.7378049748366, 20.562769682546374], [-99.73833403418423, 20.562316105609018], [-99.73927678730037, 20.560994731453423], [-99.74033186647925, 20.560791109711175], [-99.74127140469902, 20.560214652240873], [-99.74262018852409, 20.559805007349283], [-99.74349885130812, 20.55976635825068], [-99.74449341103694, 20.560017762202516], [-99.74636857142096, 20.559775263891833], [-99.74859196580286, 20.560278754675686], [-99.74929283156514, 20.560736152012907], [-99.74970069556066, 20.561234030550164], [-99.75209720681664, 20.56235878684868], [-99.75262273994565, 20.562732862328897], [-99.75314740606952, 20.563313859767792], [-99.75390703975847, 20.56373003138617], [-99.7543757503605, 20.56369007536369], [-99.75484619516176, 20.56323627069056], [-99.75567115593938, 20.562038609009765], [-99.75655155591406, 20.561586046303514], [-99.75766362441108, 20.56175495969199], [-99.75859809900565, 20.56237856628592], [-99.76035698742886, 20.56192863874923], [-99.76153020309535, 20.561476933491182], [-99.76405060057577, 20.56098787222218], [-99.76475339224503, 20.560989974016618], [-99.76534024640989, 20.56070203101065], [-99.7655758744755, 20.56037165299653], [-99.76627917431011, 20.560249594753618], [-99.76709875328756, 20.560334805422123], [-99.76762516438305, 20.560501911368355], [-99.76873774382895, 20.560546599661436], [-99.76961877254881, 20.559928433451915], [-99.77003127196308, 20.559308877446888], [-99.77079465069728, 20.558814512597394], [-99.77208291333119, 20.55885969872146], [-99.77301742565076, 20.55948322642934], [-99.77365894939307, 20.560147273498433], [-99.77495614365732, 20.560039729696488], [-99.77640897412927, 20.559297739710686], [-99.77750994799183, 20.558241099868415], [-99.77858129398261, 20.55945811664773], [-99.77875548632665, 20.559831088660886], [-99.7794577702159, 20.559957284590737], [-99.78139392145937, 20.55909381092046], [-99.78209902821133, 20.558516459165144], [-99.78392331817994, 20.55632831514031], [-99.78469060702948, 20.554840662366203], [-99.7868044964763, 20.553439637059018], [-99.79002889741578, 20.55257975434411], [-99.79395486452249, 20.55201148868813], [-99.80046752416698, 20.548884494954514], [-99.80399336720426, 20.545749030216403], [-99.80662839430924, 20.545797682470745], [-99.80891365381837, 20.545431489403995], [-99.8104996785464, 20.54415289458175], [-99.81196634428946, 20.543453348551775], [-99.81401684637434, 20.543210605407488], [-99.81501517675699, 20.542468380503855], [-99.81581575816256, 20.542027407310858], [-99.81623053427353, 20.541285099483556], [-99.81635051064623, 20.54083052938902], [-99.81612009430913, 20.540166493688684], [-99.81582881299315, 20.539874640300777], [-99.81512577254377, 20.539828300147835], [-99.81525353929584, 20.538090349880637], [-99.81460810843978, 20.53821001671509], [-99.81473437209817, 20.536720462721675], [-99.81286400336515, 20.535879279631615], [-99.8124004466742, 20.53500658990021], [-99.81506837083141, 20.529974419245395], [-99.81466015540622, 20.52964033936729], [-99.81519085636516, 20.5291058553014], [-99.81532967585107, 20.525546327948984], [-99.81480451933126, 20.52517002443721], [-99.81272206643229, 20.52068403111876], [-99.81191427586623, 20.51860827369522], [-99.81402889504751, 20.51779514668656], [-99.8147914398153, 20.51767630913647], [-99.81626119119666, 20.516900019194942], [-99.81678958513857, 20.516738126373056], [-99.81726364412498, 20.51587202956455], [-99.81761799369393, 20.515419103660435], [-99.8182059818097, 20.515092020165195], [-99.81815365001388, 20.514056622250337], [-99.81833044580651, 20.51389225775166], [-99.82367056095556, 20.51264620362582], [-99.8267310264835, 20.5104318926032], [-99.82673500067185, 20.509769501791908], [-99.82821651843744, 20.507005942251293], [-99.83106691182867, 20.500691384958664], [-99.83124714020214, 20.49994741593926], [-99.83148472293945, 20.499410850786273], [-99.8336342430754, 20.49267737623048], [-99.83334721805443, 20.491681757936576], [-99.83449023656418, 20.4866801395009], [-99.86253099014472, 20.49076387506865], [-99.86352866449802, 20.490480817932884], [-99.8669929834632, 20.48917938229504], [-99.86751956079664, 20.489307134106518], [-99.86816568916011, 20.489021681634743], [-99.86678955192264, 20.483795904240722], [-99.86603222232776, 20.48304557945261], [-99.86249794370084, 20.49057914487189], [-99.84549441069566, 20.46858096451993], [-99.84667404733918, 20.46722282886816], [-99.85294883943196, 20.466106562380823], [-99.85849757281908, 20.458857786653066], [-99.86013699168336, 20.45899312897114], [-99.86077845576763, 20.459494295458907], [-99.86218453331367, 20.459462430483647], [-99.86393968053673, 20.459846926775334], [-99.86702544227121, 20.46313845699703], [-99.86830274946777, 20.46513431657219], [-99.87357671614696, 20.46483858271455], [-99.87463301629398, 20.464514461626393], [-99.87784330635175, 20.46656459564189], [-99.88689379563263, 20.461408383501325], [-99.90445707878955, 20.463304255403223], [-99.91189122582742, 20.464304878544514], [-99.9129598446839, 20.461703586707763], [-99.91305611427418, 20.454790342076457], [-99.91241292741464, 20.454579166503994], [-99.91247985985291, 20.453047784604784], [-99.91300657035197, 20.4531340033344], [-99.9130517302883, 20.44485420488874], [-99.91322835398489, 20.444464104612326], [-99.93528799998529, 20.432969427589335], [-99.93746896898529, 20.43239988858824], [-99.93907239998539, 20.431584719586656], [-99.94760998498568, 20.439335134602352], [-99.94811252298567, 20.438788165601252], [-99.95004667698583, 20.43849699660067], [-99.9502643229858, 20.439964458603658], [-99.9497826309858, 20.440018750603826], [-99.94831964598565, 20.43998061160356], [-99.94912001498571, 20.44070628860522], [-99.95220787698584, 20.445059334613923], [-99.95430853704866, 20.451906647031493], [-99.95679591412073, 20.457966561557754], [-99.96055215952433, 20.4565409440907], [-99.9603199928549, 20.45612550297066], [-99.96038112346044, 20.455629084662522], [-99.96067654877744, 20.4551341221137], [-99.96114790579101, 20.454598851947857], [-99.96191233890008, 20.45402399987308], [-99.96262010537332, 20.45307619470587], [-99.96297515349184, 20.452374599290152], [-99.9632136906498, 20.4515480814917], [-99.96568304312368, 20.44974178065273], [-99.96761464019264, 20.45000211686395], [-99.96855031129192, 20.450297690059127], [-99.9668141114586, 20.45765612302249], [-99.96561976711928, 20.46211992487433], [-99.96549520867653, 20.463568137725915], [-99.9649603947175, 20.46505522988627], [-99.96337986359951, 20.464838447923334], [-99.96238319802002, 20.46499787047394], [-99.95980046114637, 20.466016833438008], [-99.9608940789907, 20.469791006946043], [-99.96689291345184, 20.476659087540867], [-99.96674619940202, 20.48245413428599], [-99.96796508617636, 20.484697229866367], [-99.96842618498847, 20.486190456479157], [-99.97039331011185, 20.49108770986754], [-99.99826215817625, 20.495065484109215]]]}}, {"type": "Feature", "id": 2, "properties": {"id": 2, "distrito_f": 2, "nombre": "Distrito Federal 2", "clave_entidad": 22}, "geometry": {"type": "Polygon", "coordinates": [[[-99.99826215817625, 20.495065484109215], [-99.97039331011185, 20.49108770986754], [-99.96842618498847, 20.486190456479157], [-99.96796508617636, 20.484697229866367], [-99.96674619940202, 20.48245413428599], [-99.96689291345184, 20.476659087540867], [-99.9608940789907, 20.469791006946043], [-99.95980046114637, 20.466016833438008], [-99.96238319802002, 20.46499787047394], [-99.96337986359951, 20.464838447923334], [-99.9649603947175, 20.46505522988627], [-99.96549520867653, 20.463568137725915], [-99.96561976711928, 20.46211992487433], [-99.9668141114586, 20.45765612302249], [-99.96855031129192, 20.450297690059127], [-99.96761464019264, 20.45000211686395], [-99.96568304312368, 20.44974178065273], [-99.9632136906498, 20.4515480814917], [-99.96297515349184, 20.452374599290152], [-99.96262010537332, 20.45307619470587], [-99.96191233890008, 20.45402399987308], [-99.96114790579101, 20.454598851947857], [-99.96067654877744, 20.4551341221137], [-99.96038112346044, 20.455629084662522], [-99.9603199928549, 20.45612550297066], [-99.96055215952433, 20.4565409440907], [-99.95679591412073, 20.457966561557754], [-99.95430853704866, 20.451906647031493], [-99.95220787698584, 20.445059334613923], [-99.94912001498571, 20.44070628860522], [-99.94831964598565, 20.43998061160356], [-99.9497826309858, 20.440018750603826], [-99.9502643229858, 20.439964458603658], [-99.95004667698583, 20.43849699660067], [-99.94811252298567, 20.438788165601252], [-99.94760998498568, 20.439335134602352], [-99.93907239998539, 20.431584719586656], [-99.93746896898529, 20.43239988858824], [-99.93528799998529, 20.432969427589335], [-99.91322835398489, 20.444464104612326], [-99.9130517302883, 20.44485420488874], [-99.91300657035197, 20.4531340033344], [-99.91247985985291, 20.453047784604784], [-99.91241292741464, 20.454579166503994], [-99.91305611427418, 20.454790342076457], [-99.9129598446839, 20.461703586707763], [-99.91189122582742, 20.464304878544514], [-99.90445707878955, 20.463304255403223], [-99.88689379563263, 20.461408383501325], [-99.87784330635175, 20.46656459564189], [-99.87463301629398, 20.464514461626393], [-99.87357671614696, 20.46483858271455], [-99.86830274946777, 20.46513431657219], [-99.86702544227121, 20.46313845699703], [-99.86393968053673, 20.459846926775334], [-99.86218453331367, 20.459462430483647], [-99.86077845576763, 20.459494295458907], [-99.86013699168336, 20.45899312897114], [-99.85849757281908, 20.458857786653066], [-99.85294883943196, 20.466106562380823], [-99.84667404733918, 20.46722282886816], [-99.84549441069566, 20.46858096451993], [-99.86249794370084, 20.49057914487189], [-99.86603222232776, 20.48304557945261], [-99.86678955192264, 20.483795904240722], [-99.86816568916011, 20.489021681634743], [-99.86751956079664, 20.489307134106518], [-99.8669929834632, 20.48917938229504], [-99.86352866449802, 20.490480817932884], [-99.86253099014472, 20.49076387506865], [-99.83449023656418, 20.4866801395009], [-99.83059020081316, 20.478085361837337], [-99.8381654278272, 20.451085145645624], [-99.84269042512504, 20.41293288990302], [-99.84210208026833, 20.412780544077417], [-99.84250037476204, 20.40987960357065], [-99.84331652635281, 20.409779041481155], [-99.84626785600595, 20.382216697044043], [-99.8411153838312, 20.378880862368423], [-99.83245255972857, 20.358022987059094], [-99.83814856433729, 20.35148072117614], [-99.8389200423738, 20.356158828757913], [-99.84183300595068, 20.363455161607696], [-99.84827424838913, 20.36411337660032], [-99.8491173102021, 20.36196766126254], [-99.84842342826613, 20.361053709395815], [-99.84820581003729, 20.35943944689736], [-99.84510099430922, 20.3592557998001], [-99.84625252337942, 20.36124777816674], [-99.84303000968627, 20.361104763753293], [-99.8406315313959, 20.355052249983352], [-99.8410426863557, 20.354971958366605], [-99.84138698891111, 20.355677088183455], [-99.84180464829363, 20.35497645161586], [-99.84291438553372, 20.35535521850473], [-99.84249716366986, 20.356014501355325], [-99.84407754541229, 20.35623059715508], [-99.84540055291068, 20.358637178759334], [-99.84692321493837, 20.358770191089143], [-99.84577515692654, 20.356447366838335], [-99.84958499851317, 20.35646969526341], [-99.85047799196434, 20.355151439487738], [-99.84451640271423, 20.3535035010791], [-99.84529955642029, 20.351481525742084], [-99.85160843483102, 20.353545055536372], [-99.85405325949951, 20.349547524962542], [-99.85237682417048, 20.347304381109534], [-99.85184847731453, 20.34738401411562], [-99.85108008702248, 20.347999906058416], [-99.85049269594964, 20.348120548752643], [-99.84611123310778, 20.34673003714954], [-99.84635864255111, 20.345490727093253], [-99.83643168122906, 20.341958015881882], [-99.83289193602351, 20.33858691938357], [-99.82684584901304, 20.33946073790586], [-99.82555965483046, 20.333621412701707], [-99.82321934898495, 20.322192260082662], [-99.82548177062355, 20.31331363122513], [-99.83371351582117, 20.305132365695822], [-99.8374287086374, 20.308463170774214], [-99.83576496750948, 20.310645322861077], [-99.83756577688595, 20.312144936989462], [-99.83543365840994, 20.31428294950431], [-99.83705958523949, 20.31569880944522], [-99.83516180691427, 20.317838209950263], [-99.83684985000112, 20.318923567015965], [-99.83719435385386, 20.32517081537452], [-99.84835623616137, 20.32258967242813], [-99.84900774822543, 20.32193175143925], [-99.84909312488328, 20.319368003298536], [-99.84734596524305, 20.318323779862457], [-99.84682249848665, 20.30674020940803], [-99.84535114819063, 20.30735193763143], [-99.83366523745858, 20.29859733935231], [-99.84183720234233, 20.290415370987013], [-99.8376471415176, 20.287702207304406], [-99.83249059651912, 20.287754238578675], [-99.83513989719447, 20.276636424799193], [-99.84301939654596, 20.283435266244158], [-99.85732144117219, 20.268899246801695], [-99.85980995669773, 20.26959938172848], [-99.86221224465713, 20.2704930048193], [-99.87144492472912, 20.27567700395517], [-99.8721669546726, 20.274755296927083], [-99.87279334297891, 20.273684432817767], [-99.87319291554415, 20.272510050221374], [-99.87342922138903, 20.27147077804439], [-99.87667229352475, 20.271271264142296], [-99.88008802423312, 20.273085296682595], [-99.89793018810008, 20.279893021058328], [-99.90061821270514, 20.281427835746214], [-99.90778077213055, 20.285238490543147], [-99.90810954536124, 20.285011709563037], [-99.9089233816995, 20.284707506363095], [-99.90996668526789, 20.28447312718376], [-99.91054773037722, 20.284499111685182], [-99.91155628471583, 20.285023483755065], [-99.9126698203934, 20.2849882630859], [-99.91430813323855, 20.28520407146444], [-99.91536722926836, 20.284754951571674], [-99.91607978192103, 20.28380762440742], [-99.91714424661703, 20.282820866508327], [-99.91814721679148, 20.282123273483272], [-99.9186208545663, 20.28162956861423], [-99.92021212677015, 20.28068703538243], [-99.92010405357006, 20.279776563405274], [-99.92065650948788, 20.277256731146977], [-99.92118622837677, 20.27701147598485], [-99.92159671646618, 20.27697235948241], [-99.92278197771849, 20.275614005692425], [-99.92395855843242, 20.275124119797816], [-99.92402332536051, 20.274504099381954], [-99.92428698987646, 20.27388139015759], [-99.92415120860902, 20.27342948229756], [-99.92415698146688, 20.2728504986725], [-99.92535562983666, 20.272169613512542], [-99.92621098172638, 20.270833904195765], [-99.92643531319257, 20.269255794160944], [-99.92723212241644, 20.268857601769493], [-99.92757803172512, 20.26882013960505], [-99.92842841387078, 20.268952225093013], [-99.92871764966205, 20.26890912227846], [-99.92889947827317, 20.268795324846938], [-99.9290919130282, 20.268348908227008], [-99.92938595527866, 20.268056356790417], [-99.92983083879857, 20.267835613417162], [-99.92877959161532, 20.249839085897307], [-99.92368507518216, 20.24968729035937], [-99.92233503073437, 20.249969428023647], [-99.92857560245805, 20.240904586395725], [-99.93128412998018, 20.23947173379935], [-99.92670787763771, 20.233222719888307], [-99.92697963924634, 20.232515504519675], [-99.9293358334326, 20.232788208422413], [-99.92979293561922, 20.232303738099564], [-99.93121668658547, 20.231525814850396], [-99.93314831036808, 20.230675426451942], [-99.93417599354727, 20.230473074497585], [-99.93595672917525, 20.230711886596353], [-99.93689749674412, 20.230143679359365], [-99.93771208492394, 20.22872878362648], [-99.9392399906687, 20.227182667702802], [-99.94086880086238, 20.226311589443384], [-99.94201640098106, 20.22593651255606], [-99.94336806863922, 20.225273542529422], [-99.94411124920161, 20.225056113956526], [-99.94998813981033, 20.225510271025584], [-99.95157170890941, 20.237223016698863], [-99.95096049038665, 20.23982533394386], [-99.95490419762184, 20.249813478738517], [-99.95824566278607, 20.255538473807796], [-99.96230454458599, 20.25378137685028], [-99.96527127975777, 20.255906129294374], [-99.96958690805336, 20.25787240443873], [-99.97016784804038, 20.258371712376317], [-99.97185571357635, 20.25949711949264], [-99.97452541500957, 20.262075099192597], [-99.97457880285843, 20.262613024431918], [-99.97498125493539, 20.26340089681652], [-99.97526456354824, 20.26439494182902], [-99.97531556195742, 20.265181000084883], [-99.9750178897057, 20.265675756540272], [-99.97588578296761, 20.266796887317458], [-99.97564628877656, 20.267333302213373], [-99.97574829341121, 20.268905417640887], [-99.97632969340715, 20.26936334648758], [-99.97679314248269, 20.269903381377098], [-99.9773757440191, 20.27023723979178], [-99.97718965148061, 20.271311579948577], [-99.97812134734889, 20.271895376468603], [-99.97853777085196, 20.271235794715494], [-99.9797707181298, 20.270952620621678], [-99.981061047716, 20.270793804633637], [-99.98171177089583, 20.270135416019702], [-99.98244170789518, 20.267326838295116], [-99.98398693524607, 20.265018714312507], [-99.98492852394038, 20.26456858802739], [-99.98612381755822, 20.262093231373175], [-99.98578583134623, 20.260685352568633], [-99.9865152620026, 20.257918115282344], [-99.98653426832927, 20.25593305002137], [-99.98507429335095, 20.255470671325888], [-99.98344138488444, 20.25471789270308], [-99.98094937751569, 20.251934170797586], [-99.98061146374519, 20.25052627756766], [-99.97974840751948, 20.24890889836048], [-99.97964280417021, 20.247708983505543], [-99.97982965476896, 20.2465519284848], [-99.98060378880037, 20.24523245777884], [-99.98067587793051, 20.243826666838537], [-99.97848211764929, 20.240506776488616], [-99.97822660470173, 20.23869010441418], [-99.97736599534663, 20.238370675048703], [-99.97637377459358, 20.238424086918616], [-99.9754792632696, 20.23862567447044], [-99.9749343558532, 20.238595452175655], [-99.97441114487985, 20.238175677311197], [-99.9736651629741, 20.23695586791089], [-99.97317762443025, 20.236421320753074], [-99.97286902069933, 20.235473037964017], [-99.9728700364523, 20.23369782473548], [-99.97302367817115, 20.233112555854394], [-99.97360880183635, 20.231825273918805], [-99.97321271124966, 20.230431031318837], [-99.97239384023611, 20.22916598852852], [-99.9721829824047, 20.228354411220533], [-99.97140941163292, 20.226596495143294], [-99.9707682948809, 20.224723091168947], [-99.96999497243941, 20.222999500599613], [-99.96971307326184, 20.22242901807816], [-99.9688965440927, 20.22153042377576], [-99.96861441394074, 20.220936990171445], [-99.96839287517507, 20.220343131515314], [-99.96835246220841, 20.219690536705844], [-99.96866108176457, 20.218703238053738], [-99.96824716416938, 20.21832846754613], [-99.96657380853296, 20.217837206559857], [-99.96572436792795, 20.217477204920414], [-99.96396187650473, 20.216265100460802], [-99.9638382578376, 20.21585366737708], [-99.96386726870521, 20.214673736077092], [-99.96481811830625, 20.211860536960735], [-99.96499175138194, 20.210587828952967], [-99.96574396870821, 20.20698582764153], [-99.96544819569401, 20.206129075105903], [-99.96419132171842, 20.204455000775077], [-99.96394631663178, 20.20397583371491], [-99.96383420457357, 20.203472715982546], [-99.96422329495236, 20.201797556327232], [-99.96425540778749, 20.20112161018256], [-99.96416772227752, 20.200652693598855], [-99.96400862034697, 20.200367500330437], [-99.9636941083014, 20.2003813328615], [-99.96288583003516, 20.200799863237847], [-99.96247423791206, 20.200780367242384], [-99.96210783913035, 20.20024446077243], [-99.96203775257621, 20.19867591257837], [-99.9621085645801, 20.19837762675124], [-99.96259983749539, 20.19758360145123], [-99.96317685911355, 20.19696078090689], [-99.96373257669798, 20.196796178866272], [-99.96530425826909, 20.196543775000805], [-99.96607699801366, 20.19628589180156], [-99.96637802120567, 20.196020227357472], [-99.96612139807061, 20.195632737682544], [-99.96512743141362, 20.19535394831344], [-99.96435250353476, 20.19529112509334], [-99.9636487830587, 20.194998649729534], [-99.96339279381245, 20.19469139764962], [-99.96313382300754, 20.19391449229094], [-99.96304405976784, 20.193090578106617], [-99.96320986812259, 20.19252809915282], [-99.96403706843672, 20.19125046199426], [-99.96412007152486, 20.190974963906754], [-99.96394843807663, 20.19063263394137], [-99.9634387638705, 20.190384609416398], [-99.96320612418037, 20.18995109199471], [-99.96325180286007, 20.18950412270758], [-99.96316401257477, 20.18900077969895], [-99.96317198857251, 20.188336440126765], [-99.96370104528559, 20.187794117183337], [-99.9648776211976, 20.18627339227675], [-99.96482468758612, 20.185540806824502], [-99.9650038707522, 20.185172888739892], [-99.96563236473852, 20.1850536026852], [-99.96707201373322, 20.18499680926484], [-99.96774814956494, 20.184751207457545], [-99.96832647369602, 20.184334465801275], [-99.96861263804792, 20.183656577189932], [-99.96853300156143, 20.1825233221605], [-99.96861606306226, 20.182259206631308], [-99.97017345265746, 20.181686170479203], [-99.97049816507466, 20.181362983734644], [-99.9702906873823, 20.181089708554907], [-99.9691293519729, 20.18114436127453], [-99.96753647882029, 20.18164354376943], [-99.96688916783039, 20.18087506082105], [-99.9664185756194, 20.181084742647247], [-99.96630055906276, 20.181578191669047], [-99.96577047316316, 20.18194867063377], [-99.96554216842165, 20.182202378287723], [-99.96574964881891, 20.182498600127996], [-99.96643997637538, 20.182584983234708], [-99.9671772266355, 20.182464904747572], [-99.96745726189322, 20.18272612809158], [-99.96748429961671, 20.18318408313677], [-99.96728119601154, 20.183597945484834], [-99.96694377871333, 20.183818100520554], [-99.96480207724093, 20.18385733103228], [-99.96430705141506, 20.18403289673535], [-99.96394569923736, 20.1842989878336], [-99.9638146290755, 20.18463212532097], [-99.96349773453585, 20.18621508883073], [-99.96305243376091, 20.186619340484448], [-99.96238885762692, 20.186933616779644], [-99.96206390605772, 20.187222455434867], [-99.96170845432391, 20.188473560421688], [-99.96174011486207, 20.18968731724927], [-99.96164715831173, 20.19030649200567], [-99.96161840792804, 20.191532236107022], [-99.96152431721805, 20.19194523389955], [-99.96089575996773, 20.192087441808187], [-99.95961155599352, 20.191833794624728], [-99.95861686081834, 20.191451865486396], [-99.95741343365509, 20.190567604240343], [-99.95627878583844, 20.1890642930205], [-99.95600819598789, 20.18836767438846], [-99.95578298480214, 20.18715532775562], [-99.95577923548302, 20.18457839549603], [-99.95589125629249, 20.18311148946213], [-99.95604292936625, 20.1822055593711], [-99.95591300830154, 20.180751895567578], [-99.95572945413197, 20.18042119602684], [-99.95546988386783, 20.18147679906451], [-99.95475490050318, 20.1832803932418], [-99.95433745035275, 20.186249950761585], [-99.9541942043378, 20.186583147857228], [-99.95356680893657, 20.186885719921186], [-99.95317989696203, 20.186934441330678], [-99.95251133739924, 20.186469830103572], [-99.95173248150326, 20.185754090066922], [-99.9512201377458, 20.18508226366855], [-99.95074381477048, 20.18435277436503], [-99.94971412765217, 20.18219584468778], [-99.94933699486437, 20.181866544717764], [-99.94802666293434, 20.18129217042696], [-99.94670501784532, 20.1808554594097], [-99.94657080180511, 20.18067321041761], [-99.94648355522851, 20.180250089943083], [-99.94556964626346, 20.17920316820888], [-99.94551867069599, 20.178779761730766], [-99.9461327509587, 20.17827127806814], [-99.94644493445233, 20.177856589205724], [-99.94601877716501, 20.17742453897332], [-99.94340414606819, 20.177260849448704], [-99.94294324614964, 20.1770809815033], [-99.94256600233385, 20.17672880634582], [-99.94218357279543, 20.175529025116496], [-99.94233593391051, 20.174703255512004], [-99.94309992819652, 20.172979499554625], [-99.9434720670008, 20.172484249062432], [-99.94368658933033, 20.17195577889864], [-99.94353854263352, 20.171498728192343], [-99.94242815059852, 20.17194228390987], [-99.94082383641565, 20.172767420426833], [-99.93956748980644, 20.17312037970862], [-99.9390950982675, 20.17303227418193], [-99.93848747989016, 20.172590149247974], [-99.9372976664359, 20.17192324531738], [-99.93685960269438, 20.171525570075474], [-99.9365546709429, 20.17111552910753], [-99.93641815082663, 20.170543847132404], [-99.93695000170217, 20.168443931461933], [-99.93693374635605, 20.167756856540873], [-99.93631621865323, 20.165665497297066], [-99.9364038669478, 20.164141528693126], [-99.93680789635708, 20.162912968789804], [-99.93761154400988, 20.161738752768617], [-99.93758316371172, 20.16104035712383], [-99.93696955416134, 20.15960180375588], [-99.93678272072255, 20.15873265417574], [-99.93657422975608, 20.15622591612772], [-99.93671746524595, 20.155904215306983], [-99.93733091454828, 20.155315529834716], [-99.93760634291559, 20.154843847346942], [-99.937760217976, 20.154270076342243], [-99.93763597140236, 20.153732664062876], [-99.93773897089518, 20.1527469567985], [-99.93734677640046, 20.151913697328165], [-99.93681002069776, 20.151161804018567], [-99.93618485448758, 20.150511026689113], [-99.93605403393803, 20.15012129123122], [-99.9356705232463, 20.149490289858747], [-99.93522501162093, 20.149099604305693], [-99.93281341275735, 20.14761509102458], [-99.93218911735906, 20.146777263864884], [-99.93051653388555, 20.145180475665367], [-99.93011082782267, 20.144194465701617], [-99.93010283743929, 20.14350734415507], [-99.9304105209071, 20.14264949721509], [-99.93218863079545, 20.1407771181964], [-99.93312395935169, 20.140184576522284], [-99.93379296205917, 20.13961404257523], [-99.93439045484547, 20.138860189330504], [-99.93745307890934, 20.136671020515642], [-99.94008737547989, 20.133776801188162], [-99.94002264480326, 20.132658991704517], [-99.94107195425597, 20.131451517382178], [-99.9406453760954, 20.128513665658467], [-99.94051344142795, 20.125822495291985], [-99.94097188066604, 20.12383175859995], [-99.9413808857697, 20.123539343040573], [-99.94114356759928, 20.12304381872887], [-99.94125749948232, 20.122421893203846], [-99.94148851278496, 20.121757833882985], [-99.94207121939986, 20.12105019970242], [-99.94223929332132, 20.11959963919767], [-99.93652534632032, 20.11507897370354], [-99.93692225107213, 20.112550223411777], [-99.93772319466603, 20.108817961738914], [-99.93677586324368, 20.107167143234513], [-99.93747449342365, 20.106210324625327], [-99.93840479209942, 20.104713689191417], [-99.9385200696283, 20.104340247226933], [-99.93578281549405, 20.102164746963503], [-99.93066593781077, 20.093950338045328], [-99.93031932878974, 20.093239335509722], [-99.92901210743143, 20.091334437026514], [-99.92580373874793, 20.087614001695364], [-99.92459914595618, 20.08684334033763], [-99.92396245864175, 20.08610854183745], [-99.92333834580191, 20.08462706861442], [-99.92306924899701, 20.08376969764472], [-99.92292709074954, 20.082469633175972], [-99.92292491868115, 20.081627981393293], [-99.92321695219574, 20.079350164315112], [-99.92345390183839, 20.078194430650147], [-99.92652126195063, 20.06700518151697], [-99.93045768728939, 20.06188841512497], [-99.9312739140259, 20.06158484584855], [-99.93176653907861, 20.061516911351728], [-99.96310904167896, 20.06053736232617], [-99.96448411502494, 20.061347935040587], [-99.96666315354157, 20.06321139810886], [-99.9694376516127, 20.065313896766497], [-99.97138867978443, 20.06772836160265], [-99.97676154823806, 20.070396977089196], [-99.98237421238215, 20.072353795591717], [-99.98422190385381, 20.073243011364294], [-99.98718662863014, 20.074381406204242], [-99.9888766739882, 20.075271090690233], [-99.99541291844692, 20.077534398861488], [-99.9943348592291, 20.08342084723078], [-99.99674017737642, 20.08693469386717], [-100.00735298917563, 20.08663948214507], [-100.00643247849882, 20.08453443865853], [-100.00672164148419, 20.083602226728065], [-100.00719094240306, 20.082600164980526], [-100.0071858487406, 20.081593858495225], [-100.00775168029043, 20.080628881960433], [-100.00885372625015, 20.080201260592563], [-100.00926270900301, 20.079431621430732], [-100.00538264155608, 20.063502013008932], [-100.00585528896366, 20.063408878797272], [-100.00652363500188, 20.063682105815378], [-100.00722386449729, 20.062957526436204], [-100.01103004529374, 20.05967755476348], [-100.01187733392315, 20.059285063508813], [-100.0145714242228, 20.059586600110237], [-100.01568892597008, 20.059938801624032], [-100.01635496924683, 20.05971884568017], [-100.01724016602361, 20.059647342213292], [-100.0192810673217, 20.060363670590945], [-100.01999725519389, 20.060476191739742], [-100.02068759113541, 20.060244690715653], [-100.02159665141397, 20.060092791590193], [-100.02248303519171, 20.060308044440642], [-100.02453106081263, 20.060473545397738], [-100.0249350646658, 20.059394101433874], [-100.025639351238, 20.059513698034383], [-100.02615789075465, 20.05797793439262], [-100.02732576924414, 20.05718334146601], [-100.02843698471288, 20.056720432687648], [-100.0294301959461, 20.056134054845234], [-100.03210945726087, 20.053175860821423], [-100.03245476610127, 20.052096790606683], [-100.03384961925383, 20.050058213686366], [-100.03431340269383, 20.049185425653988], [-100.0347168162381, 20.04802313609004], [-100.03594245516071, 20.047103862010044], [-100.03687321650155, 20.04589664259083], [-100.03745272283255, 20.04477458890439], [-100.04245849227827, 20.038818884429865], [-100.0429086649275, 20.035709782650486], [-100.04320000948228, 20.03541793079533], [-100.04408131210204, 20.035743344887326], [-100.04524667506686, 20.03457592747436], [-100.04612948507716, 20.03514980829306], [-100.04636848995544, 20.03589366507733], [-100.04742817852896, 20.036632009404578], [-100.05271739916144, 20.038791358213455], [-100.05477166311756, 20.039191625846453], [-100.05624175931102, 20.03992713951972], [-100.05806130543752, 20.040287542356975], [-100.0595785719408, 20.039159062050985], [-100.06086822894267, 20.0391503032129], [-100.0615120352012, 20.03898026991331], [-100.06209236209328, 20.038023793978972], [-100.06267038019381, 20.036694603102504], [-100.06595180456183, 20.03646517165013], [-100.06481752609538, 20.033159762611223], [-100.06539371024405, 20.031540675961054], [-100.06592050119987, 20.031412840055022], [-100.06656247303752, 20.030952901991622], [-100.06732501564467, 20.031030524270108], [-100.06779575579343, 20.031317208686684], [-100.06902415409809, 20.03089466853609], [-100.06967126462743, 20.031262970062794], [-100.07066570245455, 20.03092484809298], [-100.07131101096968, 20.031003255969686], [-100.07189899298248, 20.031289125766765], [-100.07206168094581, 20.02917588314732], [-100.07739762483932, 20.029429118512034], [-100.07992178997387, 20.02999151688626], [-100.081438013952, 20.02873862237649], [-100.08137262334084, 20.027662305657945], [-100.08254390169056, 20.027488553555862], [-100.08318084784479, 20.02624172318977], [-100.08428461476485, 20.02466034578853], [-100.08398501097693, 20.023627065904495], [-100.08403605183939, 20.0224257017034], [-100.08484959254695, 20.021301885981803], [-100.08530386065829, 20.018979545533977], [-100.08624402045328, 20.019345756415223], [-100.08657475822669, 20.01603032954597], [-100.08704338982662, 20.01598566487909], [-100.0866562382539, 20.01319909834627], [-100.08832891342985, 20.01535552958739], [-100.08740160829142, 20.017018533464707], [-100.08899147922888, 20.018167088998855], [-100.08841007513445, 20.018916582806696], [-100.08841479562331, 20.019662004537025], [-100.08882849733045, 20.020197514155583], [-100.08995396817515, 20.022053325342274], [-100.09031248395944, 20.02312759809119], [-100.09102032568157, 20.0238267113148], [-100.09202019422237, 20.024358130569915], [-100.09307762989957, 20.024723486158926], [-100.0937250296343, 20.025133110772877], [-100.09514050286997, 20.026489891991684], [-100.09661144199255, 20.027349304563874], [-100.09760843792392, 20.027425156417316], [-100.09789939749767, 20.02709180741386], [-100.09783654461907, 20.026429623342313], [-100.09754002633885, 20.025893316854656], [-100.09624018215139, 20.024287262752598], [-100.09605931635265, 20.023501660430718], [-100.09641020869678, 20.023374965134007], [-100.09693773654178, 20.023371275752876], [-100.09776177712527, 20.023903891798092], [-100.09976660403863, 20.025753476508708], [-100.10064928150416, 20.02628566692189], [-100.10252709581997, 20.02660379218018], [-100.10375721737636, 20.02647090125339], [-100.10475420905264, 20.02654671325975], [-100.10540351223965, 20.027246177635124], [-100.10564224430281, 20.02790711859876], [-100.1075867235903, 20.0294671360926], [-100.10858480569982, 20.029708573179445], [-100.10958396241708, 20.030115652388517], [-100.1103497304007, 20.03069003203279], [-100.11058956173812, 20.03151661266463], [-100.11065998288139, 20.033338323757498], [-100.11107352703132, 20.03383236338878], [-100.11177908921657, 20.034158678821285], [-100.11265916404784, 20.034276685557547], [-100.11342012084496, 20.034105635912805], [-100.11488475835382, 20.033971002600502], [-100.11582156383452, 20.03379869428745], [-100.11693206030638, 20.033293835882017], [-100.11769489776411, 20.033412651215894], [-100.11834131206105, 20.033656533319498], [-100.11881268658566, 20.034025900869473], [-100.11934998717065, 20.035512968454114], [-100.11929623963461, 20.036258798720358], [-100.11871789761167, 20.03746391689608], [-100.1186033640603, 20.037878869950955], [-100.11901559189963, 20.03816582998759], [-100.11954397708357, 20.038286306293493], [-100.12154326982873, 20.03922456167026], [-100.12218835652914, 20.039261369354275], [-100.12249183362047, 20.039133788007355], [-100.12327409798763, 20.0391337282856], [-100.12417951798349, 20.03895724130642], [-100.12499774060171, 20.03857866354407], [-100.12593156314931, 20.037950772194556], [-100.12645777173272, 20.03773993401068], [-100.12704559689199, 20.03798420273346], [-100.12740058398111, 20.038478621152137], [-100.1281042870235, 20.03851498696141], [-100.12863349812088, 20.038759670725344], [-100.12887097984492, 20.039213515715385], [-100.12963603923066, 20.039663570876804], [-100.13192439341347, 20.039978424804897], [-100.13263029648586, 20.04034606506562], [-100.13316390909532, 20.041253320083012], [-100.13335129318084, 20.04299133954252], [-100.13423307567491, 20.043357705391173], [-100.13564190073447, 20.043637435254123], [-100.13693431423633, 20.04404223551122], [-100.13799445427729, 20.044780014142965], [-100.13776575631832, 20.04565135161131], [-100.13771264635848, 20.046480005608075], [-100.13807182167801, 20.04759557199852], [-100.13924951263782, 20.048373904660988], [-100.14159967220027, 20.049143727355457], [-100.1427782221596, 20.050046269213244], [-100.14355944999575, 20.052898120011395], [-100.14557156066921, 20.055699597213138], [-100.14616448367933, 20.056689201238353], [-100.1468735534806, 20.057512303224946], [-100.15015157610816, 20.056742948403727], [-100.15144189525401, 20.05681634490029], [-100.15508592360622, 20.058156299568722], [-100.15626321258038, 20.058851687639216], [-100.15732185419233, 20.05934087289151], [-100.1578562369979, 20.060330863670533], [-100.15838809550696, 20.06094815218207], [-100.15926946888406, 20.061231562107803], [-100.16050204387369, 20.06142955505085], [-100.16162047058059, 20.062083925469043], [-100.16221069464916, 20.062659358097953], [-100.16233472514631, 20.06365235898535], [-100.16134200135264, 20.06423946221045], [-100.16011334805155, 20.06462123165085], [-100.15917642263838, 20.064793780612433], [-100.15847625910204, 20.065295889170255], [-100.15900841923956, 20.06595458563169], [-100.15977425459887, 20.06648732065734], [-100.16036110730576, 20.06656582573915], [-100.16159146784905, 20.066432520320074], [-100.1618882814414, 20.06696870276259], [-100.161658845038, 20.067715830932826], [-100.15744933737612, 20.06948616991068], [-100.15722071990281, 20.070357526653957], [-100.15711020484572, 20.07135225487066], [-100.15782164973885, 20.0725065942658], [-100.15777455132697, 20.074204879873214], [-100.15853929838059, 20.07457197371066], [-100.15965415034198, 20.07468800772475], [-100.16053729605039, 20.07521987322016], [-100.16153517138667, 20.07537817008983], [-100.16259055028307, 20.075370384492114], [-100.16329696370683, 20.075779300546913], [-100.16382974684223, 20.0765208009364], [-100.16371898862907, 20.07747411977862], [-100.16436649832171, 20.07784205299606], [-100.16530349326419, 20.077669473193033], [-100.16606203552948, 20.07712549178476], [-100.16663729977091, 20.075506125111662], [-100.16698426889697, 20.074799534402867], [-100.16774563094748, 20.074669655931512], [-100.16921398381412, 20.07503148791054], [-100.16992211845908, 20.07568884209806], [-100.17040313083157, 20.07742461753699], [-100.17075919882338, 20.07804316829064], [-100.17169675609607, 20.077953376582247], [-100.17239635818588, 20.077368393916874], [-100.17268353106094, 20.076496585802445], [-100.17232403780862, 20.075381108674566], [-100.17237012355885, 20.07355859456723], [-100.1729501602255, 20.07264319536021], [-100.17382648341334, 20.072181132328108], [-100.17499595394624, 20.0717168816386], [-100.17581878318191, 20.07200064093281], [-100.17639936625203, 20.071168053178997], [-100.17686583218598, 20.070791857500065], [-100.1775705395713, 20.07095225100446], [-100.17833703166025, 20.071567722511137], [-100.17922021710253, 20.07209949249848], [-100.18168873872237, 20.072950697888537], [-100.18262769542281, 20.07306790355158], [-100.18298322336713, 20.073603606615382], [-100.18281279976914, 20.074391728143034], [-100.18135707830244, 20.07585208268465], [-100.18095441523842, 20.076973244568656], [-100.18078484090809, 20.07788559701733], [-100.18038130737014, 20.078882525626284], [-100.17950812714903, 20.079800139863345], [-100.17892925363816, 20.080881202258055], [-100.17917182614421, 20.082038949725526], [-100.17976391306219, 20.082862779814576], [-100.18058364713777, 20.082690995420354], [-100.18134244380505, 20.082188360800767], [-100.18234124162747, 20.082470768774666], [-100.18363004443931, 20.082295454713407], [-100.18438796357046, 20.081668575598627], [-100.18543067407963, 20.07983858302307], [-100.18730636132801, 20.079741659927954], [-100.18823986283331, 20.079072031819944], [-100.18887556019727, 20.077742037133792], [-100.1892206939179, 20.076786944036698], [-100.19003429803938, 20.075745495204927], [-100.1914365256817, 20.075030906003782], [-100.19284048324268, 20.074564769636726], [-100.19448186533555, 20.07451095498738], [-100.19542433142584, 20.075125017930645], [-100.1961142565853, 20.076114813572428], [-100.1958234496713, 20.07598868381067], [-100.19517546201504, 20.07656247499522], [-100.1934110657289, 20.077830566050295], [-100.1930506768021, 20.078861077427998], [-100.1929802970514, 20.08010037122575], [-100.19343274541154, 20.081632824606544], [-100.19400799414063, 20.082546277385696], [-100.19539451807258, 20.084126957128323], [-100.19508575721359, 20.085860414113544], [-100.19405738578901, 20.089530924976707], [-100.19551353899962, 20.089954955684167], [-100.1973697844494, 20.091291119679738], [-100.19835393893274, 20.092207568575557], [-100.1987576153548, 20.092747793595326], [-100.19904050582929, 20.093700398123264], [-100.20007673719198, 20.095278450850476], [-100.20234511297882, 20.096286971727352], [-100.20444106411696, 20.097004909237246], [-100.20600740154758, 20.098132212042604], [-100.20647229676219, 20.098383576828873], [-100.20857263669477, 20.098646899350527], [-100.20903437866512, 20.09922884858588], [-100.20862038251337, 20.099763072637536], [-100.20948112639536, 20.10138110562609], [-100.20965596080174, 20.101423708914115], [-100.2089459640262, 20.10236904073864], [-100.20917013070537, 20.103362521245916], [-100.20980909426464, 20.10373912731261], [-100.2105400389735, 20.106719988369868], [-100.21064503367664, 20.107960556910303], [-100.2104591507272, 20.10907502368423], [-100.20969347575581, 20.109730666043987], [-100.2085788953487, 20.110218450461847], [-100.2075756033977, 20.111285616704684], [-100.20768255496158, 20.1123195679534], [-100.20691329596987, 20.113347114527127], [-100.20643412337837, 20.1145834141081], [-100.20520148165235, 20.11519429643311], [-100.20466664542722, 20.116140896923415], [-100.20389061786204, 20.117870938416353], [-100.20346942963785, 20.119148983144107], [-100.20287139987742, 20.1205910378391], [-100.20251931332557, 20.120753763303966], [-100.20170068250941, 20.120830411347196], [-100.20140304576908, 20.121406802613475], [-100.2010962850071, 20.122933643696562], [-100.20062140475001, 20.123715366836127], [-100.19985720619913, 20.12420567543526], [-100.19897338582103, 20.124984389489626], [-100.19812530239926, 20.125503672747588], [-100.19803581536718, 20.12943853637794], [-100.235965999756, 20.142853717951397], [-100.23433665239155, 20.144647157853257], [-100.23310849560491, 20.145153684222493], [-100.23223347978116, 20.14582309814627], [-100.23135543767579, 20.146078411671322], [-100.22977139692446, 20.146049331310568], [-100.22855435544426, 20.14808798517402], [-100.22785768545063, 20.14908728827558], [-100.22709843765342, 20.1495487185995], [-100.22645259408817, 20.14947090911585], [-100.2260404828517, 20.149267047467692], [-100.22522136867053, 20.149563286339372], [-100.22434119198284, 20.149528698352466], [-100.22369474946191, 20.149368059193574], [-100.2228762290979, 20.149747106913413], [-100.22211636332322, 20.15012569712024], [-100.22136188145817, 20.151249660112303], [-100.21961346372008, 20.152836833763235], [-100.2191456793046, 20.153047507118117], [-100.21838250378649, 20.152970574505236], [-100.21663403605366, 20.154557720808093], [-100.21447073881286, 20.155568274151346], [-100.21365364910415, 20.156154330868223], [-100.21342792428192, 20.15739843149096], [-100.21214657564322, 20.1586920583629], [-100.2121510310619, 20.159313206480086], [-100.21098193776388, 20.159901956294338], [-100.21057485906205, 20.16040202722917], [-100.20922976221917, 20.16099211677561], [-100.20930205624038, 20.16289652253269], [-100.2070144641108, 20.162955463032738], [-100.20433421946116, 20.165543520006572], [-100.20369450928128, 20.16633523931468], [-100.20317949389457, 20.168161310008394], [-100.2032086846556, 20.172260895831126], [-100.2010435822125, 20.17306424916429], [-100.2010471143118, 20.17356116887278], [-100.19913751128777, 20.17336850308224], [-100.18818223242357, 20.177596512031716], [-100.18845246639702, 20.17987148200491], [-100.18919781163281, 20.181364752675044], [-100.18936275804646, 20.182440466177837], [-100.1895181337726, 20.18450794993515], [-100.18896982063978, 20.186818196797176], [-100.18721456887327, 20.187011856852482], [-100.18708809735216, 20.18800276322812], [-100.18719419683602, 20.189119369862446], [-100.1879543509876, 20.189083663291125], [-100.18854476394974, 20.188468125484892], [-100.18871250940748, 20.189254572265135], [-100.18863571060852, 20.19115503346393], [-100.18878670326819, 20.193677077078977], [-100.18933924332734, 20.19698729040878], [-100.1908317397766, 20.199808510600615], [-100.19098915640791, 20.20166936880963], [-100.192144173629, 20.203124307626354], [-100.191787913854, 20.20370025674247], [-100.19154775188836, 20.204359713567612], [-100.19101773465228, 20.20476907511593], [-100.19043085954195, 20.205012709663944], [-100.18990083708104, 20.20542206807076], [-100.18894178841555, 20.207007677698545], [-100.1878287927404, 20.20813440586241], [-100.18803710289676, 20.208628956855122], [-100.18618181315115, 20.20919665698175], [-100.19971281796336, 20.218470649905523], [-100.20063502100739, 20.219841162773402], [-100.202838894269, 20.221675613428157], [-100.20783450212782, 20.225018083203803], [-100.22042659308846, 20.22874580190001], [-100.2216444430724, 20.22978770637665], [-100.22321967525897, 20.230129624125244], [-100.22572518031262, 20.23101542854677], [-100.22764496722847, 20.23202098668398], [-100.22969216187825, 20.231911632999406], [-100.23115283668959, 20.23200470436664], [-100.23226508644649, 20.231847327004846], [-100.23518025699563, 20.232694583284992], [-100.2366970830966, 20.23303596146791], [-100.23850928965828, 20.23304881381884], [-100.23990882314313, 20.233430658041534], [-100.24048840458464, 20.23397199393915], [-100.24124951977096, 20.233853400343715], [-100.24236561169533, 20.233282729282788], [-100.24318671624548, 20.232999248726646], [-100.2446504723671, 20.232761623329093], [-100.24582423405336, 20.2322739893479], [-100.24681840051807, 20.232239665357586], [-100.25231190513034, 20.23244355502337], [-100.2524598016715, 20.235420028274877], [-100.2536137282291, 20.237081128741213], [-100.25348270100494, 20.238609254215625], [-100.25423620358339, 20.239317059506742], [-100.2548082364889, 20.24068479956709], [-100.25542579676171, 20.243457919417867], [-100.25674950047323, 20.245740059090096], [-100.25726045729627, 20.24739663885897], [-100.25776116552473, 20.250168929265897], [-100.25717196011169, 20.250660725455035], [-100.25581966530589, 20.251477797162217], [-100.2566225819349, 20.25317774032224], [-100.25924290030082, 20.254353108621483], [-100.26150980601939, 20.255815257239618], [-100.26442215806928, 20.25703389654006], [-100.26640398685105, 20.257708822206954], [-100.27037597656465, 20.258149508125914], [-100.28006683505416, 20.27276243659281], [-100.28252678071698, 20.272324658659855], [-100.2834541323618, 20.27324012772387], [-100.28530626178961, 20.27536030488721], [-100.28653010855962, 20.275823199706338], [-100.2884623329144, 20.275547048196376], [-100.28990894914286, 20.277251171501657], [-100.29164278121081, 20.279535769543383], [-100.29489296294449, 20.282285153797922], [-100.29606026091784, 20.282540972220215], [-100.30044483932369, 20.28269444034683], [-100.30143745563299, 20.282866400252], [-100.30389454192833, 20.282758893199414], [-100.30553419748865, 20.283217001566307], [-100.30769322543433, 20.28415188474289], [-100.29748172579532, 20.284691494915588], [-100.2960737113359, 20.284827275435404], [-100.28376260011491, 20.287205361845043], [-100.27566173270012, 20.2873952551767], [-100.25876345947556, 20.288856170033306], [-100.25853485138491, 20.28968621615594], [-100.255543156256, 20.29786805524239], [-100.25039662129, 20.308468820342068], [-100.24863144174014, 20.315853999634736], [-100.24892597175173, 20.31597589506131], [-100.2500484737403, 20.31687802349498], [-100.25017397123764, 20.31795371247061], [-100.25117222913696, 20.317945778034314], [-100.25152765761608, 20.318357061428447], [-100.25170661370132, 20.31872833684696], [-100.25176843806926, 20.31914195481107], [-100.24812894091248, 20.319336512803627], [-100.24790982877106, 20.32145021285805], [-100.21740708170694, 20.318169578829202], [-100.21038611037163, 20.321785349072556], [-100.2086340473854, 20.323123974110974], [-100.20881440456947, 20.323702343969845], [-100.20881859007224, 20.324282072033608], [-100.20858787732166, 20.324863611160435], [-100.20876823672216, 20.325441980860965], [-100.20830531191339, 20.32639801305276], [-100.20771865736687, 20.32648535707751], [-100.20748315910781, 20.32640434850853], [-100.20747632670589, 20.32553283184504], [-100.20735645185421, 20.32512156926284], [-100.20688695244347, 20.325166596423923], [-100.1995074889577, 20.327997834974045], [-100.19897895501478, 20.328001881892806], [-100.19856609516086, 20.327756572687424], [-100.19528541832635, 20.32889976155887], [-100.19070547333284, 20.33729981365821], [-100.19012170695616, 20.337801194705133], [-100.18923752458497, 20.337352390999857], [-100.183398641733, 20.358847906414045], [-100.18677366768183, 20.3616354649431], [-100.1902248254465, 20.361767410466932], [-100.19104380758354, 20.36094273859679], [-100.19238901287281, 20.363384143291263], [-100.1937481752472, 20.36395256981177], [-100.19646907622061, 20.366465739816224], [-100.19488063551493, 20.369947595537614], [-100.18789472475198, 20.373957469379107], [-100.15792004105919, 20.4153481314071], [-100.14156755119353, 20.41456677695452], [-100.13729057653372, 20.431058454426505], [-100.13664500365138, 20.431098402113776], [-100.13440437761517, 20.437316588732312], [-100.12930836004979, 20.43186902108436], [-100.13266843929613, 20.423122679770675], [-100.12921279331415, 20.419463127467523], [-100.12148757410766, 20.44072879385111], [-100.12383441776343, 20.441066511695226], [-100.12477339405827, 20.441068820839472], [-100.12547946859527, 20.440033291763882], [-100.12624591006998, 20.438043626856476], [-100.12624826322217, 20.43671593694492], [-100.12607537518012, 20.434931421905787], [-100.12690215875035, 20.431987620907172], [-100.12789998109405, 20.431865588418002], [-100.12842410762667, 20.434148843765804], [-100.12971252546687, 20.435645636234614], [-100.13017880675274, 20.437472348041098], [-100.13064770434653, 20.437805408678948], [-100.13117608298901, 20.437682217292164], [-100.13187965016878, 20.438057332782602], [-100.13405055660206, 20.43831150783208], [-100.13340309060568, 20.439430190538925], [-100.13146662129095, 20.439342536997927], [-100.12558704597231, 20.445551788512926], [-100.1238880650664, 20.443887997558328], [-100.11514650561541, 20.44233111496702], [-100.11197626567396, 20.442945483991465], [-100.10992261152035, 20.442732823814794], [-100.1072828788815, 20.442103734592], [-100.10552346318573, 20.441476866256327], [-100.10353066889736, 20.44014403459915], [-100.10200547230178, 20.439808168229387], [-100.09559612305411, 20.446181057407447], [-100.09295563667655, 20.445925167095528], [-100.08971213745232, 20.453716871659427], [-100.09258537965208, 20.455052180953654], [-100.09299375606957, 20.456297982570437], [-100.09246140818811, 20.458371121187945], [-100.09281151126297, 20.459409314632236], [-100.0931371738279, 20.472811696489046], [-100.09085255252849, 20.470482192194318], [-100.08791949862322, 20.46956161897961], [-100.08715935821861, 20.46810741594572], [-100.0852220232834, 20.4682682070042], [-100.08539626433242, 20.469181472316553], [-100.08398043494871, 20.472662914543978], [-100.08397705866163, 20.474322540289364], [-100.07770750795233, 20.46887030476275], [-100.0761266624504, 20.466957414269025], [-100.07530404111543, 20.467370078204176], [-100.07536091517781, 20.468241544762474], [-100.07346908114008, 20.474667472824304], [-100.07252568911582, 20.47665645264737], [-100.06941695093775, 20.475527630437586], [-100.0684697832962, 20.479259204191887], [-100.06740880714842, 20.48128932511127], [-100.06693545635419, 20.483030635361885], [-100.06505794604458, 20.482569011306186], [-100.0605389181345, 20.482058464209572], [-100.05736449388688, 20.48408257177521], [-100.04960759252491, 20.48320655716886], [-100.04815198528017, 20.48231361421584], [-100.0470993841117, 20.480526449004866], [-100.04498278428798, 20.48197251330498], [-100.04251459163481, 20.48312708889669], [-100.04079388815454, 20.49104690952534], [-100.04144099693094, 20.490467922050875], [-100.04596089471951, 20.49068852060159], [-100.04807562941345, 20.49011375152539], [-100.04878375333189, 20.488497632916573], [-100.04937146067873, 20.488208885245765], [-100.05160076907961, 20.48887914101055], [-100.05189587428279, 20.488174635049596], [-100.05271617100792, 20.488882330403804], [-100.0533039642331, 20.48855207877193], [-100.05383064947003, 20.489300421781728], [-100.05822709060513, 20.492258763630907], [-100.05916757636165, 20.491722032225667], [-100.05999091506996, 20.491060493160372], [-100.06274848158276, 20.49181506907692], [-100.06732792626099, 20.49166185588118], [-100.06726505329607, 20.493611758269292], [-100.0683216895338, 20.493656173947507], [-100.06908346917643, 20.494322133911957], [-100.06219700527546, 20.502476721384266], [-100.06190048449751, 20.50384509495541], [-100.06488012619816, 20.51065792500897], [-100.06528222736921, 20.51480813440199], [-100.06557358206342, 20.515846215593953], [-100.06533321095995, 20.518417984488753], [-100.06561605605594, 20.52343916538907], [-100.06625850529393, 20.525059088026257], [-100.05814428077713, 20.533375769556233], [-100.06342197836173, 20.532618822753], [-100.06707866818128, 20.540587684231596], [-100.04554909588938, 20.545185767212637], [-100.0455235379939, 20.545722474740426], [-100.03880841499037, 20.546905227591264], [-100.03649784599023, 20.54738802759227], [-100.03647393799027, 20.5472084585919], [-100.03461183098996, 20.54625171958979], [-100.03416275391933, 20.5412785995381], [-100.0343159793829, 20.540940170417166], [-100.03648610327757, 20.540580075319568], [-100.03597093140493, 20.537927609002246], [-100.03415304635348, 20.538165531115897], [-100.0327544431512, 20.523874956526424], [-100.03110439606918, 20.525852550836657], [-100.02928703031827, 20.526007621445007], [-100.02764429443063, 20.5264120790356], [-100.02341884592055, 20.527712256284357], [-100.01936853564416, 20.529137555141336], [-100.01249456087167, 20.532781687350436], [-100.01382896876083, 20.535604661331934], [-100.00661432372618, 20.536886838051505], [-99.99528936079804, 20.515830054629646], [-99.99482221497497, 20.51549606032716], [-99.98987579955173, 20.520392824488546], [-99.98765767950272, 20.51864067959632], [-99.99826215817625, 20.495065484109215]]]}}, {"type": "Feature", "id": 3, "properties": {"id": 3, "distrito_f": 3, "nombre": "Distrito Federal 3", "clave_entidad": 22}, "geometry": {"type": "Polygon", "coordinates": [[[-100.38675529598376, 20.690780920924826], [-100.38770883448512, 20.696143728447836], [-100.36790743590737, 20.69240618917972], [-100.36785542209428, 20.692627935837493], [-100.36022164684036, 20.69068055889999], [-100.36275921634778, 20.686358042139798], [-100.36260250136719, 20.686277975166757], [-100.3604486184226, 20.68639210903383], [-100.35721590206978, 20.68596363851385], [-100.35929717648123, 20.681671864948758], [-100.35619673512605, 20.68075674468659], [-100.35415252306984, 20.680510829652317], [-100.35071614534259, 20.67725615989005], [-100.3515357685897, 20.67533225042007], [-100.35206161762117, 20.672552401957248], [-100.35213514706292, 20.671472251718388], [-100.35192319061605, 20.66857170985622], [-100.3428400060171, 20.667082036991275], [-100.34286314330085, 20.664561336082237], [-100.34431958362694, 20.640871526457875], [-100.33973160157957, 20.641017860858515], [-100.33994733217355, 20.63986433142427], [-100.34023319533364, 20.638911267351528], [-100.34000334337617, 20.637520602292778], [-100.33977556195678, 20.636859547677794], [-100.33754884009456, 20.62708828532183], [-100.33682073001542, 20.627227176126365], [-100.33684560679924, 20.627328618111218], [-100.33654387390818, 20.62739193385472], [-100.3363959211843, 20.626726807789126], [-100.33710026118506, 20.626579068685903], [-100.33707908138636, 20.626488890838942], [-100.33816288121193, 20.62621624841237], [-100.33832685650698, 20.62576326920847], [-100.33866222991513, 20.625329288604945], [-100.33855230264756, 20.6253098135542], [-100.33873053986763, 20.624944806731065], [-100.33891866503518, 20.623893125685072], [-100.33789342935894, 20.623693282639316], [-100.33747766682494, 20.623506784224052], [-100.33700737751195, 20.623084327621395], [-100.33671832696638, 20.62250534991058], [-100.33666943357487, 20.621988521125452], [-100.33672587367512, 20.621274383801172], [-100.33663966943286, 20.620674277361413], [-100.33625059033575, 20.619798712191916], [-100.33556282595434, 20.618920937727882], [-100.33538758470164, 20.618082112310752], [-100.33589266666687, 20.618052500022824], [-100.33605033333355, 20.618745500022797], [-100.33613783333355, 20.61876033335612], [-100.33618566666688, 20.618664833356107], [-100.3361055000002, 20.618575333356084], [-100.3360115194799, 20.617983681875327], [-100.33693816860934, 20.617837491606277], [-100.33685689126331, 20.61766421231289], [-100.33658740304888, 20.617709209450297], [-100.33591270368473, 20.61464957705988], [-100.3369058921057, 20.61324611383369], [-100.33757392981533, 20.614099192989464], [-100.33843506762868, 20.614298053632467], [-100.33898638696387, 20.614180855571096], [-100.33932573678888, 20.613895907674245], [-100.33937216591401, 20.613581609895594], [-100.33979983665972, 20.61300688271938], [-100.33987888765822, 20.61268555629951], [-100.34021083665279, 20.612206429253625], [-100.34058855887314, 20.61192118157196], [-100.34089648006677, 20.612020427461275], [-100.34133549201127, 20.611680497617012], [-100.34126902064435, 20.61134900726099], [-100.34143274259709, 20.610801168605477], [-100.34121226619673, 20.61058605918942], [-100.34114638211813, 20.610390076916815], [-100.3417625373919, 20.610179767246102], [-100.34179647632006, 20.609775224106826], [-100.34228109689941, 20.60940557702986], [-100.34258691630967, 20.609265430643593], [-100.34359041670402, 20.609151481676214], [-100.34439370685075, 20.608808712730514], [-100.3450979409831, 20.60886421473364], [-100.34531205573208, 20.608627659903416], [-100.3456273635244, 20.608510019914327], [-100.3458191803534, 20.60870501984238], [-100.34603206327742, 20.608635605956003], [-100.34647894243503, 20.608715691605006], [-100.34687447807438, 20.60868550756936], [-100.34724924989128, 20.60857869403663], [-100.34784732045026, 20.608700509955128], [-100.3474197360424, 20.60713189813244], [-100.3456081136222, 20.60737638092664], [-100.3454620694932, 20.606657042213293], [-100.34525202861403, 20.6067083648247], [-100.34521428523935, 20.606234364265358], [-100.34554531553806, 20.606166290248474], [-100.34535009275015, 20.605856130546936], [-100.34599115903204, 20.60578790122329], [-100.34549339117608, 20.604418581148554], [-100.34573227348336, 20.604339931354342], [-100.34563814969847, 20.604082864062182], [-100.3464982647244, 20.603958162130326], [-100.34845390434563, 20.604286329644257], [-100.34894080438092, 20.60417687403519], [-100.35045500885253, 20.603381416039234], [-100.35184647460024, 20.602301748366873], [-100.35292293164594, 20.602204081242075], [-100.3532260339789, 20.60182159304247], [-100.35343077423944, 20.601344121458162], [-100.35387470324507, 20.600834072605448], [-100.35496258895886, 20.600318283732662], [-100.35583906384147, 20.600150277971956], [-100.35634556802152, 20.599858425018994], [-100.35701783250002, 20.59972308781056], [-100.3574542665737, 20.599868981230372], [-100.35817312888153, 20.600376853987598], [-100.35901443413357, 20.60039917447112], [-100.35965024969046, 20.600636469516363], [-100.36009532019133, 20.6005859571739], [-100.36058446410415, 20.600741226986788], [-100.36112501121573, 20.60106244129143], [-100.36217575873881, 20.601314541529646], [-100.36377887532981, 20.601920294378907], [-100.36425208562764, 20.602010585452998], [-100.36526497893018, 20.602754783288606], [-100.3660219270379, 20.60262774799036], [-100.3674348114233, 20.602005213524762], [-100.36812069000369, 20.602356636620918], [-100.36837967228274, 20.602648462622327], [-100.36863146610176, 20.602759296843594], [-100.36889737858206, 20.602578767405753], [-100.36915961562453, 20.60261080155003], [-100.36963755992959, 20.602457454621927], [-100.37087857271527, 20.601626343247226], [-100.37140296694767, 20.601370291835178], [-100.3725671701507, 20.600988462594923], [-100.3734209402816, 20.600483145313543], [-100.37489515162218, 20.600436006547053], [-100.37563992397996, 20.600571773510982], [-100.37649276713344, 20.60027504760451], [-100.37683248010084, 20.600246104191495], [-100.37814343974217, 20.60043180978965], [-100.37823353330585, 20.599036309002564], [-100.37891537254868, 20.598960445087847], [-100.38039365289256, 20.59907630201053], [-100.38094504179172, 20.599049890791115], [-100.38107327447459, 20.597125835466983], [-100.38376309012502, 20.595515923979786], [-100.38553530059859, 20.594738777971877], [-100.38958643584965, 20.593356558554163], [-100.38977784171286, 20.593385393170728], [-100.39039972900648, 20.59312220951034], [-100.39075838618429, 20.593116767178394], [-100.39114265924086, 20.593239060816703], [-100.39174767823818, 20.593060939571025], [-100.3915774733324, 20.59267742690697], [-100.3995612102314, 20.58990776266798], [-100.400915767097, 20.589355201849724], [-100.40777602869352, 20.586915246294097], [-100.40862270369242, 20.589078957585787], [-100.40900648489628, 20.589283306426733], [-100.40963990590737, 20.58925089176487], [-100.41229569099742, 20.589524677684203], [-100.41316222486194, 20.589766536260477], [-100.41325779765124, 20.58994641674083], [-100.41353053227827, 20.589865480704518], [-100.41480501381228, 20.594378662878196], [-100.41520204694515, 20.594234706896998], [-100.41559925499283, 20.593795897144627], [-100.4158159097596, 20.59311717037736], [-100.41641634173939, 20.592356585605724], [-100.41768115828107, 20.591726995192875], [-100.4182311879144, 20.591544064583214], [-100.42163394688285, 20.59129572859907], [-100.42472255635853, 20.5908616363004], [-100.42721143208394, 20.59079471880609], [-100.43034124625453, 20.590142670962248], [-100.43748289450858, 20.589715905737787], [-100.43927873568116, 20.58964846665251], [-100.44171185372265, 20.589760463439816], [-100.44242058416822, 20.58986680665086], [-100.4430059519337, 20.590177753041147], [-100.44334619358585, 20.590646694198227], [-100.4435739905123, 20.59138123087144], [-100.44321061069846, 20.594779438449205], [-100.44319306657327, 20.595872234755955], [-100.44284977625125, 20.596215473566712], [-100.44252017683418, 20.598688302504804], [-100.44238602200738, 20.5988001250069], [-100.44226244091065, 20.599722586501013], [-100.44248529007045, 20.60052951226469], [-100.44231931617111, 20.600850590581885], [-100.44227088203561, 20.601228068170137], [-100.44351054578647, 20.605978943285983], [-100.44343764795546, 20.606035973178667], [-100.44413459582594, 20.608225748740352], [-100.44449128535719, 20.609727127076336], [-100.4444216416292, 20.609873227026796], [-100.4450218454648, 20.612379193886735], [-100.44529170265295, 20.61246413554643], [-100.44657166289028, 20.6116791951202], [-100.4483812082237, 20.611124747948484], [-100.44857562859637, 20.611293983957356], [-100.44942578527862, 20.61123880089016], [-100.45088305626658, 20.611613254808464], [-100.45192808807752, 20.611792210671027], [-100.45155629750171, 20.613345787207756], [-100.44964241849833, 20.61315922202874], [-100.44928006930667, 20.61330708905468], [-100.44989336590233, 20.614616229101728], [-100.45142418825988, 20.6172963621671], [-100.45204558486643, 20.617437300087648], [-100.4530800146249, 20.61793779560688], [-100.45490718514432, 20.619192965467256], [-100.45540267078724, 20.619206420292237], [-100.45676001029996, 20.620404400374404], [-100.45897750770416, 20.6219709683937], [-100.46018250689964, 20.623500100374475], [-100.45999778505097, 20.623526056167123], [-100.45912254942708, 20.624057181188082], [-100.45917519445321, 20.624257393170357], [-100.45771194570987, 20.62502469230715], [-100.45804032794021, 20.62561580425136], [-100.45733425726334, 20.628252787287703], [-100.45757989601087, 20.62902441232164], [-100.45648416697152, 20.629206490051086], [-100.45683515310937, 20.6318533521258], [-100.45538174937225, 20.632043010394916], [-100.45438395318553, 20.632325874689275], [-100.45545292901608, 20.63567355588175], [-100.45170160737068, 20.63698844456148], [-100.45196894097279, 20.637671833326575], [-100.44714970099703, 20.639381108490245], [-100.44697529901607, 20.63894051073884], [-100.44409865922407, 20.64004701531239], [-100.44448172415433, 20.641802644209925], [-100.4449616826935, 20.643346063322983], [-100.44517201204299, 20.645408600373763], [-100.4450724795954, 20.645428015342585], [-100.44515023123833, 20.646293303056563], [-100.44474800392771, 20.64790484226426], [-100.44330844837081, 20.650187247871372], [-100.44308498981503, 20.65108416265842], [-100.44308999455801, 20.65155852689804], [-100.44336947427475, 20.652316571791125], [-100.44425183179808, 20.653119340025853], [-100.44456065875568, 20.653537599698566], [-100.44478074731877, 20.654127570228226], [-100.44694456123973, 20.65753210593915], [-100.44663189660457, 20.657641766066106], [-100.44780591249835, 20.659847404996814], [-100.4481448876186, 20.66085065944647], [-100.44747561766938, 20.662465347404567], [-100.44741809362169, 20.6625760876343], [-100.44726095194972, 20.662604970598494], [-100.44680923076676, 20.66386412158699], [-100.44812595724542, 20.66541961247355], [-100.44851168612863, 20.666718789078494], [-100.44883525803941, 20.667253575853128], [-100.44928992927832, 20.66771490374657], [-100.4491195453797, 20.667914090267583], [-100.44811562321024, 20.667738593496257], [-100.44717509062941, 20.66779535510625], [-100.4463109707818, 20.66805464562434], [-100.44573658188195, 20.66838159961357], [-100.44534544122735, 20.668687012678273], [-100.44427766526441, 20.66989951729591], [-100.44409339010453, 20.670316424134022], [-100.444167394323, 20.67093579539896], [-100.44430320706424, 20.67122785556503], [-100.44459491983213, 20.67153388022276], [-100.44563747818512, 20.671967992874666], [-100.45047996217411, 20.673750643146967], [-100.45098066878913, 20.673850270568117], [-100.45167825025776, 20.673825964898455], [-100.45181171611078, 20.67395023593268], [-100.45035795171432, 20.674096506198833], [-100.44711889818272, 20.672909459182467], [-100.4453045256109, 20.672687440324633], [-100.44481082911842, 20.67237577496919], [-100.44011325165405, 20.67245416905914], [-100.44021798859664, 20.67413289254963], [-100.44040032127862, 20.67438540298119], [-100.44039726759172, 20.674563697753133], [-100.44028961934221, 20.67469829906533], [-100.44046146442317, 20.67662120281411], [-100.4407160114418, 20.67772976951956], [-100.44095477200653, 20.67801499360776], [-100.44097559670195, 20.678273857747392], [-100.44071466388326, 20.678407379980563], [-100.44042235358295, 20.678181701570676], [-100.43458613541759, 20.677678552344563], [-100.43547996601612, 20.6860748311349], [-100.43524244688804, 20.686231545046752], [-100.43516114013791, 20.686491964001267], [-100.43505813777819, 20.686469534610374], [-100.43497996394726, 20.686253435539196], [-100.43482287487929, 20.68634968369216], [-100.43451531483167, 20.686841275449545], [-100.4339861496691, 20.687248727504517], [-100.43410269636313, 20.687091912476525], [-100.43405777343723, 20.686970476355132], [-100.43392837311515, 20.686886231409446], [-100.43386704603704, 20.686930863057526], [-100.43378235387827, 20.686831253642975], [-100.43373682191778, 20.687050173963414], [-100.43336133633228, 20.68744453674585], [-100.43256673137537, 20.68751679310098], [-100.43219862487254, 20.68769053917211], [-100.43204126542919, 20.688020089988864], [-100.43195371948048, 20.688729140823533], [-100.43153066584034, 20.689694597214523], [-100.4313744783873, 20.689887566492843], [-100.43104677240912, 20.690089052009117], [-100.4306276797626, 20.6902305379012], [-100.42965281064107, 20.690271160162006], [-100.42862262854332, 20.69066620154344], [-100.42809860420306, 20.69066610332154], [-100.42666503230485, 20.690331465493504], [-100.42565448351101, 20.690899485266478], [-100.42489222891443, 20.691103790685563], [-100.42436511942199, 20.69106093162127], [-100.42383882669945, 20.690770219997273], [-100.42366389543493, 20.690521851265935], [-100.42261077239881, 20.690105655632916], [-100.42202481087206, 20.690145233195178], [-100.42161418640185, 20.69030925444385], [-100.42009309566552, 20.689685112889162], [-100.41956557966397, 20.68976616443997], [-100.41845058747685, 20.690341174107648], [-100.41739582361069, 20.69042064874454], [-100.41704391344882, 20.69054352558237], [-100.41645836186751, 20.6904591585852], [-100.41569712580137, 20.690204250533796], [-100.41540939520017, 20.690270541633698], [-100.41371669230254, 20.68994951832754], [-100.41347153980396, 20.689476181010715], [-100.41293515480804, 20.68916071952378], [-100.41265237415585, 20.689211905763376], [-100.41253103798203, 20.689363945901466], [-100.41219284348254, 20.6895488610459], [-100.41184725578589, 20.689445072816298], [-100.41124951524209, 20.68895638489514], [-100.40873012435823, 20.68930177049142], [-100.40858054263657, 20.689462924004157], [-100.40856904650356, 20.68975178161773], [-100.40772994017756, 20.690308924043695], [-100.40702596094388, 20.690595947146033], [-100.40625581501718, 20.69077912886666], [-100.40582884124085, 20.691054126956292], [-100.404738962608, 20.691249919149406], [-100.40268220139242, 20.69131026458536], [-100.40177167567929, 20.69086453734867], [-100.39923369742544, 20.690778602960098], [-100.39870759152541, 20.690446502852804], [-100.39835723686335, 20.690114944824053], [-100.39700046716116, 20.68950389113111], [-100.3963546043471, 20.689087085572673], [-100.3933253229122, 20.69080865774035], [-100.38675529598376, 20.690780920924826]]]}}, {"type": "Feature", "id": 4, "properties": {"id": 4, "distrito_f": 4, "nombre": "Distrito Federal 4", "clave_entidad": 22}, "geometry": {"type": "Polygon", "coordinates": [[[-100.34845390434563, 20.604286329644257], [-100.3464982647244, 20.603958162130326], [-100.34563814969847, 20.604082864062182], [-100.34547859759535, 20.603621430049106], [-100.34510635874467, 20.60367401449518], [-100.3448804003013, 20.603346024745388], [-100.3442708810701, 20.603454658040913], [-100.34390048020771, 20.60303293096966], [-100.3429768358811, 20.601305543129005], [-100.3427768031068, 20.600171048294516], [-100.34297131605229, 20.599785584639488], [-100.34298104422108, 20.59918473546777], [-100.34275227214232, 20.597849451744015], [-100.3413943560626, 20.59380589397213], [-100.34046949103181, 20.5919971888555], [-100.33969428680243, 20.591565036363253], [-100.33897299023383, 20.59129733653403], [-100.33896514858102, 20.59118898672559], [-100.3392328303785, 20.59114851907799], [-100.33915930204748, 20.590968404164283], [-100.3391929667038, 20.5905661212392], [-100.33934542007988, 20.590411359349652], [-100.33916831807355, 20.58994069305612], [-100.34230606767244, 20.589313340681837], [-100.34186023251738, 20.589174510859667], [-100.34137825969592, 20.58888012003412], [-100.3410900122598, 20.588591001727806], [-100.34083392105117, 20.58813901792804], [-100.34069778883328, 20.587485092928283], [-100.3407838084189, 20.58693333960115], [-100.34088560759126, 20.58664345597379], [-100.3413053927691, 20.586409829660443], [-100.3434212609607, 20.58594621984626], [-100.34392628379449, 20.58610039616989], [-100.34459222910337, 20.58675923548098], [-100.34496855975124, 20.587007009219032], [-100.34581390891678, 20.5873708372223], [-100.34651364164522, 20.587505422443314], [-100.34819794279126, 20.587537475839756], [-100.35122556747423, 20.588067198475038], [-100.35222827877445, 20.588016451387965], [-100.3534475052236, 20.58759812078796], [-100.35436474577007, 20.586933706589402], [-100.35499666802319, 20.586043409913213], [-100.35539237318129, 20.585292732920536], [-100.35540132980627, 20.585084876870905], [-100.34965783001608, 20.584757115339755], [-100.34881896965184, 20.583937028676417], [-100.34811609944803, 20.58467201732042], [-100.34787792314897, 20.584827454178797], [-100.34679499005749, 20.585129498456862], [-100.34530192562326, 20.583996029652184], [-100.34548412440724, 20.583097968738116], [-100.34537660416844, 20.58235800041304], [-100.34548536332319, 20.582110972825244], [-100.3468820471653, 20.581488040291635], [-100.34674059035727, 20.58098096767394], [-100.34547581631574, 20.57934658148369], [-100.34573504755063, 20.579233896865126], [-100.34242034008724, 20.576296419138185], [-100.33918287587939, 20.57384838007958], [-100.33862238314249, 20.57368784086053], [-100.33816175301611, 20.5736688168952], [-100.33801794307927, 20.5734034188248], [-100.3331794463384, 20.570500105227563], [-100.33307047520307, 20.57062064813032], [-100.33175200477501, 20.569853850281103], [-100.33061565727273, 20.568758150334055], [-100.33083138124977, 20.56874519941889], [-100.32942537067142, 20.56735117426149], [-100.32913887583454, 20.56659901306796], [-100.32882423718995, 20.56671661490384], [-100.3288467651198, 20.56637539863388], [-100.32918538302796, 20.5661537187086], [-100.32908249798515, 20.56611159573524], [-100.32930904911218, 20.56527192887812], [-100.32954796560512, 20.563506154946722], [-100.3296982006696, 20.560880547849617], [-100.33108819438401, 20.562439572801246], [-100.3321443661637, 20.5619345673321], [-100.33228166030416, 20.561969648194115], [-100.3323048554148, 20.562224687492762], [-100.33360712170492, 20.56354947456077], [-100.33525042334611, 20.56368813489933], [-100.33537799458036, 20.56432858263872], [-100.3372864260307, 20.564551003616284], [-100.35045234020562, 20.56093903641706], [-100.34927336826425, 20.559638265200622], [-100.34872772588197, 20.558910743924567], [-100.3485842007111, 20.558541458739704], [-100.34585612311169, 20.556414792158154], [-100.3453278214209, 20.55272937805767], [-100.34571839613312, 20.552952503715296], [-100.35967033177602, 20.55039857606019], [-100.35844790157213, 20.530366323032336], [-100.36201784091229, 20.528906251725793], [-100.36208264557084, 20.528246663230924], [-100.36231985026149, 20.527835797054635], [-100.36296624928573, 20.527304035367425], [-100.36384536315609, 20.52681515090532], [-100.36466374796699, 20.52657335369564], [-100.36827923175741, 20.526392307868736], [-100.38170826976997, 20.52344632759121], [-100.38129233867717, 20.52291488132327], [-100.37858895937362, 20.51213455220669], [-100.377353923343, 20.506701661814322], [-100.37535120335362, 20.500659042324305], [-100.37457308682426, 20.499182724030565], [-100.37577922897383, 20.49731071943323], [-100.37484092158732, 20.497115814505552], [-100.37098609454219, 20.488381302647817], [-100.36809236887669, 20.48641657516559], [-100.37843647634806, 20.485250686043933], [-100.38825798376318, 20.484979069747784], [-100.3897580161415, 20.484169891042548], [-100.39293208697367, 20.48328494608169], [-100.39200834645236, 20.4797160734669], [-100.39186103901473, 20.47870293084482], [-100.39121791344532, 20.477843804111036], [-100.3904281139564, 20.47776840201819], [-100.39036937071056, 20.47697303065884], [-100.39013314844877, 20.476128945319797], [-100.39051124719913, 20.475682589388327], [-100.3904935081415, 20.475539628973678], [-100.38960869017504, 20.4723480512338], [-100.38942155949084, 20.472306490088016], [-100.38930698256632, 20.472161873331416], [-100.38842327677571, 20.46983686079979], [-100.38804294053485, 20.469849266914103], [-100.38807270630697, 20.465983073123823], [-100.38728825894376, 20.462838781162134], [-100.38689741651653, 20.462829025399607], [-100.38627535379601, 20.462599736832885], [-100.38593796975798, 20.462107872697487], [-100.38521457908888, 20.459892887434286], [-100.38515380487003, 20.459404400687095], [-100.38427046682467, 20.45758539103437], [-100.38459144732828, 20.45650790770951], [-100.38523318522648, 20.456376224110862], [-100.38575006149105, 20.455585703637787], [-100.38867327686219, 20.455508566398816], [-100.3877719106403, 20.453497261957963], [-100.38734577265853, 20.452099214317883], [-100.38715501683338, 20.450822096326014], [-100.38719963673408, 20.44966590917113], [-100.38741620789064, 20.448218702502647], [-100.38793453258636, 20.44755197737929], [-100.38833541613627, 20.44684541938083], [-100.38727156247748, 20.445909196614924], [-100.38713829910606, 20.444548826427052], [-100.38495020631716, 20.442512004711304], [-100.38522229774757, 20.440816481466054], [-100.38628773046995, 20.437006315602957], [-100.3872772226316, 20.43662272733891], [-100.38709292198904, 20.43588207501812], [-100.38755571083574, 20.435463670412876], [-100.38743185484843, 20.434887368670132], [-100.38847781775553, 20.434337990055173], [-100.38888559621695, 20.434209167480375], [-100.38923193827668, 20.433833460689755], [-100.38999348078084, 20.433947930452096], [-100.39027541119258, 20.433077737940756], [-100.39096808181873, 20.432326318808574], [-100.39089328421605, 20.430901828601964], [-100.39041861919277, 20.430393241334706], [-100.39046965595512, 20.4297735211234], [-100.39104637432696, 20.42910607175481], [-100.39149228840725, 20.427284586614118], [-100.39147346376926, 20.425716447599505], [-100.39064211063747, 20.42465356257448], [-100.38748181936478, 20.41953321944409], [-100.38634291833046, 20.41719461745523], [-100.38621661697162, 20.416411977769243], [-100.38573677088785, 20.415644123711605], [-100.38619638589125, 20.415533022697947], [-100.39003980778517, 20.41343471451184], [-100.39096672450292, 20.41272169579896], [-100.39689268117499, 20.40959464216364], [-100.40182415217116, 20.406438396999484], [-100.40137380763419, 20.373920876146418], [-100.39654925785078, 20.371297527470237], [-100.38777920935584, 20.366204735161347], [-100.38384056458061, 20.36431307961639], [-100.4016308604222, 20.361288158568374], [-100.40331811152274, 20.360648261087515], [-100.40379705338549, 20.361591633347977], [-100.40375005334799, 20.362541492928205], [-100.40352226588946, 20.36303957924859], [-100.40341334422013, 20.363701291301464], [-100.403652073988, 20.36411107673094], [-100.40383037609244, 20.364356515198512], [-100.40447271135324, 20.364307316282297], [-100.40464703410511, 20.364222618847492], [-100.40506307708843, 20.364795305647576], [-100.40530430192725, 20.365411422688855], [-100.4051334626008, 20.365784988819843], [-100.40513893805225, 20.36623892421787], [-100.40532122771657, 20.36681449561004], [-100.40561691431087, 20.367099755551497], [-100.4059700463986, 20.367301759493266], [-100.4062082907656, 20.367670273712385], [-100.40721473716087, 20.368730936282965], [-100.40810032578432, 20.369462902969392], [-100.4084544638085, 20.36974743487596], [-100.40892349040604, 20.369865453320187], [-100.40945345396504, 20.370189081252665], [-100.40993196614627, 20.371091165005446], [-100.41023415948622, 20.371912883550028], [-100.41054933954844, 20.373807536018138], [-100.41128012773433, 20.37623358845154], [-100.4135149903654, 20.377361538242837], [-100.41521637432152, 20.37787698500999], [-100.41656109012037, 20.377901569186342], [-100.41767503740819, 20.37817664619399], [-100.41966464813001, 20.378358285999134], [-100.42013772388155, 20.37880640426843], [-100.42066372302655, 20.378799862584316], [-100.42083554059846, 20.378508816154287], [-100.4215383783585, 20.37862389030168], [-100.42318085065608, 20.379098717668892], [-100.42800353253753, 20.381514954691312], [-100.42870978205278, 20.381617206085224], [-100.42994429792776, 20.38244035518393], [-100.4310014951232, 20.382933101993316], [-100.43223414455697, 20.383342452113453], [-100.43393490620936, 20.383584586897587], [-100.43469889286814, 20.384036990737012], [-100.43599016741604, 20.38444610105583], [-100.43687138045686, 20.38489806963428], [-100.43921914409421, 20.385634345141384], [-100.44162014544922, 20.386008261842203], [-100.44267726362764, 20.386407704783746], [-100.44384924634512, 20.38664060736409], [-100.45092229945358, 20.386634075149793], [-100.453726194243, 20.386474866997943], [-100.45617684419696, 20.3861137194907], [-100.45991636673122, 20.385983851978093], [-100.46131958262653, 20.386007346056765], [-100.46184585232137, 20.386377971194314], [-100.46290178582284, 20.386580873505547], [-100.46677032592365, 20.386648959684837], [-100.46800169359032, 20.386768406776483], [-100.46935167079266, 20.38717703982573], [-100.4741077474556, 20.388979453289053], [-100.47539774477143, 20.38909862118307], [-100.47609884353041, 20.38944353909195], [-100.47621972083824, 20.390187897861452], [-100.47610506277853, 20.390726356674755], [-100.47581510516093, 20.391389713492266], [-100.47576971007818, 20.394121124517472], [-100.47554419721881, 20.3959842843078], [-100.47543735673263, 20.398136609159867], [-100.47581426746663, 20.403307745922657], [-100.47605625254387, 20.40483784133038], [-100.47653099086936, 20.40599449768103], [-100.47671193583939, 20.407028269624636], [-100.47671796981193, 20.40826970321005], [-100.47689771245773, 20.409055187803105], [-100.47743272371294, 20.410542636467607], [-100.47797157581033, 20.412816323036942], [-100.47810216671425, 20.41554696791749], [-100.47840002023793, 20.416497467929613], [-100.47881314569602, 20.417033650636988], [-100.47922506209173, 20.417321545979007], [-100.47958076178422, 20.418106265835338], [-100.48052553504148, 20.419426401896263], [-100.48146647440043, 20.419960293092988], [-100.48258457107468, 20.42074170137507], [-100.48293928104702, 20.421319507806977], [-100.48323352043579, 20.421525139535184], [-100.48405353070152, 20.421314667885746], [-100.48510628413584, 20.4207307433994], [-100.48534065825015, 20.42068834129084], [-100.48604541078389, 20.420892180267323], [-100.48534493608273, 20.421557340278454], [-100.48411685340159, 20.422266174180155], [-100.48470595027976, 20.422801575369878], [-100.48594137443686, 20.42358244914071], [-100.48753154644956, 20.42494110857203], [-100.48829639912053, 20.42543434660186], [-100.48943936771005, 20.431222782298267], [-100.48950193484973, 20.44384391232945], [-100.48978379779156, 20.45336044340704], [-100.48915788211126, 20.457253059453798], [-100.48946145060246, 20.459320804659047], [-100.48987761718882, 20.460436278083804], [-100.48971027740039, 20.462175038224043], [-100.48978128170569, 20.46465761808856], [-100.48955260336965, 20.4658586874663], [-100.48885997156464, 20.468137714355763], [-100.4886316938031, 20.469421544058463], [-100.48886967822958, 20.47071690950177], [-100.4888331388, 20.47245078104613], [-100.49095181906358, 20.475887541192147], [-100.49244232892323, 20.480660520860017], [-100.49262226019584, 20.481445972740847], [-100.49275056141182, 20.4836386199774], [-100.49263508733016, 20.484011562899695], [-100.49251873493343, 20.486353080459363], [-100.49307179588342, 20.488450792602784], [-100.49227135021421, 20.48990560470621], [-100.49800700726506, 20.490161781441], [-100.49835774010187, 20.494738360358806], [-100.49763208645618, 20.497471637477283], [-100.49778635848668, 20.500399901582014], [-100.4977730538259, 20.503949398779096], [-100.51054693827405, 20.505599810351548], [-100.50962225479881, 20.506478519027585], [-100.50863532003324, 20.50706913073393], [-100.50742128029097, 20.508199208398604], [-100.50551007556771, 20.509709759360817], [-100.50475654297743, 20.510256052829217], [-100.5031872799964, 20.511060538546996], [-100.50098300701117, 20.512533568250028], [-100.50180398768, 20.517269119710026], [-100.5025048668947, 20.51717750130688], [-100.50362613351514, 20.51918548408559], [-100.50363183291115, 20.525629383587525], [-100.50458029896913, 20.526653024612493], [-100.50476899954354, 20.527931752880654], [-100.50430899793054, 20.528844902194724], [-100.50413969421065, 20.529507434465973], [-100.5042594419344, 20.52975413664267], [-100.50443658767549, 20.529876369209077], [-100.50449811302336, 20.53016493383159], [-100.50444360481895, 20.530578527233878], [-100.50427141107453, 20.53095193570546], [-100.50421938868053, 20.531735608879856], [-100.50427717271452, 20.53220297620072], [-100.50698064852901, 20.531875997377515], [-100.50498775277094, 20.551193892704273], [-100.5050610565469, 20.55234852698299], [-100.50488461909919, 20.55284819469511], [-100.50476544601025, 20.555033399815233], [-100.49807721500989, 20.55464073781509], [-100.48894729200941, 20.553945230815003], [-100.48500338500922, 20.553804214815017], [-100.4845096000092, 20.560903937816107], [-100.4840017850092, 20.57078512281774], [-100.48389870800918, 20.571440399817792], [-100.48211180000912, 20.571448476817814], [-100.4820916460091, 20.57150830781776], [-100.48221603100909, 20.576356307818557], [-100.48348360000917, 20.578428553818835], [-100.48464036900924, 20.580111799819168], [-100.48513958500925, 20.58130727681938], [-100.48570836900929, 20.58306549181962], [-100.4860691380093, 20.58477923081992], [-100.4875390000094, 20.587946907820385], [-100.48639964600933, 20.588319984820497], [-100.48640878500937, 20.58843366182052], [-100.48862935841363, 20.59369702423717], [-100.48669475858664, 20.594476030279857], [-100.48616594294393, 20.5943177588319], [-100.48493798203195, 20.594416114731633], [-100.48435221526378, 20.594382384296537], [-100.48276839498577, 20.594113865694876], [-100.47538233435453, 20.593259472016587], [-100.46835912056662, 20.59258149007978], [-100.46358095396012, 20.592277598879132], [-100.44171185372265, 20.589760463439816], [-100.43927873568116, 20.58964846665251], [-100.43034124625453, 20.590142670962248], [-100.42721143208394, 20.59079471880609], [-100.42472255635853, 20.5908616363004], [-100.42163394688285, 20.59129572859907], [-100.4182311879144, 20.591544064583214], [-100.41768115828107, 20.591726995192875], [-100.41641634173939, 20.592356585605724], [-100.4158159097596, 20.59311717037736], [-100.41559925499283, 20.593795897144627], [-100.41520204694515, 20.594234706896998], [-100.41480501382398, 20.594378662422596], [-100.41353053228985, 20.58986548024757], [-100.41325779766281, 20.589946416283972], [-100.4131622248735, 20.589766535803534], [-100.41229569100894, 20.589524677227168], [-100.40963990590737, 20.58925089176487], [-100.40900648489628, 20.589283306426733], [-100.40862270369242, 20.589078957585787], [-100.40777602869352, 20.586915246294097], [-100.400915767097, 20.589355201849724], [-100.3995612102314, 20.58990776266798], [-100.3915774733324, 20.59267742690697], [-100.39174767823818, 20.593060939571025], [-100.39114265924086, 20.593239060816703], [-100.39075838618429, 20.593116767178394], [-100.39039972900648, 20.59312220951034], [-100.38977784171286, 20.593385393170728], [-100.38958643584965, 20.593356558554163], [-100.38553530059859, 20.594738777971877], [-100.38376309012502, 20.595515923979786], [-100.38107327447459, 20.597125835466983], [-100.38094504179172, 20.599049890791115], [-100.38039365289256, 20.59907630201053], [-100.37891537254868, 20.598960445087847], [-100.37823353330585, 20.599036309002564], [-100.37814343974217, 20.60043180978965], [-100.37683248010084, 20.600246104191495], [-100.37649276713344, 20.60027504760451], [-100.37563992397996, 20.600571773510982], [-100.37489515162218, 20.600436006547053], [-100.3734209402816, 20.600483145313543], [-100.3725671701507, 20.600988462594923], [-100.37140296694767, 20.601370291835178], [-100.37087857271527, 20.601626343247226], [-100.36963755992959, 20.602457454621927], [-100.36915961562453, 20.60261080155003], [-100.36889737858206, 20.602578767405753], [-100.36863146610176, 20.602759296843594], [-100.36837967228274, 20.602648462622327], [-100.36812069000369, 20.602356636620918], [-100.3674348114233, 20.602005213524762], [-100.3660219270379, 20.60262774799036], [-100.36526497893018, 20.602754783288606], [-100.36425208562764, 20.602010585452998], [-100.36377887532981, 20.601920294378907], [-100.36217575873881, 20.601314541529646], [-100.36112501121573, 20.60106244129143], [-100.36058446410415, 20.600741226986788], [-100.36009532019133, 20.6005859571739], [-100.35965024969046, 20.600636469516363], [-100.35901443413357, 20.60039917447112], [-100.35817312888153, 20.600376853987598], [-100.3574542665737, 20.599868981230372], [-100.35701783250002, 20.59972308781056], [-100.35634556802152, 20.599858425018994], [-100.35583906384147, 20.600150277971956], [-100.35496258895886, 20.600318283732662], [-100.35387470324507, 20.600834072605448], [-100.35343077423944, 20.601344121458162], [-100.3532260339789, 20.60182159304247], [-100.35292293164594, 20.602204081242075], [-100.35184647460024, 20.602301748366873], [-100.35045500885253, 20.603381416039234], [-100.34894080438092, 20.60417687403519], [-100.34845390434563, 20.604286329644257]]]}}, {"type": "Feature", "id": 5, "properties": {"id": 5, "distrito_f": 5, "nombre": "Distrito Federal 5", "clave_entidad": 22}, "geometry": {"type": "Polygon", "coordinates": [[[-100.33692025287448, 20.617799296183033], [-100.33597366666686, 20.618028333356143], [-100.33618566666688, 20.618664833356107], [-100.33613783333355, 20.61876033335612], [-100.33605033333355, 20.618745500022797], [-100.33589266666687, 20.618052500022824], [-100.33538758470164, 20.618082112310752], [-100.33556282595434, 20.618920937727882], [-100.33625059033575, 20.619798712191916], [-100.33663966943286, 20.620674277361413], [-100.33672587367512, 20.621274383801172], [-100.33666943357487, 20.621988521125452], [-100.33671832696638, 20.62250534991058], [-100.33700737751195, 20.623084327621395], [-100.33747766682494, 20.623506784224052], [-100.33789342935894, 20.623693282639316], [-100.33891866503518, 20.623893125685072], [-100.33873053986763, 20.624944806731065], [-100.33855230264756, 20.6253098135542], [-100.33866222991513, 20.625329288604945], [-100.33832685650698, 20.62576326920847], [-100.33816288121193, 20.62621624841237], [-100.33707908138636, 20.626488890838942], [-100.33710026118506, 20.626579068685903], [-100.3363959211843, 20.626726807789126], [-100.33654387390818, 20.62739193385472], [-100.33684560679924, 20.627328618111218], [-100.33682073001542, 20.627227176126365], [-100.33754884009456, 20.62708828532183], [-100.33977556195678, 20.636859547677794], [-100.34000334337617, 20.637520602292778], [-100.34023319533364, 20.638911267351528], [-100.33994733217355, 20.63986433142427], [-100.33973160157957, 20.641017860858515], [-100.34431958362694, 20.640871526457875], [-100.34286314330085, 20.664561336082237], [-100.3428400060171, 20.667082036991275], [-100.35192319061605, 20.66857170985622], [-100.35213514706292, 20.671472251718388], [-100.35206161762117, 20.672552401957248], [-100.3515357685897, 20.67533225042007], [-100.35071614534259, 20.67725615989005], [-100.35415252306984, 20.680510829652317], [-100.35619673512605, 20.68075674468659], [-100.35929717648123, 20.681671864948758], [-100.35721590206978, 20.68596363851385], [-100.3604486184226, 20.68639210903383], [-100.36260250136719, 20.686277975166757], [-100.36275921634778, 20.686358042139798], [-100.36022164662991, 20.690680559056492], [-100.36785542209428, 20.692627935837493], [-100.36790743590737, 20.69240618917972], [-100.38770883452858, 20.69614372845598], [-100.387678756702, 20.696893789814933], [-100.38735962001338, 20.697892355408325], [-100.38708088108476, 20.70521211095426], [-100.38767124502597, 20.709254566420206], [-100.38699230371334, 20.716315555032512], [-100.38547390460587, 20.724056328773216], [-100.38545059974462, 20.729212639774833], [-100.38524033076236, 20.73143216527517], [-100.38536714303795, 20.731451470370992], [-100.38377451076452, 20.74560240083669], [-100.38877888787216, 20.75414426356125], [-100.38253162458776, 20.772784172787468], [-100.39645859595187, 20.777624307235605], [-100.39767386954064, 20.77845682632281], [-100.40246857734863, 20.78007769729888], [-100.40106131653141, 20.783101974239013], [-100.40313325083791, 20.78732869529775], [-100.40301603696417, 20.79851579021833], [-100.40522655010665, 20.798743870038354], [-100.40509635355568, 20.799564755139105], [-100.40517863152247, 20.800571351492696], [-100.40528037164336, 20.800502764490055], [-100.40600180449647, 20.80196033045951], [-100.40617425827585, 20.80239479815094], [-100.4059826241369, 20.802482190169982], [-100.4060338394598, 20.80263082822553], [-100.40652113789183, 20.80308755739859], [-100.40668410685424, 20.80366438460956], [-100.4070683688095, 20.80366123285882], [-100.40723956048778, 20.804800346193318], [-100.40630426919681, 20.804889321564097], [-100.40594603014252, 20.805206183232848], [-100.40619009186679, 20.805332914180603], [-100.40643160565313, 20.8058323101022], [-100.4044036706188, 20.80594378258368], [-100.40042674844952, 20.806719332937565], [-100.39557553626523, 20.809489352967194], [-100.39149585840306, 20.81200681186064], [-100.3900945849068, 20.813739124999756], [-100.38431399617492, 20.817433313729808], [-100.3837551706802, 20.818677722277055], [-100.38344263959155, 20.821444604979188], [-100.38253049070237, 20.822865763246064], [-100.38069695255676, 20.82377715382831], [-100.37876249157357, 20.82538042838073], [-100.3781251010625, 20.8260834211733], [-100.3780879946911, 20.8263615109443], [-100.37779120184696, 20.82661232863528], [-100.37745427728925, 20.82713900137757], [-100.37664762390985, 20.827820764976614], [-100.37327693806361, 20.82900640467584], [-100.37244083567836, 20.82992100807554], [-100.37130801019967, 20.832025938022998], [-100.37013580342516, 20.83306743689131], [-100.37012169724667, 20.838510462008568], [-100.34810212502872, 20.847513585414926], [-100.34584062639225, 20.85509955149326], [-100.34910652640238, 20.85951627277473], [-100.3488010871943, 20.859685807529452], [-100.34824497585589, 20.859430464022903], [-100.34784311677838, 20.859700129714103], [-100.34757286145826, 20.859605143146165], [-100.34669850968304, 20.859835614626284], [-100.34608926624546, 20.859650694931315], [-100.34600809493243, 20.8595406677451], [-100.34420061832373, 20.86160105727325], [-100.34410695390321, 20.861504678207623], [-100.33729379759968, 20.870869786244565], [-100.33528023981332, 20.87530085201205], [-100.33438920505063, 20.877600167420344], [-100.33224932657609, 20.882474850924176], [-100.3335306146573, 20.890826292972008], [-100.31907018502443, 20.90112284118157], [-100.30922100857182, 20.9076022468075], [-100.29926635141514, 20.915397083240805], [-100.30314507119742, 20.917769531023062], [-100.30585709953004, 20.92330858796947], [-100.30444320928704, 20.928632060941773], [-100.28906240684749, 20.927997206239016], [-100.263004802653, 20.92643302613614], [-100.26269914060828, 20.94220857522694], [-100.26260743717151, 20.943410551281367], [-100.26363588991265, 20.944675444670924], [-100.26483106912362, 20.94548206782103], [-100.2662554203512, 20.945994874346898], [-100.2668112278096, 20.94718535445704], [-100.26642254890334, 20.94826843012962], [-100.26561823170807, 20.94919331788691], [-100.26599566100717, 20.950304183602913], [-100.26853803741228, 20.953487550867802], [-100.2705183461668, 20.955190785381717], [-100.27113578963336, 20.956504325741555], [-100.2697446004983, 20.95752245134315], [-100.26947365362727, 20.95860344005151], [-100.26979317112314, 20.95975671511977], [-100.26987902364897, 20.96099692596366], [-100.26914702331085, 20.96254141351812], [-100.2689394302705, 20.963828231312217], [-100.27009931692582, 20.965711608612885], [-100.27036448674494, 20.9670728033902], [-100.27051642087915, 20.968642967095256], [-100.26932731903224, 20.968126023390298], [-100.26590449951064, 20.969092488757376], [-100.26381859089128, 20.971048407844076], [-100.24895226154672, 20.96356024850746], [-100.24444936258357, 20.960280793897038], [-100.2431898213086, 20.959799062649296], [-100.2320399305183, 20.954823936580933], [-100.22320916100672, 20.948884149049114], [-100.21794181129734, 20.946509700961517], [-100.21477638895341, 20.946456211728968], [-100.21226427443382, 20.94413349203924], [-100.21156452401466, 20.94313949022809], [-100.20923596320476, 20.93879354681519], [-100.20882764616822, 20.938255007147724], [-100.20689727344231, 20.937173575102506], [-100.20572786918078, 20.936384227807704], [-100.20461600120943, 20.935884224459933], [-100.20362043671129, 20.935632493580446], [-100.20233131631413, 20.93550351328374], [-100.20151161040245, 20.935252461805366], [-100.20016679624874, 20.932468468094815], [-100.20504977655715, 20.93210135768974], [-100.22619305581918, 20.921145229893376], [-100.22760234369086, 20.922058213991402], [-100.23425485919722, 20.919413350188425], [-100.23284697739705, 20.917920371637006], [-100.23432063215142, 20.91655459323279], [-100.23402768027711, 20.916098544422535], [-100.23550231273595, 20.914318435802212], [-100.2383288618475, 20.91282967357473], [-100.25055296208897, 20.89129656088227], [-100.25722394961286, 20.87982587244597], [-100.2589969710449, 20.875849949619585], [-100.26518386932874, 20.86993046453661], [-100.27209560728629, 20.85502062348189], [-100.23450699882396, 20.86435002604392], [-100.23444840991061, 20.864267101319722], [-100.22827275188656, 20.86525506816758], [-100.21517150220127, 20.838806603151422], [-100.21382499305088, 20.836691983496863], [-100.21347327224403, 20.836318682509305], [-100.21323922405611, 20.83590408363193], [-100.213063850635, 20.835530985042837], [-100.21294769108444, 20.834992223047752], [-100.21330328991203, 20.833873945330037], [-100.21312759523484, 20.83362514497173], [-100.21265821461807, 20.833293138652127], [-100.21148412169948, 20.832711713601608], [-100.21130886506572, 20.832297179869755], [-100.21407357593019, 20.831513157315438], [-100.21315113315339, 20.82459279298316], [-100.21209303673055, 20.82463299710703], [-100.21085762992485, 20.825045883927153], [-100.2105049659524, 20.825045470411766], [-100.21027050952306, 20.824796597149337], [-100.210154043587, 20.824382130311854], [-100.2103911102703, 20.8236366150057], [-100.21098083374817, 20.822891512930862], [-100.2113342525605, 20.82260189569127], [-100.2104085260968, 20.817007353627183], [-100.20746750788106, 20.795707244657088], [-100.20559053186217, 20.794379117772415], [-100.2054754334726, 20.79346744769035], [-100.20665580952256, 20.79156294890582], [-100.20009010936334, 20.78567136855891], [-100.20001256267187, 20.770920998046694], [-100.18949201056516, 20.772026202401932], [-100.18519144367819, 20.77603955626429], [-100.18718345200766, 20.778113885284395], [-100.18365308918288, 20.779807947670538], [-100.18094741291466, 20.780757260002215], [-100.18022097010069, 20.767580372199255], [-100.18650851267338, 20.767340263194228], [-100.18698308054243, 20.765724985019784], [-100.18710499825399, 20.764150670652715], [-100.19145613442335, 20.76295483005054], [-100.19516227880192, 20.761260853597054], [-100.19212422137656, 20.7550833257634], [-100.19055120791869, 20.750316403287307], [-100.18914725213874, 20.748160002819777], [-100.18504003270107, 20.746331435344715], [-100.18451937919751, 20.74347180595295], [-100.18141478655947, 20.740318613855866], [-100.18266807376496, 20.73340088531608], [-100.16282244753788, 20.730223643438265], [-100.15961771176417, 20.721517692470616], [-100.16355599864706, 20.72057058486299], [-100.16572770351301, 20.721112430936014], [-100.16690111874023, 20.7215699247031], [-100.16953614736437, 20.704337180105934], [-100.1586800420262, 20.7012549427781], [-100.15510778664603, 20.69785187618051], [-100.1576336393665, 20.697690003986004], [-100.1572818903396, 20.697482296389822], [-100.15740172394251, 20.69669522716894], [-100.16385706415576, 20.69832088255136], [-100.16632430196418, 20.698117361652105], [-100.17778517336933, 20.69510916913976], [-100.18328724617118, 20.68094639048231], [-100.18405736199934, 20.678585710982617], [-100.19079392067732, 20.66351287586545], [-100.19695788152397, 20.642762607680066], [-100.19444516300304, 20.638574448895348], [-100.19016643172506, 20.63616553012321], [-100.18923548058024, 20.633222440194228], [-100.18458419530087, 20.61396195100333], [-100.18945782544586, 20.609024924975767], [-100.1891208604127, 20.60530405050462], [-100.18694305961209, 20.60330068905181], [-100.18744747414404, 20.601439901339056], [-100.19188271384415, 20.589637187584035], [-100.19387783629583, 20.58972275722762], [-100.19388040270482, 20.588811205426], [-100.198645900552, 20.58454983448528], [-100.19940961052772, 20.584260802591448], [-100.20152260506268, 20.58413927149116], [-100.20216855324259, 20.58397437464666], [-100.19660822737804, 20.574452281945167], [-100.19361977060642, 20.568969741704006], [-100.1908681212913, 20.5622844401996], [-100.17542117638196, 20.562708679862208], [-100.16925081366848, 20.565143325898315], [-100.16355307499614, 20.56558730771308], [-100.16126099956567, 20.566578012264163], [-100.15832376957403, 20.56694491352083], [-100.15497442781322, 20.567933184601983], [-100.14440566285458, 20.565834688620985], [-100.1411155166266, 20.566490913843943], [-100.1367076728097, 20.56818170117884], [-100.10598852563326, 20.56864624634238], [-100.10592590634803, 20.56591006567988], [-100.09524738830288, 20.564801692058463], [-100.09539573914901, 20.579240685144427], [-100.09198959319478, 20.578858443552445], [-100.08752476362402, 20.57917869063461], [-100.08441224383495, 20.578838560651135], [-100.0753112434671, 20.577071640647546], [-100.07610460860289, 20.562593590716975], [-100.07727927076671, 20.562596757010027], [-100.07912725152411, 20.549241767694728], [-100.0847064873811, 20.549215170586912], [-100.08525457580086, 20.53946635220935], [-100.08132578801906, 20.5366345231608], [-100.0744635368232, 20.532591420784385], [-100.07086976629229, 20.532184825996765], [-100.06877411158212, 20.529464056695094], [-100.0678381038314, 20.527801846318468], [-100.0665511531422, 20.52613166477654], [-100.06625850529393, 20.525059088026257], [-100.06561605605594, 20.52343916538907], [-100.06533321095995, 20.518417984488753], [-100.06557358206342, 20.515846215593953], [-100.06528222736921, 20.51480813440199], [-100.06488012619816, 20.51065792500897], [-100.06190048449751, 20.50384509495541], [-100.06219700527546, 20.502476721384266], [-100.06908346917643, 20.494322133911957], [-100.0683216895338, 20.493656173947507], [-100.06726505329607, 20.493611758269292], [-100.06732792626099, 20.49166185588118], [-100.06274848158276, 20.49181506907692], [-100.05999091506996, 20.491060493160372], [-100.05916757636165, 20.491722032225667], [-100.05822709060513, 20.492258763630907], [-100.05383064947003, 20.489300421781728], [-100.0533039642331, 20.48855207877193], [-100.05271617100792, 20.488882330403804], [-100.05189587428279, 20.488174635049596], [-100.05160076907961, 20.48887914101055], [-100.04937146067873, 20.488208885245765], [-100.04878375333189, 20.488497632916573], [-100.04807562941345, 20.49011375152539], [-100.04596089471951, 20.49068852060159], [-100.04144099693094, 20.490467922050875], [-100.04079388815454, 20.49104690952534], [-100.04251459163481, 20.48312708889669], [-100.04498278428798, 20.48197251330498], [-100.0470993841117, 20.480526449004866], [-100.04815198528017, 20.48231361421584], [-100.04960759252491, 20.48320655716886], [-100.05736449388688, 20.48408257177521], [-100.0605389181345, 20.482058464209572], [-100.06505794604458, 20.482569011306186], [-100.06693545635419, 20.483030635361885], [-100.06740880714842, 20.48128932511127], [-100.0684697832962, 20.479259204191887], [-100.06941695093775, 20.475527630437586], [-100.07252568911582, 20.47665645264737], [-100.07346908114008, 20.474667472824304], [-100.07536091517781, 20.468241544762474], [-100.07530404111543, 20.467370078204176], [-100.0761266624504, 20.466957414269025], [-100.07770750795233, 20.46887030476275], [-100.08397705866163, 20.474322540289364], [-100.08398043494871, 20.472662914543978], [-100.08539626433242, 20.469181472316553], [-100.0852220232834, 20.4682682070042], [-100.08715935821861, 20.46810741594572], [-100.08791949862322, 20.46956161897961], [-100.09085255252849, 20.470482192194318], [-100.0931371738279, 20.472811696489046], [-100.09281151126297, 20.459409314632236], [-100.09246140818811, 20.458371121187945], [-100.09299375606957, 20.456297982570437], [-100.09258537965208, 20.455052180953654], [-100.08971213745232, 20.453716871659427], [-100.09295563667655, 20.445925167095528], [-100.09559612305411, 20.446181057407447], [-100.10200547230178, 20.439808168229387], [-100.10353066889736, 20.44014403459915], [-100.10552346318573, 20.441476866256327], [-100.1072828788815, 20.442103734592], [-100.10992261152035, 20.442732823814794], [-100.11197626567396, 20.442945483991465], [-100.11514650561541, 20.44233111496702], [-100.1238880650664, 20.443887997558328], [-100.12558704597231, 20.445551788512926], [-100.13146662129095, 20.439342536997927], [-100.13340309060568, 20.439430190538925], [-100.13405055660206, 20.43831150783208], [-100.13187965016878, 20.438057332782602], [-100.13117608298901, 20.437682217292164], [-100.13064770434653, 20.437805408678948], [-100.13017880675274, 20.437472348041098], [-100.12971252546687, 20.435645636234614], [-100.12842410762667, 20.434148843765804], [-100.12789998109405, 20.431865588418002], [-100.12690215875035, 20.431987620907172], [-100.12607537518012, 20.434931421905787], [-100.12624826322217, 20.43671593694492], [-100.12624591006998, 20.438043626856476], [-100.12547946859527, 20.440033291763882], [-100.12477339405827, 20.441068820839472], [-100.12383441776343, 20.441066511695226], [-100.12148757410766, 20.44072879385111], [-100.12921279331415, 20.419463127467523], [-100.13266843929631, 20.423122680018594], [-100.12930835998267, 20.431869021259075], [-100.13440437761534, 20.43731658897815], [-100.1366450036515, 20.43109840236061], [-100.13729057653386, 20.431058454673252], [-100.14156755119363, 20.41456677720361], [-100.15792004105917, 20.4153481316561], [-100.18789472475198, 20.373957469379107], [-100.19488063551493, 20.369947595537614], [-100.19646907622061, 20.366465739816224], [-100.1937481752472, 20.36395256981177], [-100.19238901287281, 20.363384143291263], [-100.19104380758354, 20.36094273859679], [-100.1902248254465, 20.361767410466932], [-100.18677366768183, 20.3616354649431], [-100.183398641733, 20.358847906414045], [-100.18923752458497, 20.337352390999857], [-100.19012170695616, 20.337801194705133], [-100.19070547333284, 20.33729981365821], [-100.19528541832635, 20.32889976155887], [-100.19856609516086, 20.327756572687424], [-100.19897895501478, 20.328001881892806], [-100.1995074889577, 20.327997834974045], [-100.20688695244347, 20.325166596423923], [-100.20735645185421, 20.32512156926284], [-100.20747632670589, 20.32553283184504], [-100.20748315910781, 20.32640434850853], [-100.20771865736687, 20.32648535707751], [-100.20830531191339, 20.32639801305276], [-100.20876823672216, 20.325441980860965], [-100.20858787732166, 20.324863611160435], [-100.20881859007224, 20.324282072033608], [-100.20881440456947, 20.323702343969845], [-100.2086340473854, 20.323123974110974], [-100.21038611037163, 20.321785349072556], [-100.21740708170694, 20.318169578829202], [-100.24790982877106, 20.32145021285805], [-100.24812894091248, 20.319336512803627], [-100.25176843806926, 20.31914195481107], [-100.25170661370132, 20.31872833684696], [-100.25152765761608, 20.318357061428447], [-100.25117222913696, 20.317945778034314], [-100.25017397123764, 20.31795371247061], [-100.2500484737403, 20.31687802349498], [-100.24892597175173, 20.31597589506131], [-100.24863144174014, 20.315853999634736], [-100.25039662129, 20.308468820342068], [-100.255543156256, 20.29786805524239], [-100.25853485138491, 20.28968621615594], [-100.25876345947556, 20.288856170033306], [-100.27566173270012, 20.2873952551767], [-100.28376260011491, 20.287205361845043], [-100.2960737113359, 20.284827275435404], [-100.29748172579532, 20.284691494915588], [-100.30769322543213, 20.284151885010512], [-100.32978525133636, 20.293099675815526], [-100.33347892527566, 20.293957601465074], [-100.34051573409934, 20.295881183690362], [-100.34327359279774, 20.2970727899892], [-100.34497463160632, 20.297646895734], [-100.34597110652929, 20.297809351274594], [-100.35056134254668, 20.288443179570404], [-100.35513943410713, 20.29074621403716], [-100.35995397245259, 20.293544937599883], [-100.36212733709135, 20.29502774831845], [-100.36348134452666, 20.296678657610194], [-100.36494948775241, 20.297584347329533], [-100.3664801294173, 20.299441567538615], [-100.36853699143732, 20.301048802792778], [-100.3666658830346, 20.301882402188383], [-100.36883567759327, 20.302454767529788], [-100.37633219997593, 20.3020581056358], [-100.3788512461968, 20.302091267869997], [-100.38031622697497, 20.302210611885894], [-100.38184257018699, 20.302991820557686], [-100.3832524674034, 20.303938918331248], [-100.38442893720054, 20.30509367406623], [-100.3862513789641, 20.306618700279014], [-100.38872228597278, 20.30909328361562], [-100.39072479454757, 20.31161077218941], [-100.39202473097392, 20.314213347338598], [-100.39257658159461, 20.319963276277637], [-100.39270243078936, 20.321990458337687], [-100.39271058069635, 20.32389389577086], [-100.39259783730702, 20.324928765747963], [-100.39271979571511, 20.32604560715281], [-100.3929583995292, 20.327037917531836], [-100.39272759476329, 20.327866285601008], [-100.39238634543035, 20.33026745061794], [-100.39181250057553, 20.333083191647773], [-100.3915289360817, 20.33527726331096], [-100.39070557433236, 20.33587166645018], [-100.39076455178746, 20.336284981779432], [-100.39181880580084, 20.33760859011729], [-100.39222947764189, 20.33868350459243], [-100.39305184716844, 20.341659823757727], [-100.39334506869906, 20.342321353187277], [-100.39317577718232, 20.347362767044867], [-100.39346936585693, 20.34831356799053], [-100.39364634190942, 20.349553507961527], [-100.39393932915921, 20.350008411447877], [-100.39452490147396, 20.350587619317164], [-100.3947011756887, 20.351249012148525], [-100.39540342171368, 20.35158040081081], [-100.39593796523376, 20.352269407155273], [-100.39811590563224, 20.354537891327297], [-100.39858522548566, 20.35466043418616], [-100.39888180262767, 20.355487013962186], [-100.39976346860796, 20.356104702770423], [-100.40064856001202, 20.357508583558634], [-100.40106451329693, 20.358831303485847], [-100.40141628917809, 20.358871480637696], [-100.40182774614125, 20.359159729141844], [-100.4021236288809, 20.359820786496837], [-100.40233940223146, 20.361019443621306], [-100.4016308604222, 20.361288158568374], [-100.38384056458061, 20.36431307961639], [-100.38777920935584, 20.366204735161347], [-100.39654925785078, 20.371297527470237], [-100.40137380763419, 20.373920876146418], [-100.40182415217116, 20.406438396999484], [-100.39689268117499, 20.40959464216364], [-100.39096672450292, 20.41272169579896], [-100.39003980778517, 20.41343471451184], [-100.38619638589125, 20.415533022697947], [-100.38573677088785, 20.415644123711605], [-100.38621661697162, 20.416411977769243], [-100.38634291833046, 20.41719461745523], [-100.38748181936478, 20.41953321944409], [-100.39064211063747, 20.42465356257448], [-100.39147346376926, 20.425716447599505], [-100.39149228840725, 20.427284586614118], [-100.39104637432696, 20.42910607175481], [-100.39046965595512, 20.4297735211234], [-100.39041861919277, 20.430393241334706], [-100.39089328421605, 20.430901828601964], [-100.39096808181873, 20.432326318808574], [-100.39027541119258, 20.433077737940756], [-100.38999348078084, 20.433947930452096], [-100.38923193827668, 20.433833460689755], [-100.38888559621695, 20.434209167480375], [-100.38847781775553, 20.434337990055173], [-100.38743185484843, 20.434887368670132], [-100.38755571083574, 20.435463670412876], [-100.38709292198904, 20.43588207501812], [-100.3872772226316, 20.43662272733891], [-100.38628773046995, 20.437006315602957], [-100.38522229774757, 20.440816481466054], [-100.38495020631716, 20.442512004711304], [-100.38713829910606, 20.444548826427052], [-100.38727156247748, 20.445909196614924], [-100.38833541613627, 20.44684541938083], [-100.38793453258636, 20.44755197737929], [-100.38741620789064, 20.448218702502647], [-100.38719963673408, 20.44966590917113], [-100.38715501683338, 20.450822096326014], [-100.38734577265853, 20.452099214317883], [-100.3877719106403, 20.453497261957963], [-100.38867327686219, 20.455508566398816], [-100.38575006149105, 20.455585703637787], [-100.38523318522648, 20.456376224110862], [-100.38459144732828, 20.45650790770951], [-100.38427046682467, 20.45758539103437], [-100.38515380487003, 20.459404400687095], [-100.38521457908888, 20.459892887434286], [-100.38593796975798, 20.462107872697487], [-100.38627535379601, 20.462599736832885], [-100.38689741651653, 20.462829025399607], [-100.38728825894376, 20.462838781162134], [-100.38807270630697, 20.465983073123823], [-100.38804294053485, 20.469849266914103], [-100.38842327677571, 20.46983686079979], [-100.38930698256632, 20.472161873331416], [-100.38942155949084, 20.472306490088016], [-100.38960869017504, 20.4723480512338], [-100.3904935081415, 20.475539628973678], [-100.39051124719913, 20.475682589388327], [-100.39013314844877, 20.476128945319797], [-100.39036937071056, 20.47697303065884], [-100.3904281139564, 20.47776840201819], [-100.39121791344532, 20.477843804111036], [-100.39186103901473, 20.47870293084482], [-100.39200834645236, 20.4797160734669], [-100.39293208697367, 20.48328494608169], [-100.3897580161415, 20.484169891042548], [-100.38825798376318, 20.484979069747784], [-100.37843647634806, 20.485250686043933], [-100.3680923685718, 20.48641657519997], [-100.37098609453805, 20.488381302886175], [-100.37484092158732, 20.497115814505552], [-100.37577922897383, 20.49731071943323], [-100.37457308682426, 20.499182724030565], [-100.37535120335362, 20.500659042324305], [-100.37735392333863, 20.506701662050055], [-100.37858895936921, 20.512134552441612], [-100.38129233867267, 20.522914881556666], [-100.38170826976545, 20.52344632782451], [-100.36827923175741, 20.526392307868736], [-100.36466374796699, 20.52657335369564], [-100.36384536315609, 20.52681515090532], [-100.36296624928573, 20.527304035367425], [-100.36231985026149, 20.527835797054635], [-100.36208264557084, 20.528246663230924], [-100.36201784091229, 20.528906251725793], [-100.35844790157213, 20.530366323032336], [-100.35967033177602, 20.55039857606019], [-100.34571839613312, 20.552952503715296], [-100.3453278214209, 20.55272937805767], [-100.34585612311169, 20.556414792158154], [-100.3485842007111, 20.558541458739704], [-100.34872772588197, 20.558910743924567], [-100.34927336826425, 20.559638265200622], [-100.35045234020562, 20.56093903641706], [-100.3372864260307, 20.564551003616284], [-100.33537799458036, 20.56432858263872], [-100.33525042334611, 20.56368813489933], [-100.33360712170492, 20.56354947456077], [-100.3323048554148, 20.562224687492762], [-100.33228166030416, 20.561969648194115], [-100.3321443661637, 20.5619345673321], [-100.33108819438401, 20.562439572801246], [-100.3296982006696, 20.560880547849617], [-100.32954796560512, 20.563506154946722], [-100.32930904911218, 20.56527192887812], [-100.32908249798515, 20.56611159573524], [-100.32918538302796, 20.5661537187086], [-100.3288467651198, 20.56637539863388], [-100.32882423718995, 20.56671661490384], [-100.32913887583454, 20.56659901306796], [-100.32942537067142, 20.56735117426149], [-100.33083138124977, 20.56874519941889], [-100.33061565727273, 20.568758150334055], [-100.33175200477501, 20.569853850281103], [-100.33307047520307, 20.57062064813032], [-100.3331794463384, 20.570500105227563], [-100.33801794307927, 20.5734034188248], [-100.33816175301611, 20.5736688168952], [-100.33862238314249, 20.57368784086053], [-100.33918287587939, 20.57384838007958], [-100.34242034008724, 20.576296419138185], [-100.34573504755063, 20.579233896865126], [-100.34547581631574, 20.57934658148369], [-100.34674059035727, 20.58098096767394], [-100.3468820471653, 20.581488040291635], [-100.34548536332319, 20.582110972825244], [-100.34537660416844, 20.58235800041304], [-100.34548412440724, 20.583097968738116], [-100.34530192562326, 20.583996029652184], [-100.34679499005749, 20.585129498456862], [-100.34787792314897, 20.584827454178797], [-100.34811609944803, 20.58467201732042], [-100.34881896965184, 20.583937028676417], [-100.34965783001608, 20.584757115339755], [-100.35540132980627, 20.585084876870905], [-100.35539237318129, 20.585292732920536], [-100.35499666802319, 20.586043409913213], [-100.35436474577007, 20.586933706589402], [-100.3534475052236, 20.58759812078796], [-100.35222827877445, 20.588016451387965], [-100.35122556747423, 20.588067198475038], [-100.34819794279126, 20.587537475839756], [-100.34651364164522, 20.587505422443314], [-100.34581390891678, 20.5873708372223], [-100.34496855975124, 20.587007009219032], [-100.34459222910337, 20.58675923548098], [-100.34392628379449, 20.58610039616989], [-100.3434212609607, 20.58594621984626], [-100.3413053927691, 20.586409829660443], [-100.34088560759126, 20.58664345597379], [-100.34069778883328, 20.587485092928283], [-100.34083392105117, 20.58813901792804], [-100.34097998783902, 20.58842020470989], [-100.34151375443327, 20.58898070415521], [-100.34230606767244, 20.589313340681837], [-100.33916831807355, 20.58994069305612], [-100.33934542007988, 20.590411359349652], [-100.3391929667038, 20.5905661212392], [-100.33915930204748, 20.590968404164283], [-100.3392328303785, 20.59114851907799], [-100.33896514858102, 20.59118898672559], [-100.33897299023383, 20.59129733653403], [-100.33969428680243, 20.591565036363253], [-100.34046949102158, 20.59199718952583], [-100.3413943560626, 20.59380589397213], [-100.34275227214232, 20.597849451744015], [-100.34298104422108, 20.59918473546777], [-100.34297131605229, 20.599785584639488], [-100.3427768031068, 20.600171048294516], [-100.3429768358671, 20.601305544017357], [-100.34390048020771, 20.60303293096966], [-100.3442708810701, 20.603454658040913], [-100.3448804003013, 20.603346024745388], [-100.34510635874467, 20.60367401449518], [-100.34547859759535, 20.603621430049106], [-100.34555408555745, 20.603988985329853], [-100.34573227348336, 20.604339931354342], [-100.34549339117608, 20.604418581148554], [-100.34599115903204, 20.60578790122329], [-100.34535009275015, 20.605856130546936], [-100.34554531553806, 20.606166290248474], [-100.34521428523935, 20.606234364265358], [-100.34525202861403, 20.6067083648247], [-100.3454620694932, 20.606657042213293], [-100.3456081136222, 20.60737638092664], [-100.3474197360424, 20.60713189813244], [-100.34784732045026, 20.608700509955128], [-100.34724924989128, 20.60857869403663], [-100.34687447807438, 20.60868550756936], [-100.34647894243503, 20.608715691605006], [-100.34603206327742, 20.608635605956003], [-100.3458191803534, 20.60870501984238], [-100.3456273635244, 20.608510019914327], [-100.34531205573208, 20.608627659903416], [-100.3450979409831, 20.60886421473364], [-100.34439370685075, 20.608808712730514], [-100.34359041670402, 20.609151481676214], [-100.34258691630967, 20.609265430643593], [-100.34228109689941, 20.60940557702986], [-100.34179647632006, 20.609775224106826], [-100.3417625373919, 20.610179767246102], [-100.34114638211813, 20.610390076916815], [-100.34121226619673, 20.61058605918942], [-100.34143274259709, 20.610801168605477], [-100.34126902064435, 20.61134900726099], [-100.34133549201127, 20.611680497617012], [-100.34089648006677, 20.612020427461275], [-100.34058855887314, 20.61192118157196], [-100.34021083665279, 20.612206429253625], [-100.33987888765822, 20.61268555629951], [-100.33979983665972, 20.61300688271938], [-100.33937216591401, 20.613581609895594], [-100.33932573678888, 20.613895907674245], [-100.33877730794802, 20.614275075793543], [-100.33843506762868, 20.614298053632467], [-100.33757392981533, 20.614099192989464], [-100.3369058921057, 20.61324611383369], [-100.33591270368473, 20.61464957705988], [-100.33658740304888, 20.617709209450297], [-100.33685689126331, 20.61766421231289], [-100.33692025287448, 20.617799296183033]]]}}, {"type": "Feature", "id": 6, "properties": {"id": 6, "distrito_f": 6, "nombre": "Distrito Federal 6", "clave_entidad": 22}, "geometry": {"type": "Polygon", "coordinates": [[[-100.45167825025776, 20.673825964898455], [-100.45047996217411, 20.673750643146967], [-100.44487200730467, 20.67166594077972], [-100.44446718461202, 20.671409730512657], [-100.444167394323, 20.67093579539896], [-100.44409339010453, 20.670316424134022], [-100.44427766526441, 20.66989951729591], [-100.44534544122735, 20.668687012678273], [-100.44573658188195, 20.66838159961357], [-100.4463109707818, 20.66805464562434], [-100.44717509062941, 20.66779535510625], [-100.44811562321024, 20.667738593496257], [-100.4491195453797, 20.667914090267583], [-100.44928992927832, 20.66771490374657], [-100.44883525803941, 20.667253575853128], [-100.44851168612863, 20.666718789078494], [-100.44812595724542, 20.66541961247355], [-100.44680923076676, 20.66386412158699], [-100.44726095194972, 20.662604970598494], [-100.44741809362169, 20.6625760876343], [-100.44747561766938, 20.662465347404567], [-100.4481448876186, 20.66085065944647], [-100.44780591249835, 20.659847404996814], [-100.4466318966046, 20.657641766066106], [-100.44694456123973, 20.65753210593915], [-100.44478074731877, 20.654127570228226], [-100.44456065875568, 20.653537599698566], [-100.44425183179808, 20.653119340025853], [-100.44336947427475, 20.652316571791125], [-100.44308999455801, 20.65155852689804], [-100.44308498981503, 20.65108416265842], [-100.44330844837081, 20.650187247871372], [-100.44474800392771, 20.64790484226426], [-100.44515023123833, 20.646293303056563], [-100.4450724795954, 20.645428015342585], [-100.44517201204299, 20.645408600373763], [-100.4449616826935, 20.643346063322983], [-100.44448172415433, 20.641802644209925], [-100.44409865922407, 20.64004701531239], [-100.44697529901607, 20.63894051073884], [-100.44714970099703, 20.639381108490245], [-100.45196894097279, 20.637671833326575], [-100.45170160737068, 20.63698844456148], [-100.45545292901608, 20.63567355588175], [-100.45438395318553, 20.632325874689275], [-100.45538174937225, 20.632043010394916], [-100.45683515310937, 20.6318533521258], [-100.45648416697152, 20.629206490051086], [-100.45757989601087, 20.62902441232164], [-100.45733425726334, 20.628252787287703], [-100.45804032794021, 20.62561580425136], [-100.45771194570987, 20.62502469230715], [-100.45917519445321, 20.624257393170357], [-100.45912254942708, 20.624057181188082], [-100.45999778505097, 20.623526056167123], [-100.46018250689964, 20.623500100374475], [-100.45897750770416, 20.6219709683937], [-100.45676001029996, 20.620404400374404], [-100.45540267078724, 20.619206420292237], [-100.45490718514432, 20.619192965467256], [-100.4530800146249, 20.61793779560688], [-100.45204558486643, 20.617437300087648], [-100.45142418825988, 20.6172963621671], [-100.44989336592404, 20.614616228441346], [-100.44928006932831, 20.613307088393853], [-100.44964241849833, 20.61315922202874], [-100.45155629750171, 20.613345787207756], [-100.45192808807752, 20.611792210671027], [-100.45088305628845, 20.611613254146828], [-100.44942578530026, 20.611238800228335], [-100.44857562861787, 20.611293983295624], [-100.4483812082237, 20.611124747948484], [-100.44657166289028, 20.6116791951202], [-100.44529170265295, 20.61246413554643], [-100.4450218454648, 20.612379193886735], [-100.4444216416292, 20.609873227026796], [-100.44449128535719, 20.609727127076336], [-100.44413459582594, 20.608225748740352], [-100.44343764795546, 20.606035973178667], [-100.44351054578647, 20.605978943285983], [-100.44227088203561, 20.601228068170137], [-100.44231931617111, 20.600850590581885], [-100.44248529007045, 20.60052951226469], [-100.44226244091065, 20.599722586501013], [-100.44238602200738, 20.5988001250069], [-100.44252017683418, 20.598688302504804], [-100.44284977625125, 20.596215473566712], [-100.44319306657327, 20.595872234755955], [-100.44321061069846, 20.594779438449205], [-100.4435739905123, 20.59138123087144], [-100.443459400192, 20.59091757561937], [-100.44318273667274, 20.590370990585633], [-100.4430059519337, 20.590177753041147], [-100.44242058416822, 20.58986680665086], [-100.46358095396012, 20.592277598879132], [-100.46835912056662, 20.59258149007978], [-100.47538233435453, 20.593259472016587], [-100.48276839498577, 20.594113865694876], [-100.48435221526378, 20.594382384296537], [-100.48493798203195, 20.594416114731633], [-100.48616594294393, 20.5943177588319], [-100.48669475858664, 20.594476030279857], [-100.48862935841363, 20.59369702423717], [-100.48877492300944, 20.594049091821358], [-100.48916335401857, 20.596087414598955], [-100.48930835228873, 20.596245476514184], [-100.4894373612331, 20.596275875107935], [-100.49072141848578, 20.595450187960285], [-100.49130722438892, 20.595327783761537], [-100.4913632594612, 20.59619540114203], [-100.49106802345045, 20.597062107400014], [-100.49240729628372, 20.599585374748187], [-100.49246203045377, 20.600907377154556], [-100.49345482993942, 20.60177741115974], [-100.4937444780079, 20.602852168958613], [-100.4943266330091, 20.604010294860412], [-100.49443958084521, 20.605456368823514], [-100.49572410273646, 20.60669890912379], [-100.49613052280431, 20.607897884117847], [-100.49723848849548, 20.609470422771516], [-100.49600516340202, 20.610789126534222], [-100.49658748710091, 20.61190593315942], [-100.49723025295229, 20.61236196319908], [-100.49769654648406, 20.613106696784566], [-100.49787090868037, 20.613561529185628], [-100.4980984258688, 20.615916663432255], [-100.4988010545342, 20.61591845055017], [-100.49909206061535, 20.616538809428306], [-100.49944314235348, 20.61662231666393], [-100.50031944768463, 20.617326773241203], [-100.50108168358558, 20.61695693049777], [-100.50143171946209, 20.617412202181082], [-100.50172401862426, 20.61757817190049], [-100.50336292132656, 20.61778884034978], [-100.50294991904127, 20.618903114290035], [-100.50294933922686, 20.619109652251158], [-100.5030662143812, 20.619192562078556], [-100.50429595395931, 20.619154343477796], [-100.50558240185755, 20.619777183387765], [-100.50593383919568, 20.61973675410076], [-100.5095007021826, 20.62152186411975], [-100.51160627045144, 20.622394529831293], [-100.5141203908276, 20.623763861681226], [-100.52780597634127, 20.629951650096654], [-100.52645555262292, 20.631311592043566], [-100.5272652096443, 20.635155100725836], [-100.52924840312265, 20.638133916807345], [-100.52959889689838, 20.638465200848568], [-100.53703710925113, 20.638069476952246], [-100.53797459958075, 20.63786510495339], [-100.54823052204054, 20.634707806259808], [-100.55139493273035, 20.633806136110742], [-100.55180125173632, 20.63525278468239], [-100.55339672629209, 20.637170914306694], [-100.5551537185976, 20.648141014032888], [-100.55741553173252, 20.656834246530202], [-100.5582521443977, 20.658271682294234], [-100.55827020818317, 20.660006355863718], [-100.56178728156262, 20.67083497966989], [-100.56523605019362, 20.669478950727502], [-100.56594311148017, 20.669740410404113], [-100.56629880923612, 20.67039507328085], [-100.57555893867449, 20.667894835302615], [-100.57777921267778, 20.67025388796609], [-100.58175334999773, 20.6741035122546], [-100.58350578118555, 20.676213687264685], [-100.58425813436564, 20.680263213232188], [-100.584135041875, 20.682906558524323], [-100.58366290171314, 20.684475238729718], [-100.5833669496607, 20.685837743517073], [-100.58319056688637, 20.686126529918763], [-100.58254202333696, 20.687983994142638], [-100.5821298319438, 20.688933200445334], [-100.58171884934615, 20.68934542837592], [-100.58107345596349, 20.689798485201962], [-100.58109318634175, 20.692616975188592], [-100.5816958853508, 20.694097922387787], [-100.58289169407895, 20.696151183662174], [-100.58420449458706, 20.698161952237907], [-100.58570175772849, 20.70095565439841], [-100.59044585989339, 20.7109450187639], [-100.59127870385369, 20.711969237806425], [-100.59263812852649, 20.712822906629142], [-100.59335358999375, 20.713848301105894], [-100.59342375591926, 20.714921527556424], [-100.5940770002317, 20.715617105662254], [-100.59663647716694, 20.717099817563387], [-100.596061103958, 20.717950974856468], [-100.59542134429546, 20.71841133016199], [-100.59378574396747, 20.71908867552531], [-100.59203676231725, 20.720055729443008], [-100.5905832993223, 20.721143162161155], [-100.58877669948502, 20.72219323945014], [-100.58796594993944, 20.723026344212734], [-100.58739198198946, 20.723980488997167], [-100.58514241176022, 20.726931105103404], [-100.58469123273056, 20.728254803116332], [-100.58392798589455, 20.728304354120443], [-100.58322585226178, 20.72851808033763], [-100.58282044686563, 20.72893462182826], [-100.58259307809057, 20.72947285342897], [-100.57274941425389, 20.731516979800606], [-100.5695305935596, 20.732458563640694], [-100.5653680749417, 20.733163030406132], [-100.55973710637723, 20.733924454219437], [-100.55674386107967, 20.73420398265956], [-100.55142169442063, 20.736033322181598], [-100.54895432814736, 20.736101010477444], [-100.54842283444154, 20.746195163192986], [-100.5486791444375, 20.749308093700158], [-100.5497671160875, 20.751044805175383], [-100.550668095088, 20.7521583594748], [-100.55288160720005, 20.754379527922108], [-100.55623708865325, 20.7580444920441], [-100.558638543867, 20.760930425466388], [-100.56197407068049, 20.766848554454757], [-100.5623948987034, 20.76738486241009], [-100.56334300893312, 20.77467255514706], [-100.5630668934255, 20.775719604801896], [-100.5618790868173, 20.781911672893052], [-100.56183149109354, 20.786001141038426], [-100.55961994364392, 20.787368211181633], [-100.5595682810641, 20.78778618001392], [-100.55971157956127, 20.789286111285097], [-100.56086928671861, 20.791430448350493], [-100.55936753762442, 20.799971153228544], [-100.55876997638074, 20.802582614124187], [-100.55846914180471, 20.804406912337473], [-100.5633104552393, 20.80709117200041], [-100.56393560174331, 20.812672885498888], [-100.56430706913564, 20.813752281298882], [-100.56508878539658, 20.814742289774056], [-100.56621836427902, 20.815435198875697], [-100.56729415818201, 20.816420933982464], [-100.56934681169626, 20.819478588979113], [-100.56962079715481, 20.821727599740324], [-100.5680335557389, 20.821792351254967], [-100.56668729797246, 20.822187370925242], [-100.56424218558837, 20.823683071260927], [-100.5625630469518, 20.82525109815436], [-100.56222017387057, 20.825840169265668], [-100.56328743340784, 20.82632538517255], [-100.56278528965653, 20.82791809226128], [-100.56101008599751, 20.827317949690684], [-100.5592039506373, 20.828345396584602], [-100.5584429130864, 20.828565006235163], [-100.5546441099127, 20.83003841239396], [-100.54686696639237, 20.832820675485824], [-100.54341515827183, 20.833955072264786], [-100.53751202013194, 20.836251051458643], [-100.5352364595153, 20.837368428760417], [-100.53383397331403, 20.837930894746336], [-100.53144283733063, 20.83917504499476], [-100.52549034807582, 20.842055446694467], [-100.52462988108971, 20.843361113864233], [-100.51161760119902, 20.849804542139804], [-100.51009584600932, 20.85028506874081], [-100.50952821249389, 20.850646595081933], [-100.50758696633815, 20.851261345328254], [-100.50264681508068, 20.8525281230266], [-100.50293217400885, 20.85447912331844], [-100.50548351945024, 20.862330105732216], [-100.50600341302507, 20.86440647028475], [-100.50745115875753, 20.869349024068114], [-100.50932595712837, 20.87060090255594], [-100.50272605433351, 20.875138730295976], [-100.50089377746087, 20.87766224209675], [-100.49959203897237, 20.87977295549131], [-100.49846564406124, 20.882091784814282], [-100.49699216267797, 20.88297232234553], [-100.49176472364465, 20.89063952712526], [-100.49172122759467, 20.891558038776317], [-100.49150259727591, 20.892562461582184], [-100.4907059895942, 20.894200860503226], [-100.48950512228605, 20.896303893745724], [-100.4884100680635, 20.897696145641383], [-100.4872443076773, 20.898380098967294], [-100.48572337335578, 20.898943866224517], [-100.48449735270277, 20.89954520270902], [-100.48438905313085, 20.900109980319847], [-100.48374904784893, 20.900557053662038], [-100.484032032057, 20.90693665955982], [-100.48205422861396, 20.919268402594685], [-100.47243978722278, 20.92408973397248], [-100.45932152739559, 20.924023452918473], [-100.45321467371014, 20.921777172364656], [-100.45316676596659, 20.91941219128999], [-100.45354914053499, 20.91294175751946], [-100.45337912227608, 20.911571961140385], [-100.45409351058986, 20.909583554903353], [-100.45430632995664, 20.899799538087535], [-100.45247176878193, 20.899199114860856], [-100.44317394604839, 20.895739461479593], [-100.44193613385364, 20.895631365633083], [-100.43826311220795, 20.89417993702865], [-100.43299725884879, 20.89249997351905], [-100.42738728525111, 20.891366963516226], [-100.4258464589017, 20.890720495344343], [-100.42508012527556, 20.89064754110125], [-100.42461072936365, 20.890737413518156], [-100.42105972790785, 20.88953427278848], [-100.41833529725739, 20.888486669507696], [-100.4172747585916, 20.888417695156278], [-100.41490275416383, 20.88732350266681], [-100.41443133218432, 20.88728820356133], [-100.41419257895438, 20.887082838454493], [-100.41429944787586, 20.886413803584492], [-100.41406272429731, 20.886333581579667], [-100.41330114595299, 20.886552574217784], [-100.41318683888849, 20.886762749443374], [-100.41083379039382, 20.886836503657463], [-100.40971981922863, 20.88710199848065], [-100.40772386657088, 20.8874211960814], [-100.40414855142775, 20.888345937608378], [-100.39753073749807, 20.890396613326747], [-100.39447817796008, 20.890896845809248], [-100.39165025777119, 20.890726410577994], [-100.38333437453082, 20.88967015279817], [-100.37550597659822, 20.889650056710718], [-100.36262611295149, 20.89028112246831], [-100.3595634850172, 20.890155005261896], [-100.35386070701651, 20.890564588249024], [-100.3527525177882, 20.891205159354882], [-100.35221828671834, 20.890920175395955], [-100.35180570352846, 20.890883922842594], [-100.35074844544907, 20.891023113221042], [-100.33744452772741, 20.890906867223052], [-100.33685671541149, 20.890956336432392], [-100.3335306146573, 20.890826292972008], [-100.33224932657609, 20.882474850924176], [-100.33438920505063, 20.877600167420344], [-100.33528023981332, 20.87530085201205], [-100.33729379759968, 20.870869786244565], [-100.34339581706615, 20.862461082789064], [-100.34410695390321, 20.861504678207623], [-100.34420061832373, 20.86160105727325], [-100.34600809493243, 20.8595406677451], [-100.34608926624546, 20.859650694931315], [-100.34669850968304, 20.859835614626284], [-100.34757286145826, 20.859605143146165], [-100.34784311677838, 20.859700129714103], [-100.34824497585589, 20.859430464022903], [-100.3488010871943, 20.859685807529452], [-100.34910652640238, 20.85951627277473], [-100.34584062639225, 20.85509955149326], [-100.34810212502872, 20.847513585414926], [-100.37012169724667, 20.838510462008568], [-100.37013580342516, 20.83306743689131], [-100.37130801019967, 20.832025938022998], [-100.37244083567836, 20.82992100807554], [-100.37327693806361, 20.82900640467584], [-100.37664762390985, 20.827820764976614], [-100.37745427728925, 20.82713900137757], [-100.37779120184696, 20.82661232863528], [-100.3780879946911, 20.8263615109443], [-100.3781251010625, 20.8260834211733], [-100.37876249157357, 20.82538042838073], [-100.38069695255676, 20.82377715382831], [-100.38253049070237, 20.822865763246064], [-100.38344263959155, 20.821444604979188], [-100.3837551706802, 20.818677722277055], [-100.38431399617492, 20.817433313729808], [-100.3900945849068, 20.813739124999756], [-100.39149585840306, 20.81200681186064], [-100.39557553626523, 20.809489352967194], [-100.40042674844952, 20.806719332937565], [-100.4044036706188, 20.80594378258368], [-100.40643160565313, 20.8058323101022], [-100.40619009186679, 20.805332914180603], [-100.40594603014252, 20.805206183232848], [-100.40630426919681, 20.804889321564097], [-100.40723956048778, 20.804800346193318], [-100.4070683688095, 20.80366123285882], [-100.40668410685424, 20.80366438460956], [-100.40652113789183, 20.80308755739859], [-100.4060338394598, 20.80263082822553], [-100.4059826241369, 20.802482190169982], [-100.40617425827585, 20.80239479815094], [-100.40600180449647, 20.80196033045951], [-100.40528037164336, 20.800502764490055], [-100.40517863152247, 20.800571351492696], [-100.40509635355568, 20.799564755139105], [-100.40522655010665, 20.798743870038354], [-100.40301603696417, 20.79851579021833], [-100.40313325083791, 20.78732869529775], [-100.40106131653141, 20.783101974239013], [-100.40246857734863, 20.78007769729888], [-100.39767386954064, 20.77845682632281], [-100.39645859595187, 20.777624307235605], [-100.38253162458776, 20.772784172787468], [-100.38877888787216, 20.75414426356125], [-100.38377451076452, 20.74560240083669], [-100.38536714303795, 20.731451470370992], [-100.38524033076236, 20.73143216527517], [-100.38545059974462, 20.729212639774833], [-100.3854739046158, 20.7240563283648], [-100.38699230371334, 20.716315555032512], [-100.38767124502597, 20.709254566420206], [-100.38708088108476, 20.70521211095426], [-100.38735962001338, 20.697892355408325], [-100.387678756702, 20.696893789814933], [-100.38771514263935, 20.696177554805843], [-100.38675529598376, 20.690780920924826], [-100.3933253229122, 20.69080865774035], [-100.3963546043471, 20.689087085572673], [-100.39700046716116, 20.68950389113111], [-100.39835723686335, 20.690114944824053], [-100.39870759152541, 20.690446502852804], [-100.39923369742544, 20.690778602960098], [-100.40177167567929, 20.69086453734867], [-100.40268220139242, 20.69131026458536], [-100.404738962608, 20.691249919149406], [-100.40582884124085, 20.691054126956292], [-100.40625581501718, 20.69077912886666], [-100.40702596094388, 20.690595947146033], [-100.40772994017756, 20.690308924043695], [-100.40856904650356, 20.68975178161773], [-100.40858054263657, 20.689462924004157], [-100.40873012435823, 20.68930177049142], [-100.41124951524209, 20.68895638489514], [-100.41184725578589, 20.689445072816298], [-100.41219284348254, 20.6895488610459], [-100.41253103798203, 20.689363945901466], [-100.41265237415585, 20.689211905763376], [-100.41293515480804, 20.68916071952378], [-100.41347153980396, 20.689476181010715], [-100.41371669230254, 20.68994951832754], [-100.41540939520017, 20.690270541633698], [-100.41569712580137, 20.690204250533796], [-100.41645836186751, 20.6904591585852], [-100.41704391344882, 20.69054352558237], [-100.41739582361069, 20.69042064874454], [-100.41845058747685, 20.690341174107648], [-100.41956557966397, 20.68976616443997], [-100.42009309566552, 20.689685112889162], [-100.42161418640185, 20.69030925444385], [-100.42202481087206, 20.690145233195178], [-100.42261077239881, 20.690105655632916], [-100.42366389543493, 20.690521851265935], [-100.42383882669945, 20.690770219997273], [-100.42436511942199, 20.69106093162127], [-100.42489222891443, 20.691103790685563], [-100.42565448351101, 20.690899485266478], [-100.42666503230485, 20.690331465493504], [-100.42809860420306, 20.69066610332154], [-100.42862262854332, 20.69066620154344], [-100.42965281064107, 20.690271160162006], [-100.4306276797626, 20.6902305379012], [-100.43104677240912, 20.690089052009117], [-100.4313744783873, 20.689887566492843], [-100.43153066584034, 20.689694597214523], [-100.43195371948048, 20.688729140823533], [-100.43204126542919, 20.688020089988864], [-100.43219862487254, 20.68769053917211], [-100.43256673137537, 20.68751679310098], [-100.43336133633228, 20.68744453674585], [-100.43373682191778, 20.687050173963414], [-100.43378235387827, 20.686831253642975], [-100.43386704603704, 20.686930863057526], [-100.43392837311515, 20.686886231409446], [-100.43405777343723, 20.686970476355132], [-100.43410269636313, 20.687091912476525], [-100.4339861496691, 20.687248727504517], [-100.43451531483167, 20.686841275449545], [-100.43482287487929, 20.68634968369216], [-100.43497996394726, 20.686253435539196], [-100.43505813777819, 20.686469534610374], [-100.43516114013791, 20.686491964001267], [-100.43524244688804, 20.686231545046752], [-100.43547996601612, 20.6860748311349], [-100.43458613541759, 20.677678552344563], [-100.44042235358295, 20.678181701570676], [-100.44071466388326, 20.678407379980563], [-100.44097559670195, 20.678273857747392], [-100.44095477200653, 20.67801499360776], [-100.4407160114418, 20.67772976951956], [-100.44046146442317, 20.67662120281411], [-100.44028961934221, 20.67469829906533], [-100.44039726759172, 20.674563697753133], [-100.44040032127862, 20.67438540298119], [-100.44021798859664, 20.67413289254963], [-100.44011325165405, 20.67245416905914], [-100.44481082911842, 20.67237577496919], [-100.4453045256109, 20.672687440324633], [-100.44711889818272, 20.672909459182467], [-100.45035795171432, 20.674096506198833], [-100.45181171611078, 20.67395023593268], [-100.45167825025776, 20.673825964898455]]]}}]}